{
  "rgb(200,200,200)": {
    "min": 0.5339309885508736,
    "max": 1.972091005258848,
    "mean": 1.2530109969048608,
    "std": 0.9587733444719829,
    "semantic_id": 2053,
    "samples": 10670290
  },
  "rgb(228,26,28)": {
    "min": 0.14821528270840648,
    "max": 1.078702906586498,
    "mean": 0.5917335722301453,
    "std": 0.32464622290423506,
    "semantic_id": 1001,
    "samples": 719955
  },
  "rgb(55,126,184)": {
    "min": 0.6883978944518285,
    "max": 2.2411157522884517,
    "mean": 1.46475682337014,
    "std": 1.0351452385577486,
    "semantic_id": 1002,
    "samples": 2109446
  },
  "rgb(77,175,74)": {
    "min": 0.2770650014281273,
    "max": 1.2020161523473192,
    "mean": 0.7214288155830683,
    "std": 0.48058733676425097,
    "semantic_id": 1003,
    "samples": 159705
  },
  "rgb(127,127,127)": {
    "min": 0.42057082499518783,
    "max": 1.3582256073341208,
    "mean": 0.8893982161646543,
    "std": 0.6251031882259553,
    "semantic_id": 1005,
    "samples": 65982
  },
  "rgb(255,127,0)": {
    "min": 0.1670060163365621,
    "max": 0.5912895396351814,
    "mean": 0.3927192494947806,
    "std": 0.15047548877214567,
    "semantic_id": 1006,
    "samples": 20327
  },
  "rgb(255,255,51)": {
    "min": 0.15618077849065637,
    "max": 0.7966058107865219,
    "mean": 0.47639329463858915,
    "std": 0.21347501076528852,
    "semantic_id": 1007,
    "samples": 339607
  },
  "rgb(0,0,0)": {
    "min": 0.10000000149011612,
    "max": 0.10000000149011612,
    "mean": 0.10000000149011612,
    "std": 0.0,
    "semantic_id": 1008,
    "samples": 1613370
  },
  "rgb(166,86,40)": {
    "min": 0.39420760275839656,
    "max": 1.1049322545204823,
    "mean": 0.7495699286394394,
    "std": 0.35536232588104283,
    "semantic_id": 1009,
    "samples": 307954
  }
}