{
  "rgb(228,26,28)": {
    "mean": 1.0315427221931133,
    "std": 0.49209973268637763,
    "semantic_id": 1001,
    "samples": 42566898
  },
  "rgb(55,126,184)": {
    "mean": 0.9446192578979202,
    "std": 0.48537316881006065,
    "semantic_id": 1002,
    "samples": 149971010
  },
  "rgb(77,175,74)": {
    "mean": 0.934146715727514,
    "std": 0.48740434383326786,
    "semantic_id": 1003,
    "samples": 16107982
  },
  "rgb(152,78,163)": {
    "mean": 0.9963543206231372,
    "std": 0.4908386735372332,
    "semantic_id": 1004,
    "samples": 11357306
  },
  "rgb(127,127,127)": {
    "mean": 0.9514072929818059,
    "std": 0.48822285362931117,
    "semantic_id": 1005,
    "samples": 3958412
  },
  "rgb(255,127,0)": {
    "mean": 0.9119394710394458,
    "std": 0.48145511573669536,
    "semantic_id": 1006,
    "samples": 2140854
  },
  "rgb(255,255,51)": {
    "mean": 0.9891213491367303,
    "std": 0.49189449642681904,
    "semantic_id": 1007,
    "samples": 31802638
  },
  "rgb(0,0,0)": {
    "mean": 0.9413799055875367,
    "std": 0.48975113759440364,
    "semantic_id": 1008,
    "samples": 793656536
  },
  "rgb(166,86,40)": {
    "mean": 0.9315589645898265,
    "std": 0.4884546662536588,
    "semantic_id": 1009,
    "samples": 24588288
  }
}