{
  "rgb(127,51,51)": {
    "mean": 0.7704863328864494,
    "std": 0.4893294977262528,
    "label_id": 2003,
    "samples": 333352
  },
  "rgb(146,48,49)": {
    "mean": 0.8615241265138576,
    "std": 0.504944876973486,
    "label_id": 2005,
    "samples": 740124
  },
  "rgb(165,44,45)": {
    "mean": 0.958257982386495,
    "std": 0.4925766118069576,
    "label_id": 2012,
    "samples": 33630
  },
  "rgb(184,36,38)": {
    "mean": 1.0069274491399893,
    "std": 0.4874019493526749,
    "label_id": 2016,
    "samples": 642190
  },
  "rgb(204,27,28)": {
    "mean": 1.0084278638317588,
    "std": 0.48662099669481346,
    "label_id": 2024,
    "samples": 3306212
  },
  "rgb(223,14,16)": {
    "mean": 1.0417290083880233,
    "std": 0.49101285631797786,
    "label_id": 2025,
    "samples": 33685414
  },
  "rgb(242,0,2)": {
    "mean": 1.0198432506552253,
    "std": 0.4914241999083349,
    "label_id": 2038,
    "samples": 3793728
  },
  "rgb(51,93,127)": {
    "mean": 0.9331855994522227,
    "std": 0.49670454450729085,
    "label_id": 2004,
    "samples": 17984000
  },
  "rgb(50,97,135)": {
    "mean": 0.9019355103904206,
    "std": 0.4966121180689989,
    "label_id": 2008,
    "samples": 4332654
  },
  "rgb(49,101,143)": {
    "mean": 1.0187269671423498,
    "std": 0.4830508322857903,
    "label_id": 2010,
    "samples": 9362758
  },
  "rgb(47,105,152)": {
    "mean": 0.9329816653427404,
    "std": 0.4900807237126108,
    "label_id": 2011,
    "samples": 2532340
  },
  "rgb(45,108,160)": {
    "mean": 0.909385606651091,
    "std": 0.5005656665262513,
    "label_id": 2017,
    "samples": 5272230
  },
  "rgb(43,112,168)": {
    "mean": 1.0247026810032165,
    "std": 0.485859437288762,
    "label_id": 2031,
    "samples": 4900822
  },
  "rgb(40,115,176)": {
    "mean": 0.8951071683335404,
    "std": 0.48213292963851195,
    "label_id": 2033,
    "samples": 155792
  },
  "rgb(36,118,184)": {
    "mean": 0.8808546969690689,
    "std": 0.4672972173168242,
    "label_id": 2034,
    "samples": 986044
  },
  "rgb(33,121,193)": {
    "mean": 0.9202869792397749,
    "std": 0.47641607406036635,
    "label_id": 2035,
    "samples": 570210
  },
  "rgb(28,123,201)": {
    "mean": 0.912555113938238,
    "std": 0.4539847681499783,
    "label_id": 2036,
    "samples": 762778
  },
  "rgb(23,126,209)": {
    "mean": 0.9431074121381167,
    "std": 0.4906150539005632,
    "label_id": 2039,
    "samples": 21931568
  },
  "rgb(18,128,217)": {
    "mean": 0.9227261399781813,
    "std": 0.4809963421105959,
    "label_id": 2040,
    "samples": 190520
  },
  "rgb(12,130,225)": {
    "mean": 0.9417570203286837,
    "std": 0.47827506038829926,
    "label_id": 2047,
    "samples": 69691190
  },
  "rgb(6,131,234)": {
    "mean": 0.9368772684187608,
    "std": 0.4833661879805314,
    "label_id": 2048,
    "samples": 6218806
  },
  "rgb(0,133,242)": {
    "mean": 1.0833563055868685,
    "std": 0.46275675661701815,
    "label_id": 2049,
    "samples": 926922
  },
  "rgb(53,127,51)": {
    "mean": 0.966553940609795,
    "std": 0.5059241928944002,
    "label_id": 2002,
    "samples": 174572
  },
  "rgb(52,143,49)": {
    "mean": 0.9806962286636779,
    "std": 0.49011620229831354,
    "label_id": 2009,
    "samples": 102652
  },
  "rgb(49,160,45)": {
    "mean": 0.9261928839726253,
    "std": 0.4869823093357297,
    "label_id": 2014,
    "samples": 11553478
  },
  "rgb(44,176,40)": {
    "mean": 0.9843856792598544,
    "std": 0.47851617233381943,
    "label_id": 2018,
    "samples": 1056468
  },
  "rgb(37,193,33)": {
    "mean": 0.7353393238237508,
    "std": 0.3955756698701388,
    "label_id": 2021,
    "samples": 23432
  },
  "rgb(29,209,23)": {
    "mean": 0.4918465244568237,
    "std": 0.45262598524365716,
    "label_id": 2023,
    "samples": 12818
  },
  "rgb(19,225,12)": {
    "mean": 0.9296558347906393,
    "std": 0.4619135272871146,
    "label_id": 2028,
    "samples": 319376
  },
  "rgb(7,242,0)": {
    "mean": 0.9481579898491737,
    "std": 0.49188756950410534,
    "label_id": 2029,
    "samples": 2865186
  },
  "rgb(117,51,127)": {
    "mean": 0.9968652840678712,
    "std": 0.4961367213094529,
    "label_id": 2006,
    "samples": 3580924
  },
  "rgb(150,44,165)": {
    "mean": 0.9360838344581704,
    "std": 0.49119372618493096,
    "label_id": 2020,
    "samples": 590754
  },
  "rgb(181,27,204)": {
    "mean": 1.0013197214166085,
    "std": 0.48775892719315517,
    "label_id": 2032,
    "samples": 7179966
  },
  "rgb(210,0,242)": {
    "mean": 0.7086599559734704,
    "std": 0.0747119411138297,
    "label_id": 2046,
    "samples": 1356
  },
  "rgb(255,127,0)": {
    "mean": 0.9119394710394458,
    "std": 0.48145511573669536,
    "label_id": 2022,
    "samples": 2140854
  },
  "rgb(127,127,51)": {
    "mean": 0.9919448856522938,
    "std": 0.47205052591163904,
    "label_id": 2007,
    "samples": 86208
  },
  "rgb(141,141,49)": {
    "mean": 0.9899116891367914,
    "std": 0.4914984861607685,
    "label_id": 2026,
    "samples": 6812058
  },
  "rgb(156,156,46)": {
    "mean": 0.8728056903579446,
    "std": 0.5216722313009932,
    "label_id": 2027,
    "samples": 110882
  },
  "rgb(170,170,42)": {
    "mean": 0.9629208537404441,
    "std": 0.48945922508650674,
    "label_id": 2030,
    "samples": 4719708
  },
  "rgb(184,184,36)": {
    "mean": 1.1033523652635415,
    "std": 0.4753596814014545,
    "label_id": 2041,
    "samples": 475410
  },
  "rgb(199,199,29)": {
    "mean": 1.0120701409097268,
    "std": 0.49024751361280555,
    "label_id": 2042,
    "samples": 14742060
  },
  "rgb(213,213,21)": {
    "mean": 0.8916717098797962,
    "std": 0.3934280986086416,
    "label_id": 2043,
    "samples": 25796
  },
  "rgb(227,227,11)": {
    "mean": 1.0857529571432185,
    "std": 0.43538657071689174,
    "label_id": 2044,
    "samples": 92752
  },
  "rgb(242,242,0)": {
    "mean": 0.932588285246676,
    "std": 0.4956603113872662,
    "label_id": 2050,
    "samples": 4708494
  },
  "rgb(127,78,51)": {
    "mean": 1.0551505737417035,
    "std": 0.4791082134187492,
    "label_id": 2001,
    "samples": 336172
  },
  "rgb(156,86,46)": {
    "mean": 0.9541200916137209,
    "std": 0.4966716701336258,
    "label_id": 2013,
    "samples": 3972258
  },
  "rgb(184,90,36)": {
    "mean": 0.9177462746772288,
    "std": 0.4810242734487219,
    "label_id": 2015,
    "samples": 11950204
  },
  "rgb(213,91,21)": {
    "mean": 0.930382854916905,
    "std": 0.5025984738357033,
    "label_id": 2019,
    "samples": 1004490
  },
  "rgb(242,88,0)": {
    "mean": 0.9364390722663619,
    "std": 0.4931273782563972,
    "label_id": 2037,
    "samples": 7321724
  }
}