eval_idx,dataset_idx,method,noise_strength,n_povs,unified_score,mean_bbox_iou,mean_camera_similarity,detection_f1,count_accuracy
0,0,accumulation,N/A,0,0.46144039724908137,0.3125740286547002,,0.2962962962962963,0.25
0,0,accumulation,N/A,1,0.349195914681409,0.029684228030464183,,0.27118644067796616,0.2
0,0,accumulation,N/A,2,0.31053185474837286,0.03343637083946506,,0.326530612244898,0.2
0,0,accumulation,N/A,3,0.32545625264053346,0.06341785855499309,,0.2117647058823529,0.0
0,0,accumulation,N/A,4,0.37628478732449794,0.30204253791076696,,0.28571428571428575,0.0
0,0,accumulation,N/A,5,0.3836840451237089,0.05003495873026431,,0.4800000000000001,0.0
0,0,accumulation,N/A,6,0.2902999050569899,0.1070992099141248,,0.2962962962962963,0.14285714285714285
0,0,accumulation,N/A,7,0.40419989964217395,0.19728156160392152,,0.5333333333333333,0.2
0,0,refinement,0.5,0,0.46144039724908137,0.3125740286547002,,0.2962962962962963,0.25
0,0,refinement,0.5,1,0.4620384542141328,0.3126943025334241,,0.2962962962962963,0.25
0,0,refinement,0.5,2,0.41572025325686124,0.2493433325121496,,0.4166666666666667,0.0
0,0,refinement,0.5,3,0.48360332953106483,0.3134850645839713,,0.4210526315789474,0.25
0,0,refinement,0.5,4,0.5145814613877837,0.31382084536529775,,0.380952380952381,0.5
0,0,refinement,0.5,5,0.5138863289482136,0.3128908513193235,,0.380952380952381,0.5
0,0,refinement,0.5,6,0.4340227609006215,0.31348545925675025,,0.34782608695652173,0.2
0,0,refinement,0.5,7,0.5046079302296569,0.2453229231968078,,0.39999999999999997,0.5
0,0,refinement,0.8,0,0.46144039724908137,0.3125740286547002,,0.2962962962962963,0.25
0,0,refinement,0.8,1,0.42004301836465896,0.30805844255756887,,0.28571428571428575,0.0
0,0,refinement,0.8,2,0.4124757885946484,0.2845719307127092,,0.30303030303030304,0.0
0,0,refinement,0.8,3,0.4085894444476109,0.28721940937265467,,0.22222222222222227,0.0
0,0,refinement,0.8,4,0.44982953383821156,0.22373377278171264,,0.30303030303030304,0.25
0,0,refinement,0.8,5,0.3776283877144869,0.1807412265376965,,0.36363636363636365,0.0
0,0,refinement,0.8,6,0.36920019794012926,0.22631665286826635,,0.32,0.0
0,0,refinement,0.8,7,0.4308458661357941,0.17983433740445184,,0.25531914893617025,0.25
1,1,accumulation,N/A,0,0.32928550105202736,0.22717247637181956,,0.14285714285714285,0.0
1,1,accumulation,N/A,1,0.6169811612806633,0.09046091055286393,,1.0,1.0
1,1,accumulation,N/A,2,0.24499986181810435,0.021861316207642353,,0.16666666666666669,0.0
1,1,accumulation,N/A,3,0.2218556280663114,0.0012506372411978874,,0.07407407407407407,0.0
1,1,accumulation,N/A,4,0.30233922691044995,0.45214735727882127,,0.019417475728155338,0.3333333333333333
1,1,accumulation,N/A,5,0.482477159396512,0.2076077393949332,,0.6666666666666666,0.0
1,1,accumulation,N/A,6,0.2720185757687389,0.04008786172061135,,0.2857142857142857,0.0
1,1,accumulation,N/A,7,0.3760075555092618,0.09372751364977888,,0.5714285714285715,0.0
1,1,refinement,0.5,0,0.32928550105202736,0.22717247637181956,,0.14285714285714285,0.0
1,1,refinement,0.5,1,0.3818265853642685,0.2226062919998408,,0.5,0.0
1,1,refinement,0.5,2,0.4826828113279582,0.22832643927819857,,0.6666666666666666,0.0
1,1,refinement,0.5,3,0.4826409830248932,0.2226062919998408,,0.6666666666666666,0.0
1,1,refinement,0.5,4,0.48303985949655137,0.22717247637181956,,0.6666666666666666,0.0
1,1,refinement,0.5,5,0.3254269593349033,0.23001107367379772,,0.28571428571428575,0.0
1,1,refinement,0.5,6,0.36882555190949096,0.23214312684168822,,0.4,0.0
1,1,refinement,0.5,7,0.358995611641285,0.23001107367379772,,0.3333333333333333,0.0
1,1,refinement,0.8,0,0.32928550105202736,0.22717247637181956,,0.14285714285714285,0.0
1,1,refinement,0.8,1,0.391929304534698,0.32466106811570355,,0.5,0.0
1,1,refinement,0.8,2,0.4841282087214396,0.23009393027212588,,0.6666666666666666,0.0
1,1,refinement,0.8,3,0.48419326475893176,0.2349503024029292,,0.6666666666666666,0.0
1,1,refinement,0.8,4,0.3847471880715755,0.23725621146568338,,0.5,0.0
1,1,refinement,0.8,5,0.48462812126132737,0.23563067343266678,,0.6666666666666666,0.0
1,1,refinement,0.8,6,0.49549831764485286,0.3445564163802646,,0.6666666666666666,0.0
1,1,refinement,0.8,7,0.39534982305354016,0.3445564163802646,,0.5,0.0
2,2,accumulation,N/A,0,0.2474130040643322,0.15324269486946665,,0.2285714285714286,0.0
2,2,accumulation,N/A,1,0.26541074741155707,0.13790553549264434,,0.32,0.0
2,2,accumulation,N/A,2,0.36992358113879864,0.016979891041130464,,0.375,0.3333333333333333
2,2,accumulation,N/A,3,0.3571692128216864,0.025491448591679917,,0.5454545454545454,0.3333333333333333
2,2,accumulation,N/A,4,0.2447782860090521,0.2242750783379334,,0.1276595744680851,0.0
2,2,accumulation,N/A,5,0.27919186370703053,0.1941634169748062,,0.17391304347826086,0.0
2,2,accumulation,N/A,6,0.230530378694502,0.01993636352239256,,0.17777777777777776,0.0
2,2,accumulation,N/A,7,0.274950212662162,0.11343263617848205,,0.3076923076923077,0.0
2,2,refinement,0.5,0,0.2474130040643322,0.15324269486946665,,0.2285714285714286,0.0
2,2,refinement,0.5,1,0.23250270492942446,0.21332339653302215,,0.27272727272727276,0.0
2,2,refinement,0.5,2,0.23191105182729554,0.2126428148012766,,0.31578947368421056,0.0
2,2,refinement,0.5,3,0.23496344724879836,0.21323031778729865,,0.2857142857142857,0.0
2,2,refinement,0.5,4,0.23248590535278513,0.21373513496194438,,0.27272727272727276,0.0
2,2,refinement,0.5,5,0.242941664506384,0.22272454192872038,,0.24999999999999997,0.0
2,2,refinement,0.5,6,0.24327189672622496,0.22193577332002268,,0.24999999999999997,0.0
2,2,refinement,0.5,7,0.28028351197117546,0.22104162212679754,,0.5,0.0
2,2,refinement,0.8,0,0.2474130040643322,0.15324269486946665,,0.2285714285714286,0.0
2,2,refinement,0.8,1,0.27354711237891893,0.20820579415001675,,0.16666666666666666,0.0
2,2,refinement,0.8,2,0.3542502103640233,0.3030948588286873,,0.5,0.0
2,2,refinement,0.8,3,0.2844374172933302,0.2029445148876716,,0.39999999999999997,0.0
2,2,refinement,0.8,4,0.5285193571520823,0.1542398981227092,,0.8,0.5
2,2,refinement,0.8,5,0.3628966205658577,0.1976621688817167,,0.6666666666666665,0.0
2,2,refinement,0.8,6,0.33752583308583023,0.15379464211423946,,0.5714285714285715,0.0
2,2,refinement,0.8,7,0.30588291583037464,0.2025231018756857,,0.5454545454545454,0.0
3,3,accumulation,N/A,0,0.27417424085828546,0.013874917699351022,,0.39999999999999997,0.0
3,3,accumulation,N/A,1,0.23098054221872014,0.07431532876228272,,0.11764705882352941,0.0
3,3,accumulation,N/A,2,0.337196915655329,0.016263521709125373,,0.3157894736842105,0.3333333333333333
3,3,accumulation,N/A,3,0.2543557448715302,0.07008345026216675,,0.13333333333333333,0.0
3,3,accumulation,N/A,4,0.19325134040160202,0.0,,0.032786885245901634,0.0
3,3,accumulation,N/A,5,0.23597745434518408,0.0,,0.05405405405405406,0.3333333333333333
3,3,accumulation,N/A,6,0.22279386547466634,0.0,,0.125,0.0
3,3,accumulation,N/A,7,0.24890540138190975,0.027193097897989498,,0.13333333333333333,0.0
3,3,refinement,0.5,0,0.27417424085828546,0.013874917699351022,,0.39999999999999997,0.0
3,3,refinement,0.5,1,0.2698000853076418,0.013875456054515942,,0.39999999999999997,0.0
3,3,refinement,0.5,2,0.3232475179983656,0.0,,0.35294117647058826,0.0
3,3,refinement,0.5,3,0.31522336136554874,0.0,,0.22222222222222224,0.0
3,3,refinement,0.5,4,0.24243246085881331,0.04130080076360452,,0.25,0.0
3,3,refinement,0.5,5,0.2676657029631153,0.0,,0.34782608695652173,0.0
3,3,refinement,0.5,6,0.277685214148525,0.011715116979520683,,0.4615384615384615,0.0
3,3,refinement,0.5,7,0.305733828045637,3.6505226571770335e-05,,0.2857142857142857,0.0
3,3,refinement,0.8,0,0.27417424085828546,0.013874917699351022,,0.39999999999999997,0.0
3,3,refinement,0.8,1,0.2584849076913683,0.018408352863684193,,0.22680412371134023,0.0
3,3,refinement,0.8,2,0.24479244824029683,0.007080276391600123,,0.2,0.0
3,3,refinement,0.8,3,0.3261688761229611,0.016832583521576516,,0.43478260869565216,0.0
3,3,refinement,0.8,4,0.241306194310009,0.041292280208634805,,0.25,0.0
3,3,refinement,0.8,5,0.24128754931809177,0.040824672944478,,0.25,0.0
3,3,refinement,0.8,6,0.26440417174817243,0.0205325389089559,,0.4,0.0
3,3,refinement,0.8,7,0.2504717238772455,0.0,,0.125,0.0
4,4,accumulation,N/A,0,0.3798249751968257,0.14631967949372812,,0.18181818181818182,0.0
4,4,accumulation,N/A,1,0.3238428147615877,0.19262874840174204,,0.125,0.3333333333333333
4,4,accumulation,N/A,2,0.2815837951595851,0.20652237364566142,,0.15384615384615383,0.0
4,4,accumulation,N/A,3,0.30229879623840233,0.12626598123644747,,0.18181818181818182,0.0
4,4,accumulation,N/A,4,0.38935769527130243,0.17230689214755995,,0.1282051282051282,0.3333333333333333
4,4,accumulation,N/A,5,0.3717376053330492,0.03080418214366935,,0.4615384615384615,0.0
4,4,accumulation,N/A,6,0.34695296398533354,0.01696511415342195,,0.2857142857142857,0.0
4,4,accumulation,N/A,7,0.4115632310805638,0.13573042144313627,,0.33333333333333337,0.5
4,4,refinement,0.5,0,0.3798249751968257,0.14631967949372812,,0.18181818181818182,0.0
4,4,refinement,0.5,1,0.379021710145146,0.14267096232183307,,0.18181818181818182,0.0
4,4,refinement,0.5,2,0.3790385392141281,0.14267096232183307,,0.18181818181818182,0.0
4,4,refinement,0.5,3,0.3791350245483384,0.14328157109001377,,0.18181818181818182,0.0
4,4,refinement,0.5,4,0.3510470267830097,0.13900173195355894,,0.16666666666666669,0.0
4,4,refinement,0.5,5,0.45051637861773014,0.13414776197533407,,0.16666666666666669,0.5
4,4,refinement,0.5,6,0.4511187096518341,0.13840936214858368,,0.16666666666666669,0.5
4,4,refinement,0.5,7,0.4115935617892559,0.0,,0.28571428571428575,0.0
4,4,refinement,0.8,0,0.3798249751968257,0.14631967949372812,,0.18181818181818182,0.0
4,4,refinement,0.8,1,0.45808766019469127,0.2077449640477098,,0.16666666666666669,0.5
4,4,refinement,0.8,2,0.3871008645720499,0.21833086161989385,,0.18181818181818182,0.0
4,4,refinement,0.8,3,0.5313755243247589,0.20365395148435148,,0.15384615384615383,0.5
4,4,refinement,0.8,4,0.4572140466588017,0.19353992245092116,,0.16666666666666669,0.5
4,4,refinement,0.8,5,0.4523887313599911,0.14835881233119488,,0.16666666666666669,0.5
4,4,refinement,0.8,6,0.4025998956301369,0.3723774604692823,,0.18181818181818182,0.0
4,4,refinement,0.8,7,0.38077380800431493,0.15236689470789075,,0.18181818181818182,0.0
5,5,accumulation,N/A,0,0.3514997823054992,0.014091326758181647,,0.4470588235294118,0.0
5,5,accumulation,N/A,1,0.36333908777464513,0.023359595658195995,,0.4807692307692307,0.125
5,5,accumulation,N/A,2,0.3842559306930881,0.07738379187595666,,0.5360824742268042,0.125
5,5,accumulation,N/A,3,0.36559314509552593,0.0384538355074668,,0.5274725274725275,0.125
5,5,accumulation,N/A,4,0.4107556815307335,0.06225052530325671,,0.5203252032520326,0.125
5,5,accumulation,N/A,5,0.38340557463004105,0.08049491157954376,,0.3253012048192771,0.125
5,5,accumulation,N/A,6,0.39268993449204215,0.016048009892717055,,0.39316239316239315,0.375
5,5,accumulation,N/A,7,0.372007635363779,0.09437495244786917,,0.4369747899159664,0.0
5,5,refinement,0.5,0,0.3514997823054992,0.014091326758181647,,0.4470588235294118,0.0
5,5,refinement,0.5,1,0.3846263579384076,0.015633307754746653,,0.5116279069767441,0.125
5,5,refinement,0.5,2,0.37884771266205425,0.010352350866405076,,0.5319148936170212,0.125
5,5,refinement,0.5,3,0.35657248699040683,0.012853195811993009,,0.46666666666666673,0.0
5,5,refinement,0.5,4,0.37479490967396273,0.011147439819663957,,0.4948453608247423,0.125
5,5,refinement,0.5,5,0.35485739020744456,0.008739456003843007,,0.5050505050505051,0.0
5,5,refinement,0.5,6,0.3852411915564106,0.010795306889023077,,0.5333333333333333,0.125
5,5,refinement,0.5,7,0.3925676277594326,0.010303784719962518,,0.5777777777777777,0.125
5,5,refinement,0.8,0,0.3514997823054992,0.014091326758181647,,0.4470588235294118,0.0
5,5,refinement,0.8,1,0.35592153204144406,0.005504505034518017,,0.4724409448818897,0.0
5,5,refinement,0.8,2,0.34475237085427357,0.005934357183115167,,0.421875,0.0
5,5,refinement,0.8,3,0.32988319987168907,0.007333995693058772,,0.44247787610619466,0.0
5,5,refinement,0.8,4,0.34307941179832235,0.008482971338371484,,0.4067796610169491,0.0
5,5,refinement,0.8,5,0.37981994220019455,0.00614687652276808,,0.435483870967742,0.125
5,5,refinement,0.8,6,0.35771120255558697,0.003108462291641813,,0.39024390243902446,0.125
5,5,refinement,0.8,7,0.35562569223116247,0.0002822471706360904,,0.3650793650793651,0.125
6,6,accumulation,N/A,0,0.33662462001980115,0.27448023452534753,,0.28571428571428575,0.0
6,6,accumulation,N/A,1,0.37983390369064807,0.18135632116675093,,0.6666666666666666,0.0
6,6,accumulation,N/A,2,0.44071009443895204,0.007425181088263087,,0.8,0.0
6,6,accumulation,N/A,3,0.2392565864868178,0.22853196750403182,,0.013698630136986302,0.0
6,6,accumulation,N/A,4,0.47594373781302546,0.1276218831256211,,0.8,0.0
6,6,accumulation,N/A,5,0.35461553030899956,0.075300780669975,,0.4,0.0
6,6,accumulation,N/A,6,0.4024814676155266,0.306093298007088,,0.6666666666666666,0.0
6,6,accumulation,N/A,7,0.34532866922448213,0.3662722787623598,,0.3333333333333333,0.0
6,6,refinement,0.5,0,0.33662462001980115,0.27448023452534753,,0.28571428571428575,0.0
6,6,refinement,0.5,1,0.34989041473329846,0.1369302772114075,,0.5714285714285715,0.0
6,6,refinement,0.5,2,0.3302338875658193,0.139011507034126,,0.5,0.0
6,6,refinement,0.5,3,0.3788450551423268,0.273860554422815,,0.4,0.0
6,6,refinement,0.5,4,0.3311853129168629,0.273860554422815,,0.25,0.0
6,6,refinement,0.5,5,0.3789538422327665,0.27494448526330423,,0.4,0.0
6,6,refinement,0.5,6,0.33217008517328084,0.273860554422815,,0.25,0.0
6,6,refinement,0.5,7,0.370686490173666,0.27641627458556095,,0.3333333333333333,0.0
6,6,refinement,0.8,0,0.33662462001980115,0.27448023452534753,,0.28571428571428575,0.0
6,6,refinement,0.8,1,0.4585246270050068,0.09753744120936796,,0.8571428571428571,0.5
6,6,refinement,0.8,2,0.34388876695516896,0.12319579040110314,,0.5714285714285715,0.0
6,6,refinement,0.8,3,0.46400846701187154,0.26701585428011926,,0.5,0.0
6,6,refinement,0.8,4,0.4645609826007263,0.2704734075760376,,0.5,0.0
6,6,refinement,0.8,5,0.3255637181548903,0.29847269706316665,,0.25,0.0
6,6,refinement,0.8,6,0.3359226083492194,0.2819104824166922,,0.3333333333333333,0.0
6,6,refinement,0.8,7,0.3724178435866635,0.27977551114007543,,0.4,0.0
7,7,accumulation,N/A,0,0.3528222075948709,0.037891134706068925,,0.38759689922480617,0.14285714285714285
7,7,accumulation,N/A,1,0.3304978491187901,0.011555963029005115,,0.23376623376623376,0.0
7,7,accumulation,N/A,2,0.30049094183070724,0.00948559067489923,,0.25742574257425743,0.0
7,7,accumulation,N/A,3,0.2889479128176276,0.03699664374874628,,0.25000000000000006,0.0
7,7,accumulation,N/A,4,0.3149769092838961,0.005211402678142686,,0.3424657534246575,0.0
7,7,accumulation,N/A,5,0.31429061608189207,0.014764107633738784,,0.2781456953642384,0.0
7,7,accumulation,N/A,6,0.3052282558921968,0.01930971281907028,,0.22594142259414227,0.0
7,7,accumulation,N/A,7,0.24658964992356988,0.008992485499547925,,0.23076923076923075,0.0
7,7,refinement,0.5,0,0.3528222075948709,0.037891134706068925,,0.38759689922480617,0.14285714285714285
7,7,refinement,0.5,1,0.33103721723573326,0.03782213039216045,,0.3731343283582089,0.0
7,7,refinement,0.5,2,0.32278436369252,0.037721548464824395,,0.364963503649635,0.0
7,7,refinement,0.5,3,0.32416718737225186,0.03658686297034202,,0.38805970149253727,0.0
7,7,refinement,0.5,4,0.34504893992382524,0.031794809625722925,,0.37333333333333335,0.0
7,7,refinement,0.5,5,0.341432096304764,0.03273611086807782,,0.3414634146341463,0.0
7,7,refinement,0.5,6,0.34712313315468785,0.031002551349779018,,0.3741935483870968,0.0
7,7,refinement,0.5,7,0.3361469864235467,0.0456911156697981,,0.30120481927710846,0.0
7,7,refinement,0.8,0,0.3528222075948709,0.037891134706068925,,0.38759689922480617,0.14285714285714285
7,7,refinement,0.8,1,0.3135514989129208,0.0172729490420633,,0.3276836158192091,0.0
7,7,refinement,0.8,2,0.31631363626621883,0.04002012100046741,,0.30000000000000004,0.0
7,7,refinement,0.8,3,0.31671000859041787,0.05866857803830876,,0.3233532934131737,0.0
7,7,refinement,0.8,4,0.3344815215279869,0.050941531729596284,,0.3314917127071823,0.0
7,7,refinement,0.8,5,0.2798522349084607,0.03704701665415616,,0.20833333333333334,0.0
7,7,refinement,0.8,6,0.32263638959935986,0.03603952508777766,,0.25961538461538464,0.0
7,7,refinement,0.8,7,0.30200437942012925,0.038792181914435904,,0.23481781376518224,0.0
8,8,accumulation,N/A,0,0.3092375447978641,0.009819985195095018,,0.34285714285714286,0.16666666666666666
8,8,accumulation,N/A,1,0.26212020865879937,0.030522531426346474,,0.30769230769230765,0.0
8,8,accumulation,N/A,2,0.3748403778979953,0.00038289257982366366,,0.3888888888888889,0.16666666666666666
8,8,accumulation,N/A,3,0.3554603493409431,0.0682347324214046,,0.3880597014925374,0.0
8,8,accumulation,N/A,4,0.3774922225333478,0.0495089851155177,,0.3703703703703704,0.16666666666666666
8,8,accumulation,N/A,5,0.35637864998442603,0.07420152827433618,,0.27956989247311825,0.0
8,8,accumulation,N/A,6,0.34080220681185486,0.08941364062822406,,0.30769230769230765,0.16666666666666666
8,8,accumulation,N/A,7,0.33190914560237916,0.041811148782427636,,0.36065573770491804,0.0
8,8,refinement,0.5,0,0.3092375447978641,0.009819985195095018,,0.34285714285714286,0.16666666666666666
8,8,refinement,0.5,1,0.24396887535917117,0.013125964361713113,,0.23255813953488372,0.0
8,8,refinement,0.5,2,0.2691069251547216,0.01037317841661133,,0.3333333333333333,0.0
8,8,refinement,0.5,3,0.24941934387098447,0.024305032274306925,,0.24000000000000005,0.0
8,8,refinement,0.5,4,0.2922581224066542,0.021016901672316436,,0.3111111111111111,0.0
8,8,refinement,0.5,5,0.24699854310851616,0.014196356684157049,,0.23529411764705885,0.0
8,8,refinement,0.5,6,0.2624217758290018,0.040188759550026355,,0.27906976744186046,0.0
8,8,refinement,0.5,7,0.2641076752137064,0.03313316126160692,,0.2553191489361702,0.0
8,8,refinement,0.8,0,0.3092375447978641,0.009819985195095018,,0.34285714285714286,0.16666666666666666
8,8,refinement,0.8,1,0.2415137153589372,0.00965852399104006,,0.23728813559322035,0.0
8,8,refinement,0.8,2,0.2543831992381996,0.026415078442104434,,0.18750000000000003,0.0
8,8,refinement,0.8,3,0.2751791980235063,0.021899505678203843,,0.2295081967213115,0.16666666666666666
8,8,refinement,0.8,4,0.3059323484529888,0.014403213037720733,,0.28571428571428575,0.16666666666666666
8,8,refinement,0.8,5,0.24900213255002324,0.01887299794053993,,0.2191780821917808,0.0
8,8,refinement,0.8,6,0.2973481770528862,0.012819827312106244,,0.2702702702702703,0.16666666666666666
8,8,refinement,0.8,7,0.29456818842196025,0.014100648271923089,,0.20224719101123592,0.16666666666666666
9,9,accumulation,N/A,0,0.43499450230569536,0.10178285227235503,,0.5,0.5
9,9,accumulation,N/A,1,0.3847762997072708,0.45903301599685276,,0.4,0.0
9,9,accumulation,N/A,2,0.5273988863604623,0.29805853054524795,,0.6666666666666666,0.0
9,9,accumulation,N/A,3,0.4537382589759802,0.20455077928486531,,0.6666666666666666,0.0
9,9,accumulation,N/A,4,0.3275819624124606,0.10403510312217366,,0.4,0.0
9,9,accumulation,N/A,5,0.5933226239849274,0.19877309060339005,,0.8,0.0
9,9,accumulation,N/A,6,0.47243495710737765,0.10073119352102719,,0.8,0.0
9,9,accumulation,N/A,7,0.3419565898745063,0.06954225468156361,,0.4444444444444445,0.0
9,9,refinement,0.5,0,0.43499450230569536,0.10178285227235503,,0.5,0.5
9,9,refinement,0.5,1,0.6605740869341854,0.10516983289944598,,1.0,1.0
9,9,refinement,0.5,2,0.6613434621134752,0.10643882052857112,,1.0,1.0
9,9,refinement,0.5,3,0.4818641900771324,0.10665567674217567,,0.8,0.5
9,9,refinement,0.5,4,0.6611641899821024,0.10663475654994922,,1.0,1.0
9,9,refinement,0.5,5,0.6616589580079625,0.10665567674217567,,1.0,1.0
9,9,refinement,0.5,6,0.41138953870181216,0.10320332635332712,,0.6666666666666666,0.3333333333333333
9,9,refinement,0.5,7,0.4814357186219093,0.10301200785957883,,0.8,0.5
9,9,refinement,0.8,0,0.43499450230569536,0.10178285227235503,,0.5,0.5
9,9,refinement,0.8,1,0.6631646117375811,0.108124807140166,,1.0,1.0
9,9,refinement,0.8,2,0.6628311266005934,0.1107103181713102,,1.0,1.0
9,9,refinement,0.8,3,0.48239622397064474,0.10974825480604754,,0.8,0.5
9,9,refinement,0.8,4,0.662274667479378,0.10587903133340133,,1.0,1.0
9,9,refinement,0.8,5,0.66302325956313,0.10537713809738818,,1.0,1.0
9,9,refinement,0.8,6,0.6608154067841633,0.10138539500385965,,1.0,1.0
9,9,refinement,0.8,7,0.6551484940361991,0.10061265023026576,,1.0,1.0
10,10,accumulation,N/A,0,0.3306110859926381,0.4191705653184363,,0.0625,0.0
10,10,accumulation,N/A,1,0.48587643731107005,0.1958822377037972,,0.6666666666666666,0.0
10,10,accumulation,N/A,2,0.3225722988769264,0.1338510671271242,,0.25,0.0
10,10,accumulation,N/A,3,0.2504299004514356,0.07925597865538818,,0.23529411764705882,0.0
10,10,accumulation,N/A,4,0.33291225771639166,0.28665590483218367,,0.28571428571428575,0.0
10,10,accumulation,N/A,5,0.3542500873250363,0.3696486426093555,,0.4,0.0
10,10,accumulation,N/A,6,0.3513321804953561,0.18633012643296842,,0.5,0.0
10,10,accumulation,N/A,7,0.3070852570712981,0.16645573069768277,,0.28571428571428575,0.0
10,10,refinement,0.5,0,0.3306110859926381,0.4191705653184363,,0.0625,0.0
10,10,refinement,0.5,1,0.38883241352831777,0.4191705653184363,,0.28571428571428575,0.0
10,10,refinement,0.5,2,0.3478480124314317,0.41247809242860994,,0.1818181818181818,0.0
10,10,refinement,0.5,3,0.38974552674578233,0.424912627857045,,0.28571428571428575,0.0
10,10,refinement,0.5,4,0.46466989216276555,0.41824319681109473,,0.28571428571428575,0.0
10,10,refinement,0.5,5,0.3894743872026071,0.4191705653184363,,0.28571428571428575,0.0
10,10,refinement,0.5,6,0.6466060460544896,0.4182069548234517,,0.5,1.0
10,10,refinement,0.5,7,0.482305792268376,0.424912627857045,,0.4,0.5
10,10,refinement,0.8,0,0.3306110859926381,0.4191705653184363,,0.0625,0.0
10,10,refinement,0.8,1,0.47724933588879964,0.3886691505491296,,0.4,0.0
10,10,refinement,0.8,2,0.36138492800962496,0.400072112002252,,0.28571428571428575,0.0
10,10,refinement,0.8,3,0.6423182799277614,0.37907351472901835,,0.5,1.0
10,10,refinement,0.8,4,0.3859445923376424,0.38428887699978526,,0.28571428571428575,0.0
10,10,refinement,0.8,5,0.3493154249630691,0.36871776480897567,,0.22222222222222224,0.0
10,10,refinement,0.8,6,0.6477303463507138,0.4139321775777292,,0.5,1.0
10,10,refinement,0.8,7,0.34988062481935156,0.4336084074190201,,0.16666666666666669,0.0
11,11,accumulation,N/A,0,0.32000297343636486,0.0022683002695596585,,0.3661971830985915,0.0
11,11,accumulation,N/A,1,0.38717614942255013,0.007530873886761687,,0.5544554455445545,0.14285714285714285
11,11,accumulation,N/A,2,0.34890614519768165,0.0042195330092235014,,0.26415094339622647,0.0
11,11,accumulation,N/A,3,0.35954718536626973,0.0191501911746592,,0.4754098360655738,0.0
11,11,accumulation,N/A,4,0.33024478426175186,0.0,,0.4347826086956521,0.0
11,11,accumulation,N/A,5,0.3327867621488345,0.00708206188360153,,0.4117647058823529,0.0
11,11,accumulation,N/A,6,0.37750824289800716,0.0,,0.40336134453781514,0.14285714285714285
11,11,accumulation,N/A,7,0.451848746574396,0.003972997564972759,,0.5112781954887218,0.14285714285714285
11,11,refinement,0.5,0,0.32000297343636486,0.0022683002695596585,,0.3661971830985915,0.0
11,11,refinement,0.5,1,0.34460692236179263,0.013230741301887283,,0.42857142857142855,0.0
11,11,refinement,0.5,2,0.3422745323669565,0.015049213104525136,,0.39560439560439553,0.0
11,11,refinement,0.5,3,0.31786507333378916,0.0028885157315707375,,0.38554216867469876,0.0
11,11,refinement,0.5,4,0.336651642750929,0.002295093798138055,,0.297029702970297,0.0
11,11,refinement,0.5,5,0.3550472181914561,0.002189836826580413,,0.2439024390243902,0.16666666666666666
11,11,refinement,0.5,6,0.3577006689387372,0.01123385795978184,,0.2711864406779661,0.16666666666666666
11,11,refinement,0.5,7,0.35598175253080844,0.023153086040847766,,0.265625,0.16666666666666666
11,11,refinement,0.8,0,0.32000297343636486,0.0022683002695596585,,0.3661971830985915,0.0
11,11,refinement,0.8,1,0.3356540445591246,0.0062114977021680935,,0.36,0.0
11,11,refinement,0.8,2,0.35409207016313227,0.0015278171550374823,,0.2900763358778626,0.16666666666666666
11,11,refinement,0.8,3,0.3852451391312506,0.010822221963372802,,0.30434782608695654,0.3333333333333333
11,11,refinement,0.8,4,0.37927463125792055,0.0146107231572581,,0.2686567164179105,0.3333333333333333
11,11,refinement,0.8,5,0.3251117886259802,0.0031147207778005215,,0.4144144144144144,0.0
11,11,refinement,0.8,6,0.36698880602165435,0.004975488037595364,,0.34782608695652173,0.16666666666666666
11,11,refinement,0.8,7,0.34295826500497695,0.011828267238000024,,0.37931034482758624,0.0
12,12,accumulation,N/A,0,0.2568926085411741,0.0,,0.3333333333333333,0.0
12,12,accumulation,N/A,1,0.3307733612413467,0.0009264903489890094,,0.64,0.0
12,12,accumulation,N/A,2,0.3160376374312089,0.009707630515010347,,0.4806201550387597,0.0
12,12,accumulation,N/A,3,0.3183439139770665,0.0022025536621483647,,0.5961538461538461,0.125
12,12,accumulation,N/A,4,0.28168770923425923,0.004104156842080293,,0.44137931034482764,0.0
12,12,accumulation,N/A,5,0.3094526824549466,0.000564578757168488,,0.5538461538461539,0.0
12,12,accumulation,N/A,6,0.29932205329295936,0.004396978252200788,,0.48484848484848486,0.0
12,12,accumulation,N/A,7,0.3004850069770603,0.0004242875579389265,,0.47761194029850745,0.0
12,12,refinement,0.5,0,0.2568926085411741,0.0,,0.3333333333333333,0.0
12,12,refinement,0.5,1,0.28175581620779033,0.0013782242509149808,,0.6060606060606061,0.0
12,12,refinement,0.5,2,0.2886179216590609,0.0016060832356872973,,0.6153846153846153,0.0
12,12,refinement,0.5,3,0.3489665080389861,0.005410045823364035,,0.7010309278350515,0.25
12,12,refinement,0.5,4,0.3095965080551161,0.00035292905710570497,,0.5523809523809524,0.125
12,12,refinement,0.5,5,0.3032085600311411,0.0003370535911386424,,0.6170212765957447,0.0
12,12,refinement,0.5,6,0.27763427023072385,0.0005513366278561504,,0.588235294117647,0.0
12,12,refinement,0.5,7,0.31649793158754946,0.006844276853879336,,0.5882352941176471,0.125
12,12,refinement,0.8,0,0.2568926085411741,0.0,,0.3333333333333333,0.0
12,12,refinement,0.8,1,0.2922942142517475,0.0,,0.3529411764705882,0.0
12,12,refinement,0.8,2,0.25714213103631095,0.0017943987536966652,,0.504201680672269,0.0
12,12,refinement,0.8,3,0.29781000709592054,0.012596953629974227,,0.3466666666666667,0.125
12,12,refinement,0.8,4,0.26132865223102103,0.013146541451217712,,0.4769230769230769,0.0
12,12,refinement,0.8,5,0.27589577551290495,0.012408120514205976,,0.48175182481751827,0.0
12,12,refinement,0.8,6,0.27359945303555866,0.0013092783304571992,,0.4852941176470588,0.0
12,12,refinement,0.8,7,0.23711166228540093,0.004372633557253588,,0.4195804195804196,0.0
13,13,accumulation,N/A,0,0.5732943839003442,0.1320452919033743,,0.5,1.0
13,13,accumulation,N/A,1,0.2699882933952592,0.06087792317383274,,0.025974025974025976,0.0
13,13,accumulation,N/A,2,0.5081379240350761,0.23045575951842073,,0.8,0.5
13,13,accumulation,N/A,3,0.4910859011855988,0.14911547632285502,,0.8,0.5
13,13,accumulation,N/A,4,0.2924706486853656,0.2116155202032492,,0.06666666666666667,0.0
13,13,accumulation,N/A,5,0.32466202371870445,0.22424720814498778,,0.2857142857142857,0.0
13,13,accumulation,N/A,6,0.38272590253128297,0.22237972341808482,,0.4444444444444445,0.3333333333333333
13,13,accumulation,N/A,7,0.23387403739074775,0.025278293069947298,,0.023529411764705882,0.0
13,13,refinement,0.5,0,0.5732943839003442,0.1320452919033743,,0.5,1.0
13,13,refinement,0.5,1,0.5733415497912604,0.13234096873417128,,0.5,1.0
13,13,refinement,0.5,2,0.573002813065717,0.1311788656605175,,0.5,1.0
13,13,refinement,0.5,3,0.5733278219407444,0.1317509333325182,,0.5,1.0
13,13,refinement,0.5,4,0.3482748678091688,0.1314706707174972,,0.3333333333333333,0.3333333333333333
13,13,refinement,0.5,5,0.4085506050026335,0.13638289009527754,,0.4,0.5
13,13,refinement,0.5,6,0.40838210255822716,0.13658715896220885,,0.4,0.5
13,13,refinement,0.5,7,0.574273730953816,0.13902858257821965,,0.5,1.0
13,13,refinement,0.8,0,0.5732943839003442,0.1320452919033743,,0.5,1.0
13,13,refinement,0.8,1,0.5723920293733334,0.1311788656605175,,0.5,1.0
13,13,refinement,0.8,2,0.5750422883133554,0.18434409174081676,,0.5,1.0
13,13,refinement,0.8,3,0.5765654844345616,0.1807017978467866,,0.5,1.0
13,13,refinement,0.8,4,0.574598855910668,0.17882726452994296,,0.5,1.0
13,13,refinement,0.8,5,0.4419675652639029,0.3076351751203511,,0.22222222222222224,0.5
13,13,refinement,0.8,6,0.47704245072528384,0.31239411816914575,,0.4,0.5
13,13,refinement,0.8,7,0.29295781398231024,0.17761824565181486,,0.15384615384615385,0.25
14,14,accumulation,N/A,0,0.3643084386779937,0.1450174884780812,,0.19047619047619047,0.25
14,14,accumulation,N/A,1,0.34465681295602535,0.05285607747989471,,0.41379310344827586,0.0
14,14,accumulation,N/A,2,0.3675344119965235,0.062202200071441276,,0.41379310344827586,0.0
14,14,accumulation,N/A,3,0.3374958211328949,0.03736266282995973,,0.19607843137254902,0.0
14,14,accumulation,N/A,4,0.32400579319767864,0.09236069257992852,,0.27906976744186046,0.0
14,14,accumulation,N/A,5,0.3308622207599437,0.06234336355494021,,0.27586206896551724,0.2
14,14,accumulation,N/A,6,0.2793179136811966,0.04532430864266043,,0.2285714285714286,0.0
14,14,accumulation,N/A,7,0.357792011348745,0.03326017716315727,,0.4,0.0
14,14,refinement,0.5,0,0.3643084386779937,0.1450174884780812,,0.19047619047619047,0.25
14,14,refinement,0.5,1,0.3040136222020623,0.1444420222539619,,0.19047619047619047,0.0
14,14,refinement,0.5,2,0.34348703314885326,0.2888840445079238,,0.09090909090909091,0.0
14,14,refinement,0.5,3,0.3030349234953615,0.1438711051699541,,0.18181818181818182,0.0
14,14,refinement,0.5,4,0.37763427578418735,0.09632221509250825,,0.26086956521739124,0.25
14,14,refinement,0.5,5,0.32056485772150584,0.14448332263876237,,0.16,0.0
14,14,refinement,0.5,6,0.3422430028024044,0.28896664527752475,,0.08,0.0
14,14,refinement,0.5,7,0.2983999366401435,0.1442193942417761,,0.17391304347826086,0.0
14,14,refinement,0.8,0,0.3643084386779937,0.1450174884780812,,0.19047619047619047,0.25
14,14,refinement,0.8,1,0.38142573656328854,0.09553645566403778,,0.3157894736842105,0.4
14,14,refinement,0.8,2,0.3242335544092615,0.14649375552461458,,0.2222222222222222,0.0
14,14,refinement,0.8,3,0.3470485519461617,0.29184748182335674,,0.10526315789473685,0.0
14,14,refinement,0.8,4,0.3526530494504315,0.3021433707695179,,0.13333333333333333,0.0
14,14,refinement,0.8,5,0.3344885942622271,0.3016080724721034,,0.1111111111111111,0.0
14,14,refinement,0.8,6,0.3357179924304452,0.3016080724721034,,0.11764705882352941,0.0
14,14,refinement,0.8,7,0.34741005904765376,0.3021433707695179,,0.09090909090909091,0.0
15,15,accumulation,N/A,0,0.22073223879020465,0.005302177832588632,,0.10328638497652581,0.0
15,15,accumulation,N/A,1,0.2636720185897956,0.007523694282155546,,0.15942028985507248,0.0
15,15,accumulation,N/A,2,0.3137584178322102,0.01334558210274664,,0.24096385542168672,0.0
15,15,accumulation,N/A,3,0.30091446238573305,0.008023578012936945,,0.26415094339622647,0.0
15,15,accumulation,N/A,4,0.30941973780528664,0.007292396479421164,,0.3913043478260869,0.0
15,15,accumulation,N/A,5,0.3222674348368505,0.03780139718666609,,0.2708333333333333,0.16666666666666666
15,15,accumulation,N/A,6,0.2819221723483482,0.002068456279992274,,0.43373493975903615,0.0
15,15,accumulation,N/A,7,0.3371699888104806,0.0022714098098087295,,0.4473684210526316,0.16666666666666666
15,15,refinement,0.5,0,0.22073223879020465,0.005302177832588632,,0.10328638497652581,0.0
15,15,refinement,0.5,1,0.22066924850826278,0.004456574003047654,,0.08270676691729323,0.0
15,15,refinement,0.5,2,0.25435048677190036,0.005201159829302086,,0.360655737704918,0.0
15,15,refinement,0.5,3,0.2059443424936605,0.005782017791801756,,0.25000000000000006,0.0
15,15,refinement,0.5,4,0.23611097385514318,0.005737013526595198,,0.2545454545454546,0.2
15,15,refinement,0.5,5,0.23633029119664115,0.004673816681410613,,0.2545454545454546,0.2
15,15,refinement,0.5,6,0.23260254954848333,0.007982671865066798,,0.2545454545454546,0.2
15,15,refinement,0.5,7,0.23577416205402763,0.004714158279167566,,0.2545454545454546,0.2
15,15,refinement,0.8,0,0.22073223879020465,0.005302177832588632,,0.10328638497652581,0.0
15,15,refinement,0.8,1,0.22159387416240292,0.005026447150071853,,0.0718954248366013,0.0
15,15,refinement,0.8,2,0.23071367910756008,0.009056754901038267,,0.22950819672131148,0.0
15,15,refinement,0.8,3,0.2794039706263213,0.005815134773873187,,0.2702702702702703,0.0
15,15,refinement,0.8,4,0.26452633602460934,0.009112487183069506,,0.22222222222222224,0.2
15,15,refinement,0.8,5,0.27465666828207136,0.002170019985080053,,0.35294117647058826,0.0
15,15,refinement,0.8,6,0.2329350270257347,0.004207362195738682,,0.18666666666666668,0.0
15,15,refinement,0.8,7,0.26808564043451305,0.0036430876476237703,,0.34285714285714286,0.0
16,16,accumulation,N/A,0,0.43926170946037624,0.18158688060960868,,0.16,0.3333333333333333
16,16,accumulation,N/A,1,0.2893484015950648,0.008002374112418872,,0.10126582278481014,0.0
16,16,accumulation,N/A,2,0.38969548097686624,0.1540486681938509,,0.4210526315789474,0.0
16,16,accumulation,N/A,3,0.29187350783980553,0.0017343891051482968,,0.2666666666666667,0.0
16,16,accumulation,N/A,4,0.40853210608818924,0.13186812579381418,,0.16,0.0
16,16,accumulation,N/A,5,0.32465786229118443,0.08351374376988202,,0.23529411764705882,0.0
16,16,accumulation,N/A,6,0.3153199173161093,0.031901270331573875,,0.125,0.0
16,16,accumulation,N/A,7,0.3027053968164866,0.010997347764079934,,0.17391304347826084,0.0
16,16,refinement,0.5,0,0.43926170946037624,0.18158688060960868,,0.16,0.3333333333333333
16,16,refinement,0.5,1,0.43993517103235813,0.13760940554636827,,0.1904761904761905,0.3333333333333333
16,16,refinement,0.5,2,0.4475343881762979,0.21424424050222995,,0.1702127659574468,0.3333333333333333
16,16,refinement,0.5,3,0.4096940646393187,0.2157820301866707,,0.163265306122449,0.25
16,16,refinement,0.5,4,0.442332618782992,0.15915623552589636,,0.1568627450980392,0.3333333333333333
16,16,refinement,0.5,5,0.35493201477400704,0.08745784017329299,,0.13793103448275862,0.0
16,16,refinement,0.5,6,0.44091171632683523,0.09016355142497702,,0.17777777777777776,0.3333333333333333
16,16,refinement,0.5,7,0.43865060602362765,0.12466510442035135,,0.17777777777777776,0.3333333333333333
16,16,refinement,0.8,0,0.43926170946037624,0.18158688060960868,,0.16,0.3333333333333333
16,16,refinement,0.8,1,0.44581473866638865,0.1652812457117973,,0.1904761904761905,0.0
16,16,refinement,0.8,2,0.5146785189977471,0.1408364001780103,,0.20512820512820512,0.5
16,16,refinement,0.8,3,0.5022319248115243,0.08770331938394896,,0.15384615384615385,0.5
16,16,refinement,0.8,4,0.5099353624317076,0.0796733987714975,,0.15094339622641506,0.5
16,16,refinement,0.8,5,0.5157053093287588,0.18030139967933,,0.12307692307692307,0.5
16,16,refinement,0.8,6,0.43292610715793745,0.1107302038210783,,0.12903225806451613,0.0
16,16,refinement,0.8,7,0.43837241785851994,0.1340705323498955,,0.1568627450980392,0.3333333333333333
17,17,accumulation,N/A,0,0.31950201026817837,0.01332563521307322,,0.6153846153846153,0.0
17,17,accumulation,N/A,1,0.40853870084615085,0.012750326623777614,,0.4691358024691358,0.2857142857142857
17,17,accumulation,N/A,2,0.3633795600211883,0.005187782718063515,,0.5390070921985816,0.0
17,17,accumulation,N/A,3,0.3949577190170356,0.009953366928728022,,0.46341463414634143,0.0
17,17,accumulation,N/A,4,0.4002390967994562,0.010776562241616893,,0.48484848484848486,0.0
17,17,accumulation,N/A,5,0.3266794655920035,0.0023083055567246664,,0.38805970149253727,0.0
17,17,accumulation,N/A,6,0.3300936111634071,0.004088996389852543,,0.36909871244635195,0.0
17,17,accumulation,N/A,7,0.39444011072688756,0.02714753345208052,,0.4117647058823529,0.0
17,17,refinement,0.5,0,0.31950201026817837,0.01332563521307322,,0.6153846153846153,0.0
17,17,refinement,0.5,1,0.3554225839953058,0.01388958087924268,,0.6097560975609756,0.14285714285714285
17,17,refinement,0.5,2,0.3648628727217527,0.010930581794690199,,0.6666666666666666,0.14285714285714285
17,17,refinement,0.5,3,0.32535107222794596,0.006077480954476747,,0.6813186813186813,0.0
17,17,refinement,0.5,4,0.3716795816643185,0.011108678687772796,,0.6046511627906976,0.42857142857142855
17,17,refinement,0.5,5,0.29846844965932934,0.008882944044628697,,0.5526315789473684,0.0
17,17,refinement,0.5,6,0.305582813104159,0.012157616510241203,,0.6133333333333333,0.0
17,17,refinement,0.5,7,0.3947403970343337,0.00987877891068045,,0.6511627906976744,0.42857142857142855
17,17,refinement,0.8,0,0.31950201026817837,0.01332563521307322,,0.6153846153846153,0.0
17,17,refinement,0.8,1,0.3148412847583323,0.01467986937324258,,0.5617977528089887,0.0
17,17,refinement,0.8,2,0.3357665627702091,0.016307004098275894,,0.47435897435897434,0.14285714285714285
17,17,refinement,0.8,3,0.3355457602685446,0.013723021056876573,,0.5,0.0
17,17,refinement,0.8,4,0.3233216444162985,0.01127113129134843,,0.45333333333333337,0.0
17,17,refinement,0.8,5,0.31517365605132835,0.013501188886030802,,0.37647058823529417,0.0
17,17,refinement,0.8,6,0.3036234674269988,0.012812142153019158,,0.42028985507246375,0.0
17,17,refinement,0.8,7,0.2949126695955859,0.0,,0.4285714285714286,0.0
18,18,accumulation,N/A,0,0.2337485539730052,0.014202334266406989,,0.0332541567695962,0.0
18,18,accumulation,N/A,1,0.3182737508044463,0.016998360427778123,,0.24444444444444444,0.0
18,18,accumulation,N/A,2,0.3295524136836501,0.0,,0.34285714285714286,0.14285714285714285
18,18,accumulation,N/A,3,0.29503906484790704,0.002890420899542122,,0.16842105263157894,0.0
18,18,accumulation,N/A,4,0.26288728495979974,0.007827247662256162,,0.2278481012658228,0.0
18,18,accumulation,N/A,5,0.2643406987553828,0.008679417220257097,,0.3389830508474576,0.0
18,18,accumulation,N/A,6,0.3128912311739487,0.002417734254506206,,0.19548872180451127,0.14285714285714285
18,18,accumulation,N/A,7,0.30405284686036393,0.004882952877293197,,0.15,0.0
18,18,refinement,0.5,0,0.2337485539730052,0.014202334266406989,,0.0332541567695962,0.0
18,18,refinement,0.5,1,0.28771968299613576,0.015735631198274886,,0.03455723542116631,0.16666666666666666
18,18,refinement,0.5,2,0.2714022106709736,0.003943663810185315,,0.0200445434298441,0.0
18,18,refinement,0.5,3,0.3290022026978958,0.0,,0.34285714285714286,0.2857142857142857
18,18,refinement,0.5,4,0.2647176567947763,0.001263302079254097,,0.2807017543859649,0.16666666666666666
18,18,refinement,0.5,5,0.36218370671020644,0.002577774869966191,,0.5000000000000001,0.2857142857142857
18,18,refinement,0.5,6,0.2482363341179965,0.030023311965207508,,0.007057785619761799,0.0
18,18,refinement,0.5,7,0.2853439646930933,0.017361587763538786,,0.01943844492440605,0.14285714285714285
18,18,refinement,0.8,0,0.2337485539730052,0.014202334266406989,,0.0332541567695962,0.0
18,18,refinement,0.8,1,0.2250837508829157,0.03582225324128174,,0.0026835345984282154,0.0
18,18,refinement,0.8,2,0.23026750276418206,0.038420174785378,,0.006018916595012898,0.0
18,18,refinement,0.8,3,0.3318055224370392,0.009764948703908188,,0.0425531914893617,0.14285714285714285
18,18,refinement,0.8,4,0.2862776281403539,0.004881111899871615,,0.0497335701598579,0.0
18,18,refinement,0.8,5,0.3265920869495583,0.019415630324081796,,0.1443298969072165,0.0
18,18,refinement,0.8,6,0.3248041796596821,0.001377021704996709,,0.12334801762114538,0.0
18,18,refinement,0.8,7,0.278333250886072,0.004599721657949471,,0.08069164265129684,0.0
19,19,accumulation,N/A,0,0.3123059463339946,0.007363399216238327,,0.523489932885906,0.0
19,19,accumulation,N/A,1,0.39189036260531795,0.026420046279352873,,0.5850340136054422,0.14285714285714285
19,19,accumulation,N/A,2,0.3397359886551147,0.01721185158929259,,0.5142857142857142,0.0
19,19,accumulation,N/A,3,0.37405303109841215,0.012392286284188151,,0.4831460674157303,0.14285714285714285
19,19,accumulation,N/A,4,0.30268426836622586,0.003155997469297618,,0.39999999999999997,0.0
19,19,accumulation,N/A,5,0.3628483188641467,0.02004311663177494,,0.44554455445544555,0.0
19,19,accumulation,N/A,6,0.32109346951751905,0.0016356933950610626,,0.5599999999999999,0.0
19,19,accumulation,N/A,7,0.33095655942206914,0.010716645667463472,,0.4545454545454546,0.0
19,19,refinement,0.5,0,0.3123059463339946,0.007363399216238327,,0.523489932885906,0.0
19,19,refinement,0.5,1,0.30406001697506807,0.0060366725362609105,,0.4892086330935252,0.14285714285714285
19,19,refinement,0.5,2,0.28855412992115903,0.009420200344051471,,0.49295774647887325,0.0
19,19,refinement,0.5,3,0.3366786115138903,0.006197211693438135,,0.5277777777777777,0.25
19,19,refinement,0.5,4,0.3051343552996629,0.004336023728826429,,0.4900662251655629,0.125
19,19,refinement,0.5,5,0.3163609901390103,0.004144092646694853,,0.5333333333333334,0.125
19,19,refinement,0.5,6,0.35217206112539706,0.0036214720200129125,,0.543046357615894,0.375
19,19,refinement,0.5,7,0.31676001530741926,0.002963584292567373,,0.5605095541401275,0.125
19,19,refinement,0.8,0,0.3123059463339946,0.007363399216238327,,0.523489932885906,0.0
19,19,refinement,0.8,1,0.31803841529818705,0.0015486933446516556,,0.5176470588235295,0.125
19,19,refinement,0.8,2,0.29058762044971137,0.004036284661810482,,0.4666666666666667,0.0
19,19,refinement,0.8,3,0.28430579428047154,0.026803409751471646,,0.4263959390862945,0.0
19,19,refinement,0.8,4,0.2954932633119279,0.00704925058009032,,0.4578313253012048,0.0
19,19,refinement,0.8,5,0.292002654289604,0.01485783196390036,,0.5333333333333333,0.0
19,19,refinement,0.8,6,0.2996315452432458,0.017036212562670166,,0.5714285714285715,0.0
19,19,refinement,0.8,7,0.3390511313738948,0.005525230413157322,,0.6190476190476191,0.14285714285714285
20,20,accumulation,N/A,0,0.3151783469387952,0.02321326042997032,,0.5185185185185186,0.0
20,20,accumulation,N/A,1,0.3757841602488037,0.0053536586035868436,,0.64,0.0
20,20,accumulation,N/A,2,0.34445692157126134,0.012673206426719276,,0.4444444444444444,0.0
20,20,accumulation,N/A,3,0.40601386661139194,0.017852979505591837,,0.5333333333333333,0.14285714285714285
20,20,accumulation,N/A,4,0.3221755855936243,0.0,,0.31372549019607837,0.0
20,20,accumulation,N/A,5,0.35624598138459446,0.013188251844975829,,0.5087719298245614,0.0
20,20,accumulation,N/A,6,0.332994113806031,0.003925623649417393,,0.49122807017543857,0.0
20,20,accumulation,N/A,7,0.38241962007456876,0.005522368638343928,,0.7191011235955056,0.0
20,20,refinement,0.5,0,0.3151783469387952,0.02321326042997032,,0.5185185185185186,0.0
20,20,refinement,0.5,1,0.31053161563170617,0.0011003264491184484,,0.4736842105263158,0.0
20,20,refinement,0.5,2,0.3219706221127411,0.004968980372443522,,0.4736842105263158,0.125
20,20,refinement,0.5,3,0.2954467662910444,0.00759686365127256,,0.46153846153846156,0.0
20,20,refinement,0.5,4,0.3212726933837784,0.009133082379939915,,0.4943820224719101,0.125
20,20,refinement,0.5,5,0.3207426446949206,0.00794393551799238,,0.47619047619047616,0.0
20,20,refinement,0.5,6,0.30758925610198307,0.011845376818740533,,0.5542168674698796,0.0
20,20,refinement,0.5,7,0.2961256832203284,0.003402412785265992,,0.4175824175824176,0.0
20,20,refinement,0.8,0,0.3151783469387952,0.02321326042997032,,0.5185185185185186,0.0
20,20,refinement,0.8,1,0.3378925410048318,0.009563151214892148,,0.47619047619047616,0.0
20,20,refinement,0.8,2,0.2964834179297937,0.015316150966346299,,0.4719101123595506,0.0
20,20,refinement,0.8,3,0.31333894010689045,0.0017714664694032808,,0.4946236559139785,0.0
20,20,refinement,0.8,4,0.31356265441385645,0.04080275306472978,,0.5205479452054794,0.0
20,20,refinement,0.8,5,0.3011909955618635,0.007069805144487438,,0.4271844660194175,0.0
20,20,refinement,0.8,6,0.3016750187085415,0.014967463990313184,,0.5301204819277109,0.0
20,20,refinement,0.8,7,0.3532706240013363,0.021147455704773273,,0.4770642201834862,0.0
21,21,accumulation,N/A,0,0.42927665928939934,0.13559469684029463,,0.5384615384615384,0.5
21,21,accumulation,N/A,1,0.36235898481206835,0.028619944357271037,,0.48484848484848486,0.2
21,21,accumulation,N/A,2,0.38180243497166616,0.08895682768409971,,0.3846153846153846,0.0
21,21,accumulation,N/A,3,0.3057218796051201,0.061947219876630766,,0.1728395061728395,0.2
21,21,accumulation,N/A,4,0.3677454314302443,0.08294791923602746,,0.2962962962962963,0.2
21,21,accumulation,N/A,5,0.40975783348878925,0.08343442159536464,,0.4736842105263158,0.25
21,21,accumulation,N/A,6,0.4072176296611543,0.04291567891707972,,0.0642570281124498,0.5
21,21,accumulation,N/A,7,0.37338474515699877,0.015229600500205756,,0.48648648648648646,0.2
21,21,refinement,0.5,0,0.42927665928939934,0.13559469684029463,,0.5384615384615384,0.5
21,21,refinement,0.5,1,0.33699434892043334,0.13468800767613368,,0.56,0.0
21,21,refinement,0.5,2,0.34352342619836107,0.19123930741302392,,0.3448275862068966,0.2
21,21,refinement,0.5,3,0.3780223997438824,0.13349342878888962,,0.4,0.4
21,21,refinement,0.5,4,0.3859486897818394,0.13478434782532478,,0.4666666666666667,0.25
21,21,refinement,0.5,5,0.38447618705898234,0.15683936890321815,,0.4615384615384615,0.25
21,21,refinement,0.5,6,0.32541851956100093,0.13782685343753373,,0.4117647058823529,0.16666666666666666
21,21,refinement,0.5,7,0.3177488470912968,0.2061049126014068,,0.3448275862068966,0.16666666666666666
21,21,refinement,0.8,0,0.42927665928939934,0.13559469684029463,,0.5384615384615384,0.5
21,21,refinement,0.8,1,0.32058667516983097,0.16719702092193645,,0.37499999999999994,0.0
21,21,refinement,0.8,2,0.3555674474395265,0.16570178576465078,,0.5,0.2
21,21,refinement,0.8,3,0.31405934018755766,0.2031576878926895,,0.37037037037037035,0.0
21,21,refinement,0.8,4,0.29279245884398963,0.1966163543116813,,0.17857142857142855,0.0
21,21,refinement,0.8,5,0.28409815858645227,0.16554116425937834,,0.2857142857142857,0.0
21,21,refinement,0.8,6,0.27713198592716615,0.1455987941589891,,0.24561403508771928,0.0
21,21,refinement,0.8,7,0.2892303621087734,0.16540703337866153,,0.17391304347826086,0.0
22,22,accumulation,N/A,0,0.314573761087662,0.0022233122147587224,,0.54,0.14285714285714285
22,22,accumulation,N/A,1,0.36870299824083047,0.009117239020798154,,0.3781094527363184,0.14285714285714285
22,22,accumulation,N/A,2,0.3484741383099995,0.0053570863595497654,,0.42168674698795183,0.0
22,22,accumulation,N/A,3,0.3598383974985721,0.010168360828581002,,0.37288135593220334,0.0
22,22,accumulation,N/A,4,0.3363055783798879,0.028538389242731547,,0.44755244755244755,0.0
22,22,accumulation,N/A,5,0.32809339516497577,0.020632374914283696,,0.3516483516483516,0.14285714285714285
22,22,accumulation,N/A,6,0.3184136499800003,0.012987637608382502,,0.35294117647058826,0.0
22,22,accumulation,N/A,7,0.35246151015011584,0.011243104281624143,,0.35789473684210527,0.0
22,22,refinement,0.5,0,0.314573761087662,0.0022233122147587224,,0.54,0.14285714285714285
22,22,refinement,0.5,1,0.27540977846598613,0.0064970054815129035,,0.4727272727272728,0.0
22,22,refinement,0.5,2,0.299542449324276,0.0003243424757214405,,0.5,0.14285714285714285
22,22,refinement,0.5,3,0.28348267863870374,0.007685838461057463,,0.509090909090909,0.0
22,22,refinement,0.5,4,0.300742409746812,0.006076352163812834,,0.47457627118644063,0.14285714285714285
22,22,refinement,0.5,5,0.2931009060169536,0.010549535626531922,,0.42857142857142855,0.125
22,22,refinement,0.5,6,0.2736360956035845,0.00795565800588669,,0.47169811320754723,0.0
22,22,refinement,0.5,7,0.27945147766599904,0.00430260568768585,,0.44642857142857145,0.0
22,22,refinement,0.8,0,0.314573761087662,0.0022233122147587224,,0.54,0.14285714285714285
22,22,refinement,0.8,1,0.283730728854958,0.0067234897656613035,,0.3698630136986301,0.0
22,22,refinement,0.8,2,0.29823097301223156,0.011009482373681451,,0.3694267515923567,0.0
22,22,refinement,0.8,3,0.29633148990952685,0.010126297225728486,,0.39999999999999997,0.0
22,22,refinement,0.8,4,0.2711870533150155,0.011804030303991209,,0.36809815950920244,0.0
22,22,refinement,0.8,5,0.2815908606949642,0.008414443816906706,,0.3141361256544503,0.0
22,22,refinement,0.8,6,0.2684088791954752,0.013953816372183408,,0.2962962962962963,0.0
22,22,refinement,0.8,7,0.268791852170459,0.019012334985263824,,0.288659793814433,0.0
23,23,accumulation,N/A,0,0.4124725611647503,0.03240680512537922,,0.5,0.0
23,23,accumulation,N/A,1,0.31369797181179604,0.053816545815986105,,0.35087719298245607,0.0
23,23,accumulation,N/A,2,0.3472329305455381,0.10015069450467057,,0.36,0.2
23,23,accumulation,N/A,3,0.3661570617722753,0.06047504410211449,,0.47368421052631576,0.2
23,23,accumulation,N/A,4,0.4282682863127969,0.06605745483649589,,0.410958904109589,0.2
23,23,accumulation,N/A,5,0.3044192942866744,0.10547161408345994,,0.31707317073170727,0.0
23,23,accumulation,N/A,6,0.32063956005312055,0.044354678525301706,,0.37931034482758624,0.0
23,23,accumulation,N/A,7,0.3245339218251638,0.03553834497506597,,0.3287671232876712,0.0
23,23,refinement,0.5,0,0.4124725611647503,0.03240680512537922,,0.5,0.0
23,23,refinement,0.5,1,0.40539540298349863,0.057311155760825565,,0.4230769230769231,0.0
23,23,refinement,0.5,2,0.4516883160701911,0.041028950235190494,,0.5098039215686275,0.25
23,23,refinement,0.5,3,0.4513396508919121,0.04079451200133451,,0.5098039215686275,0.25
23,23,refinement,0.5,4,0.4645989731084134,0.041302634092322946,,0.6122448979591837,0.25
23,23,refinement,0.5,5,0.40183514223729355,0.045462718419099685,,0.42105263157894735,0.2
23,23,refinement,0.5,6,0.4101072289436126,0.04260593267332958,,0.49056603773584906,0.2
23,23,refinement,0.5,7,0.34835219666881645,0.022285637840406276,,0.4266666666666667,0.0
23,23,refinement,0.8,0,0.4124725611647503,0.03240680512537922,,0.5,0.0
23,23,refinement,0.8,1,0.39620271086297176,0.04121908690406526,,0.37037037037037035,0.2
23,23,refinement,0.8,2,0.3653521006412467,0.0666166093306027,,0.39999999999999997,0.0
23,23,refinement,0.8,3,0.40840439642673976,0.06976951456380384,,0.39999999999999997,0.25
23,23,refinement,0.8,4,0.35806870153902526,0.05788057100293732,,0.375,0.0
23,23,refinement,0.8,5,0.3755347590269111,0.07985193674581932,,0.42857142857142855,0.0
23,23,refinement,0.8,6,0.35109188705877736,0.059972036056103434,,0.39999999999999997,0.16666666666666666
23,23,refinement,0.8,7,0.3443180831656678,0.054503560353924306,,0.3103448275862069,0.16666666666666666
24,24,accumulation,N/A,0,0.49796121507860236,0.4542763605011834,,0.33333333333333337,0.3333333333333333
24,24,accumulation,N/A,1,0.367562838278886,0.4723879319642258,,0.0025706940874035992,0.0
24,24,accumulation,N/A,2,0.49270319814143626,0.41686025890390227,,0.6666666666666666,0.0
24,24,accumulation,N/A,3,0.7117580327040595,0.3030712281619809,,1.0,1.0
24,24,accumulation,N/A,4,0.6736690453249694,0.20658836849212295,,1.0,1.0
24,24,accumulation,N/A,5,0.352347032609474,0.12478371741966501,,0.5,0.0
24,24,accumulation,N/A,6,0.5221033455682681,0.4173966614697512,,0.6666666666666666,0.5
24,24,accumulation,N/A,7,0.5339793576607149,0.6162177817399945,,0.4,0.3333333333333333
24,24,refinement,0.5,0,0.49796121507860236,0.4542763605011834,,0.33333333333333337,0.3333333333333333
24,24,refinement,0.5,1,0.8011440681702823,0.4691955790318573,,1.0,1.0
24,24,refinement,0.5,2,0.8004368941353244,0.4691955790318573,,1.0,1.0
24,24,refinement,0.5,3,0.8011716622861982,0.4697846451925763,,1.0,1.0
24,24,refinement,0.5,4,0.7996858841371208,0.4556279436226095,,1.0,1.0
24,24,refinement,0.5,5,0.5997886534999629,0.4556279436226095,,0.6666666666666666,0.5
24,24,refinement,0.5,6,0.5997520956796578,0.4556279436226095,,0.6666666666666666,0.5
24,24,refinement,0.5,7,0.5510456745779816,0.4697846451925763,,0.33333333333333337,0.5
24,24,refinement,0.8,0,0.49796121507860236,0.4542763605011834,,0.33333333333333337,0.3333333333333333
24,24,refinement,0.8,1,0.7986592135128636,0.4618907444476088,,1.0,1.0
24,24,refinement,0.8,2,0.7995776913087899,0.4621268033487093,,1.0,1.0
24,24,refinement,0.8,3,0.6030662495796054,0.48345843935156707,,0.6666666666666666,0.5
24,24,refinement,0.8,4,0.6025615528162878,0.4772756401632583,,0.6666666666666666,0.5
24,24,refinement,0.8,5,0.5115481961974231,0.47837954698723295,,0.4,0.3333333333333333
24,24,refinement,0.8,6,0.8048004972849597,0.5048313155910665,,1.0,1.0
24,24,refinement,0.8,7,0.8034446948092042,0.4835447300989109,,1.0,1.0
25,25,accumulation,N/A,0,0.199815752353423,0.007732410812951794,,0.22222222222222224,0.125
25,25,accumulation,N/A,1,0.3064983579744528,0.03363696687538419,,0.40650406504065045,0.0
25,25,accumulation,N/A,2,0.3573092563987472,0.01312931559051126,,0.512,0.0
25,25,accumulation,N/A,3,0.2794978356049251,0.0077923867915698514,,0.43902439024390244,0.0
25,25,accumulation,N/A,4,0.28318870549141995,0.0008386021755126267,,0.4268292682926829,0.0
25,25,accumulation,N/A,5,0.2602570654355286,0.005732105722984191,,0.32679738562091504,0.0
25,25,accumulation,N/A,6,0.26665555549790954,0.006508853591863909,,0.5068493150684932,0.0
25,25,accumulation,N/A,7,0.3045203962761406,0.006622837821427009,,0.37662337662337664,0.0
25,25,refinement,0.5,0,0.199815752353423,0.007732410812951794,,0.22222222222222224,0.125
25,25,refinement,0.5,1,0.2106105128516673,0.013037048561950374,,0.2368421052631579,0.14285714285714285
25,25,refinement,0.5,2,0.21821479593978288,0.02354472475649206,,0.2222222222222222,0.14285714285714285
25,25,refinement,0.5,3,0.2395192277085694,0.0025131573312115467,,0.3058823529411765,0.2857142857142857
25,25,refinement,0.5,4,0.16816219676878347,0.0,,0.2352941176470588,0.0
25,25,refinement,0.5,5,0.16176458473787167,0.019367777149584202,,0.25974025974025977,0.0
25,25,refinement,0.5,6,0.18979855109191193,0.021194307830402118,,0.2682926829268293,0.0
25,25,refinement,0.5,7,0.18830643870138775,0.021372391594453723,,0.33333333333333337,0.0
25,25,refinement,0.8,0,0.199815752353423,0.007732410812951794,,0.22222222222222224,0.125
25,25,refinement,0.8,1,0.1925179931031201,0.021975096805328352,,0.24444444444444444,0.0
25,25,refinement,0.8,2,0.17711004240680112,0.032832571494504845,,0.2702702702702703,0.0
25,25,refinement,0.8,3,0.19608098265928237,0.027882483603453613,,0.4271844660194175,0.0
25,25,refinement,0.8,4,0.20740531436967172,0.030157471809241578,,0.2857142857142857,0.14285714285714285
25,25,refinement,0.8,5,0.18732830171151185,0.027665776559591588,,0.2641509433962264,0.125
25,25,refinement,0.8,6,0.23003621293649756,0.01991124415307433,,0.30188679245283023,0.2857142857142857
25,25,refinement,0.8,7,0.1848818084317367,0.013169769447256811,,0.30894308943089427,0.0
26,26,accumulation,N/A,0,0.3508020710127284,0.01206959728583914,,0.3448275862068965,0.2
26,26,accumulation,N/A,1,0.25160845915924007,8.801886205490806e-05,,0.0909090909090909,0.16666666666666666
26,26,accumulation,N/A,2,0.2373421349242548,0.01146861197828856,,0.21428571428571425,0.16666666666666666
26,26,accumulation,N/A,3,0.2961256005003323,0.0,,0.3529411764705882,0.16666666666666666
26,26,accumulation,N/A,4,0.2416854695929996,0.04057636535009486,,0.17241379310344826,0.16666666666666666
26,26,accumulation,N/A,5,0.2451918290393971,0.001400331413742481,,0.25806451612903225,0.16666666666666666
26,26,accumulation,N/A,6,0.2932202511928716,7.3842736590438e-05,,0.36666666666666664,0.14285714285714285
26,26,accumulation,N/A,7,0.2271732378353889,0.009867004128159986,,0.2142857142857143,0.0
26,26,refinement,0.5,0,0.3508020710127284,0.01206959728583914,,0.3448275862068965,0.2
26,26,refinement,0.5,1,0.24219140438890763,0.009073056000301932,,0.06134969325153374,0.0
26,26,refinement,0.5,2,0.2996358971161026,5.519559581162984e-05,,0.27906976744186046,0.0
26,26,refinement,0.5,3,0.29702755475802906,0.0,,0.35000000000000003,0.0
26,26,refinement,0.5,4,0.29826692555414275,0.0021303205325504367,,0.45,0.0
26,26,refinement,0.5,5,0.3311133572651832,0.0,,0.5,0.0
26,26,refinement,0.5,6,0.3073218534583059,0.0,,0.36363636363636365,0.16666666666666666
26,26,refinement,0.5,7,0.32769596746880686,0.0,,0.34615384615384615,0.16666666666666666
26,26,refinement,0.8,0,0.3508020710127284,0.01206959728583914,,0.3448275862068965,0.2
26,26,refinement,0.8,1,0.31102051345036813,2.997474239008074e-05,,0.14545454545454545,0.16666666666666666
26,26,refinement,0.8,2,0.2504457365717174,0.015880424327162683,,0.04040404040404041,0.0
26,26,refinement,0.8,3,0.2545704255048372,0.010971170708278492,,0.08727272727272727,0.16666666666666666
26,26,refinement,0.8,4,0.26281701576817773,0.003036753031553104,,0.0923076923076923,0.0
26,26,refinement,0.8,5,0.3156351297971227,0.06767161467379774,,0.2692307692307693,0.0
26,26,refinement,0.8,6,0.2876991663742137,0.004522678242882693,,0.11538461538461539,0.16666666666666666
26,26,refinement,0.8,7,0.28877212264880736,0.009331825481858052,,0.19178082191780824,0.16666666666666666
27,27,accumulation,N/A,0,0.2991649294983005,0.0,,0.3703703703703704,0.2
27,27,accumulation,N/A,1,0.4809259722955847,0.09072719703878433,,0.7083333333333334,0.16666666666666666
27,27,accumulation,N/A,2,0.3109322567734716,0.05099232576948994,,0.24000000000000005,0.0
27,27,accumulation,N/A,3,0.24775168281543195,0.0,,0.15384615384615383,0.0
27,27,accumulation,N/A,4,0.3855095893624777,0.00793381561972624,,0.5901639344262295,0.16666666666666666
27,27,accumulation,N/A,5,0.44846654799716673,0.06341866365693173,,0.7317073170731708,0.2
27,27,accumulation,N/A,6,0.35608160124630084,0.022151888677271598,,0.576271186440678,0.0
27,27,accumulation,N/A,7,0.4508721579971021,0.12407849331069475,,0.3793103448275862,0.2
27,27,refinement,0.5,0,0.2991649294983005,0.0,,0.3703703703703704,0.2
27,27,refinement,0.5,1,0.2702134670929189,0.0,,0.24,0.16666666666666666
27,27,refinement,0.5,2,0.29296378038473236,0.0,,0.2222222222222222,0.2
27,27,refinement,0.5,3,0.2940662410068971,0.0,,0.30769230769230765,0.2
27,27,refinement,0.5,4,0.2823591622173694,0.0,,0.2857142857142857,0.2
27,27,refinement,0.5,5,0.3120796391384626,0.0,,0.35714285714285715,0.4
27,27,refinement,0.5,6,0.25232365601858864,0.0,,0.15384615384615383,0.14285714285714285
27,27,refinement,0.5,7,0.27073997152169477,0.0,,0.1818181818181818,0.16666666666666666
27,27,refinement,0.8,0,0.2991649294983005,0.0,,0.3703703703703704,0.2
27,27,refinement,0.8,1,0.32533795454137865,0.0,,0.29411764705882354,0.4
27,27,refinement,0.8,2,0.24321345326576188,0.0,,0.14285714285714288,0.16666666666666666
27,27,refinement,0.8,3,0.3116334062792371,0.0,,0.26666666666666666,0.3333333333333333
27,27,refinement,0.8,4,0.30611748438839875,0.008704166855634703,,0.24615384615384614,0.16666666666666666
27,27,refinement,0.8,5,0.2883849891970965,0.0,,0.2181818181818182,0.2
27,27,refinement,0.8,6,0.31088213757223876,0.0,,0.3157894736842105,0.3333333333333333
27,27,refinement,0.8,7,0.2738857755744858,0.0,,0.35820895522388063,0.16666666666666666
28,28,accumulation,N/A,0,0.40986499451337843,0.0,,0.4,0.5
28,28,accumulation,N/A,1,0.449495410843437,0.09171010613906776,,0.8,0.0
28,28,accumulation,N/A,2,0.36946780003573276,0.0,,0.017094017094017096,0.5
28,28,accumulation,N/A,3,0.29025010334959794,0.0,,0.010362694300518137,0.0
28,28,accumulation,N/A,4,0.5254080143385936,0.014039809260490924,,0.6666666666666666,0.0
28,28,accumulation,N/A,5,0.4783857087445259,0.0,,0.6666666666666666,0.0
28,28,accumulation,N/A,6,0.31138003203186126,0.0,,0.04444444444444444,0.0
28,28,accumulation,N/A,7,0.23429669440935696,0.0,,0.01486988847583643,0.0
28,28,refinement,0.5,0,0.40986499451337843,0.0,,0.4,0.5
28,28,refinement,0.5,1,0.40949829205242333,0.0,,0.4,0.5
28,28,refinement,0.5,2,0.4099352310271088,0.0,,0.4,0.5
28,28,refinement,0.5,3,0.4099661000622984,0.0,,0.4,0.5
28,28,refinement,0.5,4,0.41014234030330554,0.0,,0.4,0.5
28,28,refinement,0.5,5,0.400576434595342,0.0,,0.3333333333333333,0.5
28,28,refinement,0.5,6,0.41020771257885114,0.0,,0.4,0.5
28,28,refinement,0.5,7,0.34983340650888317,0.0,,0.3333333333333333,0.3333333333333333
28,28,refinement,0.8,0,0.40986499451337843,0.0,,0.4,0.5
28,28,refinement,0.8,1,0.4099669459305303,0.0,,0.4,0.5
28,28,refinement,0.8,2,0.5752530031662983,0.0,,0.5,1.0
28,28,refinement,0.8,3,0.577722380096874,0.0,,0.5,1.0
28,28,refinement,0.8,4,0.5849425213237954,0.0,,0.5,1.0
28,28,refinement,0.8,5,0.5805584767104008,0.0,,0.5,1.0
28,28,refinement,0.8,6,0.5795925202550491,0.0,,0.5,1.0
28,28,refinement,0.8,7,0.41420944461213166,0.0,,0.4,0.5
29,29,accumulation,N/A,0,0.5495495049851533,0.1606286952447967,,0.411764705882353,0.6666666666666666
29,29,accumulation,N/A,1,0.36679541037363494,0.2648396779463913,,0.23529411764705882,0.0
29,29,accumulation,N/A,2,0.3702917426719714,0.1408964129298959,,0.30434782608695654,0.0
29,29,accumulation,N/A,3,0.4034940653005503,0.060515140910602686,,0.36363636363636365,0.25
29,29,accumulation,N/A,4,0.35700856532410147,0.08232966040527025,,0.45454545454545453,0.0
29,29,accumulation,N/A,5,0.34592179875777995,0.09202029144382032,,0.3684210526315789,0.2
29,29,accumulation,N/A,6,0.29829125884932206,0.08979327782790417,,0.14925373134328357,0.0
29,29,accumulation,N/A,7,0.3304878602150443,0.08110336622175585,,0.2758620689655173,0.0
29,29,refinement,0.5,0,0.5495495049851533,0.1606286952447967,,0.411764705882353,0.6666666666666666
29,29,refinement,0.5,1,0.3823698735560732,0.18493498467638725,,0.25531914893617025,0.2
29,29,refinement,0.5,2,0.4140468602552493,0.18645051770486298,,0.4285714285714285,0.2
29,29,refinement,0.5,3,0.47941067499993606,0.18956114606313687,,0.4285714285714285,0.5
29,29,refinement,0.5,4,0.448506445668464,0.15618732690603207,,0.4516129032258065,0.25
29,29,refinement,0.5,5,0.47679215768174676,0.2891896118977495,,0.3333333333333333,0.5
29,29,refinement,0.5,6,0.42728779705442,0.22119325108167773,,0.3225806451612903,0.4
29,29,refinement,0.5,7,0.3915518033393612,0.13780538172090157,,0.3720930232558139,0.0
29,29,refinement,0.8,0,0.5495495049851533,0.1606286952447967,,0.411764705882353,0.6666666666666666
29,29,refinement,0.8,1,0.37047016180154424,0.16670932251528098,,0.358974358974359,0.0
29,29,refinement,0.8,2,0.5104693903433702,0.16999381821578505,,0.5714285714285714,0.3333333333333333
29,29,refinement,0.8,3,0.43751163331784354,0.26895611273760883,,0.31999999999999995,0.25
29,29,refinement,0.8,4,0.4133912003631059,0.16114619977409067,,0.4999999999999999,0.2
29,29,refinement,0.8,5,0.43241869355998375,0.37298473986896635,,0.4,0.0
29,29,refinement,0.8,6,0.4206524634711521,0.15263677242158863,,0.4666666666666667,0.2
29,29,refinement,0.8,7,0.4679014958937454,0.17539105865284105,,0.608695652173913,0.25
30,30,accumulation,N/A,0,0.30108643951463837,0.060853131338062326,,0.2173913043478261,0.125
30,30,accumulation,N/A,1,0.30088952754308296,0.009295722384379342,,0.19672131147540983,0.0
30,30,accumulation,N/A,2,0.28793915617052845,0.0281415607545904,,0.24999999999999997,0.0
30,30,accumulation,N/A,3,0.34149834800787815,0.012976626346710443,,0.3636363636363636,0.14285714285714285
30,30,accumulation,N/A,4,0.27612285362731015,7.225497999007119e-05,,0.2978723404255319,0.0
30,30,accumulation,N/A,5,0.34066941994659805,0.005542156138021767,,0.35294117647058826,0.0
30,30,accumulation,N/A,6,0.3028302637570446,0.03368498647299034,,0.3714285714285715,0.0
30,30,accumulation,N/A,7,0.30070758644367557,0.03515000907718255,,0.3023255813953489,0.0
30,30,refinement,0.5,0,0.30108643951463837,0.060853131338062326,,0.2173913043478261,0.125
30,30,refinement,0.5,1,0.32077150899538603,0.04761418633587183,,0.27272727272727276,0.0
30,30,refinement,0.5,2,0.3072907250489506,0.040678319641886965,,0.3404255319148936,0.0
30,30,refinement,0.5,3,0.3143728200474025,0.03275723245481547,,0.36842105263157887,0.0
30,30,refinement,0.5,4,0.3284789387051232,0.032110225117983775,,0.3255813953488372,0.0
30,30,refinement,0.5,5,0.3243933030910067,0.047528262684768334,,0.2857142857142857,0.14285714285714285
30,30,refinement,0.5,6,0.30546563240194213,0.016387219489606863,,0.2857142857142857,0.0
30,30,refinement,0.5,7,0.3178276056100164,0.041905379678392134,,0.372093023255814,0.0
30,30,refinement,0.8,0,0.30108643951463837,0.060853131338062326,,0.2173913043478261,0.125
30,30,refinement,0.8,1,0.31721197854336486,0.024485397068492315,,0.2162162162162162,0.0
30,30,refinement,0.8,2,0.30097471198751913,0.030736522523096794,,0.1276595744680851,0.0
30,30,refinement,0.8,3,0.30784814705125174,0.01456685594178509,,0.19047619047619047,0.0
30,30,refinement,0.8,4,0.3152576042675049,0.012312438058036116,,0.2777777777777778,0.0
30,30,refinement,0.8,5,0.3228856062245335,0.04721501928018155,,0.13186813186813187,0.0
30,30,refinement,0.8,6,0.33354011333806943,0.030377100773587597,,0.2745098039215686,0.0
30,30,refinement,0.8,7,0.32072758387156525,0.02048189402619531,,0.26506024096385544,0.0
31,31,accumulation,N/A,0,0.3031116563690198,0.008357599345470819,,0.326797385620915,0.0
31,31,accumulation,N/A,1,0.3413386004796789,0.00028835269839673304,,0.45033112582781454,0.0
31,31,accumulation,N/A,2,0.3304978698829342,0.003477064498020079,,0.46875000000000006,0.0
31,31,accumulation,N/A,3,0.3316717757295887,0.018671539227064077,,0.38918918918918916,0.0
31,31,accumulation,N/A,4,0.34080472991028027,0.004867728849824716,,0.5093167701863354,0.0
31,31,accumulation,N/A,5,0.33999938468268354,0.004196683860866523,,0.44000000000000006,0.0
31,31,accumulation,N/A,6,0.3346099593662493,0.004554424090200232,,0.4236453201970444,0.0
31,31,accumulation,N/A,7,0.3138390833653346,0.00020673917724560957,,0.3803680981595093,0.0
31,31,refinement,0.5,0,0.3031116563690198,0.008357599345470819,,0.326797385620915,0.0
31,31,refinement,0.5,1,0.2604974589588382,0.014739855987410065,,0.04655674102812803,0.0
31,31,refinement,0.5,2,0.29225923890575756,0.012203697496145898,,0.2206896551724138,0.0
31,31,refinement,0.5,3,0.30543825859074547,0.007790350537162457,,0.3783783783783784,0.125
31,31,refinement,0.5,4,0.28602887313656705,0.0,,0.41758241758241754,0.25
31,31,refinement,0.5,5,0.24940562406471412,0.0,,0.42424242424242425,0.0
31,31,refinement,0.5,6,0.24357183918605785,0.0,,0.3846153846153846,0.0
31,31,refinement,0.5,7,0.26582192307006536,0.0,,0.43478260869565216,0.125
31,31,refinement,0.8,0,0.3031116563690198,0.008357599345470819,,0.326797385620915,0.0
31,31,refinement,0.8,1,0.293952523979609,0.0022133469295046097,,0.4920634920634921,0.0
31,31,refinement,0.8,2,0.2763583925412752,0.013155693168368449,,0.5362318840579711,0.0
31,31,refinement,0.8,3,0.286250814229439,0.004087899583878754,,0.4782608695652175,0.0
31,31,refinement,0.8,4,0.28508621793742844,0.008073053221408057,,0.4360902255639098,0.125
31,31,refinement,0.8,5,0.2904828856812807,0.00490883972623138,,0.4885496183206107,0.125
31,31,refinement,0.8,6,0.2741532112777253,0.0,,0.576923076923077,0.0
31,31,refinement,0.8,7,0.30338906277600547,0.0012097217564996671,,0.5818181818181818,0.0
32,32,accumulation,N/A,0,0.3396304017005836,0.013865822323922514,,0.6086956521739131,0.0
32,32,accumulation,N/A,1,0.3738785216116761,0.06153830016822726,,0.3492063492063492,0.0
32,32,accumulation,N/A,2,0.344085019208599,0.045644217559808915,,0.423728813559322,0.0
32,32,accumulation,N/A,3,0.3954507334895128,0.01761493140475739,,0.5346534653465346,0.0
32,32,accumulation,N/A,4,0.38104731552609716,0.08007474213620755,,0.4954128440366972,0.0
32,32,accumulation,N/A,5,0.3975653091426398,0.026500950068022062,,0.5046728971962617,0.0
32,32,accumulation,N/A,6,0.3395653929537862,0.04721008212782371,,0.41379310344827586,0.0
32,32,accumulation,N/A,7,0.36723826109250224,0.024417104654099832,,0.4631578947368421,0.0
32,32,refinement,0.5,0,0.3396304017005836,0.013865822323922514,,0.6086956521739131,0.0
32,32,refinement,0.5,1,0.35816113794692445,0.019681182055546427,,0.5797101449275363,0.14285714285714285
32,32,refinement,0.5,2,0.3812870819318655,0.017412664227510755,,0.6027397260273973,0.2857142857142857
32,32,refinement,0.5,3,0.3494634459605773,0.013909447273642976,,0.5454545454545455,0.0
32,32,refinement,0.5,4,0.37159802873338826,0.021468036823238973,,0.5,0.16666666666666666
32,32,refinement,0.5,5,0.338058690658025,0.016508984500656815,,0.48780487804878053,0.14285714285714285
32,32,refinement,0.5,6,0.3237262389003509,0.012446810621839697,,0.4893617021276595,0.0
32,32,refinement,0.5,7,0.3133698653030966,0.012233620433146826,,0.45098039215686275,0.0
32,32,refinement,0.8,0,0.3396304017005836,0.013865822323922514,,0.6086956521739131,0.0
32,32,refinement,0.8,1,0.3746642892686611,0.011166525245566503,,0.6944444444444444,0.14285714285714285
32,32,refinement,0.8,2,0.40021663740738816,0.016736139800306325,,0.5194805194805194,0.3333333333333333
32,32,refinement,0.8,3,0.3782378282845488,0.01356752636827813,,0.6000000000000001,0.2857142857142857
32,32,refinement,0.8,4,0.35804970016772847,0.0227563177959148,,0.5316455696202531,0.14285714285714285
32,32,refinement,0.8,5,0.3247059652672666,0.016746424634158992,,0.48780487804878053,0.0
32,32,refinement,0.8,6,0.3602608060167435,0.014193810775307002,,0.6133333333333334,0.14285714285714285
32,32,refinement,0.8,7,0.3234861654437759,0.020401134228598135,,0.4444444444444444,0.0
33,33,accumulation,N/A,0,0.34890669209159614,0.06791852919715256,,0.015065913370998118,0.0
33,33,accumulation,N/A,1,0.27297543428188714,0.029055675171047856,,0.24719101123595502,0.2
33,33,accumulation,N/A,2,0.44494964683671023,0.4757515598411805,,0.14285714285714285,0.5
33,33,accumulation,N/A,3,0.2885946839200426,0.06762276263718887,,0.15384615384615385,0.0
33,33,accumulation,N/A,4,0.379864512249135,0.49067656156293693,,0.15384615384615385,0.0
33,33,accumulation,N/A,5,0.29842371816550234,0.07538147204227706,,0.13333333333333333,0.0
33,33,accumulation,N/A,6,0.3965579996699007,0.5892820634293038,,0.15384615384615385,0.0
33,33,accumulation,N/A,7,0.2781313322197032,0.030404161024701802,,0.13095238095238096,0.2
33,33,refinement,0.5,0,0.34890669209159614,0.06791852919715256,,0.015065913370998118,0.0
33,33,refinement,0.5,1,0.39473021241520384,0.1589772041064081,,0.014388489208633093,0.0
33,33,refinement,0.5,2,0.4000836904137661,0.5967630127490275,,0.15384615384615385,0.0
33,33,refinement,0.5,3,0.39957619307138725,0.5915209982022536,,0.15384615384615385,0.0
33,33,refinement,0.5,4,0.4046906306181496,0.42572005949447767,,0.13333333333333333,0.0
33,33,refinement,0.5,5,0.45646482686491463,0.42572005949447767,,0.14285714285714285,0.0
33,33,refinement,0.5,6,0.38313990387350616,0.42572005949447767,,0.15384615384615385,0.0
33,33,refinement,0.5,7,0.3564936615407385,0.42572005949447767,,0.14285714285714285,0.0
33,33,refinement,0.8,0,0.34890669209159614,0.06791852919715256,,0.015065913370998118,0.0
33,33,refinement,0.8,1,0.30300373931386193,0.15742932317743488,,0.015574302401038286,0.0
33,33,refinement,0.8,2,0.3725077210903789,0.047991821030155236,,0.044362292051756014,0.0
33,33,refinement,0.8,3,0.34182241872341934,0.15431383200490084,,0.013333333333333332,0.0
33,33,refinement,0.8,4,0.39608960792430176,0.5755981278525536,,0.15384615384615385,0.0
33,33,refinement,0.8,5,0.37703186519485526,0.04875068245830846,,0.14371257485029942,0.0
33,33,refinement,0.8,6,0.46779236228468124,0.5732118337286232,,0.125,0.0
33,33,refinement,0.8,7,0.3576118386514192,0.21007576861430857,,0.1904761904761905,0.3333333333333333
34,34,accumulation,N/A,0,0.3234429166072206,0.0,,0.2807017543859649,0.0
34,34,accumulation,N/A,1,0.32097639755967594,0.00394890232376616,,0.46043165467625896,0.0
34,34,accumulation,N/A,2,0.3228455152708175,0.006854653324821794,,0.49019607843137253,0.0
34,34,accumulation,N/A,3,0.3493094411355649,0.0015795167035475273,,0.36486486486486486,0.0
34,34,accumulation,N/A,4,0.3645183982590047,0.007208572498096838,,0.5203252032520325,0.14285714285714285
34,34,accumulation,N/A,5,0.31153728475710046,0.0024901582207210063,,0.3779527559055118,0.0
34,34,accumulation,N/A,6,0.35727178737068505,0.0004540627941558394,,0.5068493150684932,0.14285714285714285
34,34,accumulation,N/A,7,0.3482044833857343,0.008473545713026345,,0.5227272727272727,0.0
34,34,refinement,0.5,0,0.3234429166072206,0.0,,0.2807017543859649,0.0
34,34,refinement,0.5,1,0.3126509448057625,0.0,,0.3142857142857143,0.0
34,34,refinement,0.5,2,0.300546500416195,0.0,,0.2898550724637681,0.0
34,34,refinement,0.5,3,0.29057599567114484,0.0,,0.24324324324324323,0.0
34,34,refinement,0.5,4,0.3099344852378023,0.0,,0.3142857142857143,0.0
34,34,refinement,0.5,5,0.30071028786298076,0.0,,0.2571428571428572,0.0
34,34,refinement,0.5,6,0.3086768260429571,0.0,,0.30303030303030304,0.0
34,34,refinement,0.5,7,0.3004323876424343,0.0,,0.3333333333333333,0.0
34,34,refinement,0.8,0,0.3234429166072206,0.0,,0.2807017543859649,0.0
34,34,refinement,0.8,1,0.30412167660161454,0.0,,0.3544303797468355,0.0
34,34,refinement,0.8,2,0.29498778151114585,0.008285002368614453,,0.3373493975903615,0.0
34,34,refinement,0.8,3,0.2938948619245973,0.006511653525285046,,0.29629629629629634,0.0
34,34,refinement,0.8,4,0.31370122223209806,0.0,,0.4186046511627907,0.0
34,34,refinement,0.8,5,0.40073440220260925,0.022156523165920032,,0.39506172839506165,0.3333333333333333
34,34,refinement,0.8,6,0.34848864421749,0.0054171340810328,,0.3571428571428571,0.2857142857142857
34,34,refinement,0.8,7,0.32721719238982516,0.01614655676002274,,0.36697247706422015,0.14285714285714285
35,35,accumulation,N/A,0,0.5243223549467997,0.30078870129480356,,0.6666666666666666,0.0
35,35,accumulation,N/A,1,0.48478152423680015,0.7322132790153328,,0.3333333333333333,0.0
35,35,accumulation,N/A,2,0.4966722162496726,0.12820692327417177,,0.8,0.5
35,35,accumulation,N/A,3,0.4406737301408349,0.2679817166009671,,0.5,0.0
35,35,accumulation,N/A,4,0.4739534626990264,0.45740175722976195,,0.4,0.5
35,35,accumulation,N/A,5,0.5198112496936759,0.3741329342570978,,0.6666666666666666,0.0
35,35,accumulation,N/A,6,0.4220538192684278,0.4096632214432045,,0.4,0.5
35,35,accumulation,N/A,7,0.5279461172037562,0.42875973987538823,,0.6666666666666666,0.0
35,35,refinement,0.5,0,0.5243223549467997,0.30078870129480356,,0.6666666666666666,0.0
35,35,refinement,0.5,1,0.3543137209557209,0.2978547382423081,,0.2,0.0
35,35,refinement,0.5,2,0.5241868442946203,0.2942928315279666,,0.6666666666666666,0.0
35,35,refinement,0.5,3,0.3842521354901385,0.29283074712466856,,0.4,0.0
35,35,refinement,0.5,4,0.5242468220589721,0.29704209165410556,,0.6666666666666666,0.0
35,35,refinement,0.5,5,0.524289728152927,0.2974837723783349,,0.6666666666666666,0.0
35,35,refinement,0.5,6,0.5240248462606107,0.29704209165410556,,0.6666666666666666,0.0
35,35,refinement,0.5,7,0.5242723630425778,0.29520133342010235,,0.6666666666666666,0.0
35,35,refinement,0.8,0,0.5243223549467997,0.30078870129480356,,0.6666666666666666,0.0
35,35,refinement,0.8,1,0.4250471193192459,0.2990581098180596,,0.5,0.0
35,35,refinement,0.8,2,0.4257535906099843,0.2953526165963665,,0.5,0.0
35,35,refinement,0.8,3,0.5276311497850608,0.30346385455328306,,0.6666666666666666,0.0
35,35,refinement,0.8,4,0.41483046037149196,0.3154434149718508,,0.4,0.0
35,35,refinement,0.8,5,0.5309912152430654,0.32407670493110385,,0.6666666666666666,0.0
35,35,refinement,0.8,6,0.43259828691639074,0.3417684323328703,,0.5,0.0
35,35,refinement,0.8,7,0.5337904818066067,0.35484941364026107,,0.6666666666666666,0.0
36,36,accumulation,N/A,0,0.2977395137592605,0.0032938226096116733,,0.40909090909090906,0.0
36,36,accumulation,N/A,1,0.3041529591234837,0.010387046363888357,,0.2727272727272727,0.0
36,36,accumulation,N/A,2,0.3157754569022004,0.0038535169267225316,,0.2803738317757009,0.0
36,36,accumulation,N/A,3,0.3215707082590756,0.010820394029234669,,0.23255813953488372,0.0
36,36,accumulation,N/A,4,0.32161548835888376,0.036188710661524605,,0.24291497975708504,0.0
36,36,accumulation,N/A,5,0.3357978560143047,0.022285300130692014,,0.2390438247011952,0.0
36,36,accumulation,N/A,6,0.3378338683830359,0.050713031986727206,,0.2172284644194757,0.0
36,36,accumulation,N/A,7,0.3353893037441875,0.013860343409705354,,0.2967032967032967,0.0
36,36,refinement,0.5,0,0.2977395137592605,0.0032938226096116733,,0.40909090909090906,0.0
36,36,refinement,0.5,1,0.3339999264514467,0.00349565774123377,,0.48148148148148145,0.125
36,36,refinement,0.5,2,0.29685248965193456,0.003923325569165166,,0.3939393939393939,0.0
36,36,refinement,0.5,3,0.31760458918911016,0.008405144915729213,,0.40944881889763785,0.125
36,36,refinement,0.5,4,0.3105720143787679,0.003164686613137369,,0.4,0.0
36,36,refinement,0.5,5,0.31945273827925236,0.0076638062460396665,,0.43548387096774194,0.0
36,36,refinement,0.5,6,0.3039728796935206,0.008227912424501806,,0.4833333333333334,0.0
36,36,refinement,0.5,7,0.31424863839907735,0.007378917081281191,,0.42857142857142855,0.0
36,36,refinement,0.8,0,0.2977395137592605,0.0032938226096116733,,0.40909090909090906,0.0
36,36,refinement,0.8,1,0.324974254849937,0.011623488409870496,,0.4054054054054054,0.0
36,36,refinement,0.8,2,0.3431768155415629,0.013162504431593966,,0.3421052631578947,0.0
36,36,refinement,0.8,3,0.33257300125016304,0.005683374577589481,,0.288659793814433,0.0
36,36,refinement,0.8,4,0.34892987891955835,0.0030831767170479384,,0.27835051546391754,0.14285714285714285
36,36,refinement,0.8,5,0.3463924902598967,0.002053535924639291,,0.25688073394495414,0.0
36,36,refinement,0.8,6,0.3032407131700147,0.011857961338812869,,0.2589285714285714,0.0
36,36,refinement,0.8,7,0.32721079775795703,0.01484814770584311,,0.30769230769230765,0.0
37,37,accumulation,N/A,0,0.36360664072286975,0.03290069625177073,,0.1758241758241758,0.3333333333333333
37,37,accumulation,N/A,1,0.23928364842594432,0.0035696761497699485,,0.0449438202247191,0.14285714285714285
37,37,accumulation,N/A,2,0.4203081492542991,0.016616406957555983,,0.5454545454545454,0.3333333333333333
37,37,accumulation,N/A,3,0.2982285716734132,0.014763696575698598,,0.30303030303030304,0.0
37,37,accumulation,N/A,4,0.43780631139506715,0.07749629728705545,,0.5333333333333333,0.3333333333333333
37,37,accumulation,N/A,5,0.386120033387933,0.17197657378813325,,0.22222222222222224,0.4
37,37,accumulation,N/A,6,0.2961839993014381,0.10147409524650655,,0.5185185185185185,0.0
37,37,accumulation,N/A,7,0.392931658978654,0.029674621119057967,,0.5625000000000001,0.5
37,37,refinement,0.5,0,0.36360664072286975,0.03290069625177073,,0.1758241758241758,0.3333333333333333
37,37,refinement,0.5,1,0.2548340833142629,0.03492830385537509,,0.07079646017699115,0.0
37,37,refinement,0.5,2,0.30211004296330646,0.28389731012823394,,0.13333333333333333,0.2
37,37,refinement,0.5,3,0.2275886086804806,0.052567380353972036,,0.10000000000000002,0.0
37,37,refinement,0.5,4,0.22462857757391969,0.0511828946814626,,0.16,0.0
37,37,refinement,0.5,5,0.22509537677905073,0.02479964677570837,,0.15384615384615385,0.0
37,37,refinement,0.5,6,0.2592823538815001,0.0166314356284076,,0.17142857142857143,0.0
37,37,refinement,0.5,7,0.26556919241207194,0.01629070244689901,,0.18181818181818182,0.0
37,37,refinement,0.8,0,0.36360664072286975,0.03290069625177073,,0.1758241758241758,0.3333333333333333
37,37,refinement,0.8,1,0.28690518957944844,0.07625689142481763,,0.08648648648648649,0.16666666666666666
37,37,refinement,0.8,2,0.3487112706088747,0.06074581109516797,,0.031195840554592718,0.4
37,37,refinement,0.8,3,0.2850838569081944,0.036199205186849354,,0.11842105263157894,0.0
37,37,refinement,0.8,4,0.27525151068280085,0.07006347760282168,,0.21621621621621623,0.0
37,37,refinement,0.8,5,0.3824630979699368,0.08723356674026274,,0.24242424242424243,0.4
37,37,refinement,0.8,6,0.2887729131775482,0.07966638784803746,,0.2448979591836735,0.0
37,37,refinement,0.8,7,0.3328090690152824,0.047465524202355606,,0.37499999999999994,0.0
38,38,accumulation,N/A,0,0.25682214279575405,4.601313184639776e-05,,0.2631578947368421,0.0
38,38,accumulation,N/A,1,0.170025118528238,0.27220087590324077,,0.15384615384615385,0.0
38,38,accumulation,N/A,2,0.21154556051174989,0.005756846324357881,,0.32,0.0
38,38,accumulation,N/A,3,0.26214210292184764,0.027215895466728944,,0.38095238095238093,0.0
38,38,accumulation,N/A,4,0.24840821559911427,0.004798078281966292,,0.4,0.2
38,38,accumulation,N/A,5,0.19997817727632142,0.02968155043774128,,0.20833333333333334,0.2
38,38,accumulation,N/A,6,0.11202239745419017,0.04327421552335329,,0.25,0.0
38,38,accumulation,N/A,7,0.24831253475105608,0.010304825948688116,,0.19354838709677416,0.16666666666666666
38,38,refinement,0.5,0,0.25682214279575405,4.601313184639776e-05,,0.2631578947368421,0.0
38,38,refinement,0.5,1,0.2546487539990821,4.439855446566851e-05,,0.25641025641025644,0.0
38,38,refinement,0.5,2,0.2581221201389447,4.563752182608425e-05,,0.2702702702702703,0.0
38,38,refinement,0.5,3,0.2969596239873016,5.69271332694151e-05,,0.25,0.2
38,38,refinement,0.5,4,0.3028268475558835,4.554170661553208e-05,,0.35714285714285715,0.2
38,38,refinement,0.5,5,0.2881375282356542,5.726555551063309e-05,,0.25,0.2
38,38,refinement,0.5,6,0.273667386907,0.00011567012405938568,,0.15384615384615385,0.0
38,38,refinement,0.5,7,0.2717950870594441,5.8187714846947075e-05,,0.32,0.0
38,38,refinement,0.8,0,0.25682214279575405,4.601313184639776e-05,,0.2631578947368421,0.0
38,38,refinement,0.8,1,0.2889420415482966,0.00038686660425843705,,0.2702702702702703,0.2
38,38,refinement,0.8,2,0.26311604654875914,0.0032887456850667035,,0.26666666666666666,0.0
38,38,refinement,0.8,3,0.21163294874867478,0.01311290245499603,,0.2105263157894737,0.0
38,38,refinement,0.8,4,0.22601903422850977,0.08220994473465833,,0.23255813953488372,0.0
38,38,refinement,0.8,5,0.26292852328904864,0.0028820004871152917,,0.19607843137254902,0.0
38,38,refinement,0.8,6,0.2482745729702608,7.9489036905828e-05,,0.25,0.0
38,38,refinement,0.8,7,0.2639227800567295,0.07522349415276024,,0.2285714285714286,0.0
39,39,accumulation,N/A,0,0.6388415515102563,0.09527074712519991,,1.0,1.0
39,39,accumulation,N/A,1,0.19537543848621433,0.0,,0.017241379310344827,0.0
39,39,accumulation,N/A,2,0.3928303146874822,0.0,,0.33333333333333337,0.5
39,39,accumulation,N/A,3,0.2618709168757225,0.0,,0.0012539184952978055,0.0
39,39,accumulation,N/A,4,0.17044683841117964,0.0,,0.022988505747126436,0.0
39,39,accumulation,N/A,5,0.33747156464960204,0.0,,0.07999999999999999,0.3333333333333333
39,39,accumulation,N/A,6,0.2752685478193302,0.0,,0.009259259259259259,0.0
39,39,accumulation,N/A,7,0.2886796582876979,0.0,,0.15384615384615385,0.0
39,39,refinement,0.5,0,0.6388415515102563,0.09527074712519991,,1.0,1.0
39,39,refinement,0.5,1,0.6386702448947832,0.09455515580789595,,1.0,1.0
39,39,refinement,0.5,2,0.6384620806534456,0.09450651368895668,,1.0,1.0
39,39,refinement,0.5,3,0.638403486259338,0.09450651368895668,,1.0,1.0
39,39,refinement,0.5,4,0.638205513417228,0.09450651368895668,,1.0,1.0
39,39,refinement,0.5,5,0.4128240363826853,0.09450651368895668,,0.5,0.5
39,39,refinement,0.5,6,0.6379650955832842,0.09521983855101408,,1.0,1.0
39,39,refinement,0.5,7,0.6380798184683916,0.09527074712519991,,1.0,1.0
39,39,refinement,0.8,0,0.6388415515102563,0.09527074712519991,,1.0,1.0
39,39,refinement,0.8,1,0.43689207178095074,0.09564579094218892,,0.6666666666666666,0.0
39,39,refinement,0.8,2,0.6396467039010396,0.09527074712519991,,1.0,1.0
39,39,refinement,0.8,3,0.4413453901747446,0.10112409000054973,,0.6666666666666666,0.5
39,39,refinement,0.8,4,0.4390838303234743,0.10066913304427007,,0.6666666666666666,0.5
39,39,refinement,0.8,5,0.38841513007433504,0.09576574915425576,,0.33333333333333337,0.5
39,39,refinement,0.8,6,0.4433491036308431,0.0960902466220419,,0.6666666666666666,0.5
39,39,refinement,0.8,7,0.6421965363671771,0.09707433197478992,,1.0,1.0
40,40,accumulation,N/A,0,0.7794409494748901,0.27017671650390435,,1.0,1.0
40,40,accumulation,N/A,1,0.30137659220067514,0.3234212013301102,,0.003496503496503496,0.0
40,40,accumulation,N/A,2,0.5296275346191894,0.41863414957734646,,0.6666666666666666,0.0
40,40,accumulation,N/A,3,0.4229675090551067,0.4821786589440857,,0.33333333333333337,0.0
40,40,accumulation,N/A,4,0.3341452112689246,0.2935372250716858,,0.2222222222222222,0.0
40,40,accumulation,N/A,5,0.30815093800756677,0.2129044158425445,,0.015748031496062992,0.0
40,40,accumulation,N/A,6,0.4369316193051126,0.33042430668255035,,0.4,0.3333333333333333
40,40,accumulation,N/A,7,0.40286652170675363,0.27916914705299517,,0.5,0.0
40,40,refinement,0.5,0,0.7794409494748901,0.27017671650390435,,1.0,1.0
40,40,refinement,0.5,1,0.7777395112882364,0.26599312139850034,,1.0,1.0
40,40,refinement,0.5,2,0.7774389496635193,0.26599312139850034,,1.0,1.0
40,40,refinement,0.5,3,0.7775614643878804,0.2684931211232449,,1.0,1.0
40,40,refinement,0.5,4,0.5764923387616988,0.2684931211232449,,0.6666666666666666,0.5
40,40,refinement,0.5,5,0.5752183800344538,0.2697319744407332,,0.6666666666666666,0.5
40,40,refinement,0.5,6,0.5735448391720519,0.2552561404741731,,0.6666666666666666,0.5
40,40,refinement,0.5,7,0.7706541526148363,0.23951609608159005,,1.0,1.0
40,40,refinement,0.8,0,0.7794409494748901,0.27017671650390435,,1.0,1.0
40,40,refinement,0.8,1,0.7767742686068129,0.2726755002749401,,1.0,1.0
40,40,refinement,0.8,2,0.7732002698713872,0.2278146792928756,,1.0,1.0
40,40,refinement,0.8,3,0.7719200493858229,0.2549858046918913,,1.0,1.0
40,40,refinement,0.8,4,0.7718133540928936,0.25579670260051757,,1.0,1.0
40,40,refinement,0.8,5,0.7662874855968731,0.228806979957881,,1.0,1.0
40,40,refinement,0.8,6,0.7626267960438001,0.2426074064185166,,1.0,1.0
40,40,refinement,0.8,7,0.7700931943419504,0.22626705793145604,,1.0,1.0
41,41,accumulation,N/A,0,0.3216168180522322,0.01752404567404324,,0.3214285714285714,0.125
41,41,accumulation,N/A,1,0.3093015542178441,0.02930707421161084,,0.26666666666666666,0.0
41,41,accumulation,N/A,2,0.324181541117832,0.020236240924675998,,0.25396825396825395,0.125
41,41,accumulation,N/A,3,0.288298569282107,0.005173500801072145,,0.2533333333333333,0.0
41,41,accumulation,N/A,4,0.29969175821447,0.017077078244826783,,0.24203821656050958,0.0
41,41,accumulation,N/A,5,0.29155242958855604,0.007709426736346598,,0.22105263157894733,0.0
41,41,accumulation,N/A,6,0.2941294249567451,0.0144679532546733,,0.33870967741935487,0.0
41,41,accumulation,N/A,7,0.2853405712696302,0.0038032732812651572,,0.19469026548672566,0.0
41,41,refinement,0.5,0,0.3216168180522322,0.01752404567404324,,0.3214285714285714,0.125
41,41,refinement,0.5,1,0.30244590553894785,0.019021913571240986,,0.2975206611570248,0.0
41,41,refinement,0.5,2,0.3009283191914773,0.01959587537581243,,0.3035714285714286,0.0
41,41,refinement,0.5,3,0.3495759603796844,0.019490126303635235,,0.3584905660377359,0.25
41,41,refinement,0.5,4,0.3033355355145417,0.022215198446742312,,0.3106796116504854,0.125
41,41,refinement,0.5,5,0.3211896588660588,0.022442431069945555,,0.2857142857142857,0.0
41,41,refinement,0.5,6,0.2980676731752811,0.02225937670503959,,0.3119266055045872,0.0
41,41,refinement,0.5,7,0.2704264500381946,0.02116360928835962,,0.2631578947368421,0.0
41,41,refinement,0.8,0,0.3216168180522322,0.01752404567404324,,0.3214285714285714,0.125
41,41,refinement,0.8,1,0.3198910018855555,0.026531285335840857,,0.25862068965517243,0.125
41,41,refinement,0.8,2,0.34249891761016893,0.014428491644793573,,0.2962962962962963,0.25
41,41,refinement,0.8,3,0.29610267138597995,0.020459882583170372,,0.24999999999999997,0.0
41,41,refinement,0.8,4,0.300522481089857,0.029837328767123226,,0.25531914893617025,0.0
41,41,refinement,0.8,5,0.2902515375544471,0.00010598439771833703,,0.21311475409836064,0.0
41,41,refinement,0.8,6,0.3011314951163483,0.0005557978926415359,,0.2893081761006289,0.0
41,41,refinement,0.8,7,0.2919046747144691,0.001798318394514876,,0.21839080459770116,0.125
42,42,accumulation,N/A,0,0.339348813293391,0.0,,0.358974358974359,0.0
42,42,accumulation,N/A,1,0.36568469278115984,2.3393751287765646e-05,,0.509090909090909,0.0
42,42,accumulation,N/A,2,0.3074384729213282,0.022769893701316542,,0.5199999999999999,0.0
42,42,accumulation,N/A,3,0.2842815806551644,0.0425494815015954,,0.4406779661016949,0.0
42,42,accumulation,N/A,4,0.3096521062015749,8.110231582622129e-05,,0.456140350877193,0.0
42,42,accumulation,N/A,5,0.3085885481179119,0.005492229980966008,,0.4067796610169491,0.0
42,42,accumulation,N/A,6,0.3068458990744345,0.024999690071882106,,0.33333333333333337,0.0
42,42,accumulation,N/A,7,0.31721374904043687,0.003837062402317816,,0.32786885245901637,0.2
42,42,refinement,0.5,0,0.339348813293391,0.0,,0.358974358974359,0.0
42,42,refinement,0.5,1,0.3397893579153756,0.0,,0.3125,0.16666666666666666
42,42,refinement,0.5,2,0.41524577660940326,0.0,,0.41379310344827586,0.25
42,42,refinement,0.5,3,0.3393282845279226,0.0,,0.35294117647058826,0.0
42,42,refinement,0.5,4,0.39907916761470785,0.0,,0.2580645161290323,0.25
42,42,refinement,0.5,5,0.39637946929640155,0.0,,0.20000000000000004,0.25
42,42,refinement,0.5,6,0.40432102180301904,0.0,,0.3225806451612903,0.25
42,42,refinement,0.5,7,0.3974435721054864,0.0,,0.20689655172413793,0.25
42,42,refinement,0.8,0,0.339348813293391,0.0,,0.358974358974359,0.0
42,42,refinement,0.8,1,0.3844121387085666,0.0,,0.5128205128205129,0.2
42,42,refinement,0.8,2,0.3312269635353018,0.0,,0.27777777777777773,0.0
42,42,refinement,0.8,3,0.3712507228518841,0.0,,0.33333333333333337,0.2
42,42,refinement,0.8,4,0.3257691453881102,0.0,,0.25,0.0
42,42,refinement,0.8,5,0.3596426539248865,0.0,,0.26666666666666666,0.2
42,42,refinement,0.8,6,0.3483775811790446,0.0001450108373076662,,0.41509433962264153,0.16666666666666666
42,42,refinement,0.8,7,0.3650520144731485,0.0,,0.2926829268292683,0.2
43,43,accumulation,N/A,0,0.35852108825470796,0.01163151343848449,,0.6046511627906976,0.125
43,43,accumulation,N/A,1,0.4254280509114036,0.004197355984400139,,0.625,0.25
43,43,accumulation,N/A,2,0.28531997203026316,0.024309866848971948,,0.4943820224719101,0.0
43,43,accumulation,N/A,3,0.37742238271158846,0.005645443820763583,,0.546583850931677,0.0
43,43,accumulation,N/A,4,0.26138026561702277,0.003218315469765329,,0.4659090909090909,0.0
43,43,accumulation,N/A,5,0.3322211535063062,0.017593074598971168,,0.45744680851063835,0.125
43,43,accumulation,N/A,6,0.3039788454057686,0.004852962633584717,,0.45833333333333326,0.0
43,43,accumulation,N/A,7,0.34798056568915636,0.01062015593534892,,0.563758389261745,0.0
43,43,refinement,0.5,0,0.35852108825470796,0.01163151343848449,,0.6046511627906976,0.125
43,43,refinement,0.5,1,0.3204415147970431,0.011148286160783567,,0.5714285714285713,0.0
43,43,refinement,0.5,2,0.31441477845823307,0.012519630442022783,,0.5393258426966292,0.0
43,43,refinement,0.5,3,0.3443953793273625,0.005022478084770422,,0.5869565217391305,0.125
43,43,refinement,0.5,4,0.3470606466523404,0.0038543362275951544,,0.6226415094339623,0.125
43,43,refinement,0.5,5,0.35037048478888494,0.0033886153881029467,,0.6262626262626263,0.125
43,43,refinement,0.5,6,0.32986244709676316,0.003854841910037203,,0.6213592233009708,0.0
43,43,refinement,0.5,7,0.3624730019889325,0.007595854511435217,,0.594059405940594,0.125
43,43,refinement,0.8,0,0.35852108825470796,0.01163151343848449,,0.6046511627906976,0.125
43,43,refinement,0.8,1,0.34545237147805474,0.009353032088945508,,0.6168224299065421,0.0
43,43,refinement,0.8,2,0.386395780214654,0.0064346708136242175,,0.624,0.125
43,43,refinement,0.8,3,0.3602926134925742,0.00944507022569803,,0.543859649122807,0.0
43,43,refinement,0.8,4,0.4037786276026996,0.003054879533061027,,0.5736434108527132,0.25
43,43,refinement,0.8,5,0.45065800437938314,0.0,,0.6538461538461539,0.5
43,43,refinement,0.8,6,0.42460544688879087,0.009436304140529728,,0.576923076923077,0.375
43,43,refinement,0.8,7,0.3602990007259656,0.0020016824543794202,,0.4822695035460993,0.0
44,44,accumulation,N/A,0,0.2279945480618181,0.0,,0.1894736842105263,0.0
44,44,accumulation,N/A,1,0.33771118334485506,0.00752017071314461,,0.5680473372781065,0.0
44,44,accumulation,N/A,2,0.33520750779883834,0.004415313468588,,0.47457627118644063,0.25
44,44,accumulation,N/A,3,0.3155125332267684,0.010801548868141829,,0.3700440528634361,0.0
44,44,accumulation,N/A,4,0.35871967620676837,0.010618288595468232,,0.4193548387096775,0.125
44,44,accumulation,N/A,5,0.33568811162674583,0.004266710051019794,,0.4729064039408867,0.0
44,44,accumulation,N/A,6,0.3825955775880794,0.005992051749762578,,0.5735294117647058,0.14285714285714285
44,44,accumulation,N/A,7,0.33100858317339527,0.017063756555965735,,0.4434782608695652,0.0
44,44,refinement,0.5,0,0.2279945480618181,0.0,,0.1894736842105263,0.0
44,44,refinement,0.5,1,0.2596199518518941,0.0,,0.16666666666666666,0.14285714285714285
44,44,refinement,0.5,2,0.2217862925788352,0.0,,0.16091954022988506,0.0
44,44,refinement,0.5,3,0.24014322807233884,0.0,,0.15053763440860213,0.0
44,44,refinement,0.5,4,0.2151119707122171,0.0,,0.17094017094017094,0.0
44,44,refinement,0.5,5,0.21893665176083138,0.0,,0.21428571428571427,0.0
44,44,refinement,0.5,6,0.24158686100085425,0.0,,0.21238938053097345,0.0
44,44,refinement,0.5,7,0.2641179858454013,0.0,,0.23140495867768593,0.14285714285714285
44,44,refinement,0.8,0,0.2279945480618181,0.0,,0.1894736842105263,0.0
44,44,refinement,0.8,1,0.2624076008742541,0.0,,0.23655913978494625,0.14285714285714285
44,44,refinement,0.8,2,0.286339602746761,0.0,,0.3620689655172414,0.14285714285714285
44,44,refinement,0.8,3,0.24245133284855389,8.479533834801159e-05,,0.4714285714285714,0.0
44,44,refinement,0.8,4,0.23871084588884817,0.0,,0.42335766423357657,0.0
44,44,refinement,0.8,5,0.26011644742802464,0.0,,0.4647887323943662,0.0
44,44,refinement,0.8,6,0.24845818201740863,0.0,,0.38509316770186336,0.125
44,44,refinement,0.8,7,0.26777775732713205,0.0,,0.37433155080213903,0.125
45,45,accumulation,N/A,0,0.32103031075357913,0.032412628816263236,,0.5,0.0
45,45,accumulation,N/A,1,0.3168084576255431,0.3293174426168569,,0.23529411764705882,0.0
45,45,accumulation,N/A,2,0.23216841367987756,0.034792200681472006,,0.013605442176870748,0.0
45,45,accumulation,N/A,3,0.2280783113142753,0.0019455030269738222,,0.013157894736842105,0.0
45,45,accumulation,N/A,4,0.1888529151280835,0.015986959656437025,,0.05882352941176471,0.0
45,45,accumulation,N/A,5,0.3045903602362926,0.5543013267706645,,0.01869158878504673,0.0
45,45,accumulation,N/A,6,0.2504769205978096,0.20553430082381433,,0.013559322033898305,0.0
45,45,accumulation,N/A,7,0.430227489452754,0.039570957513732005,,0.8,0.5
45,45,refinement,0.5,0,0.32103031075357913,0.032412628816263236,,0.5,0.0
45,45,refinement,0.5,1,0.27965252675407526,0.013192109566466407,,0.4,0.0
45,45,refinement,0.5,2,0.16957566820908015,0.0,,0.0,0.0
45,45,refinement,0.5,3,0.3302204573452576,0.0026179594835582225,,0.6666666666666666,0.3333333333333333
45,45,refinement,0.5,4,0.2794357708769014,0.014391392254327031,,0.5714285714285715,0.0
45,45,refinement,0.5,5,0.5919913533977458,0.01947221453972156,,1.0,1.0
45,45,refinement,0.5,6,0.5977152232979529,0.01462232855223134,,1.0,1.0
45,45,refinement,0.5,7,0.6021502540776676,0.012178298009537531,,1.0,1.0
45,45,refinement,0.8,0,0.32103031075357913,0.032412628816263236,,0.5,0.0
45,45,refinement,0.8,1,0.4234218107663701,0.03404065244174816,,0.6666666666666666,0.0
45,45,refinement,0.8,2,0.1694047194184986,0.0,,0.0,0.0
45,45,refinement,0.8,3,0.16934343305410648,0.0,,0.0,0.0
45,45,refinement,0.8,4,0.3505609230533765,0.0,,0.6666666666666666,0.0
45,45,refinement,0.8,5,0.169360798203217,0.0,,0.0,0.0
45,45,refinement,0.8,6,0.3340576792083113,0.0,,0.6666666666666666,0.0
45,45,refinement,0.8,7,0.16972023408998077,0.0,,0.0,0.0
46,46,accumulation,N/A,0,0.3297142580059331,0.0,,0.0,0.5
46,46,accumulation,N/A,1,0.2460494225472234,0.13816033238610922,,0.02298850574712644,0.0
46,46,accumulation,N/A,2,0.2207861567200105,0.05243162807344526,,0.13333333333333333,0.0
46,46,accumulation,N/A,3,0.14806633621294074,0.0,,0.022727272727272724,0.0
46,46,accumulation,N/A,4,0.1424119164644973,0.0,,0.017094017094017096,0.0
46,46,accumulation,N/A,5,0.23356227514790281,0.16726923400073462,,0.1818181818181818,0.0
46,46,accumulation,N/A,6,0.32493934818564024,0.18233605430171757,,0.25,0.3333333333333333
46,46,accumulation,N/A,7,0.17491653114481892,0.004462710303074731,,0.014285714285714285,0.0
46,46,refinement,0.5,0,0.3297142580059331,0.0,,0.0,0.5
46,46,refinement,0.5,1,0.3832015689346107,0.0,,0.4,0.5
46,46,refinement,0.5,2,0.38338117647704467,0.0,,0.4,0.5
46,46,refinement,0.5,3,0.38284726061779273,0.0,,0.4,0.5
46,46,refinement,0.5,4,0.38318467017271485,0.0,,0.4,0.5
46,46,refinement,0.5,5,0.3234125872356812,0.0,,0.3333333333333333,0.3333333333333333
46,46,refinement,0.5,6,0.2753239163400631,0.0,,0.2,0.25
46,46,refinement,0.5,7,0.2670157069274294,0.0,,0.13333333333333336,0.25
46,46,refinement,0.8,0,0.3297142580059331,0.0,,0.0,0.5
46,46,refinement,0.8,1,0.27960966714367774,0.0,,0.0,0.3333333333333333
46,46,refinement,0.8,2,0.2559383007471908,0.0,,0.0,0.25
46,46,refinement,0.8,3,0.28228965203749656,0.0,,0.0,0.3333333333333333
46,46,refinement,0.8,4,0.2798913424591143,0.0,,0.1818181818181818,0.25
46,46,refinement,0.8,5,0.25742024323451573,0.0,,0.125,0.2
46,46,refinement,0.8,6,0.31297475031286265,0.0,,0.22222222222222224,0.3333333333333333
46,46,refinement,0.8,7,0.28399689407228546,0.0,,0.0,0.3333333333333333
47,47,accumulation,N/A,0,0.41208713396367713,0.02613427997637107,,0.37209302325581395,0.3333333333333333
47,47,accumulation,N/A,1,0.3821042013530537,0.007241593673375952,,0.29213483146067415,0.2857142857142857
47,47,accumulation,N/A,2,0.3043668800341548,0.1126198815309208,,0.3783783783783784,0.0
47,47,accumulation,N/A,3,0.4116490314287001,0.017383825870346693,,0.4444444444444445,0.16666666666666666
47,47,accumulation,N/A,4,0.39613660413288115,0.009450628825397453,,0.576271186440678,0.0
47,47,accumulation,N/A,5,0.3226539764248862,0.008523373262920996,,0.48387096774193555,0.0
47,47,accumulation,N/A,6,0.39543530005740773,0.008549679511355242,,0.5263157894736842,0.25
47,47,accumulation,N/A,7,0.4029695482672916,0.0069386735495751365,,0.7407407407407408,0.14285714285714285
47,47,refinement,0.5,0,0.41208713396367713,0.02613427997637107,,0.37209302325581395,0.3333333333333333
47,47,refinement,0.5,1,0.3911337312376581,0.019063604909353507,,0.4489795918367347,0.16666666666666666
47,47,refinement,0.5,2,0.44533873803546953,0.01876004606672734,,0.46428571428571425,0.5
47,47,refinement,0.5,3,0.3940954954530175,0.0012137904387046106,,0.5,0.2857142857142857
47,47,refinement,0.5,4,0.38617263828488474,0.018129898243830548,,0.43333333333333335,0.16666666666666666
47,47,refinement,0.5,5,0.38320146868932475,0.02354765308457618,,0.4615384615384615,0.16666666666666666
47,47,refinement,0.5,6,0.395366361536788,0.025722882993742206,,0.49056603773584906,0.16666666666666666
47,47,refinement,0.5,7,0.40214961156439677,0.02285268081463955,,0.5079365079365079,0.16666666666666666
47,47,refinement,0.8,0,0.41208713396367713,0.02613427997637107,,0.37209302325581395,0.3333333333333333
47,47,refinement,0.8,1,0.37314580544951015,0.028277266903264722,,0.4313725490196078,0.14285714285714285
47,47,refinement,0.8,2,0.3990732120381072,0.022150237304304574,,0.4912280701754386,0.16666666666666666
47,47,refinement,0.8,3,0.37803221087484945,0.014532178262458475,,0.4666666666666667,0.14285714285714285
47,47,refinement,0.8,4,0.3777151276125333,0.012878142702117306,,0.5070422535211268,0.14285714285714285
47,47,refinement,0.8,5,0.3681248653056571,0.021047844574089012,,0.3928571428571428,0.0
47,47,refinement,0.8,6,0.3582887742849415,0.01954411839958949,,0.3636363636363636,0.14285714285714285
47,47,refinement,0.8,7,0.3784364315752085,0.021758031208544543,,0.4067796610169491,0.25
48,48,accumulation,N/A,0,0.2486706765492855,0.0,,0.2857142857142857,0.14285714285714285
48,48,accumulation,N/A,1,0.2082133974308469,0.0,,0.19469026548672566,0.0
48,48,accumulation,N/A,2,0.23390792274251693,0.003541604888869406,,0.18604651162790697,0.14285714285714285
48,48,accumulation,N/A,3,0.3027157826346233,0.0033040371589538207,,0.5789473684210527,0.0
48,48,accumulation,N/A,4,0.2857838554766666,0.12035599200045141,,0.3333333333333333,0.0
48,48,accumulation,N/A,5,0.25342077708342264,0.014255647982829968,,0.3333333333333333,0.0
48,48,accumulation,N/A,6,0.32565073945480927,0.007653040480811241,,0.49056603773584906,0.14285714285714285
48,48,accumulation,N/A,7,0.2044290711351353,0.0,,0.2571428571428572,0.0
48,48,refinement,0.5,0,0.2486706765492855,0.0,,0.2857142857142857,0.14285714285714285
48,48,refinement,0.5,1,0.25589636545540273,0.0,,0.34285714285714286,0.14285714285714285
48,48,refinement,0.5,2,0.3305447378839143,0.0,,0.5405405405405405,0.2857142857142857
48,48,refinement,0.5,3,0.2848984425417052,0.0,,0.36363636363636365,0.16666666666666666
48,48,refinement,0.5,4,0.30779067930780984,0.0,,0.3684210526315789,0.2857142857142857
48,48,refinement,0.5,5,0.2815618404273409,0.0,,0.36363636363636365,0.16666666666666666
48,48,refinement,0.5,6,0.2540446707359101,0.0,,0.3125,0.14285714285714285
48,48,refinement,0.5,7,0.25170414874407243,0.0,,0.29411764705882354,0.14285714285714285
48,48,refinement,0.8,0,0.2486706765492855,0.0,,0.2857142857142857,0.14285714285714285
48,48,refinement,0.8,1,0.2590513847863627,0.0,,0.34285714285714286,0.16666666666666666
48,48,refinement,0.8,2,0.24492399707106077,0.0,,0.34285714285714286,0.14285714285714285
48,48,refinement,0.8,3,0.26089805512131664,0.0,,0.41025641025641024,0.125
48,48,refinement,0.8,4,0.2896308534100401,0.0,,0.4888888888888889,0.14285714285714285
48,48,refinement,0.8,5,0.29878904322638883,0.0,,0.3389830508474576,0.14285714285714285
48,48,refinement,0.8,6,0.30132438886310686,0.0,,0.5384615384615385,0.0
48,48,refinement,0.8,7,0.355550146799288,0.0,,0.5641025641025641,0.16666666666666666
49,49,accumulation,N/A,0,0.3543798199014332,0.024431020698694426,,0.27777777777777773,0.2
49,49,accumulation,N/A,1,0.3273615708711842,0.035968818159952086,,0.2826086956521739,0.0
49,49,accumulation,N/A,2,0.2912928009646564,0.03571905207498254,,0.24489795918367346,0.0
49,49,accumulation,N/A,3,0.3347350621031495,0.01745915132114396,,0.36065573770491804,0.0
49,49,accumulation,N/A,4,0.38402658210435003,0.019263336265246997,,0.5333333333333333,0.4
49,49,accumulation,N/A,5,0.33406438556206086,0.06307608203840787,,0.3333333333333333,0.0
49,49,accumulation,N/A,6,0.3639451296042796,0.025264179399137863,,0.3333333333333333,0.0
49,49,accumulation,N/A,7,0.38165570982251934,0.0005502257786939771,,0.36619718309859156,0.375
49,49,refinement,0.5,0,0.3543798199014332,0.024431020698694426,,0.27777777777777773,0.2
49,49,refinement,0.5,1,0.352302868182843,0.0233303520472917,,0.2631578947368421,0.2
49,49,refinement,0.5,2,0.32739164842740326,0.014581470029557312,,0.35555555555555557,0.2
49,49,refinement,0.5,3,0.32748128310098035,0.020261061561978308,,0.3243243243243243,0.2
49,49,refinement,0.5,4,0.30087957243555974,0.024540966421064278,,0.25,0.16666666666666666
49,49,refinement,0.5,5,0.31756171106097736,0.02427427674534568,,0.27777777777777773,0.2
49,49,refinement,0.5,6,0.3554573453240938,0.024196656582493307,,0.30303030303030304,0.4
49,49,refinement,0.5,7,0.29675884660817015,0.02534809798569604,,0.25,0.16666666666666666
49,49,refinement,0.8,0,0.3543798199014332,0.024431020698694426,,0.27777777777777773,0.2
49,49,refinement,0.8,1,0.35510550675227875,0.011498252963953437,,0.37037037037037035,0.2
49,49,refinement,0.8,2,0.35620662629482225,0.010825013220225646,,0.37037037037037035,0.2
49,49,refinement,0.8,3,0.3747386860355804,0.009808847984654001,,0.46808510638297873,0.2
49,49,refinement,0.8,4,0.27571071816053627,0.012020169252072128,,0.20512820512820512,0.0
49,49,refinement,0.8,5,0.3284426841439692,0.01018988427084956,,0.3125,0.0
49,49,refinement,0.8,6,0.3150227720906002,0.014331999420269706,,0.2285714285714286,0.0
49,49,refinement,0.8,7,0.3092675637085855,0.013432933195034382,,0.27692307692307694,0.0
50,50,accumulation,N/A,0,0.28904670735469407,0.004981322768702526,,0.45783132530120485,0.0
50,50,accumulation,N/A,1,0.3477829646635421,0.00737782818433581,,0.3308270676691729,0.0
50,50,accumulation,N/A,2,0.38114529198160263,0.010348886478473237,,0.5399999999999999,0.125
50,50,accumulation,N/A,3,0.31910491955800563,0.00761753842736203,,0.4310344827586207,0.0
50,50,accumulation,N/A,4,0.3049339415682547,0.0024989171452371693,,0.3506493506493506,0.125
50,50,accumulation,N/A,5,0.33435745425232616,0.01901773041470754,,0.40983606557377045,0.125
50,50,accumulation,N/A,6,0.3009809723444062,0.037287131948899,,0.36363636363636365,0.0
50,50,accumulation,N/A,7,0.3101938924419802,0.010060892895702762,,0.3776223776223776,0.0
50,50,refinement,0.5,0,0.28904670735469407,0.004981322768702526,,0.45783132530120485,0.0
50,50,refinement,0.5,1,0.30402722487923395,0.0,,0.5194805194805194,0.0
50,50,refinement,0.5,2,0.29112229203487305,0.0006258909968432348,,0.45783132530120485,0.0
50,50,refinement,0.5,3,0.3210384767245457,0.0007112648981161076,,0.5555555555555556,0.14285714285714285
50,50,refinement,0.5,4,0.28939877149601156,0.0,,0.4938271604938272,0.0
50,50,refinement,0.5,5,0.29699821318384156,0.0005450149256677724,,0.4468085106382979,0.125
50,50,refinement,0.5,6,0.27492688494650813,0.0,,0.4938271604938272,0.0
50,50,refinement,0.5,7,0.27162057502587383,0.0,,0.5121951219512195,0.0
50,50,refinement,0.8,0,0.28904670735469407,0.004981322768702526,,0.45783132530120485,0.0
50,50,refinement,0.8,1,0.2762671237994916,0.0,,0.4444444444444445,0.0
50,50,refinement,0.8,2,0.27671759602297796,0.0,,0.3134328358208955,0.0
50,50,refinement,0.8,3,0.2844237682361956,0.0,,0.3697478991596639,0.0
50,50,refinement,0.8,4,0.2909834477307489,0.0,,0.42592592592592593,0.0
50,50,refinement,0.8,5,0.29740133582954936,0.0,,0.4144144144144144,0.0
50,50,refinement,0.8,6,0.3812834242074803,0.0,,0.5526315789473685,0.2857142857142857
50,50,refinement,0.8,7,0.32494180547458,0.0,,0.5250000000000001,0.125
51,51,accumulation,N/A,0,0.49691736172227485,0.4308573437261692,,0.6666666666666666,0.0
51,51,accumulation,N/A,1,0.5248266887461928,0.1409802879492428,,0.8,0.0
51,51,accumulation,N/A,2,0.41717906418993855,0.2852762746409234,,0.4,0.5
51,51,accumulation,N/A,3,0.2591956451003594,0.09650508296954916,,0.04444444444444444,0.0
51,51,accumulation,N/A,4,0.34723267401775115,0.0,,0.22222222222222224,0.5
51,51,accumulation,N/A,5,0.632319505849386,0.16049906299523767,,1.0,1.0
51,51,accumulation,N/A,6,0.41423752290860616,0.0034377578983603653,,0.28571428571428575,0.5
51,51,accumulation,N/A,7,0.4403683582534701,0.07437646629942773,,0.8,0.0
51,51,refinement,0.5,0,0.49691736172227485,0.4308573437261692,,0.6666666666666666,0.0
51,51,refinement,0.5,1,0.49758139124235146,0.43519821175493534,,0.6666666666666666,0.0
51,51,refinement,0.5,2,0.49775680576933423,0.43519821175493534,,0.6666666666666666,0.0
51,51,refinement,0.5,3,0.4971290117144278,0.4328544716765841,,0.6666666666666666,0.0
51,51,refinement,0.5,4,0.3162614333502114,0.4381430573852063,,0.22222222222222224,0.0
51,51,refinement,0.5,5,0.33540486489307464,0.4308573437261691,,0.14285714285714285,0.0
51,51,refinement,0.5,6,0.30886884384961877,0.4328544716765841,,0.125,0.0
51,51,refinement,0.5,7,0.3624680288530827,0.43720399532328863,,0.28571428571428575,0.0
51,51,refinement,0.8,0,0.49691736172227485,0.4308573437261692,,0.6666666666666666,0.0
51,51,refinement,0.8,1,0.5033475617759215,0.472346482354502,,0.6666666666666666,0.0
51,51,refinement,0.8,2,0.5091274286109083,0.48589892307727994,,0.6666666666666666,0.0
51,51,refinement,0.8,3,0.5084165504148309,0.481745495169091,,0.6666666666666666,0.0
51,51,refinement,0.8,4,0.5091473473465362,0.47540451058675903,,0.6666666666666666,0.0
51,51,refinement,0.8,5,0.5068243129682704,0.4718519554823341,,0.6666666666666666,0.0
51,51,refinement,0.8,6,0.5077765823524834,0.47136300662925135,,0.6666666666666666,0.0
51,51,refinement,0.8,7,0.5086017397416868,0.47087954194857173,,0.6666666666666666,0.0
52,52,accumulation,N/A,0,0.6986646483422696,0.2697683212401001,,1.0,1.0
52,52,accumulation,N/A,1,0.6500741310293227,0.15281155083356507,,1.0,1.0
52,52,accumulation,N/A,2,0.28728873790194365,0.0,,0.3636363636363636,0.0
52,52,accumulation,N/A,3,0.4021321771564685,0.37533889820990884,,0.19999999999999998,0.0
52,52,accumulation,N/A,4,0.490248385837214,0.1540463599209269,,0.8,0.0
52,52,accumulation,N/A,5,0.41992985435561403,0.2852378377090296,,0.5,0.0
52,52,accumulation,N/A,6,0.6723686412623608,0.21172399310516218,,1.0,1.0
52,52,accumulation,N/A,7,0.6984684925243393,0.31035688435049424,,1.0,1.0
52,52,refinement,0.5,0,0.6986646483422696,0.2697683212401001,,1.0,1.0
52,52,refinement,0.5,1,0.5187379364911546,0.26721132299770356,,0.8,0.5
52,52,refinement,0.5,2,0.460674388614412,0.0,,0.6666666666666666,0.0
52,52,refinement,0.5,3,0.699443940330492,0.27582155633894795,,1.0,1.0
52,52,refinement,0.5,4,0.3328139563705948,0.0,,0.4444444444444445,0.0
52,52,refinement,0.5,5,0.5218013007619464,0.29166963822546693,,0.8,0.5
52,52,refinement,0.5,6,0.4693452542827852,0.29707512603058733,,0.4444444444444445,0.5
52,52,refinement,0.5,7,0.5228032946490206,0.2922272161314617,,0.8,0.5
52,52,refinement,0.8,0,0.6986646483422696,0.2697683212401001,,1.0,1.0
52,52,refinement,0.8,1,0.5003808290630117,0.2224359957124417,,0.6666666666666666,0.5
52,52,refinement,0.8,2,0.48662339339324423,0.2193395492941529,,0.5714285714285715,0.5
52,52,refinement,0.8,3,0.7042551033936357,0.23946525755686746,,1.0,1.0
52,52,refinement,0.8,4,0.7047835295120055,0.23417402299291804,,1.0,1.0
52,52,refinement,0.8,5,0.6968955411008049,0.2334146315488626,,1.0,1.0
52,52,refinement,0.8,6,0.37365421600648835,0.24602775601828575,,0.33333333333333337,0.0
52,52,refinement,0.8,7,0.6976348294847987,0.23929654358313937,,1.0,1.0
53,53,accumulation,N/A,0,0.44459446439259387,0.2343992265926644,,0.4,0.3333333333333333
53,53,accumulation,N/A,1,0.3231743170642185,0.07775436555413498,,0.6666666666666666,0.0
53,53,accumulation,N/A,2,0.39955890337298117,0.1562597366024793,,0.36363636363636365,0.0
53,53,accumulation,N/A,3,0.34111179876683784,0.16384116212033906,,0.5,0.0
53,53,accumulation,N/A,4,0.40019094523348375,0.16142196437276973,,0.6,0.25
53,53,accumulation,N/A,5,0.4826850932982534,0.44727086678655936,,0.5,0.3333333333333333
53,53,accumulation,N/A,6,0.411735545502008,0.3215034384130537,,0.5714285714285715,0.25
53,53,accumulation,N/A,7,0.401081733233417,0.6011309351505972,,0.3333333333333333,0.0
53,53,refinement,0.5,0,0.44459446439259387,0.2343992265926644,,0.4,0.3333333333333333
53,53,refinement,0.5,1,0.5441432078950406,0.23445908096266765,,0.5714285714285715,0.5
53,53,refinement,0.5,2,0.3498742328618629,0.23470773508557166,,0.4444444444444444,0.0
53,53,refinement,0.5,3,0.36896650910017037,0.23525708122975234,,0.5714285714285715,0.0
53,53,refinement,0.5,4,0.40837737944491453,0.23525708122975234,,0.6666666666666666,0.0
53,53,refinement,0.5,5,0.4500564478980552,0.2355075286116835,,0.4444444444444444,0.3333333333333333
53,53,refinement,0.5,6,0.39491710907975786,0.23605508149683704,,0.5714285714285715,0.0
53,53,refinement,0.5,7,0.3213577592606115,0.23590742537473944,,0.3333333333333333,0.0
53,53,refinement,0.8,0,0.44459446439259387,0.2343992265926644,,0.4,0.3333333333333333
53,53,refinement,0.8,1,0.36869413311926025,0.3768597295455999,,0.28571428571428575,0.25
53,53,refinement,0.8,2,0.4614239811958798,0.3836740875397791,,0.4,0.5
53,53,refinement,0.8,3,0.46142944996488544,0.3731395694212806,,0.4,0.5
53,53,refinement,0.8,4,0.46104929772165437,0.37183688635004525,,0.4,0.5
53,53,refinement,0.8,5,0.5985963712615077,0.1852687302939178,,0.6666666666666666,1.0
53,53,refinement,0.8,6,0.37166274094141893,0.3610696567536171,,0.3333333333333333,0.0
53,53,refinement,0.8,7,0.45793897444523923,0.3610696567536171,,0.4,0.5
54,54,accumulation,N/A,0,0.42446397442291467,0.07974421044995103,,0.6086956521739131,0.25
54,54,accumulation,N/A,1,0.2062449037765087,0.15449424430844433,,0.3333333333333333,0.16666666666666666
54,54,accumulation,N/A,2,0.38200450470277625,0.12544301304202826,,0.4,0.25
54,54,accumulation,N/A,3,0.28048023443922465,0.0539473371039921,,0.2641509433962264,0.0
54,54,accumulation,N/A,4,0.18032155291424684,0.05157944240049105,,0.23076923076923078,0.0
54,54,accumulation,N/A,5,0.35393227587560944,0.18959452412560657,,0.588235294117647,0.2
54,54,accumulation,N/A,6,0.39252840630401553,0.21546045234149375,,0.35,0.0
54,54,accumulation,N/A,7,0.40781649979067125,0.10019796986936982,,0.43750000000000006,0.25
54,54,refinement,0.5,0,0.42446397442291467,0.07974421044995103,,0.6086956521739131,0.25
54,54,refinement,0.5,1,0.4715123712587669,0.17593353188926342,,0.631578947368421,0.5
54,54,refinement,0.5,2,0.48130244512611775,0.1746054613255509,,0.7058823529411764,0.5
54,54,refinement,0.5,3,0.5194260903610395,0.17252915959425685,,0.7058823529411764,0.75
54,54,refinement,0.5,4,0.41286040761346293,0.174263930972775,,0.48,0.25
54,54,refinement,0.5,5,0.46210325887657594,0.1759895366231071,,0.5714285714285714,0.5
54,54,refinement,0.5,6,0.3823870855568896,0.17276924225557508,,0.5714285714285714,0.3333333333333333
54,54,refinement,0.5,7,0.4130753816438992,0.17491311442783844,,0.48,0.25
54,54,refinement,0.8,0,0.42446397442291467,0.07974421044995103,,0.6086956521739131,0.25
54,54,refinement,0.8,1,0.4027275321058414,0.21966209904520956,,0.5,0.2
54,54,refinement,0.8,2,0.41316945446148795,0.18760247755690485,,0.631578947368421,0.2
54,54,refinement,0.8,3,0.3946563317659163,0.12072142734290532,,0.43478260869565216,0.0
54,54,refinement,0.8,4,0.38782997141865905,0.12747543176739873,,0.5384615384615384,0.2
54,54,refinement,0.8,5,0.41640721601491915,0.07569183085615783,,0.4117647058823529,0.25
54,54,refinement,0.8,6,0.3541462597357082,0.08123420641126722,,0.2745098039215686,0.2
54,54,refinement,0.8,7,0.35583358098788,0.15601498532892613,,0.23728813559322035,0.2
55,55,accumulation,N/A,0,0.38031045291129595,0.012852654710080891,,0.34782608695652173,0.42857142857142855
55,55,accumulation,N/A,1,0.2728494276809626,0.03433653576131991,,0.5818181818181818,0.14285714285714285
55,55,accumulation,N/A,2,0.32687939893415024,0.009029033203131056,,0.44776119402985076,0.14285714285714285
55,55,accumulation,N/A,3,0.3214612201237541,0.01064852203886623,,0.410958904109589,0.0
55,55,accumulation,N/A,4,0.2551510448473704,0.03403553957996708,,0.2962962962962963,0.0
55,55,accumulation,N/A,5,0.18306487422230525,0.18929129724057975,,0.125,0.14285714285714285
55,55,accumulation,N/A,6,0.4151824964393581,0.008635605890169895,,0.5428571428571429,0.42857142857142855
55,55,accumulation,N/A,7,0.39006490846286984,0.035994999689644036,,0.3846153846153846,0.42857142857142855
55,55,refinement,0.5,0,0.38031045291129595,0.012852654710080891,,0.34782608695652173,0.42857142857142855
55,55,refinement,0.5,1,0.31901355592504005,0.015528692225819865,,0.3404255319148936,0.14285714285714285
55,55,refinement,0.5,2,0.33918630994497834,0.01282010230048561,,0.34782608695652173,0.2857142857142857
55,55,refinement,0.5,3,0.31197694231003903,0.01573065092366971,,0.27999999999999997,0.14285714285714285
55,55,refinement,0.5,4,0.3158748861508575,0.012343228553445745,,0.3555555555555555,0.14285714285714285
55,55,refinement,0.5,5,0.2732052311238782,0.022426786139321152,,0.24390243902439024,0.0
55,55,refinement,0.5,6,0.29179536721277805,0.0169985560476353,,0.26666666666666666,0.0
55,55,refinement,0.5,7,0.29465578022030536,0.013963080439793005,,0.27906976744186046,0.0
55,55,refinement,0.8,0,0.38031045291129595,0.012852654710080891,,0.34782608695652173,0.42857142857142855
55,55,refinement,0.8,1,0.4129755277120608,0.009226675482371228,,0.46808510638297873,0.42857142857142855
55,55,refinement,0.8,2,0.4070411573576117,0.0483233200197388,,0.39285714285714285,0.2857142857142857
55,55,refinement,0.8,3,0.33869321427933435,0.013981222558959689,,0.3333333333333333,0.0
55,55,refinement,0.8,4,0.3894619883925636,0.03900068106868614,,0.4528301886792453,0.2857142857142857
55,55,refinement,0.8,5,0.4098620164642099,0.03893500370213474,,0.41379310344827586,0.42857142857142855
55,55,refinement,0.8,6,0.3608893364938155,0.0050864811676944195,,0.4482758620689655,0.0
55,55,refinement,0.8,7,0.3674162332334931,0.01976014680492078,,0.4230769230769231,0.0
56,56,accumulation,N/A,0,0.36316071428178687,0.02887499693154673,,0.6451612903225806,0.14285714285714285
56,56,accumulation,N/A,1,0.3159486622440692,0.02283742808845904,,0.4142011834319526,0.0
56,56,accumulation,N/A,2,0.2499792530680447,0.0033269544253855463,,0.42105263157894735,0.0
56,56,accumulation,N/A,3,0.3434760001158626,0.0022987369642170435,,0.4532019704433497,0.0
56,56,accumulation,N/A,4,0.32244546551719766,0.008528360007046933,,0.34057971014492755,0.0
56,56,accumulation,N/A,5,0.3333332136402163,0.010885569108165868,,0.5485714285714286,0.0
56,56,accumulation,N/A,6,0.36130178618417963,0.008518400027277098,,0.4219409282700422,0.0
56,56,accumulation,N/A,7,0.3104655459309699,0.004263383733847927,,0.4844720496894411,0.0
56,56,refinement,0.5,0,0.36316071428178687,0.02887499693154673,,0.6451612903225806,0.14285714285714285
56,56,refinement,0.5,1,0.3458188821441235,0.03729269250411677,,0.6304347826086957,0.125
56,56,refinement,0.5,2,0.3335524401517458,0.03416459723964209,,0.6476190476190475,0.0
56,56,refinement,0.5,3,0.3418290251287086,0.036557056946133114,,0.5833333333333334,0.125
56,56,refinement,0.5,4,0.3233538827698998,0.03402280692427761,,0.5849056603773586,0.0
56,56,refinement,0.5,5,0.36206137618561357,0.03196800139143239,,0.6476190476190475,0.14285714285714285
56,56,refinement,0.5,6,0.39431735679706714,0.03645607548184257,,0.6990291262135921,0.2857142857142857
56,56,refinement,0.5,7,0.36948759769449163,0.028222374470796934,,0.673469387755102,0.25
56,56,refinement,0.8,0,0.36316071428178687,0.02887499693154673,,0.6451612903225806,0.14285714285714285
56,56,refinement,0.8,1,0.29320938851357253,0.018557641373875357,,0.46445497630331756,0.0
56,56,refinement,0.8,2,0.31765034958117666,0.034076544275157904,,0.4848484848484848,0.0
56,56,refinement,0.8,3,0.3136107571672441,0.01432751173734737,,0.44549763033175355,0.0
56,56,refinement,0.8,4,0.31325678454845685,0.02226314584254179,,0.5325443786982249,0.0
56,56,refinement,0.8,5,0.2841184460197251,0.02329128398924158,,0.37404580152671757,0.0
56,56,refinement,0.8,6,0.30980231936155767,0.021339508614002536,,0.4516129032258064,0.0
56,56,refinement,0.8,7,0.2889070649394042,0.028990056859121958,,0.4,0.125
57,57,accumulation,N/A,0,0.37507680028475576,0.11566049982258361,,0.6666666666666666,0.0
57,57,accumulation,N/A,1,0.2298521552752144,0.13126971555619185,,0.009090909090909092,0.0
57,57,accumulation,N/A,2,0.427080884839374,0.2056644843144477,,0.3333333333333333,0.0
57,57,accumulation,N/A,3,0.27680588034349685,0.22513407056694096,,0.2666666666666667,0.0
57,57,accumulation,N/A,4,0.4850072910600943,0.33646345272236466,,0.6666666666666666,0.0
57,57,accumulation,N/A,5,0.446069890432676,0.050210711583948436,,0.5714285714285715,0.0
57,57,accumulation,N/A,6,0.36235384445490004,0.21535390803973548,,0.5,0.0
57,57,accumulation,N/A,7,0.3886641654696537,0.21208265980946106,,0.28571428571428575,0.0
57,57,refinement,0.5,0,0.37507680028475576,0.11566049982258361,,0.6666666666666666,0.0
57,57,refinement,0.5,1,0.3747976919635133,0.11882054533354122,,0.6666666666666666,0.0
57,57,refinement,0.5,2,0.37527824802831744,0.12176904097991004,,0.6666666666666666,0.0
57,57,refinement,0.5,3,0.3745412373100908,0.11674651390542479,,0.6666666666666666,0.0
57,57,refinement,0.5,4,0.2858601144469822,0.12020789942888553,,0.5714285714285715,0.0
57,57,refinement,0.5,5,0.28562785179130934,0.12020789942888553,,0.5714285714285715,0.0
57,57,refinement,0.5,6,0.3745875610122403,0.11837019200868186,,0.6666666666666666,0.0
57,57,refinement,0.5,7,0.37461263592859084,0.11992769453511189,,0.6666666666666666,0.0
57,57,refinement,0.8,0,0.37507680028475576,0.11566049982258361,,0.6666666666666666,0.0
57,57,refinement,0.8,1,0.28483335980046853,0.11496046516627734,,0.5714285714285715,0.0
57,57,refinement,0.8,2,0.373623980130794,0.11716700285319326,,0.6666666666666666,0.0
57,57,refinement,0.8,3,0.2846162394901551,0.1150384590099271,,0.5714285714285715,0.0
57,57,refinement,0.8,4,0.2828768088661742,0.11299367855928924,,0.5714285714285715,0.0
57,57,refinement,0.8,5,0.282305187700489,0.11661432831143295,,0.5714285714285715,0.0
57,57,refinement,0.8,6,0.3725913889285738,0.11425052435917428,,0.6666666666666666,0.0
57,57,refinement,0.8,7,0.2834180322499279,0.1147677802828449,,0.5714285714285715,0.0
58,58,accumulation,N/A,0,0.4456342848625191,0.1896764945967225,,0.4,0.3333333333333333
58,58,accumulation,N/A,1,0.3690204513868053,0.5394160145951666,,0.030303030303030307,0.0
58,58,accumulation,N/A,2,0.3592237599086461,0.10588801043891051,,0.013888888888888888,0.5
58,58,accumulation,N/A,3,0.546114589791044,0.5109535950040329,,0.6666666666666666,0.5
58,58,accumulation,N/A,4,0.5424214907494873,0.40489916004006304,,0.6666666666666666,0.5
58,58,accumulation,N/A,5,0.7257488398735147,0.1987487137245854,,1.0,1.0
58,58,accumulation,N/A,6,0.7391181465333326,0.20030316540347745,,1.0,1.0
58,58,accumulation,N/A,7,0.3860240222608466,0.6086042108412631,,0.07142857142857142,0.0
58,58,refinement,0.5,0,0.4456342848625191,0.1896764945967225,,0.4,0.3333333333333333
58,58,refinement,0.5,1,0.7345300005306113,0.1891255243626975,,1.0,1.0
58,58,refinement,0.5,2,0.7379098637762072,0.18857418757531363,,1.0,1.0
58,58,refinement,0.5,3,0.5119593371727927,0.19715239674201002,,0.5,0.5
58,58,refinement,0.5,4,0.48746695558071895,0.0,,0.6666666666666666,0.0
58,58,refinement,0.5,5,0.5392879286596092,0.19538899683773375,,0.6666666666666666,0.0
58,58,refinement,0.5,6,0.5029179062287754,0.20025509053253215,,0.4,0.5
58,58,refinement,0.5,7,0.7451293285484466,0.19538899683773375,,1.0,1.0
58,58,refinement,0.8,0,0.4456342848625191,0.1896764945967225,,0.4,0.3333333333333333
58,58,refinement,0.8,1,0.7401954857737674,0.19692252849785688,,1.0,1.0
58,58,refinement,0.8,2,0.545023966749361,0.19327029104153426,,0.6666666666666666,0.5
58,58,refinement,0.8,3,0.7486508858054641,0.19804647089250424,,1.0,1.0
58,58,refinement,0.8,4,0.7504123587663241,0.19883071717615627,,1.0,1.0
58,58,refinement,0.8,5,0.5480811319709745,0.19413404622298677,,0.6666666666666666,0.5
58,58,refinement,0.8,6,0.7552546696906939,0.21250516693317992,,1.0,1.0
58,58,refinement,0.8,7,0.7596478669891815,0.2149424570811227,,1.0,1.0
59,59,accumulation,N/A,0,0.3691758498264472,0.13548847183330492,,0.6666666666666666,0.0
59,59,accumulation,N/A,1,0.21479826835836904,0.06593601652128282,,0.03333333333333333,0.0
59,59,accumulation,N/A,2,0.4835164388802713,0.1589668018051648,,0.6666666666666666,0.0
59,59,accumulation,N/A,3,0.32561476415201496,0.4155500897495609,,0.25,0.0
59,59,accumulation,N/A,4,0.3082192378967954,0.742186859158394,,0.16666666666666669,0.2
59,59,accumulation,N/A,5,0.3311354518974494,0.21655436232732528,,0.3076923076923077,0.0
59,59,accumulation,N/A,6,0.3031282360356324,0.20255974227641463,,0.21052631578947367,0.0
59,59,accumulation,N/A,7,0.4606856860338909,0.600596612663021,,0.3333333333333333,0.0
59,59,refinement,0.5,0,0.3691758498264472,0.13548847183330492,,0.6666666666666666,0.0
59,59,refinement,0.5,1,0.4679309335456175,0.1591240058518945,,0.8,0.0
59,59,refinement,0.5,2,0.31036211232550714,0.13268146065319936,,0.4444444444444445,0.0
59,59,refinement,0.5,3,0.3354636002792447,0.13578739719584199,,0.4444444444444445,0.0
59,59,refinement,0.5,4,0.32876734985809725,0.13278328571740727,,0.5714285714285715,0.0
59,59,refinement,0.5,5,0.32975768635555763,0.13273180395746387,,0.5714285714285715,0.0
59,59,refinement,0.5,6,0.32960056979309976,0.13273180395746387,,0.5714285714285715,0.0
59,59,refinement,0.5,7,0.3184716621575251,0.13273180395746387,,0.5,0.0
59,59,refinement,0.8,0,0.3691758498264472,0.13548847183330492,,0.6666666666666666,0.0
59,59,refinement,0.8,1,0.4674792071907756,0.15914834947591155,,0.8,0.0
59,59,refinement,0.8,2,0.29234600458763793,0.15322417128040547,,0.3636363636363636,0.0
59,59,refinement,0.8,3,0.2995428938372367,0.14974741814036166,,0.25,0.0
59,59,refinement,0.8,4,0.2831409178805634,0.14669454158851164,,0.3636363636363636,0.0
59,59,refinement,0.8,5,0.30277148167458706,0.14316315879025496,,0.3636363636363636,0.0
59,59,refinement,0.8,6,0.2901666711356808,0.1574231044689301,,0.3636363636363636,0.0
59,59,refinement,0.8,7,0.33646096089287886,0.1649852221048556,,0.5714285714285715,0.0
60,60,accumulation,N/A,0,0.353691765260627,0.0685692996207779,,0.4571428571428572,0.25
60,60,accumulation,N/A,1,0.4354368944057974,0.125623731644524,,0.41025641025641024,0.5
60,60,accumulation,N/A,2,0.38274759195607455,0.016682446897613782,,0.3076923076923077,0.25
60,60,accumulation,N/A,3,0.37270584358130554,0.046837516343648064,,0.3902439024390244,0.5
60,60,accumulation,N/A,4,0.271155164285414,0.03458824207755922,,0.3529411764705882,0.0
60,60,accumulation,N/A,5,0.3629333750866193,0.025968470174570442,,0.4666666666666666,0.25
60,60,accumulation,N/A,6,0.39037666907742535,0.17043130877730966,,0.7777777777777778,0.0
60,60,accumulation,N/A,7,0.3099668111180121,0.04047122446783625,,0.46153846153846156,0.25
60,60,refinement,0.5,0,0.353691765260627,0.0685692996207779,,0.4571428571428572,0.25
60,60,refinement,0.5,1,0.42328708877588345,0.069944221853212,,0.4571428571428572,0.75
60,60,refinement,0.5,2,0.3154962477510545,0.06997032613831644,,0.5,0.2
60,60,refinement,0.5,3,0.40462507930888775,0.06892430389534943,,0.5517241379310346,0.5
60,60,refinement,0.5,4,0.4171070453015688,0.06914648647938676,,0.64,0.5
60,60,refinement,0.5,5,0.4497649278108621,0.05941317024244593,,0.6206896551724138,0.75
60,60,refinement,0.5,6,0.37428099236354717,0.06824528362649787,,0.6153846153846153,0.25
60,60,refinement,0.5,7,0.41356468069083663,0.07038859403912481,,0.6153846153846153,0.5
60,60,refinement,0.8,0,0.353691765260627,0.0685692996207779,,0.4571428571428572,0.25
60,60,refinement,0.8,1,0.36901417571986156,0.059029373063170694,,0.5161290322580644,0.25
60,60,refinement,0.8,2,0.36548479143448676,0.06865236714841705,,0.5714285714285714,0.4
60,60,refinement,0.8,3,0.2719648394213591,0.06000561217443888,,0.3018867924528302,0.0
60,60,refinement,0.8,4,0.2536049311074473,0.04276811467836429,,0.32,0.0
60,60,refinement,0.8,5,0.2545726227544187,0.07669943952964488,,0.34782608695652173,0.0
60,60,refinement,0.8,6,0.3335154765586197,0.09598471361288385,,0.5517241379310346,0.2
60,60,refinement,0.8,7,0.4326635669197339,0.07792292274298115,,0.45000000000000007,0.75
61,61,accumulation,N/A,0,0.3497471004659256,0.012713117709935573,,0.40404040404040403,0.125
61,61,accumulation,N/A,1,0.3561627038098456,0.002426478110189744,,0.3658536585365853,0.125
61,61,accumulation,N/A,2,0.40018570942751863,0.018425900743228463,,0.5035971223021584,0.125
61,61,accumulation,N/A,3,0.3381280652225146,0.0005525671616226681,,0.36781609195402304,0.0
61,61,accumulation,N/A,4,0.38879821142379994,0.00861848517155811,,0.45945945945945943,0.25
61,61,accumulation,N/A,5,0.34832185418707257,0.0023095052816186224,,0.4873949579831932,0.0
61,61,accumulation,N/A,6,0.3323742225077349,0.037817128486901753,,0.30097087378640774,0.0
61,61,accumulation,N/A,7,0.38541902443851367,0.006960753249699751,,0.46875000000000006,0.125
61,61,refinement,0.5,0,0.3497471004659256,0.012713117709935573,,0.40404040404040403,0.125
61,61,refinement,0.5,1,0.3629565359525578,0.0043097760014598075,,0.3921568627450981,0.25
61,61,refinement,0.5,2,0.32679795311137144,0.0072179171307372985,,0.43298969072164945,0.125
61,61,refinement,0.5,3,0.31116934448407174,0.006809683919327155,,0.4158415841584158,0.0
61,61,refinement,0.5,4,0.3164633673726547,0.0009646820649673347,,0.47619047619047616,0.0
61,61,refinement,0.5,5,0.3201224142933072,0.006060457194945753,,0.4835164835164836,0.0
61,61,refinement,0.5,6,0.3384784803720473,0.000900504656461106,,0.4791666666666667,0.0
61,61,refinement,0.5,7,0.34487246837038527,0.0003317328238856389,,0.5111111111111111,0.125
61,61,refinement,0.8,0,0.3497471004659256,0.012713117709935573,,0.40404040404040403,0.125
61,61,refinement,0.8,1,0.3449898249669881,0.002225261554160554,,0.3921568627450981,0.125
61,61,refinement,0.8,2,0.37711310972790535,0.0009683093236168261,,0.5098039215686274,0.125
61,61,refinement,0.8,3,0.36471858267161705,0.0009842411237000824,,0.45045045045045046,0.125
61,61,refinement,0.8,4,0.35866471241712317,0.009637081059066034,,0.41726618705035967,0.125
61,61,refinement,0.8,5,0.3525895343235145,0.009046034685964419,,0.37241379310344824,0.125
61,61,refinement,0.8,6,0.3333622952796632,0.0012771197494335917,,0.39999999999999997,0.0
61,61,refinement,0.8,7,0.36608633622838543,0.01542056028660693,,0.4428571428571429,0.125
62,62,accumulation,N/A,0,0.3947393245037614,0.013784966849388814,,0.6495726495726496,0.0
62,62,accumulation,N/A,1,0.31161812251732013,0.010578015140414026,,0.41489361702127664,0.0
62,62,accumulation,N/A,2,0.372182852111012,0.007672738315336929,,0.6551724137931034,0.0
62,62,accumulation,N/A,3,0.3731047225935823,0.009485369946061249,,0.5156250000000001,0.16666666666666666
62,62,accumulation,N/A,4,0.35661286501269795,0.023972169545418386,,0.6078431372549019,0.0
62,62,accumulation,N/A,5,0.31909649552553265,0.026683534975598923,,0.44999999999999996,0.0
62,62,accumulation,N/A,6,0.3028614282913169,0.003978144783091916,,0.475,0.0
62,62,accumulation,N/A,7,0.3543859595839095,0.043356534691474456,,0.5826771653543308,0.0
62,62,refinement,0.5,0,0.3947393245037614,0.013784966849388814,,0.6495726495726496,0.0
62,62,refinement,0.5,1,0.4298452768878452,0.021607092116480806,,0.6851851851851853,0.2
62,62,refinement,0.5,2,0.4281285749186162,0.020153220972082372,,0.6605504587155963,0.2
62,62,refinement,0.5,3,0.4295338469214487,0.02004671803984677,,0.6857142857142856,0.3333333333333333
62,62,refinement,0.5,4,0.4262107079588027,0.02201621002873073,,0.6551724137931034,0.2
62,62,refinement,0.5,5,0.39768454064492026,0.02439142825668967,,0.6666666666666667,0.16666666666666666
62,62,refinement,0.5,6,0.3622488813085156,0.018821906027430238,,0.5806451612903225,0.0
62,62,refinement,0.5,7,0.42022995754235665,0.02216390973970081,,0.6495726495726496,0.3333333333333333
62,62,refinement,0.8,0,0.3947393245037614,0.013784966849388814,,0.6495726495726496,0.0
62,62,refinement,0.8,1,0.38928397852873975,0.015978530484638636,,0.5964912280701754,0.16666666666666666
62,62,refinement,0.8,2,0.3356195767946783,0.01737473516989378,,0.49333333333333335,0.0
62,62,refinement,0.8,3,0.36261547207941386,0.021894006484848117,,0.578125,0.0
62,62,refinement,0.8,4,0.39581860349550924,0.022162980800350805,,0.578125,0.0
62,62,refinement,0.8,5,0.40081464307067705,0.023222785591718042,,0.6080000000000001,0.0
62,62,refinement,0.8,6,0.36782581973556533,0.02523051855650615,,0.578125,0.0
62,62,refinement,0.8,7,0.3562261213400534,0.021477795835568587,,0.48749999999999993,0.0
63,63,accumulation,N/A,0,0.356255952234782,0.10567111004425808,,0.4444444444444444,0.0
63,63,accumulation,N/A,1,0.3340155826449598,0.009074205414837831,,0.4067796610169491,0.2
63,63,accumulation,N/A,2,0.42282915002955246,0.056949449720684525,,0.4411764705882353,0.25
63,63,accumulation,N/A,3,0.43787748631637197,0.22275066663118503,,0.4102564102564102,0.0
63,63,accumulation,N/A,4,0.37036420456816727,0.09473399057327245,,0.4225352112676056,0.2
63,63,accumulation,N/A,5,0.4114910546129953,0.025453006967832013,,0.4666666666666667,0.2
63,63,accumulation,N/A,6,0.3942262840758011,0.02447225643748557,,0.4166666666666667,0.0
63,63,accumulation,N/A,7,0.33202532724526496,0.012302227352236319,,0.38961038961038963,0.0
63,63,refinement,0.5,0,0.356255952234782,0.10567111004425808,,0.4444444444444444,0.0
63,63,refinement,0.5,1,0.3878265735800215,0.1053770791784066,,0.5263157894736841,0.0
63,63,refinement,0.5,2,0.39379167047143837,0.0958253492330324,,0.5789473684210527,0.0
63,63,refinement,0.5,3,0.37877474937485894,0.10665032386601055,,0.46511627906976744,0.0
63,63,refinement,0.5,4,0.37778985785941255,0.10572843717830911,,0.4444444444444444,0.0
63,63,refinement,0.5,5,0.4293141526199097,0.0969505359552926,,0.611111111111111,0.0
63,63,refinement,0.5,6,0.36372540205849097,0.10471259416780994,,0.47619047619047616,0.0
63,63,refinement,0.5,7,0.38608636007740466,0.0969770353923257,,0.5365853658536585,0.0
63,63,refinement,0.8,0,0.356255952234782,0.10567111004425808,,0.4444444444444444,0.0
63,63,refinement,0.8,1,0.380464063549841,0.1109123647049346,,0.47619047619047616,0.0
63,63,refinement,0.8,2,0.41095864041881813,0.061995012813539675,,0.6285714285714286,0.0
63,63,refinement,0.8,3,0.4549441426262646,0.07162134075112608,,0.5555555555555556,0.25
63,63,refinement,0.8,4,0.39725513887288105,0.051143723598215104,,0.5,0.16666666666666666
63,63,refinement,0.8,5,0.45751483563071316,0.09141118094493923,,0.4642857142857143,0.25
63,63,refinement,0.8,6,0.41892868911340864,0.12876610259517332,,0.3448275862068966,0.2
63,63,refinement,0.8,7,0.49267103961584907,0.13414877935077504,,0.35714285714285715,0.5
64,64,accumulation,N/A,0,0.2950867728604639,0.014304750794462919,,0.40559440559440557,0.0
64,64,accumulation,N/A,1,0.30563253711680927,0.008957177834396955,,0.5517241379310345,0.0
64,64,accumulation,N/A,2,0.31391993740802104,0.00010709761685795811,,0.47311827956989244,0.0
64,64,accumulation,N/A,3,0.32805554145757254,0.018177540032981443,,0.3780487804878049,0.0
64,64,accumulation,N/A,4,0.30146141843501567,0.011380191572758375,,0.41758241758241754,0.125
64,64,accumulation,N/A,5,0.3188541535894691,0.010197328408936163,,0.5194805194805195,0.0
64,64,accumulation,N/A,6,0.28883305769241374,0.011790530689166879,,0.5891472868217055,0.0
64,64,accumulation,N/A,7,0.35914893979195,0.013105541067691849,,0.5974025974025974,0.0
64,64,refinement,0.5,0,0.2950867728604639,0.014304750794462919,,0.40559440559440557,0.0
64,64,refinement,0.5,1,0.2981462931628031,0.013742321077522513,,0.39316239316239315,0.0
64,64,refinement,0.5,2,0.3156494844540866,0.016858859755039972,,0.44628099173553715,0.0
64,64,refinement,0.5,3,0.37060195048511624,0.01187741656551677,,0.5225225225225225,0.2857142857142857
64,64,refinement,0.5,4,0.3836396876612373,0.011094600531745212,,0.5811965811965812,0.2857142857142857
64,64,refinement,0.5,5,0.3784880445508976,0.012755620003790208,,0.5769230769230769,0.16666666666666666
64,64,refinement,0.5,6,0.35852395317844804,0.009487420196475313,,0.5945945945945946,0.0
64,64,refinement,0.5,7,0.3398851464992821,0.0109040374703906,,0.5849056603773585,0.0
64,64,refinement,0.8,0,0.2950867728604639,0.014304750794462919,,0.40559440559440557,0.0
64,64,refinement,0.8,1,0.3595218881317041,0.013040131133519756,,0.5128205128205128,0.0
64,64,refinement,0.8,2,0.33445783735693624,0.011347105262382856,,0.43356643356643354,0.0
64,64,refinement,0.8,3,0.3464157959650279,0.009857375727431256,,0.4705882352941176,0.0
64,64,refinement,0.8,4,0.3716808947264929,0.011048617777045907,,0.45161290322580644,0.0
64,64,refinement,0.8,5,0.35333587155158724,0.005018804778474072,,0.524822695035461,0.0
64,64,refinement,0.8,6,0.3323533216235282,0.003440885955267124,,0.5263157894736843,0.0
64,64,refinement,0.8,7,0.3333012552061261,0.009539891749787737,,0.4831460674157303,0.0
65,65,accumulation,N/A,0,0.38155102410625574,0.004377460583593029,,0.6451612903225806,0.14285714285714285
65,65,accumulation,N/A,1,0.38579816631034153,0.011132088943965378,,0.5764705882352941,0.0
65,65,accumulation,N/A,2,0.35837005890341067,0.01379352435665337,,0.4972375690607735,0.0
65,65,accumulation,N/A,3,0.35609187208174137,0.020108214873786362,,0.5181347150259068,0.125
65,65,accumulation,N/A,4,0.3234225953574617,0.008188736174080051,,0.4403669724770642,0.0
65,65,accumulation,N/A,5,0.35092242053393485,0.013918291586459013,,0.46296296296296297,0.0
65,65,accumulation,N/A,6,0.3893306008468988,0.009898052242995364,,0.703125,0.125
65,65,accumulation,N/A,7,0.3510348987006663,0.0009328553193673619,,0.519774011299435,0.125
65,65,refinement,0.5,0,0.38155102410625574,0.004377460583593029,,0.6451612903225806,0.14285714285714285
65,65,refinement,0.5,1,0.4103782227533064,0.005777566237718603,,0.7010309278350516,0.2857142857142857
65,65,refinement,0.5,2,0.3474196265831326,0.0009402167154497237,,0.6666666666666666,0.0
65,65,refinement,0.5,3,0.38829130627097697,0.0011340251063087048,,0.6862745098039216,0.14285714285714285
65,65,refinement,0.5,4,0.3894560517710502,0.0009141782970635806,,0.6728971962616823,0.14285714285714285
65,65,refinement,0.5,5,0.3588115722677008,0.0009121987723792882,,0.6470588235294118,0.0
65,65,refinement,0.5,6,0.3586858642562688,0.0008048658507201748,,0.6422018348623854,0.0
65,65,refinement,0.5,7,0.3565444430622734,0.0011733692118437832,,0.6355140186915889,0.0
65,65,refinement,0.8,0,0.38155102410625574,0.004377460583593029,,0.6451612903225806,0.14285714285714285
65,65,refinement,0.8,1,0.3595655364410651,0.0059032825182394845,,0.5818181818181818,0.0
65,65,refinement,0.8,2,0.3693409480523842,0.01037156712868636,,0.5,0.125
65,65,refinement,0.8,3,0.35492343110428815,0.0078115727701196305,,0.4366812227074236,0.0
65,65,refinement,0.8,4,0.3689574457098274,0.00528194337890498,,0.5257142857142857,0.125
65,65,refinement,0.8,5,0.3635219214344245,0.00341042687168644,,0.5050505050505051,0.125
65,65,refinement,0.8,6,0.3302143983652003,0.001148767029348943,,0.5,0.0
65,65,refinement,0.8,7,0.36614085002599867,0.006364528857793545,,0.6216216216216216,0.125
66,66,accumulation,N/A,0,0.31177479822506926,0.005701775115455653,,0.6222222222222222,0.0
66,66,accumulation,N/A,1,0.30286634045890853,0.0025758967799403764,,0.5024630541871922,0.0
66,66,accumulation,N/A,2,0.2767031622708431,0.002485439755801188,,0.3566433566433566,0.0
66,66,accumulation,N/A,3,0.29543968156218314,0.0051512426285508905,,0.3416370106761566,0.0
66,66,accumulation,N/A,4,0.3061819334763055,0.013761071705207286,,0.3509933774834437,0.0
66,66,accumulation,N/A,5,0.30406997436014643,0.0019457630505010442,,0.43724696356275305,0.14285714285714285
66,66,accumulation,N/A,6,0.3321669238936224,0.012470013483798016,,0.4615384615384615,0.0
66,66,accumulation,N/A,7,0.2959972105336798,0.0003847080786386667,,0.4065040650406504,0.0
66,66,refinement,0.5,0,0.31177479822506926,0.005701775115455653,,0.6222222222222222,0.0
66,66,refinement,0.5,1,0.30889026002804054,0.0,,0.6178861788617886,0.0
66,66,refinement,0.5,2,0.3264841169806521,8.25037508007726e-05,,0.5909090909090909,0.14285714285714285
66,66,refinement,0.5,3,0.31877894428184494,0.0,,0.5161290322580644,0.14285714285714285
66,66,refinement,0.5,4,0.28605271504554713,0.0,,0.6027397260273972,0.0
66,66,refinement,0.5,5,0.29924053047327287,0.0,,0.5578231292517006,0.0
66,66,refinement,0.5,6,0.30069088840793473,0.0,,0.5774647887323944,0.0
66,66,refinement,0.5,7,0.32740015017783697,0.0,,0.5974025974025974,0.14285714285714285
66,66,refinement,0.8,0,0.31177479822506926,0.005701775115455653,,0.6222222222222222,0.0
66,66,refinement,0.8,1,0.33932947598682195,0.0036216674799673778,,0.5594405594405595,0.375
66,66,refinement,0.8,2,0.35769261237234573,0.0007766536470981982,,0.5833333333333334,0.2857142857142857
66,66,refinement,0.8,3,0.2651667717234758,0.00040614541230946506,,0.4878048780487805,0.0
66,66,refinement,0.8,4,0.31559546903733926,0.0012886857498779836,,0.578125,0.125
66,66,refinement,0.8,5,0.3065541420282922,0.0035749021605593974,,0.48437499999999994,0.0
66,66,refinement,0.8,6,0.3068638256186676,0.0019330426666864138,,0.5174825174825174,0.0
66,66,refinement,0.8,7,0.30285304931684914,0.00031560080231000085,,0.5508982035928144,0.0
67,67,accumulation,N/A,0,0.5347442115937736,0.6262402066175998,,0.2222222222222222,0.3333333333333333
67,67,accumulation,N/A,1,0.7589889793856487,0.4330363846913547,,1.0,1.0
67,67,accumulation,N/A,2,0.3202473201179593,0.3314121958930923,,0.0026845637583892616,0.0
67,67,accumulation,N/A,3,0.3185462898478736,0.13744545189194654,,0.014814814814814815,0.3333333333333333
67,67,accumulation,N/A,4,0.2960596748219011,0.026736607579108698,,0.037037037037037035,0.0
67,67,accumulation,N/A,5,0.2422564511234283,0.002774011451040138,,0.0036166365280289334,0.0
67,67,accumulation,N/A,6,0.3614073001387611,0.3987411329875369,,0.14285714285714288,0.0
67,67,accumulation,N/A,7,0.422919539067106,0.16844498236981684,,0.5,0.3333333333333333
67,67,refinement,0.5,0,0.5347442115937736,0.6262402066175998,,0.2222222222222222,0.3333333333333333
67,67,refinement,0.5,1,0.544846279100855,0.6235055332262566,,0.2857142857142857,0.3333333333333333
67,67,refinement,0.5,2,0.5539883905568246,0.6262402066175998,,0.33333333333333337,0.3333333333333333
67,67,refinement,0.5,3,0.5411211454504748,0.6262402066175998,,0.25,0.3333333333333333
67,67,refinement,0.5,4,0.5486750941439791,0.6523335485600006,,0.2857142857142857,0.3333333333333333
67,67,refinement,0.5,5,0.5777512038396775,0.6247127914795082,,0.5,0.3333333333333333
67,67,refinement,0.5,6,0.5455088797714849,0.6247127914795082,,0.2857142857142857,0.3333333333333333
67,67,refinement,0.5,7,0.5952004263008615,0.6247127914795082,,0.2857142857142857,0.5
67,67,refinement,0.8,0,0.5347442115937736,0.6262402066175998,,0.2222222222222222,0.3333333333333333
67,67,refinement,0.8,1,0.4896064742296895,0.49656784693592093,,0.16666666666666669,0.25
67,67,refinement,0.8,2,0.8444194931892857,0.5812384168538511,,1.0,1.0
67,67,refinement,0.8,3,0.6426349358797406,0.5089117489490967,,0.6666666666666666,0.5
67,67,refinement,0.8,4,0.6319740121395364,0.4715196162185986,,0.6666666666666666,0.5
67,67,refinement,0.8,5,0.6400368944464582,0.5648964600318115,,0.6666666666666666,0.5
67,67,refinement,0.8,6,0.6263346560081029,0.6459926272323566,,0.5,0.5
67,67,refinement,0.8,7,0.5077660897357829,0.44703216799251816,,0.33333333333333337,0.25
68,68,accumulation,N/A,0,0.24770979637969914,0.0,,0.07999999999999999,0.0
68,68,accumulation,N/A,1,0.1716717145135665,0.008008301307331576,,0.01886792452830189,0.0
68,68,accumulation,N/A,2,0.1875814036526271,0.06970958006423561,,0.07999999999999999,0.0
68,68,accumulation,N/A,3,0.1974859218278729,0.0,,0.0030534351145038168,0.0
68,68,accumulation,N/A,4,0.14607084532251602,0.04753704615284859,,0.0018331805682859762,0.0
68,68,accumulation,N/A,5,0.19863692358534987,0.00542585630743526,,0.013071895424836602,0.0
68,68,accumulation,N/A,6,0.19250059666531005,0.0,,0.024096385542168676,0.0
68,68,accumulation,N/A,7,0.3908164172200024,0.0,,0.5,0.0
68,68,refinement,0.5,0,0.24770979637969914,0.0,,0.07999999999999999,0.0
68,68,refinement,0.5,1,0.23756012418521788,0.0,,0.08333333333333333,0.0
68,68,refinement,0.5,2,0.28345985406643626,0.0,,0.09523809523809523,0.0
68,68,refinement,0.5,3,0.25565205097868976,0.0,,0.08695652173913045,0.0
68,68,refinement,0.5,4,0.28374673270495465,0.0,,0.1111111111111111,0.0
68,68,refinement,0.5,5,0.2635097016287854,0.0,,0.14285714285714288,0.0
68,68,refinement,0.5,6,0.2607648216850637,0.0,,0.125,0.0
68,68,refinement,0.5,7,0.2851807565412201,0.0,,0.11764705882352941,0.0
68,68,refinement,0.8,0,0.24770979637969914,0.0,,0.07999999999999999,0.0
68,68,refinement,0.8,1,0.2984902811995729,0.0,,0.18181818181818182,0.0
68,68,refinement,0.8,2,0.2606424833205392,0.0,,0.1111111111111111,0.0
68,68,refinement,0.8,3,0.2943374733846395,0.0,,0.33333333333333337,0.0
68,68,refinement,0.8,4,0.2159984380868738,0.0,,0.25,0.0
68,68,refinement,0.8,5,0.2556835622225446,0.12069535258305997,,0.33333333333333337,0.0
68,68,refinement,0.8,6,0.19974883917725164,0.0,,0.2222222222222222,0.0
68,68,refinement,0.8,7,0.25022849804790703,0.1643596973510096,,0.2857142857142857,0.0
69,69,accumulation,N/A,0,0.4263250585521877,0.04898632454587446,,0.4516129032258065,0.16666666666666666
69,69,accumulation,N/A,1,0.3948526806448227,0.045718754028254247,,0.358974358974359,0.16666666666666666
69,69,accumulation,N/A,2,0.3892349631992087,0.04497227592429635,,0.3103448275862069,0.16666666666666666
69,69,accumulation,N/A,3,0.23396505433162262,0.012197384564485474,,0.3448275862068966,0.0
69,69,accumulation,N/A,4,0.3920565391559693,0.03850839473255583,,0.4444444444444444,0.0
69,69,accumulation,N/A,5,0.3333333542370378,0.024081965077170957,,0.5333333333333333,0.0
69,69,accumulation,N/A,6,0.3873214057110317,0.029098028629920083,,0.27692307692307694,0.0
69,69,accumulation,N/A,7,0.3675266652157382,0.11133670606356734,,0.4375,0.16666666666666666
69,69,refinement,0.5,0,0.4263250585521877,0.04898632454587446,,0.4516129032258065,0.16666666666666666
69,69,refinement,0.5,1,0.38045499746423606,0.042813064103712634,,0.4705882352941177,0.0
69,69,refinement,0.5,2,0.3740779801914893,0.04953713414862871,,0.4375,0.0
69,69,refinement,0.5,3,0.3609223050598988,0.05018493496518447,,0.3783783783783784,0.0
69,69,refinement,0.5,4,0.362895312895521,0.05628621022293895,,0.35000000000000003,0.0
69,69,refinement,0.5,5,0.36673119997695025,0.053771383352856306,,0.4,0.0
69,69,refinement,0.5,6,0.37033108662003633,0.04823491283582396,,0.42105263157894735,0.0
69,69,refinement,0.5,7,0.359564460636952,0.04554436824919656,,0.326530612244898,0.0
69,69,refinement,0.8,0,0.4263250585521877,0.04898632454587446,,0.4516129032258065,0.16666666666666666
69,69,refinement,0.8,1,0.4636781351510547,0.04192533205016474,,0.5161290322580646,0.3333333333333333
69,69,refinement,0.8,2,0.39762350028983856,0.05975809188158887,,0.43243243243243246,0.0
69,69,refinement,0.8,3,0.40433650617943295,0.06967404399714684,,0.3404255319148936,0.16666666666666666
69,69,refinement,0.8,4,0.3661221671992734,0.09051784073403756,,0.46153846153846156,0.0
69,69,refinement,0.8,5,0.39843182092183926,0.09370418704503544,,0.4736842105263157,0.16666666666666666
69,69,refinement,0.8,6,0.43673998020522153,0.09019022051945878,,0.5806451612903226,0.2
69,69,refinement,0.8,7,0.38483061251651995,0.08766932906207042,,0.4444444444444444,0.0
70,70,accumulation,N/A,0,0.4402183294371535,0.04369825995833397,,0.48148148148148157,0.5714285714285714
70,70,accumulation,N/A,1,0.30670399607547094,0.009693911027454646,,0.4086021505376343,0.0
70,70,accumulation,N/A,2,0.3270806913348414,0.01681009053118803,,0.5137614678899083,0.125
70,70,accumulation,N/A,3,0.4321201052254267,0.019972706304705358,,0.528,0.14285714285714285
70,70,accumulation,N/A,4,0.3371791088835691,0.037735313678459774,,0.5098039215686274,0.14285714285714285
70,70,accumulation,N/A,5,0.30059027890514756,0.02689566773373635,,0.5555555555555557,0.14285714285714285
70,70,accumulation,N/A,6,0.3528294151087034,0.03789787606750286,,0.48192771084337355,0.14285714285714285
70,70,accumulation,N/A,7,0.3802501838122312,0.01383698470706654,,0.5333333333333333,0.0
70,70,refinement,0.5,0,0.4402183294371535,0.04369825995833397,,0.48148148148148157,0.5714285714285714
70,70,refinement,0.5,1,0.3859026951729535,0.029889401154503243,,0.5671641791044776,0.0
70,70,refinement,0.5,2,0.4043686713150517,0.02169209880164309,,0.6075949367088608,0.14285714285714285
70,70,refinement,0.5,3,0.37450191016075857,0.028559572610621066,,0.5333333333333332,0.14285714285714285
70,70,refinement,0.5,4,0.4246833694137992,0.028283617404920063,,0.5797101449275363,0.2857142857142857
70,70,refinement,0.5,5,0.4107517054874834,0.025335223955409335,,0.5915492957746479,0.2857142857142857
70,70,refinement,0.5,6,0.3987475156666272,0.0336526822214925,,0.5074626865671642,0.14285714285714285
70,70,refinement,0.5,7,0.4254951594656564,0.03044551753369107,,0.5757575757575757,0.2857142857142857
70,70,refinement,0.8,0,0.4402183294371535,0.04369825995833397,,0.48148148148148157,0.5714285714285714
70,70,refinement,0.8,1,0.45853734407047464,0.029090221129630483,,0.5396825396825397,0.42857142857142855
70,70,refinement,0.8,2,0.408050488755497,0.027807670704301943,,0.5176470588235293,0.2857142857142857
70,70,refinement,0.8,3,0.4122964594056484,0.02473077560423967,,0.558139534883721,0.14285714285714285
70,70,refinement,0.8,4,0.37865858277652364,0.029336072548320116,,0.5238095238095238,0.14285714285714285
70,70,refinement,0.8,5,0.38581819883343094,0.024529996924229004,,0.54320987654321,0.14285714285714285
70,70,refinement,0.8,6,0.4247595498737342,0.024203912046046543,,0.5957446808510638,0.14285714285714285
70,70,refinement,0.8,7,0.4318870388942179,0.028372826747545456,,0.6578947368421053,0.2857142857142857
71,71,accumulation,N/A,0,0.37842413776275985,0.005182003860095387,,0.505050505050505,0.14285714285714285
71,71,accumulation,N/A,1,0.18532483515056256,0.0024102955021962644,,0.3478260869565218,0.0
71,71,accumulation,N/A,2,0.32471332856932755,0.010503629004874579,,0.5225225225225226,0.14285714285714285
71,71,accumulation,N/A,3,0.2829449280537672,0.00021540761657563019,,0.3684210526315789,0.0
71,71,accumulation,N/A,4,0.28452356695895675,0.028200517541035294,,0.5309734513274336,0.0
71,71,accumulation,N/A,5,0.29454824624280795,0.00039143487419349496,,0.5242718446601942,0.14285714285714285
71,71,accumulation,N/A,6,0.2584390722388371,0.020751107555239137,,0.4717948717948718,0.0
71,71,accumulation,N/A,7,0.3400283577619689,0.0258023423254428,,0.46874999999999994,0.0
71,71,refinement,0.5,0,0.37842413776275985,0.005182003860095387,,0.505050505050505,0.14285714285714285
71,71,refinement,0.5,1,0.3169956817927305,0.00911166840314238,,0.5176470588235293,0.0
71,71,refinement,0.5,2,0.3751949759415407,0.006954404379217496,,0.6185567010309279,0.0
71,71,refinement,0.5,3,0.3648037010317848,0.0007656269834697986,,0.5494505494505495,0.0
71,71,refinement,0.5,4,0.3621056868834013,0.0037481113679975007,,0.5416666666666666,0.0
71,71,refinement,0.5,5,0.36338764793169814,0.006963800806256807,,0.5370370370370371,0.0
71,71,refinement,0.5,6,0.358464024339699,0.000609112983864827,,0.543859649122807,0.0
71,71,refinement,0.5,7,0.3439027396185556,0.0004630446483489508,,0.5631067961165049,0.0
71,71,refinement,0.8,0,0.37842413776275985,0.005182003860095387,,0.505050505050505,0.14285714285714285
71,71,refinement,0.8,1,0.3830008989699544,0.02208568800347933,,0.6603773584905661,0.14285714285714285
71,71,refinement,0.8,2,0.3772268390115419,0.016716477089377776,,0.6428571428571428,0.0
71,71,refinement,0.8,3,0.4055318988322841,0.017314559375304316,,0.7226890756302521,0.0
71,71,refinement,0.8,4,0.4200914653325091,0.01605235581054665,,0.6776859504132231,0.14285714285714285
71,71,refinement,0.8,5,0.41414279867384873,0.021835886989927056,,0.65625,0.14285714285714285
71,71,refinement,0.8,6,0.37065009017168715,0.01131006745954126,,0.6341463414634148,0.0
71,71,refinement,0.8,7,0.40052428053727845,0.020888236920250595,,0.6885245901639344,0.14285714285714285
72,72,accumulation,N/A,0,0.39473201682719833,0.22374091548251632,,0.3157894736842105,0.2
72,72,accumulation,N/A,1,0.3352314594717136,0.04124533717452271,,0.3333333333333333,0.2
72,72,accumulation,N/A,2,0.27788822363847654,0.05696753206018368,,0.2564102564102564,0.0
72,72,accumulation,N/A,3,0.3164952068343796,0.0,,0.1935483870967742,0.25
72,72,accumulation,N/A,4,0.3126220811546855,0.020748589887290832,,0.33333333333333337,0.0
72,72,accumulation,N/A,5,0.4060157822955607,0.053818420997269446,,0.4878048780487806,0.2
72,72,accumulation,N/A,6,0.30170277760015407,0.011687724454582408,,0.43478260869565216,0.0
72,72,accumulation,N/A,7,0.2703028092351766,0.053053298638021405,,0.25,0.16666666666666666
72,72,refinement,0.5,0,0.39473201682719833,0.22374091548251632,,0.3157894736842105,0.2
72,72,refinement,0.5,1,0.42627083661636656,0.23144203866367108,,0.3157894736842105,0.25
72,72,refinement,0.5,2,0.38179092567158046,0.23281067371604036,,0.35294117647058826,0.0
72,72,refinement,0.5,3,0.3880919175373249,0.23082268046184232,,0.3,0.2
72,72,refinement,0.5,4,0.39201317837323213,0.3466713640382129,,0.25,0.0
72,72,refinement,0.5,5,0.3732738168839426,0.22975791297794743,,0.35294117647058826,0.0
72,72,refinement,0.5,6,0.37073477180482584,0.22975791297794743,,0.28571428571428575,0.0
72,72,refinement,0.5,7,0.38809266493811967,0.3446368694669211,,0.23529411764705882,0.0
72,72,refinement,0.8,0,0.39473201682719833,0.22374091548251632,,0.3157894736842105,0.2
72,72,refinement,0.8,1,0.38470855275964044,0.23082268046184232,,0.3333333333333333,0.0
72,72,refinement,0.8,2,0.3938963036168404,0.23633147094049065,,0.375,0.0
72,72,refinement,0.8,3,0.40064933973662,0.3436168902301815,,0.26666666666666666,0.0
72,72,refinement,0.8,4,0.3969502150914376,0.23047070999068398,,0.375,0.0
72,72,refinement,0.8,5,0.38602186102396346,0.22650457617607447,,0.35294117647058826,0.0
72,72,refinement,0.8,6,0.39531648771306477,0.3376104278698288,,0.25,0.0
72,72,refinement,0.8,7,0.39166988870793096,0.22414286644478895,,0.35294117647058826,0.0
73,73,accumulation,N/A,0,0.30232438738423034,0.11621888917117729,,0.33333333333333337,0.0
73,73,accumulation,N/A,1,0.39512295347052273,0.2059059407923728,,0.4,0.0
73,73,accumulation,N/A,2,0.46863538631496693,0.25359420118845744,,0.5,0.0
73,73,accumulation,N/A,3,0.367364236927173,0.0,,0.0,0.0
73,73,accumulation,N/A,4,0.43468395840364626,0.31993921600126735,,0.2857142857142857,0.25
73,73,accumulation,N/A,5,0.488411971188656,0.11107383122710077,,0.5,0.0
73,73,accumulation,N/A,6,0.3390702321810257,0.17061390817716127,,0.2857142857142857,0.0
73,73,accumulation,N/A,7,0.37630854093266297,0.34387966942839565,,0.25,0.0
73,73,refinement,0.5,0,0.30232438738423034,0.11621888917117729,,0.33333333333333337,0.0
73,73,refinement,0.5,1,0.3496435967295294,0.12146443550615586,,0.4,0.0
73,73,refinement,0.5,2,0.3436477581896905,0.12110649870599083,,0.33333333333333337,0.0
73,73,refinement,0.5,3,0.47972708697121064,0.12110649870599083,,0.6666666666666666,0.0
73,73,refinement,0.5,4,0.4922886842722882,0.13905254715925958,,0.6666666666666666,0.0
73,73,refinement,0.5,5,0.4997457403019493,0.15415241332333182,,0.6666666666666666,0.0
73,73,refinement,0.5,6,0.5054013232144764,0.15484033835810013,,0.6666666666666666,0.0
73,73,refinement,0.5,7,0.4084192687448033,0.15399030632025387,,0.5,0.0
73,73,refinement,0.8,0,0.30232438738423034,0.11621888917117729,,0.33333333333333337,0.0
73,73,refinement,0.8,1,0.472960407417667,0.13328953478452,,0.6666666666666666,0.0
73,73,refinement,0.8,2,0.35068114642964465,0.13372236708262317,,0.33333333333333337,0.0
73,73,refinement,0.8,3,0.7289287896481079,0.12594964673236717,,1.0,1.0
73,73,refinement,0.8,4,0.7328799900567478,0.12011649950885023,,1.0,1.0
73,73,refinement,0.8,5,0.73626451186352,0.13159659294216955,,1.0,1.0
73,73,refinement,0.8,6,0.5351280821206232,0.1499843887073955,,0.6666666666666666,0.5
73,73,refinement,0.8,7,0.5297355474868178,0.10253917254392263,,0.6666666666666666,0.5
74,74,accumulation,N/A,0,0.3639915774913882,0.09457699013079908,,0.16279069767441862,0.125
74,74,accumulation,N/A,1,0.3084257386737528,0.09876690370567527,,0.23076923076923073,0.14285714285714285
74,74,accumulation,N/A,2,0.3669304914818452,0.1279114239766292,,0.27118644067796605,0.0
74,74,accumulation,N/A,3,0.2517611744092858,0.02386534633714592,,0.21052631578947367,0.0
74,74,accumulation,N/A,4,0.30927521982462725,0.09781754667675739,,0.29166666666666663,0.0
74,74,accumulation,N/A,5,0.4260802556527864,0.25369250471623717,,0.18918918918918917,0.25
74,74,accumulation,N/A,6,0.35830604026398954,0.04237321385787236,,0.25,0.14285714285714285
74,74,accumulation,N/A,7,0.3610636694252372,0.13993073449605836,,0.15384615384615383,0.125
74,74,refinement,0.5,0,0.3639915774913882,0.09457699013079908,,0.16279069767441862,0.125
74,74,refinement,0.5,1,0.3630576156533825,0.09420808730785737,,0.1686746987951807,0.125
74,74,refinement,0.5,2,0.3622705959240992,0.10632076630869224,,0.16666666666666669,0.125
74,74,refinement,0.5,3,0.36676128514623074,0.10632892023864507,,0.18421052631578946,0.125
74,74,refinement,0.5,4,0.3823747659183631,0.09501214516389302,,0.15730337078651685,0.125
74,74,refinement,0.5,5,0.38144304064894696,0.1026980234401107,,0.16470588235294115,0.125
74,74,refinement,0.5,6,0.35892309728854155,0.10568853173765502,,0.17721518987341772,0.125
74,74,refinement,0.5,7,0.358735286951758,0.15685073178705894,,0.15217391304347827,0.125
74,74,refinement,0.8,0,0.3639915774913882,0.09457699013079908,,0.16279069767441862,0.125
74,74,refinement,0.8,1,0.36094392382784557,0.09467007434576054,,0.175,0.125
74,74,refinement,0.8,2,0.3656674914141045,0.10473892181692022,,0.21212121212121213,0.125
74,74,refinement,0.8,3,0.377371388180413,0.13582854064026292,,0.175,0.125
74,74,refinement,0.8,4,0.380100070056497,0.12614049593762894,,0.21875,0.14285714285714285
74,74,refinement,0.8,5,0.3965657961132624,0.1060873225103401,,0.20689655172413793,0.14285714285714285
74,74,refinement,0.8,6,0.370173806976996,0.07920800068017314,,0.2191780821917808,0.0
74,74,refinement,0.8,7,0.3644532136234293,0.10687413586081092,,0.14285714285714285,0.14285714285714285
75,75,accumulation,N/A,0,0.4367399647489009,0.006202771336640477,,0.6944444444444445,0.3333333333333333
75,75,accumulation,N/A,1,0.35228808533020317,0.00023664472299475645,,0.4084507042253521,0.0
75,75,accumulation,N/A,2,0.4407955752296685,0.010006818764991258,,0.5194805194805194,0.3333333333333333
75,75,accumulation,N/A,3,0.3661626116683321,0.015618458267499418,,0.5,0.0
75,75,accumulation,N/A,4,0.34352239535894735,0.0017401251062506076,,0.484375,0.0
75,75,accumulation,N/A,5,0.3029516930406339,0.004495992256023437,,0.45,0.0
75,75,accumulation,N/A,6,0.35191261762635695,0.0,,0.43076923076923074,0.0
75,75,accumulation,N/A,7,0.3367921659685483,0.0048474362617719246,,0.4689655172413793,0.0
75,75,refinement,0.5,0,0.4367399647489009,0.006202771336640477,,0.6944444444444445,0.3333333333333333
75,75,refinement,0.5,1,0.3782193872344648,0.009015811373366876,,0.6329113924050632,0.0
75,75,refinement,0.5,2,0.40511020529912556,0.007061286246740892,,0.6352941176470589,0.16666666666666666
75,75,refinement,0.5,3,0.39456154283260747,0.008745725459386023,,0.5853658536585366,0.14285714285714285
75,75,refinement,0.5,4,0.3633306676810577,0.004728868068311213,,0.5,0.14285714285714285
75,75,refinement,0.5,5,0.39505950405613555,0.003873262947169609,,0.4594594594594595,0.16666666666666666
75,75,refinement,0.5,6,0.40815072939691877,0.0035251249019364736,,0.5373134328358208,0.3333333333333333
75,75,refinement,0.5,7,0.3770797769975455,0.0030758890738024924,,0.4931506849315068,0.16666666666666666
75,75,refinement,0.8,0,0.4367399647489009,0.006202771336640477,,0.6944444444444445,0.3333333333333333
75,75,refinement,0.8,1,0.3641200750183474,0.0031663368478461263,,0.4819277108433735,0.0
75,75,refinement,0.8,2,0.37930713435841934,0.0,,0.45,0.0
75,75,refinement,0.8,3,0.38363674891689387,0.0,,0.47368421052631576,0.0
75,75,refinement,0.8,4,0.3748853384004752,0.015792278480004376,,0.41666666666666663,0.16666666666666666
75,75,refinement,0.8,5,0.3766990117530996,0.013016749511628971,,0.4473684210526316,0.16666666666666666
75,75,refinement,0.8,6,0.3304026296965494,0.018002172149010145,,0.42105263157894735,0.0
75,75,refinement,0.8,7,0.3386382734286778,0.01586112165153379,,0.35443037974683544,0.0
76,76,accumulation,N/A,0,0.2531449066406924,0.0,,0.38333333333333336,0.0
76,76,accumulation,N/A,1,0.3411126054003609,0.014373599977232941,,0.3765690376569037,0.0
76,76,accumulation,N/A,2,0.35446078493603594,0.008791183235400384,,0.4979591836734693,0.0
76,76,accumulation,N/A,3,0.34508833885092816,0.009646197057225853,,0.3868312757201646,0.0
76,76,accumulation,N/A,4,0.34600868739375035,0.004929533790021774,,0.4403669724770643,0.0
76,76,accumulation,N/A,5,0.36191889283832734,0.015759626605312615,,0.4423963133640553,0.14285714285714285
76,76,accumulation,N/A,6,0.3146186986868455,0.0,,0.43333333333333335,0.0
76,76,accumulation,N/A,7,0.34116977582754904,0.006193629269172895,,0.3203883495145631,0.0
76,76,refinement,0.5,0,0.2531449066406924,0.0,,0.38333333333333336,0.0
76,76,refinement,0.5,1,0.3465476028775126,0.0,,0.45588235294117646,0.16666666666666666
76,76,refinement,0.5,2,0.28536131132459985,0.0,,0.49230769230769234,0.0
76,76,refinement,0.5,3,0.32218398534914255,0.0,,0.49350649350649356,0.0
76,76,refinement,0.5,4,0.2840632495483,0.0,,0.36231884057971014,0.0
76,76,refinement,0.5,5,0.30240618575023315,0.0,,0.3589743589743589,0.0
76,76,refinement,0.5,6,0.27424499761403237,0.0,,0.3972602739726027,0.0
76,76,refinement,0.5,7,0.29508363202805343,0.0,,0.39534883720930236,0.125
76,76,refinement,0.8,0,0.2531449066406924,0.0,,0.38333333333333336,0.0
76,76,refinement,0.8,1,0.3264265800044867,0.0,,0.4171779141104294,0.0
76,76,refinement,0.8,2,0.3431732718257275,0.0003980702504871896,,0.42553191489361697,0.2857142857142857
76,76,refinement,0.8,3,0.29932594869608614,0.0008857066572956964,,0.3950617283950617,0.0
76,76,refinement,0.8,4,0.28355299047326676,0.002803301536914819,,0.34285714285714286,0.0
76,76,refinement,0.8,5,0.29768712151127963,0.009877843304605192,,0.42105263157894735,0.0
76,76,refinement,0.8,6,0.30273400627214786,0.0,,0.36986301369863017,0.125
76,76,refinement,0.8,7,0.26114780789872316,0.0,,0.3163841807909604,0.0
77,77,accumulation,N/A,0,0.3223994557654837,0.006486564171067134,,0.5714285714285714,0.0
77,77,accumulation,N/A,1,0.38039680649622565,0.0743361833115797,,0.3602484472049689,0.0
77,77,accumulation,N/A,2,0.4320209537965576,0.007642133150514857,,0.631578947368421,0.14285714285714285
77,77,accumulation,N/A,3,0.35053330139850014,0.007027179727679016,,0.48677248677248686,0.0
77,77,accumulation,N/A,4,0.3346958083778055,0.03502596172383218,,0.48780487804878053,0.0
77,77,accumulation,N/A,5,0.35008360771378144,0.014719556161997544,,0.5033112582781456,0.0
77,77,accumulation,N/A,6,0.35469962048093506,0.012550942123764959,,0.5701357466063348,0.0
77,77,accumulation,N/A,7,0.4022836695727304,0.0010090104560825717,,0.5684210526315789,0.14285714285714285
77,77,refinement,0.5,0,0.3223994557654837,0.006486564171067134,,0.5714285714285714,0.0
77,77,refinement,0.5,1,0.3429397495657904,0.0043216000773382435,,0.5697674418604651,0.0
77,77,refinement,0.5,2,0.34268782353120775,0.005831368853270823,,0.5616438356164384,0.0
77,77,refinement,0.5,3,0.3172664029243041,0.005857946481345608,,0.5430463576158939,0.0
77,77,refinement,0.5,4,0.3119387657791197,0.00583896509480321,,0.5255474452554745,0.0
77,77,refinement,0.5,5,0.38720456219375643,0.0042656115086553035,,0.5987261146496815,0.2857142857142857
77,77,refinement,0.5,6,0.32504572469668214,0.00020791898951608222,,0.5620915032679739,0.0
77,77,refinement,0.5,7,0.3671602201801873,0.0014870793291893057,,0.5975609756097561,0.125
77,77,refinement,0.8,0,0.3223994557654837,0.006486564171067134,,0.5714285714285714,0.0
77,77,refinement,0.8,1,0.37201804611789246,0.003843226643355396,,0.6282051282051283,0.0
77,77,refinement,0.8,2,0.37123712367258155,0.004659656698761785,,0.4415584415584416,0.14285714285714285
77,77,refinement,0.8,3,0.37832579832698476,0.005196411461476605,,0.4774193548387097,0.14285714285714285
77,77,refinement,0.8,4,0.39583112300482665,0.0042174397481388815,,0.423076923076923,0.2857142857142857
77,77,refinement,0.8,5,0.3021222239829971,0.0017236782589455655,,0.379746835443038,0.0
77,77,refinement,0.8,6,0.3796188459247213,0.008531043528453278,,0.4767441860465116,0.14285714285714285
77,77,refinement,0.8,7,0.37492812788755536,0.0013044332653031287,,0.46408839779005523,0.14285714285714285
78,78,accumulation,N/A,0,0.26693657053009134,0.0,,0.36363636363636365,0.0
78,78,accumulation,N/A,1,0.3239156523902849,0.0,,0.04347826086956522,0.0
78,78,accumulation,N/A,2,0.33485845362086863,0.0,,0.6,0.0
78,78,accumulation,N/A,3,0.30934471860396917,0.025730753395971372,,0.09876543209876544,0.0
78,78,accumulation,N/A,4,0.26745844431405824,0.03365913225003926,,0.04878048780487805,0.0
78,78,accumulation,N/A,5,0.2983392150341717,0.032043895747599305,,0.31578947368421056,0.0
78,78,accumulation,N/A,6,0.28323562264290514,0.0005211016336912664,,0.04285714285714286,0.0
78,78,accumulation,N/A,7,0.22284603382487345,0.01023857746805412,,0.015473887814313345,0.0
78,78,refinement,0.5,0,0.26693657053009134,0.0,,0.36363636363636365,0.0
78,78,refinement,0.5,1,0.365824069193903,0.1283949628882145,,0.375,0.0
78,78,refinement,0.5,2,0.4045671224363595,0.11567673014241925,,0.6666666666666666,0.0
78,78,refinement,0.5,3,0.5143092544353218,0.09637900845590022,,0.888888888888889,0.5
78,78,refinement,0.5,4,0.29722900917180567,0.19275801691180044,,0.5,0.0
78,78,refinement,0.5,5,0.29627490939141066,0.1902056680156171,,0.5,0.0
78,78,refinement,0.5,6,0.2830227270235142,0.19084000722737596,,0.4444444444444445,0.0
78,78,refinement,0.5,7,0.28736923326854175,0.19084000722737596,,0.4444444444444445,0.0
78,78,refinement,0.8,0,0.26693657053009134,0.0,,0.36363636363636365,0.0
78,78,refinement,0.8,1,0.3031643675743942,0.19033571540595529,,0.5714285714285715,0.0
78,78,refinement,0.8,2,0.35892422277164204,0.19141309542775203,,0.4,0.0
78,78,refinement,0.8,3,0.29707118658507575,0.18656252219915098,,0.5714285714285715,0.0
78,78,refinement,0.8,4,0.2743491691019861,0.18474635675028547,,0.28571428571428575,0.0
78,78,refinement,0.8,5,0.3659494422721965,0.18701956919611432,,0.5,0.0
78,78,refinement,0.8,6,0.28185461872863116,0.19094643295400232,,0.4444444444444445,0.0
78,78,refinement,0.8,7,0.34157136247388953,0.18627714358442163,,0.3333333333333333,0.0
79,79,accumulation,N/A,0,0.44672800847191774,0.37176234290206495,,0.4,0.3333333333333333
79,79,accumulation,N/A,1,0.743245161774556,0.419382912293895,,1.0,1.0
79,79,accumulation,N/A,2,0.4921630560102864,0.0,,0.6666666666666666,0.0
79,79,accumulation,N/A,3,0.6762002512256508,0.25490693607725307,,1.0,1.0
79,79,accumulation,N/A,4,0.7678137665587448,0.3441918578610491,,1.0,1.0
79,79,accumulation,N/A,5,0.7752603666140425,0.21696556141301673,,1.0,1.0
79,79,accumulation,N/A,6,0.272003708018427,0.1197579598801594,,0.031746031746031744,0.2
79,79,accumulation,N/A,7,0.7361519957395126,0.334017054611719,,1.0,1.0
79,79,refinement,0.5,0,0.44672800847191774,0.37176234290206495,,0.4,0.3333333333333333
79,79,refinement,0.5,1,0.5117554388760298,0.37176234290206495,,0.5,0.5
79,79,refinement,0.5,2,0.43625233804458036,0.37176234290206495,,0.5,0.0
79,79,refinement,0.5,3,0.42132065430203325,0.3729062270340713,,0.4,0.0
79,79,refinement,0.5,4,0.5365147382593576,0.3729062270340713,,0.6666666666666666,0.0
79,79,refinement,0.5,5,0.4366174590950509,0.3729062270340713,,0.5,0.0
79,79,refinement,0.5,6,0.7386056729128122,0.38255847154694794,,1.0,1.0
79,79,refinement,0.5,7,0.5124316144499762,0.38138136855757265,,0.5,0.0
79,79,refinement,0.8,0,0.44672800847191774,0.37176234290206495,,0.4,0.3333333333333333
79,79,refinement,0.8,1,0.7341959716602984,0.35146132642522987,,1.0,1.0
79,79,refinement,0.8,2,0.5335883265875668,0.3501352676745601,,0.6666666666666666,0.5
79,79,refinement,0.8,3,0.5495782570529593,0.396899909589998,,0.6666666666666666,0.5
79,79,refinement,0.8,4,0.75071428692821,0.40359061873932794,,1.0,1.0
79,79,refinement,0.8,5,0.7498131338141965,0.4000239632590441,,1.0,1.0
79,79,refinement,0.8,6,0.7520780155981825,0.4080572532948377,,1.0,1.0
79,79,refinement,0.8,7,0.7505980780324597,0.40279229518471216,,1.0,1.0
80,80,accumulation,N/A,0,0.4558992112697775,0.043578986433558564,,0.6666666666666666,0.0
80,80,accumulation,N/A,1,0.23068759777605438,0.0,,0.09523809523809523,0.0
80,80,accumulation,N/A,2,0.6841774918822875,0.0,,1.0,1.0
80,80,accumulation,N/A,3,0.44595581471477175,0.0,,0.6666666666666666,0.0
80,80,accumulation,N/A,4,0.3792486484287965,0.02398141239630542,,0.4,0.0
80,80,accumulation,N/A,5,0.3381682073829007,0.05818630167842812,,0.33333333333333337,0.0
80,80,accumulation,N/A,6,0.488089154018563,0.09075343674641946,,0.5,0.0
80,80,accumulation,N/A,7,0.45097640538710293,0.0,,0.6666666666666666,0.0
80,80,refinement,0.5,0,0.4558992112697775,0.043578986433558564,,0.6666666666666666,0.0
80,80,refinement,0.5,1,0.4513801118350448,0.0,,0.6666666666666666,0.0
80,80,refinement,0.5,2,0.4558272673473658,0.04358067394756507,,0.6666666666666666,0.0
80,80,refinement,0.5,3,0.3509605632419641,0.0,,0.5,0.0
80,80,refinement,0.5,4,0.35127321223390134,0.0,,0.5,0.0
80,80,refinement,0.5,5,0.4514654347839289,0.0,,0.6666666666666666,0.0
80,80,refinement,0.5,6,0.45145827951671647,0.0,,0.6666666666666666,0.0
80,80,refinement,0.5,7,0.31102737452077267,0.0,,0.4,0.0
80,80,refinement,0.8,0,0.4558992112697775,0.043578986433558564,,0.6666666666666666,0.0
80,80,refinement,0.8,1,0.4541091961986554,0.0024583538768501974,,0.6666666666666666,0.0
80,80,refinement,0.8,2,0.280426086380405,0.0,,0.1,0.0
80,80,refinement,0.8,3,0.3176657037824971,0.0,,0.25,0.0
80,80,refinement,0.8,4,0.295678863619808,0.0,,0.2857142857142857,0.0
80,80,refinement,0.8,5,0.32043368807236894,0.0,,0.2857142857142857,0.0
80,80,refinement,0.8,6,0.33017559212903214,0.0,,0.4,0.0
80,80,refinement,0.8,7,0.35677891395957506,0.0,,0.5,0.0
81,81,accumulation,N/A,0,0.325111134761019,0.004174845559063805,,0.5669291338582677,0.0
81,81,accumulation,N/A,1,0.37906857704572816,0.011581497348089493,,0.5380116959064327,0.0
81,81,accumulation,N/A,2,0.4126225912402463,0.003027318032085015,,0.5714285714285714,0.14285714285714285
81,81,accumulation,N/A,3,0.3460415513978594,0.0002276892844320984,,0.40816326530612246,0.125
81,81,accumulation,N/A,4,0.3499167980482827,2.896489790894988e-05,,0.47407407407407404,0.0
81,81,accumulation,N/A,5,0.38221561750512034,0.011678825338858587,,0.5571428571428572,0.0
81,81,accumulation,N/A,6,0.3837833516444083,0.014337101932404894,,0.5490196078431372,0.0
81,81,accumulation,N/A,7,0.3634868618476232,0.005980015715117377,,0.43312101910828027,0.0
81,81,refinement,0.5,0,0.325111134761019,0.004174845559063805,,0.5669291338582677,0.0
81,81,refinement,0.5,1,0.3397308579202316,0.004522812634030432,,0.5072463768115942,0.0
81,81,refinement,0.5,2,0.3387775960538072,0.004700308647998236,,0.5039370078740157,0.14285714285714285
81,81,refinement,0.5,3,0.34006200783957646,0.004968117062521944,,0.5037037037037038,0.14285714285714285
81,81,refinement,0.5,4,0.32817302130398884,0.004136064412101952,,0.5439999999999999,0.0
81,81,refinement,0.5,5,0.3294243914754553,0.0012957971851204604,,0.5379310344827586,0.0
81,81,refinement,0.5,6,0.32323771296151604,0.003793633373859833,,0.5211267605633804,0.0
81,81,refinement,0.5,7,0.3343423054932261,0.005043618362230443,,0.46875000000000006,0.14285714285714285
81,81,refinement,0.8,0,0.325111134761019,0.004174845559063805,,0.5669291338582677,0.0
81,81,refinement,0.8,1,0.3630953288179922,0.019667691153939616,,0.5439999999999999,0.0
81,81,refinement,0.8,2,0.3479150143488128,0.016571379780695977,,0.5409836065573771,0.0
81,81,refinement,0.8,3,0.3564008120251181,0.007087552921311082,,0.46575342465753433,0.0
81,81,refinement,0.8,4,0.32572467585202797,0.007170696988566071,,0.41538461538461535,0.0
81,81,refinement,0.8,5,0.3970027750795457,0.004901735173565172,,0.5109489051094891,0.2857142857142857
81,81,refinement,0.8,6,0.34839348295132166,0.004264583033626092,,0.40559440559440557,0.0
81,81,refinement,0.8,7,0.3410362792257372,0.007977785899512113,,0.33928571428571425,0.0
82,82,accumulation,N/A,0,0.3066876006633657,1.2390342485662006e-05,,0.37837837837837834,0.0
82,82,accumulation,N/A,1,0.31821504850963744,0.0,,0.3902439024390244,0.0
82,82,accumulation,N/A,2,0.34074819564590975,0.003926594296304482,,0.3789473684210526,0.0
82,82,accumulation,N/A,3,0.31443882004970447,0.010835068593924553,,0.27692307692307694,0.0
82,82,accumulation,N/A,4,0.33736461214646707,0.006156310574339135,,0.36363636363636365,0.0
82,82,accumulation,N/A,5,0.38768552959053165,0.03977742180908304,,0.34862385321100914,0.14285714285714285
82,82,accumulation,N/A,6,0.2800986746653061,0.002581991250292291,,0.24793388429752064,0.0
82,82,accumulation,N/A,7,0.28806075769268424,0.0,,0.23684210526315788,0.0
82,82,refinement,0.5,0,0.3066876006633657,1.2390342485662006e-05,,0.37837837837837834,0.0
82,82,refinement,0.5,1,0.32276101623561326,0.00031986186883411035,,0.4411764705882353,0.0
82,82,refinement,0.5,2,0.3141067600636011,0.0019196754166425664,,0.37974683544303794,0.0
82,82,refinement,0.5,3,0.30963335318659674,0.004372536188512895,,0.3055555555555555,0.0
82,82,refinement,0.5,4,0.3258375300974155,0.00018664032106754027,,0.3283582089552239,0.14285714285714285
82,82,refinement,0.5,5,0.3438940939053512,0.0002854499028091809,,0.33333333333333337,0.2857142857142857
82,82,refinement,0.5,6,0.29811168677431893,8.051151104874326e-05,,0.30985915492957744,0.0
82,82,refinement,0.5,7,0.306679811071393,0.00015332798992345655,,0.3283582089552239,0.0
82,82,refinement,0.8,0,0.3066876006633657,1.2390342485662006e-05,,0.37837837837837834,0.0
82,82,refinement,0.8,1,0.33405995637723246,0.012837386469070988,,0.5263157894736842,0.0
82,82,refinement,0.8,2,0.3377529530605674,0.00011690545274744761,,0.4383561643835617,0.14285714285714285
82,82,refinement,0.8,3,0.3254680346648783,0.0008253425810894714,,0.4615384615384615,0.0
82,82,refinement,0.8,4,0.3210340542128793,0.0029126119309312894,,0.39080459770114945,0.0
82,82,refinement,0.8,5,0.34314436767145945,1.3829381233046099e-05,,0.4358974358974359,0.0
82,82,refinement,0.8,6,0.359160511527234,0.00015683224082934386,,0.3448275862068966,0.16666666666666666
82,82,refinement,0.8,7,0.36564376349033756,1.214591124034636e-05,,0.3947368421052632,0.16666666666666666
83,83,accumulation,N/A,0,0.39207892278310713,0.022586686435593823,,0.4878048780487805,0.0
83,83,accumulation,N/A,1,0.3792768993742043,0.011124230612189697,,0.7291666666666667,0.0
83,83,accumulation,N/A,2,0.44769499221390024,0.026972214601594942,,0.5135135135135135,0.0
83,83,accumulation,N/A,3,0.3592724247011317,0.0015162732041314698,,0.5681818181818183,0.0
83,83,accumulation,N/A,4,0.4931418459485667,0.030730233963450943,,0.6292134831460675,0.25
83,83,accumulation,N/A,5,0.3599942449132705,0.04809236939848028,,0.38554216867469876,0.16666666666666666
83,83,accumulation,N/A,6,0.45568243281642185,0.0030161388703428917,,0.8163265306122449,0.25
83,83,accumulation,N/A,7,0.3499886489958746,0.01974597713367435,,0.7126436781609196,0.0
83,83,refinement,0.5,0,0.39207892278310713,0.022586686435593823,,0.4878048780487805,0.0
83,83,refinement,0.5,1,0.382208718761462,0.019970472137441325,,0.4719101123595506,0.0
83,83,refinement,0.5,2,0.46684321133593754,0.014586890638845289,,0.4943820224719101,0.25
83,83,refinement,0.5,3,0.4267533851443925,0.020996882922324954,,0.5365853658536586,0.0
83,83,refinement,0.5,4,0.4231385666613366,0.020444159808346584,,0.5,0.0
83,83,refinement,0.5,5,0.4173122915448232,0.02439587951838017,,0.4871794871794872,0.0
83,83,refinement,0.5,6,0.4126961492150641,0.034597830045432446,,0.3768115942028985,0.0
83,83,refinement,0.5,7,0.41355498554667697,0.03625133979549466,,0.37837837837837834,0.0
83,83,refinement,0.8,0,0.39207892278310713,0.022586686435593823,,0.4878048780487805,0.0
83,83,refinement,0.8,1,0.4197619637570208,0.016885565666052964,,0.4444444444444445,0.2
83,83,refinement,0.8,2,0.40400129314527694,0.014958528129644622,,0.6352941176470589,0.0
83,83,refinement,0.8,3,0.46722345100490503,0.02350286757971302,,0.5316455696202531,0.25
83,83,refinement,0.8,4,0.46358348385769566,0.017173431067813626,,0.5333333333333333,0.25
83,83,refinement,0.8,5,0.404110955402857,0.026669995525157888,,0.36111111111111105,0.2
83,83,refinement,0.8,6,0.41316439383809,0.021652914812877486,,0.48571428571428565,0.2
83,83,refinement,0.8,7,0.3907872983436902,0.025885856895599864,,0.411764705882353,0.2
84,84,accumulation,N/A,0,0.23350372113801995,0.012415669190692378,,0.05200433369447454,0.125
84,84,accumulation,N/A,1,0.3595618969582193,0.0035979449569261534,,0.5818181818181817,0.0
84,84,accumulation,N/A,2,0.36279345648180206,0.01698283377976715,,0.5190839694656488,0.0
84,84,accumulation,N/A,3,0.34105782547455704,3.258388331207365e-05,,0.5223880597014925,0.0
84,84,accumulation,N/A,4,0.2984136951362402,0.00313357113412016,,0.27027027027027023,0.0
84,84,accumulation,N/A,5,0.3331927577084194,0.012091665880671737,,0.4444444444444445,0.0
84,84,accumulation,N/A,6,0.2929039190102962,0.006697546087859276,,0.1712707182320442,0.0
84,84,accumulation,N/A,7,0.3147597297340827,0.008082246041135449,,0.42953020134228187,0.0
84,84,refinement,0.5,0,0.23350372113801995,0.012415669190692378,,0.05200433369447454,0.125
84,84,refinement,0.5,1,0.29255213444495115,0.001940357913025274,,0.2801932367149758,0.125
84,84,refinement,0.5,2,0.30283395801475244,0.0011240601345933428,,0.2796610169491525,0.125
84,84,refinement,0.5,3,0.3181850447320743,0.0,,0.44171779141104295,0.0
84,84,refinement,0.5,4,0.3251969802982989,0.004471449471351132,,0.4651162790697675,0.0
84,84,refinement,0.5,5,0.3419280750165239,0.0034335343636042485,,0.43216080402010054,0.125
84,84,refinement,0.5,6,0.27735676126104536,0.0,,0.10571428571428572,0.0
84,84,refinement,0.5,7,0.3078318778479371,0.0,,0.16243654822335027,0.125
84,84,refinement,0.8,0,0.23350372113801995,0.012415669190692378,,0.05200433369447454,0.125
84,84,refinement,0.8,1,0.30531569406153597,0.0,,0.5507246376811594,0.0
84,84,refinement,0.8,2,0.34868884297478214,0.0,,0.691358024691358,0.125
84,84,refinement,0.8,3,0.3408597449891319,3.0287058963259642e-05,,0.5974025974025974,0.125
84,84,refinement,0.8,4,0.28602242562938357,0.0033308300114710094,,0.5999999999999999,0.0
84,84,refinement,0.8,5,0.3578045924100465,0.0019979447596314747,,0.5254237288135594,0.125
84,84,refinement,0.8,6,0.37502490624487517,0.0020113700024150223,,0.5289256198347106,0.125
84,84,refinement,0.8,7,0.327664740930753,0.002911527648196036,,0.4525547445255474,0.0
85,85,accumulation,N/A,0,0.29758844494605496,0.1461171659095821,,0.1818181818181818,0.0
85,85,accumulation,N/A,1,0.5971479342628516,0.010353549130661594,,0.5,1.0
85,85,accumulation,N/A,2,0.4321023355636573,0.0,,0.6666666666666666,0.0
85,85,accumulation,N/A,3,0.4478406962707558,0.04104298967489,,0.8,0.0
85,85,accumulation,N/A,4,0.6411571413594489,0.07164088275804634,,1.0,1.0
85,85,accumulation,N/A,5,0.42154272944212107,0.1051898730636845,,0.6666666666666666,0.0
85,85,accumulation,N/A,6,0.39944699479808055,0.2615739771229452,,0.5,0.0
85,85,accumulation,N/A,7,0.37595580720029886,0.0,,0.5,0.0
85,85,refinement,0.5,0,0.29758844494605496,0.1461171659095821,,0.1818181818181818,0.0
85,85,refinement,0.5,1,0.2887370240601167,0.1496270651956005,,0.125,0.0
85,85,refinement,0.5,2,0.2747689263953192,0.14323102096333087,,0.125,0.0
85,85,refinement,0.5,3,0.2835029380732714,0.14943522309594484,,0.09523809523809525,0.0
85,85,refinement,0.5,4,0.2405004773521181,0.0,,0.33333333333333337,0.0
85,85,refinement,0.5,5,0.2723838724396806,0.13307169741757843,,0.25,0.0
85,85,refinement,0.5,6,0.31406302105592077,0.1497167847594249,,0.14285714285714285,0.25
85,85,refinement,0.5,7,0.21469746510502175,0.03358557587899094,,0.23529411764705882,0.0
85,85,refinement,0.8,0,0.29758844494605496,0.1461171659095821,,0.1818181818181818,0.0
85,85,refinement,0.8,1,0.3495751575199297,0.14209504096553777,,0.22222222222222224,0.3333333333333333
85,85,refinement,0.8,2,0.3415354558756306,0.1833425830492347,,0.14285714285714285,0.3333333333333333
85,85,refinement,0.8,3,0.2710418746697554,0.21529887604168146,,0.08695652173913042,0.0
85,85,refinement,0.8,4,0.2728375828210257,0.23201880173159828,,0.10526315789473684,0.0
85,85,refinement,0.8,5,0.2413211927933327,0.0,,0.0,0.0
85,85,refinement,0.8,6,0.26452580076934984,0.0,,0.16666666666666669,0.25
85,85,refinement,0.8,7,0.2256710074398569,0.04344393703847693,,0.14814814814814814,0.0
86,86,accumulation,N/A,0,0.305130481669732,0.03870383498494144,,0.09926470588235294,0.16666666666666666
86,86,accumulation,N/A,1,0.329102900030932,0.0019960568762275367,,0.35,0.14285714285714285
86,86,accumulation,N/A,2,0.3135759372418594,0.009960333334511417,,0.30069930069930073,0.0
86,86,accumulation,N/A,3,0.31341610605782394,0.01145670141249447,,0.36771300448430494,0.0
86,86,accumulation,N/A,4,0.29802563480286776,0.003999333127988627,,0.1592920353982301,0.0
86,86,accumulation,N/A,5,0.35072665150659377,0.006266054147276546,,0.3194444444444444,0.0
86,86,accumulation,N/A,6,0.26935134747714184,0.0033368252794283237,,0.38095238095238093,0.0
86,86,accumulation,N/A,7,0.3173720592653108,0.0041189707668633155,,0.2598870056497175,0.0
86,86,refinement,0.5,0,0.305130481669732,0.03870383498494144,,0.09926470588235294,0.16666666666666666
86,86,refinement,0.5,1,0.34346938949240957,0.02185581561204021,,0.06889128094725512,0.16666666666666666
86,86,refinement,0.5,2,0.3430206813230344,0.032862603759510355,,0.0696629213483146,0.0
86,86,refinement,0.5,3,0.30200650021567377,0.0320995703611249,,0.1255349500713267,0.0
86,86,refinement,0.5,4,0.29596645744571703,0.010219402622937974,,0.17288801571709236,0.0
86,86,refinement,0.5,5,0.32511851466338004,0.02077004504092092,,0.14657980456026057,0.0
86,86,refinement,0.5,6,0.3106642033574204,0.024002027222928643,,0.1597222222222222,0.0
86,86,refinement,0.5,7,0.33162883657852993,0.01252903822540666,,0.18181818181818182,0.0
86,86,refinement,0.8,0,0.305130481669732,0.03870383498494144,,0.09926470588235294,0.16666666666666666
86,86,refinement,0.8,1,0.3152529356817507,0.016768150849898675,,0.13858267716535433,0.125
86,86,refinement,0.8,2,0.36492199919328056,0.032743952298085396,,0.15540540540540543,0.14285714285714285
86,86,refinement,0.8,3,0.3540331212481067,0.018605178078592702,,0.22727272727272727,0.125
86,86,refinement,0.8,4,0.3515053626766186,0.004766785666669169,,0.25787965616045844,0.125
86,86,refinement,0.8,5,0.3335533448243386,0.007643968728480632,,0.22115384615384615,0.0
86,86,refinement,0.8,6,0.3055370224031223,0.0064768268607914535,,0.21951219512195125,0.0
86,86,refinement,0.8,7,0.34332544724396036,0.022987415982222828,,0.24590163934426232,0.125
87,87,accumulation,N/A,0,0.2867240445364099,0.21590465774430334,,0.4,0.0
87,87,accumulation,N/A,1,0.2720152096308124,0.04695869371343435,,0.34782608695652173,0.0
87,87,accumulation,N/A,2,0.28503364688481225,0.040297708707316186,,0.4285714285714285,0.0
87,87,accumulation,N/A,3,0.20956896174755435,0.01070242711072831,,0.20689655172413793,0.0
87,87,accumulation,N/A,4,0.22468273801382382,0.03430095915645052,,0.18181818181818182,0.0
87,87,accumulation,N/A,5,0.19214984209403574,0.04104444272178171,,0.022304832713754646,0.0
87,87,accumulation,N/A,6,0.29144284679117466,0.031881378780368064,,0.36363636363636365,0.0
87,87,accumulation,N/A,7,0.22801252771952582,0.04307741362048854,,0.23529411764705882,0.0
87,87,refinement,0.5,0,0.2867240445364099,0.21590465774430334,,0.4,0.0
87,87,refinement,0.5,1,0.2881216068234324,0.22537411721961081,,0.4,0.0
87,87,refinement,0.5,2,0.2885152196168097,0.22881646346875797,,0.4,0.0
87,87,refinement,0.5,3,0.2910211203991108,0.2315477096332371,,0.4,0.0
87,87,refinement,0.5,4,0.2907908699097531,0.2185973761983408,,0.4,0.0
87,87,refinement,0.5,5,0.2908929453566308,0.23473068789650467,,0.4,0.0
87,87,refinement,0.5,6,0.2566145015243336,0.22838881825880375,,0.3333333333333333,0.0
87,87,refinement,0.5,7,0.2501625850294549,0.24456322167367073,,0.28571428571428575,0.0
87,87,refinement,0.8,0,0.2867240445364099,0.21590465774430334,,0.4,0.0
87,87,refinement,0.8,1,0.2389190290736577,0.2760586589565366,,0.28571428571428575,0.0
87,87,refinement,0.8,2,0.31748003174030337,0.1261909058618635,,0.5714285714285715,0.0
87,87,refinement,0.8,3,0.3634928856754797,0.1254024447427503,,0.6666666666666666,0.0
87,87,refinement,0.8,4,0.23787904874303922,0.25034950640261433,,0.25,0.0
87,87,refinement,0.8,5,0.25344406317057605,0.12460857069320527,,0.5714285714285715,0.0
87,87,refinement,0.8,6,0.26017142642372504,0.14334307095121843,,0.5714285714285715,0.0
87,87,refinement,0.8,7,0.308120492159925,0.15388838050987882,,0.6666666666666666,0.0
88,88,accumulation,N/A,0,0.33454795341953547,0.04897932580509237,,0.5471698113207548,0.0
88,88,accumulation,N/A,1,0.33493542261005727,0.018264475947769112,,0.3555555555555555,0.0
88,88,accumulation,N/A,2,0.32322256388700166,0.0011014371701990183,,0.30468749999999994,0.0
88,88,accumulation,N/A,3,0.404245692958346,0.024203758618896225,,0.4772727272727273,0.25
88,88,accumulation,N/A,4,0.35731666962215736,0.004180384689265638,,0.45794392523364497,0.0
88,88,accumulation,N/A,5,0.3779539492800574,0.010446404071840928,,0.4844720496894409,0.0
88,88,accumulation,N/A,6,0.32161944638481343,0.001309963686188522,,0.40182648401826476,0.0
88,88,accumulation,N/A,7,0.33704494578772587,0.006592107345168001,,0.39999999999999997,0.0
88,88,refinement,0.5,0,0.33454795341953547,0.04897932580509237,,0.5471698113207548,0.0
88,88,refinement,0.5,1,0.3128117090311015,0.02898606105324148,,0.4461538461538461,0.0
88,88,refinement,0.5,2,0.32286272425518553,0.03645506659523146,,0.5210084033613446,0.125
88,88,refinement,0.5,3,0.3381302596643161,0.03426017192390808,,0.5210084033613446,0.0
88,88,refinement,0.5,4,0.3158452132373231,0.02555728595515709,,0.47058823529411764,0.0
88,88,refinement,0.5,5,0.3712729763982382,0.02429817619658646,,0.549618320610687,0.25
88,88,refinement,0.5,6,0.3711194865193074,0.01631687535170157,,0.5606060606060607,0.125
88,88,refinement,0.5,7,0.3404407174214834,0.009064146743345072,,0.6086956521739131,0.125
88,88,refinement,0.8,0,0.33454795341953547,0.04897932580509237,,0.5471698113207548,0.0
88,88,refinement,0.8,1,0.33920221767087194,0.010701895200377669,,0.6068965517241379,0.0
88,88,refinement,0.8,2,0.33973489210270963,0.009750971011491236,,0.5324675324675325,0.125
88,88,refinement,0.8,3,0.33680251935792105,0.02350004304413593,,0.5901639344262295,0.0
88,88,refinement,0.8,4,0.3726862758727867,0.022304116278570842,,0.4941176470588235,0.125
88,88,refinement,0.8,5,0.3635970821259116,0.008359820806229051,,0.5942028985507246,0.0
88,88,refinement,0.8,6,0.328080273825778,0.01525057951340104,,0.5263157894736843,0.0
88,88,refinement,0.8,7,0.33189195252403386,0.005375512365624598,,0.4910179640718563,0.0
89,89,accumulation,N/A,0,0.7628513693147656,0.38308661489918916,,1.0,1.0
89,89,accumulation,N/A,1,0.31094505392163885,0.053734667430376123,,0.012121212121212121,0.0
89,89,accumulation,N/A,2,0.3503900359492167,0.06643396003976108,,0.0014524328249818446,0.5
89,89,accumulation,N/A,3,0.42899062925613596,0.20581160896865064,,0.5,0.0
89,89,accumulation,N/A,4,0.34340710337267155,0.3811014738270567,,0.2857142857142857,0.0
89,89,accumulation,N/A,5,0.5243283778814433,0.5859112783118583,,0.6666666666666666,0.0
89,89,accumulation,N/A,6,0.3434116659696367,0.3620085586847416,,0.2857142857142857,0.0
89,89,accumulation,N/A,7,0.48779987979030026,0.4612760129125277,,0.2857142857142857,0.0
89,89,refinement,0.5,0,0.7628513693147656,0.38308661489918916,,1.0,1.0
89,89,refinement,0.5,1,0.7629005114462357,0.38140046001974376,,1.0,1.0
89,89,refinement,0.5,2,0.46378183142574664,0.3839841303290788,,0.33333333333333337,0.3333333333333333
89,89,refinement,0.5,3,0.4881193521563394,0.3822999894065827,,0.5,0.3333333333333333
89,89,refinement,0.5,4,0.4902415670946598,0.39548274766198244,,0.5,0.3333333333333333
89,89,refinement,0.5,5,0.5379850049285475,0.3815261584493458,,0.5,0.5
89,89,refinement,0.5,6,0.7639472580047441,0.3831995187934218,,1.0,1.0
89,89,refinement,0.5,7,0.7658130793472799,0.3981596093797672,,1.0,1.0
89,89,refinement,0.8,0,0.7628513693147656,0.38308661489918916,,1.0,1.0
89,89,refinement,0.8,1,0.5618505860034277,0.38063055713843175,,0.6666666666666666,0.0
89,89,refinement,0.8,2,0.7639113326688284,0.3895434257608005,,1.0,1.0
89,89,refinement,0.8,3,0.43662254655203536,0.37808626617960034,,0.33333333333333337,0.0
89,89,refinement,0.8,4,0.5624321038247384,0.3805749352734408,,0.6666666666666666,0.0
89,89,refinement,0.8,5,0.46201203094620247,0.38225483625098017,,0.5,0.0
89,89,refinement,0.8,6,0.5648691515651506,0.3975843658524498,,0.6666666666666666,0.0
89,89,refinement,0.8,7,0.5420379354970373,0.418831940556719,,0.5,0.0
90,90,accumulation,N/A,0,0.3843522599884659,0.024909518674897838,,0.6885245901639343,0.14285714285714285
90,90,accumulation,N/A,1,0.3645776959182745,0.005318009130845426,,0.3974358974358974,0.0
90,90,accumulation,N/A,2,0.29805100913603516,0.0,,0.33513513513513515,0.0
90,90,accumulation,N/A,3,0.29013585062357844,0.02972094864740066,,0.2683982683982684,0.0
90,90,accumulation,N/A,4,0.35180471360721277,0.021824854630234244,,0.4521739130434783,0.0
90,90,accumulation,N/A,5,0.32970551149182326,0.028224963732221654,,0.31055900621118016,0.0
90,90,accumulation,N/A,6,0.3473771951448388,0.015500710255615247,,0.3448275862068965,0.0
90,90,accumulation,N/A,7,0.3350190568012259,0.0030401961715984835,,0.3425414364640884,0.0
90,90,refinement,0.5,0,0.3843522599884659,0.024909518674897838,,0.6885245901639343,0.14285714285714285
90,90,refinement,0.5,1,0.3766042671358805,0.024909518674897838,,0.626865671641791,0.14285714285714285
90,90,refinement,0.5,2,0.3698319807926872,0.027185938615274772,,0.5915492957746479,0.14285714285714285
90,90,refinement,0.5,3,0.35588131352129326,0.022443074203459715,,0.6216216216216216,0.0
90,90,refinement,0.5,4,0.4146825392674783,0.025825785828449622,,0.5789473684210527,0.2857142857142857
90,90,refinement,0.5,5,0.3640468863800589,0.022443074203459715,,0.528735632183908,0.14285714285714285
90,90,refinement,0.5,6,0.3695145301171322,0.022443074203459715,,0.5822784810126582,0.14285714285714285
90,90,refinement,0.5,7,0.3915363694810998,0.02249162969658889,,0.5476190476190477,0.16666666666666666
90,90,refinement,0.8,0,0.3843522599884659,0.024909518674897838,,0.6885245901639343,0.14285714285714285
90,90,refinement,0.8,1,0.3215343939008242,0.005860525443577174,,0.368421052631579,0.0
90,90,refinement,0.8,2,0.3963671410239239,0.017565811190873002,,0.4148148148148148,0.2857142857142857
90,90,refinement,0.8,3,0.32577311641096096,0.0034062551884849125,,0.36601307189542487,0.0
90,90,refinement,0.8,4,0.3447253568621242,0.012307421592141854,,0.3411764705882353,0.125
90,90,refinement,0.8,5,0.4044850234715626,0.01305530700352761,,0.39160839160839156,0.16666666666666666
90,90,refinement,0.8,6,0.35256982340991627,0.013344537873201364,,0.3372093023255814,0.0
90,90,refinement,0.8,7,0.3527284730595105,0.011365925894665794,,0.335195530726257,0.0
91,91,accumulation,N/A,0,0.5865374158480707,0.7177578876447489,,0.6666666666666666,0.0
91,91,accumulation,N/A,1,0.3750781961624219,0.4994529790217648,,0.07999999999999999,0.0
91,91,accumulation,N/A,2,0.46912161120685336,0.3164557895921395,,0.14285714285714288,0.5
91,91,accumulation,N/A,3,0.4125392196705905,0.34864113427699395,,0.25,0.5
91,91,accumulation,N/A,4,0.5436623436422295,0.4790045191456987,,0.6666666666666666,0.5
91,91,accumulation,N/A,5,0.3216276540283649,0.4234724098134623,,0.005747126436781608,0.0
91,91,accumulation,N/A,6,0.5598020563934683,0.523828396747583,,0.6666666666666666,0.0
91,91,accumulation,N/A,7,0.42168057969673634,0.4014604782742191,,0.4444444444444445,0.0
91,91,refinement,0.5,0,0.5865374158480707,0.7177578876447489,,0.6666666666666666,0.0
91,91,refinement,0.5,1,0.4463378609532873,0.7166471791747111,,0.4,0.0
91,91,refinement,0.5,2,0.4834140210477563,0.6875395703999471,,0.5,0.0
91,91,refinement,0.5,3,0.4745216852978487,0.6623795543291544,,0.28571428571428575,0.3333333333333333
91,91,refinement,0.5,4,0.5413202562763261,0.6511713367278343,,0.4,0.5
91,91,refinement,0.5,5,0.7041795253806,0.6623795543291544,,0.5,1.0
91,91,refinement,0.5,6,0.7001735047789617,0.6577206068505982,,0.5,1.0
91,91,refinement,0.5,7,0.7000153071322838,0.6356186775016187,,0.5,1.0
91,91,refinement,0.8,0,0.5865374158480707,0.7177578876447489,,0.6666666666666666,0.0
91,91,refinement,0.8,1,0.49484756348051284,0.7568767817261587,,0.07692307692307693,0.5
91,91,refinement,0.8,2,0.534586245389685,0.67127792533342,,0.4,0.5
91,91,refinement,0.8,3,0.44396655825778597,0.7005875298158213,,0.11764705882352941,0.3333333333333333
91,91,refinement,0.8,4,0.5022293767290087,0.6708255505729603,,0.2,0.5
91,91,refinement,0.8,5,0.5282190838623397,0.6615133601737851,,0.4,0.5
91,91,refinement,0.8,6,0.4356748351850913,0.7305881395071956,,0.07407407407407407,0.3333333333333333
91,91,refinement,0.8,7,0.509075560566025,0.6588671934578837,,0.28571428571428575,0.5
92,92,accumulation,N/A,0,0.36245653904832764,0.00497530203611392,,0.4954128440366972,0.0
92,92,accumulation,N/A,1,0.38613871770973873,0.0009246913150004618,,0.5473684210526316,0.14285714285714285
92,92,accumulation,N/A,2,0.3927673022972009,0.019369141091625568,,0.43478260869565216,0.14285714285714285
92,92,accumulation,N/A,3,0.363586616458833,0.002979488479085085,,0.5057471264367817,0.14285714285714285
92,92,accumulation,N/A,4,0.40886223153009377,0.0037842080246251212,,0.5102040816326531,0.14285714285714285
92,92,accumulation,N/A,5,0.4122611143077803,0.03377919027581974,,0.5185185185185185,0.14285714285714285
92,92,accumulation,N/A,6,0.34954967565787654,0.0,,0.49411764705882355,0.0
92,92,accumulation,N/A,7,0.39366915641254685,0.011931547986310857,,0.5504587155963303,0.14285714285714285
92,92,refinement,0.5,0,0.36245653904832764,0.00497530203611392,,0.4954128440366972,0.0
92,92,refinement,0.5,1,0.3932332520624221,0.00187013599394179,,0.5581395348837209,0.14285714285714285
92,92,refinement,0.5,2,0.3961937467218714,0.0021151558166693303,,0.5681818181818181,0.14285714285714285
92,92,refinement,0.5,3,0.4034914217749538,0.0015137734738523126,,0.594059405940594,0.0
92,92,refinement,0.5,4,0.38307091860120435,0.0027781809167114384,,0.4888888888888889,0.14285714285714285
92,92,refinement,0.5,5,0.38684042821495884,0.0024932727666501526,,0.5319148936170213,0.14285714285714285
92,92,refinement,0.5,6,0.3978879969688756,0.00239557347408751,,0.5591397849462365,0.14285714285714285
92,92,refinement,0.5,7,0.38793005152029614,0.0026330700465221047,,0.49056603773584906,0.14285714285714285
92,92,refinement,0.8,0,0.36245653904832764,0.00497530203611392,,0.4954128440366972,0.0
92,92,refinement,0.8,1,0.3954529359243798,0.001881289215740573,,0.5483870967741935,0.0
92,92,refinement,0.8,2,0.3621962760614583,0.003434567637336714,,0.49655172413793097,0.0
92,92,refinement,0.8,3,0.35482102404895,0.0007113550489824086,,0.4122137404580153,0.0
92,92,refinement,0.8,4,0.33650160326009504,0.004603999947788922,,0.38333333333333336,0.0
92,92,refinement,0.8,5,0.4251192435667424,0.011933937942029809,,0.576271186440678,0.14285714285714285
92,92,refinement,0.8,6,0.45956133455221393,0.013877932782586568,,0.6605504587155964,0.2857142857142857
92,92,refinement,0.8,7,0.3728161890952437,0.00839052035552886,,0.6534653465346535,0.0
93,93,accumulation,N/A,0,0.2675274275526615,0.1560105382347968,,0.05,0.0
93,93,accumulation,N/A,1,0.2857572020091409,0.03675747434606774,,0.05128205128205127,0.0
93,93,accumulation,N/A,2,0.2590829163162837,0.0,,0.023255813953488372,0.0
93,93,accumulation,N/A,3,0.30602624071817286,0.0,,0.05,0.0
93,93,accumulation,N/A,4,0.2546622148164558,0.08008572067612536,,0.13333333333333333,0.0
93,93,accumulation,N/A,5,0.38104005790493456,0.05001268320038914,,0.6666666666666666,0.5
93,93,accumulation,N/A,6,0.698134280394455,0.5358352420578538,,1.0,1.0
93,93,accumulation,N/A,7,0.26783496022062997,0.11158503212549961,,0.015384615384615384,0.3333333333333333
93,93,refinement,0.5,0,0.2675274275526615,0.1560105382347968,,0.05,0.0
93,93,refinement,0.5,1,0.39782882471287295,0.162465616958168,,0.4,0.0
93,93,refinement,0.5,2,0.366026321313601,0.0595476208281152,,0.4,0.0
93,93,refinement,0.5,3,0.4061247683746279,0.05973845773524487,,0.6666666666666666,0.0
93,93,refinement,0.5,4,0.40623686188534613,0.05919630743089916,,0.6666666666666666,0.0
93,93,refinement,0.5,5,0.40698258510770857,0.05937196412950718,,0.6666666666666666,0.0
93,93,refinement,0.5,6,0.40652379022146135,0.0588068580399064,,0.6666666666666666,0.0
93,93,refinement,0.5,7,0.4071624309564482,0.058826624055311624,,0.6666666666666666,0.0
93,93,refinement,0.8,0,0.2675274275526615,0.1560105382347968,,0.05,0.0
93,93,refinement,0.8,1,0.2790598304515933,0.15376334762520893,,0.0048543689320388345,0.0
93,93,refinement,0.8,2,0.4024418275145997,0.05514429143636983,,0.6666666666666666,0.0
93,93,refinement,0.8,3,0.29663833522926997,0.12971712428699408,,0.25,0.0
93,93,refinement,0.8,4,0.3904900789198898,0.04614448126129463,,0.6666666666666666,0.0
93,93,refinement,0.8,5,0.289732892714929,0.046454175766403996,,0.5,0.0
93,93,refinement,0.8,6,0.28919153886191395,0.04614448126129463,,0.5,0.0
93,93,refinement,0.8,7,0.2893248518371628,0.04600795912738548,,0.5,0.0
94,94,accumulation,N/A,0,0.3103067860892225,0.03087677756377408,,0.3888888888888889,0.0
94,94,accumulation,N/A,1,0.37629610633294513,0.013573117408251864,,0.5222929936305732,0.125
94,94,accumulation,N/A,2,0.4137221928456711,0.027630783846526338,,0.49612403100775193,0.42857142857142855
94,94,accumulation,N/A,3,0.3499345347033292,0.02125610530947296,,0.4142011834319526,0.0
94,94,accumulation,N/A,4,0.37146840232160694,0.014373945440195011,,0.5740740740740742,0.125
94,94,accumulation,N/A,5,0.3541971373552336,0.028196683685904354,,0.5060240963855421,0.0
94,94,accumulation,N/A,6,0.35142105115093136,0.005625036590643827,,0.5774647887323944,0.0
94,94,accumulation,N/A,7,0.3816506671319154,0.0377286553668383,,0.5064935064935064,0.0
94,94,refinement,0.5,0,0.3103067860892225,0.03087677756377408,,0.3888888888888889,0.0
94,94,refinement,0.5,1,0.3204788008695578,0.02420931254577149,,0.45569620253164556,0.0
94,94,refinement,0.5,2,0.349720632746722,0.029967649318116327,,0.47500000000000003,0.0
94,94,refinement,0.5,3,0.3261018428835214,0.0418719273560724,,0.43902439024390244,0.0
94,94,refinement,0.5,4,0.36855238729650336,0.0201248022626845,,0.5894736842105263,0.0
94,94,refinement,0.5,5,0.3468930043666569,0.058946292109032794,,0.41025641025641024,0.0
94,94,refinement,0.5,6,0.4035817619180489,0.02605905417716371,,0.4883720930232558,0.14285714285714285
94,94,refinement,0.5,7,0.345634685264554,0.03957591192842384,,0.45783132530120485,0.0
94,94,refinement,0.8,0,0.3103067860892225,0.03087677756377408,,0.3888888888888889,0.0
94,94,refinement,0.8,1,0.38334965542030375,0.015570333888068869,,0.5294117647058822,0.14285714285714285
94,94,refinement,0.8,2,0.3605890296017388,0.017687761407607302,,0.5869565217391305,0.0
94,94,refinement,0.8,3,0.3756226120345557,0.013521335565680736,,0.6458333333333333,0.0
94,94,refinement,0.8,4,0.4089079278073362,0.02118315894010828,,0.66,0.14285714285714285
94,94,refinement,0.8,5,0.38668304984899915,0.015805096962573574,,0.6238532110091743,0.14285714285714285
94,94,refinement,0.8,6,0.4058229775505454,0.012919677523940127,,0.691588785046729,0.14285714285714285
94,94,refinement,0.8,7,0.37623617437994955,0.014244366316901408,,0.6336633663366336,0.0
95,95,accumulation,N/A,0,0.3119636345597327,0.1869381104165647,,0.12121212121212122,0.0
95,95,accumulation,N/A,1,0.25097138891611526,0.013699154658271179,,0.23076923076923075,0.0
95,95,accumulation,N/A,2,0.3042226815490047,0.0882827998703622,,0.17391304347826084,0.0
95,95,accumulation,N/A,3,0.32957739316348045,0.012766722623742937,,0.3076923076923077,0.3333333333333333
95,95,accumulation,N/A,4,0.25560401719675313,0.09269742372443457,,0.03571428571428571,0.0
95,95,accumulation,N/A,5,0.3166835546573604,0.10228321437852984,,0.0821917808219178,0.25
95,95,accumulation,N/A,6,0.2899606089793585,0.03207883035324595,,0.21052631578947367,0.0
95,95,accumulation,N/A,7,0.28871639825514117,0.1570057097335954,,0.09999999999999999,0.0
95,95,refinement,0.5,0,0.3119636345597327,0.1869381104165647,,0.12121212121212122,0.0
95,95,refinement,0.5,1,0.31705134743635344,0.1294407939986313,,0.13559322033898305,0.0
95,95,refinement,0.5,2,0.32458203026563637,0.21025582693338876,,0.12121212121212122,0.0
95,95,refinement,0.5,3,0.38346559406658076,0.1948138277315529,,0.1568627450980392,0.0
95,95,refinement,0.5,4,0.2968353470038251,0.13916448846365076,,0.14545454545454545,0.0
95,95,refinement,0.5,5,0.3774972677459625,0.21927395535011107,,0.12903225806451613,0.0
95,95,refinement,0.5,6,0.32809129735409526,0.15826674805063856,,0.1568627450980392,0.0
95,95,refinement,0.5,7,0.2968497856648653,0.14653731783553298,,0.14545454545454545,0.0
95,95,refinement,0.8,0,0.3119636345597327,0.1869381104165647,,0.12121212121212122,0.0
95,95,refinement,0.8,1,0.25393544792091616,0.11589319476438287,,0.10526315789473685,0.0
95,95,refinement,0.8,2,0.34232614891623836,0.19430263624916252,,0.09375000000000001,0.25
95,95,refinement,0.8,3,0.2825514410951127,0.1969224892092012,,0.1111111111111111,0.0
95,95,refinement,0.8,4,0.38473121407727456,0.24564062147475144,,0.09836065573770492,0.3333333333333333
95,95,refinement,0.8,5,0.35189142380886895,0.2736459371543436,,0.11538461538461539,0.25
95,95,refinement,0.8,6,0.3850427228202087,0.2210967958807165,,0.11320754716981131,0.3333333333333333
95,95,refinement,0.8,7,0.45891981611748645,0.1856258274983498,,0.10526315789473685,0.5
96,96,accumulation,N/A,0,0.3104885570561637,0.18324908836192352,,0.3859649122807018,0.0
96,96,accumulation,N/A,1,0.3721801318471704,0.013277862540343074,,0.1891891891891892,0.0
96,96,accumulation,N/A,2,0.31932638719374384,0.01879007138471374,,0.3296703296703297,0.0
96,96,accumulation,N/A,3,0.254541506660076,0.04880568082097277,,0.2947368421052632,0.14285714285714285
96,96,accumulation,N/A,4,0.2768487529997164,0.03391376505917582,,0.17857142857142858,0.25
96,96,accumulation,N/A,5,0.2519377460429812,0.009967983124243844,,0.4776119402985075,0.125
96,96,accumulation,N/A,6,0.31711785142786114,0.04874027635294105,,0.20779220779220778,0.14285714285714285
96,96,accumulation,N/A,7,0.32738436145045663,0.06019225457404076,,0.26153846153846155,0.14285714285714285
96,96,refinement,0.5,0,0.3104885570561637,0.18324908836192352,,0.3859649122807018,0.0
96,96,refinement,0.5,1,0.2991613342064261,0.2052611424878902,,0.3846153846153846,0.0
96,96,refinement,0.5,2,0.29671563524020694,0.1574509301551423,,0.4,0.0
96,96,refinement,0.5,3,0.3145339134226436,0.1652111649034702,,0.4126984126984127,0.0
96,96,refinement,0.5,4,0.31449642339588324,0.15070959343139656,,0.42622950819672134,0.0
96,96,refinement,0.5,5,0.3306381987691717,0.12854376734107303,,0.42622950819672134,0.14285714285714285
96,96,refinement,0.5,6,0.28308032368070624,0.13867049705286214,,0.380952380952381,0.0
96,96,refinement,0.5,7,0.29014504536354857,0.16311882222712515,,0.35294117647058826,0.0
96,96,refinement,0.8,0,0.3104885570561637,0.18324908836192352,,0.3859649122807018,0.0
96,96,refinement,0.8,1,0.2995341673162,0.1788039703631017,,0.3287671232876712,0.0
96,96,refinement,0.8,2,0.3020787744952318,0.16988305288464248,,0.3287671232876712,0.0
96,96,refinement,0.8,3,0.35671960096620936,0.13522977633583583,,0.35443037974683544,0.14285714285714285
96,96,refinement,0.8,4,0.3212950457148566,0.1516024756375547,,0.2912621359223301,0.14285714285714285
96,96,refinement,0.8,5,0.3059400189299488,0.1718948816153575,,0.2696629213483146,0.0
96,96,refinement,0.8,6,0.2935063828159224,0.14005096218201288,,0.29213483146067415,0.0
96,96,refinement,0.8,7,0.31173949604875906,0.15512256127854185,,0.2857142857142857,0.0
97,97,accumulation,N/A,0,0.5220266941854896,0.4260904320366272,,0.6666666666666666,0.0
97,97,accumulation,N/A,1,0.4005824470017937,0.26626721935573516,,0.3333333333333333,0.0
97,97,accumulation,N/A,2,0.42478243173455205,0.11935066672718658,,0.8,0.0
97,97,accumulation,N/A,3,0.4448742401210779,0.1719274139996217,,0.6666666666666666,0.5
97,97,accumulation,N/A,4,0.27812424186079254,0.16288512966223834,,0.33333333333333337,0.0
97,97,accumulation,N/A,5,0.7035397996438161,0.3922483229840001,,1.0,1.0
97,97,accumulation,N/A,6,0.39754514469469415,0.2520758056776985,,0.6666666666666666,0.0
97,97,accumulation,N/A,7,0.4038369021925595,0.09098801422925601,,0.5714285714285715,0.0
97,97,refinement,0.5,0,0.5220266941854896,0.4260904320366272,,0.6666666666666666,0.0
97,97,refinement,0.5,1,0.5220548421159423,0.4260904320366272,,0.6666666666666666,0.0
97,97,refinement,0.5,2,0.4225288783059342,0.42799294632377904,,0.5,0.0
97,97,refinement,0.5,3,0.5222685626667483,0.42569613946340884,,0.6666666666666666,0.0
97,97,refinement,0.5,4,0.5228414072931796,0.427992946323779,,0.6666666666666666,0.0
97,97,refinement,0.5,5,0.5229187257931687,0.428457198206587,,0.6666666666666666,0.0
97,97,refinement,0.5,6,0.5225146327628677,0.428457198206587,,0.6666666666666666,0.0
97,97,refinement,0.5,7,0.481147175555607,0.428457198206587,,0.4,0.5
97,97,refinement,0.8,0,0.5220266941854896,0.4260904320366272,,0.6666666666666666,0.0
97,97,refinement,0.8,1,0.5115204649924148,0.37656104491511244,,0.6666666666666666,0.0
97,97,refinement,0.8,2,0.41112342512864397,0.3715283018398885,,0.5,0.0
97,97,refinement,0.8,3,0.4759610183223564,0.17800804441396306,,0.8,0.0
97,97,refinement,0.8,4,0.4576838899273569,0.17906707859367113,,0.6666666666666666,0.0
97,97,refinement,0.8,5,0.4777010234639902,0.18077147466181023,,0.8,0.0
97,97,refinement,0.8,6,0.4756483144843081,0.17705657399352506,,0.8,0.0
97,97,refinement,0.8,7,0.4666052721948258,0.17638483322062207,,0.8,0.5
98,98,accumulation,N/A,0,0.41647126193236345,0.04976788263450397,,0.6304347826086957,0.14285714285714285
98,98,accumulation,N/A,1,0.4236664025387989,0.015815972548469115,,0.28846153846153844,0.2857142857142857
98,98,accumulation,N/A,2,0.38952729582654766,0.02964948019736737,,0.3409090909090909,0.14285714285714285
98,98,accumulation,N/A,3,0.3389184442119908,0.007695302238764859,,0.5,0.0
98,98,accumulation,N/A,4,0.35525001341762225,0.023290298425246925,,0.3414634146341463,0.14285714285714285
98,98,accumulation,N/A,5,0.3905654517250907,0.03278986466872045,,0.32894736842105265,0.14285714285714285
98,98,accumulation,N/A,6,0.37175779644783036,0.05656018704841837,,0.34523809523809523,0.0
98,98,accumulation,N/A,7,0.3881278383763533,0.008817976620599159,,0.47619047619047616,0.0
98,98,refinement,0.5,0,0.41647126193236345,0.04976788263450397,,0.6304347826086957,0.14285714285714285
98,98,refinement,0.5,1,0.37512927425603615,0.044104111391326466,,0.6352941176470589,0.0
98,98,refinement,0.5,2,0.38352544270113786,0.055530757522166636,,0.5567010309278351,0.0
98,98,refinement,0.5,3,0.35736028229381384,0.03975497748778494,,0.5000000000000001,0.0
98,98,refinement,0.5,4,0.39134138783051287,0.06195052058646296,,0.5434782608695652,0.0
98,98,refinement,0.5,5,0.38297068698441983,0.0565427702280393,,0.5225225225225225,0.0
98,98,refinement,0.5,6,0.37806714529269614,0.048827633286563754,,0.5132743362831859,0.0
98,98,refinement,0.5,7,0.3561813024608932,0.05824588887133877,,0.4736842105263158,0.0
98,98,refinement,0.8,0,0.41647126193236345,0.04976788263450397,,0.6304347826086957,0.14285714285714285
98,98,refinement,0.8,1,0.4105571983888252,0.054289136064609216,,0.5225225225225225,0.14285714285714285
98,98,refinement,0.8,2,0.35792867118319854,0.04657516801992605,,0.4833333333333334,0.0
98,98,refinement,0.8,3,0.3907832970721007,0.037975663982839615,,0.3846153846153846,0.14285714285714285
98,98,refinement,0.8,4,0.3411258281813794,0.04481528961013116,,0.3352601156069364,0.0
98,98,refinement,0.8,5,0.38421490031049266,0.06916944752731181,,0.3157894736842105,0.14285714285714285
98,98,refinement,0.8,6,0.3259759694171307,0.017394460157700745,,0.2532751091703057,0.0
98,98,refinement,0.8,7,0.3780251409876383,0.06888176538019573,,0.29850746268656714,0.14285714285714285
99,99,accumulation,N/A,0,0.3270045481716315,0.058518619848521074,,0.339622641509434,0.0
99,99,accumulation,N/A,1,0.3922480881188694,0.08948601470541778,,0.39473684210526316,0.3333333333333333
99,99,accumulation,N/A,2,0.47560843855245055,0.03077892459392069,,0.48,0.4
99,99,accumulation,N/A,3,0.3314042064839291,0.016688433201034917,,0.3116883116883117,0.0
99,99,accumulation,N/A,4,0.49014630795303754,0.06939235922107584,,0.4761904761904762,0.2
99,99,accumulation,N/A,5,0.3069677315322942,0.006646630576343406,,0.5,0.0
99,99,accumulation,N/A,6,0.4230387904134751,0.12958911491859454,,0.40625,0.0
99,99,accumulation,N/A,7,0.4220748169347168,0.048842493443888094,,0.44444444444444436,0.0
99,99,refinement,0.5,0,0.3270045481716315,0.058518619848521074,,0.339622641509434,0.0
99,99,refinement,0.5,1,0.37620720844370986,0.079983247585638,,0.2692307692307693,0.2
99,99,refinement,0.5,2,0.4092825272937064,0.06710039371837097,,0.35555555555555557,0.2
99,99,refinement,0.5,3,0.37148095498377576,0.0839715055992999,,0.2553191489361702,0.2
99,99,refinement,0.5,4,0.349994132040058,0.08399332725835908,,0.27906976744186046,0.16666666666666666
99,99,refinement,0.5,5,0.37694883870321116,0.08483355403004271,,0.3157894736842105,0.2
99,99,refinement,0.5,6,0.37922816322147085,0.08542856652201765,,0.3076923076923077,0.2
99,99,refinement,0.5,7,0.3721755687638857,0.0778224870461012,,0.2916666666666667,0.2
99,99,refinement,0.8,0,0.3270045481716315,0.058518619848521074,,0.339622641509434,0.0
99,99,refinement,0.8,1,0.3564215118532211,0.02318928109266474,,0.3384615384615385,0.2
99,99,refinement,0.8,2,0.3729596941214846,0.13830827662119125,,0.34782608695652173,0.2
99,99,refinement,0.8,3,0.3256168387020392,0.05993565222369173,,0.4150943396226416,0.0
99,99,refinement,0.8,4,0.3468794817725497,0.03395148574346921,,0.38095238095238093,0.0
99,99,refinement,0.8,5,0.33733515671053943,0.05918117570425603,,0.35087719298245607,0.0
99,99,refinement,0.8,6,0.33892405083437127,0.025784290461293626,,0.46666666666666673,0.0
99,99,refinement,0.8,7,0.40845900690086745,0.03175092219484429,,0.41379310344827586,0.2
100,100,accumulation,N/A,0,0.23393057886544144,0.18200385398146568,,0.09090909090909091,0.25
100,100,accumulation,N/A,1,0.25124577221741956,0.0003308412527851397,,0.03488372093023256,0.0
100,100,accumulation,N/A,2,0.2740954747385791,0.00440347954715741,,0.25,0.0
100,100,accumulation,N/A,3,0.31268089172241265,0.0009776936244719138,,0.2,0.25
100,100,accumulation,N/A,4,0.3074805378708866,0.11165924810954275,,0.2745098039215686,0.0
100,100,accumulation,N/A,5,0.27615453304847126,0.010481401073402473,,0.3846153846153846,0.0
100,100,accumulation,N/A,6,0.3569476571279323,0.0,,0.15789473684210525,0.2
100,100,accumulation,N/A,7,0.3278098286869403,0.042511572087536996,,0.21818181818181817,0.0
100,100,refinement,0.5,0,0.23393057886544144,0.18200385398146568,,0.09090909090909091,0.25
100,100,refinement,0.5,1,0.16822531966722246,0.08280552930883636,,0.11320754716981131,0.0
100,100,refinement,0.5,2,0.16315655320682518,0.11143606268029792,,0.1,0.0
100,100,refinement,0.5,3,0.1600591127703764,0.10199807102611513,,0.06153846153846154,0.0
100,100,refinement,0.5,4,0.20203983300035033,0.0,,0.034482758620689655,0.0
100,100,refinement,0.5,5,0.19031091386378357,0.0,,0.03773584905660378,0.0
100,100,refinement,0.5,6,0.1984089693690791,0.0,,0.043478260869565216,0.0
100,100,refinement,0.5,7,0.30358208855471047,0.0,,0.052631578947368425,0.25
100,100,refinement,0.8,0,0.23393057886544144,0.18200385398146568,,0.09090909090909091,0.25
100,100,refinement,0.8,1,0.22379180550247174,0.013053975453095038,,0.2857142857142857,0.25
100,100,refinement,0.8,2,0.2889773166056062,0.0,,0.5454545454545454,0.25
100,100,refinement,0.8,3,0.19231829894482597,0.0,,0.15384615384615383,0.25
100,100,refinement,0.8,4,0.20305653967315873,0.0027766075600321695,,0.3333333333333333,0.25
100,100,refinement,0.8,5,0.31655542549629323,0.0,,0.10526315789473685,0.25
100,100,refinement,0.8,6,0.31234877833293057,0.0,,0.06451612903225806,0.25
100,100,refinement,0.8,7,0.22913016743645775,0.0,,0.06896551724137931,0.0
101,101,accumulation,N/A,0,0.19425606030756482,0.2483963653573884,,0.004767580452920142,0.0
101,101,accumulation,N/A,1,0.21767149347081866,0.20746225174100996,,0.18181818181818182,0.0
101,101,accumulation,N/A,2,0.23144205623517689,0.12199426188803561,,0.4444444444444445,0.0
101,101,accumulation,N/A,3,0.19214494253805697,0.13524586077930237,,0.125,0.0
101,101,accumulation,N/A,4,0.2311937082021998,0.22494212601682062,,0.1904761904761905,0.0
101,101,accumulation,N/A,5,0.2026737301342988,0.23635167009077504,,0.125,0.0
101,101,accumulation,N/A,6,0.20898226313272855,0.0824096677892992,,0.10256410256410257,0.0
101,101,accumulation,N/A,7,0.3759806441862179,0.3114912270071854,,0.5714285714285715,0.5
101,101,refinement,0.5,0,0.19425606030756482,0.2483963653573884,,0.004767580452920142,0.0
101,101,refinement,0.5,1,0.2352891013275537,0.2689296803834364,,0.18181818181818182,0.0
101,101,refinement,0.5,2,0.35298582007203794,0.2692766686482997,,0.6666666666666666,0.0
101,101,refinement,0.5,3,0.44758443667465725,0.2689175545909093,,0.8,0.0
101,101,refinement,0.5,4,0.2806105251775241,0.24816018632362807,,0.4444444444444445,0.0
101,101,refinement,0.5,5,0.2294467678322849,0.1082290025775321,,0.3636363636363636,0.0
101,101,refinement,0.5,6,0.23386134714989645,0.1128121693015396,,0.3076923076923077,0.0
101,101,refinement,0.5,7,0.2520324445060387,0.11780066667963587,,0.5,0.0
101,101,refinement,0.8,0,0.19425606030756482,0.2483963653573884,,0.004767580452920142,0.0
101,101,refinement,0.8,1,0.25430055739317187,0.2845188451326644,,0.019138755980861243,0.0
101,101,refinement,0.8,2,0.25883269966129263,0.28895488582480633,,0.009216589861751152,0.0
101,101,refinement,0.8,3,0.2151878916016773,0.2924160540578725,,0.0064,0.0
101,101,refinement,0.8,4,0.45459609811959767,0.3027110721419687,,0.8,0.0
101,101,refinement,0.8,5,0.30632042130252074,0.2947307618007361,,0.5,0.0
101,101,refinement,0.8,6,0.3573283560474606,0.3079002517036463,,0.6666666666666666,0.0
101,101,refinement,0.8,7,0.45302146817209876,0.310506121421263,,0.8,0.0
102,102,accumulation,N/A,0,0.4607816742305585,0.002924989222459733,,0.5,0.0
102,102,accumulation,N/A,1,0.46840894520580045,0.0,,0.5,0.5
102,102,accumulation,N/A,2,0.41130304427190056,0.11412979198404213,,0.11764705882352941,0.0
102,102,accumulation,N/A,3,0.7737391658406731,0.4233683129405889,,1.0,1.0
102,102,accumulation,N/A,4,0.4045552531013986,0.28613690979806133,,0.2857142857142857,0.0
102,102,accumulation,N/A,5,0.5359262679561054,0.07954332988412331,,0.6666666666666666,0.5
102,102,accumulation,N/A,6,0.48318775420263266,0.0,,0.6666666666666666,0.5
102,102,accumulation,N/A,7,0.2953509349899165,0.03470796685781852,,0.021052631578947368,0.3333333333333333
102,102,refinement,0.5,0,0.4607816742305585,0.002924989222459733,,0.5,0.0
102,102,refinement,0.5,1,0.4311902499551645,0.14499339105106507,,0.19999999999999998,0.5
102,102,refinement,0.5,2,0.4274830734612915,0.14079481073615724,,0.4,0.3333333333333333
102,102,refinement,0.5,3,0.4125072760224534,0.14912267569498575,,0.4,0.0
102,102,refinement,0.5,4,0.4739136384787762,0.14079481073615724,,0.4,0.5
102,102,refinement,0.5,5,0.40890991632544216,0.13646416919220306,,0.33333333333333337,0.3333333333333333
102,102,refinement,0.5,6,0.4037321029015772,0.15135129740198056,,0.25,0.3333333333333333
102,102,refinement,0.5,7,0.36083263680662925,0.14717181481062588,,0.18181818181818182,0.25
102,102,refinement,0.8,0,0.4607816742305585,0.002924989222459733,,0.5,0.0
102,102,refinement,0.8,1,0.39210506027201025,0.004544457614955303,,0.5,0.0
102,102,refinement,0.8,2,0.7104779254543904,0.14817934615683054,,1.0,1.0
102,102,refinement,0.8,3,0.49636890300549574,0.14576419445929945,,0.5,0.5
102,102,refinement,0.8,4,0.7083925376605044,0.13943649759734672,,1.0,1.0
102,102,refinement,0.8,5,0.4471048723498249,0.13769075205138948,,0.5,0.3333333333333333
102,102,refinement,0.8,6,0.7235832622531382,0.13722069726665417,,1.0,1.0
102,102,refinement,0.8,7,0.5184516663004858,0.1307540050285254,,0.6666666666666666,0.5
103,103,accumulation,N/A,0,0.1874950339287002,0.1670770906750069,,0.11428571428571427,0.2
103,103,accumulation,N/A,1,0.37828573301877855,0.035693232109417626,,0.35714285714285715,0.5
103,103,accumulation,N/A,2,0.32122348875095375,0.050155057645962266,,0.47619047619047616,0.25
103,103,accumulation,N/A,3,0.29821520791830863,0.0,,0.3333333333333333,0.25
103,103,accumulation,N/A,4,0.2728705201057826,0.0046027627763251195,,0.2727272727272727,0.25
103,103,accumulation,N/A,5,0.2616861144495705,0.010777064273841879,,0.23529411764705882,0.25
103,103,accumulation,N/A,6,0.20021677037190447,0.0,,0.003053435114503817,0.0
103,103,accumulation,N/A,7,0.18957440334436892,0.0,,0.3333333333333333,0.0
103,103,refinement,0.5,0,0.1874950339287002,0.1670770906750069,,0.11428571428571427,0.2
103,103,refinement,0.5,1,0.2576804323070546,0.0942201467043066,,0.28571428571428575,0.0
103,103,refinement,0.5,2,0.26180600073278215,0.09524007348216129,,0.32,0.0
103,103,refinement,0.5,3,0.28719544875265407,0.0668909488764202,,0.42857142857142855,0.25
103,103,refinement,0.5,4,0.25526077381806145,0.04754578442028968,,0.4848484848484849,0.2
103,103,refinement,0.5,5,0.27177998254339053,0.04682673281974119,,0.5714285714285715,0.2
103,103,refinement,0.5,6,0.33593329897515134,0.03956044571570168,,0.6206896551724139,0.25
103,103,refinement,0.5,7,0.3708438177008658,0.042122243245617634,,0.5925925925925926,0.5
103,103,refinement,0.8,0,0.1874950339287002,0.1670770906750069,,0.11428571428571427,0.2
103,103,refinement,0.8,1,0.16847461419516613,0.17808561864256262,,0.14814814814814814,0.0
103,103,refinement,0.8,2,0.19981823547992938,0.17560803312421325,,0.16666666666666666,0.0
103,103,refinement,0.8,3,0.2937931248180318,0.04809076914875319,,0.4444444444444445,0.25
103,103,refinement,0.8,4,0.3873138883358264,0.023432593691489093,,0.7096774193548387,0.5
103,103,refinement,0.8,5,0.24486461514089886,0.06310645443339105,,0.380952380952381,0.0
103,103,refinement,0.8,6,0.2210149656186699,0.04433419041519083,,0.36363636363636365,0.0
103,103,refinement,0.8,7,0.21458459649606926,0.0335893127686517,,0.358974358974359,0.0
104,104,accumulation,N/A,0,0.31216696014444967,0.13202798546390168,,0.22535211267605632,0.0
104,104,accumulation,N/A,1,0.22510193476303003,7.359305104909686e-05,,0.4117647058823529,0.0
104,104,accumulation,N/A,2,0.32956168705662603,0.016356575354795285,,0.45901639344262296,0.25
104,104,accumulation,N/A,3,0.3256197440011673,0.0,,0.2926829268292683,0.16666666666666666
104,104,accumulation,N/A,4,0.4258627543944292,6.676732765887682e-06,,0.490566037735849,0.5
104,104,accumulation,N/A,5,0.405265485572936,0.0017196806157329255,,0.6363636363636364,0.25
104,104,accumulation,N/A,6,0.20711171718404775,0.0,,0.06018518518518519,0.0
104,104,accumulation,N/A,7,0.3995207197060805,0.03283283309998038,,0.5161290322580645,0.2
104,104,refinement,0.5,0,0.31216696014444967,0.13202798546390168,,0.22535211267605632,0.0
104,104,refinement,0.5,1,0.31345896120202554,0.09737691888158345,,0.25396825396825395,0.0
104,104,refinement,0.5,2,0.32956940603169,0.10850572497455187,,0.34615384615384615,0.0
104,104,refinement,0.5,3,0.31713632267320846,0.04572459923389169,,0.33962264150943394,0.0
104,104,refinement,0.5,4,0.39128313628211187,0.03815342113999408,,0.46153846153846156,0.25
104,104,refinement,0.5,5,0.37285961257145084,0.0477382992952651,,0.3333333333333333,0.25
104,104,refinement,0.5,6,0.3800584864233128,0.08223568590934296,,0.34146341463414637,0.25
104,104,refinement,0.5,7,0.3606368647778819,0.10715092271196723,,0.3255813953488372,0.2
104,104,refinement,0.8,0,0.31216696014444967,0.13202798546390168,,0.22535211267605632,0.0
104,104,refinement,0.8,1,0.3512321194810269,0.009939188877372189,,0.6046511627906976,0.0
104,104,refinement,0.8,2,0.3812304609092708,0.030067880264229106,,0.5660377358490566,0.25
104,104,refinement,0.8,3,0.3882273091815069,0.0061302895975089994,,0.6382978723404256,0.25
104,104,refinement,0.8,4,0.39240629280455913,0.03561709400184405,,0.5882352941176471,0.25
104,104,refinement,0.8,5,0.3957587092182647,0.0010035159916870436,,0.6829268292682927,0.25
104,104,refinement,0.8,6,0.3631814070302469,0.03260647510760901,,0.7567567567567567,0.0
104,104,refinement,0.8,7,0.40167999974215535,0.025629742280346472,,0.6976744186046512,0.25
105,105,accumulation,N/A,0,0.33228910504080744,0.0007469211200948993,,0.47619047619047616,0.14285714285714285
105,105,accumulation,N/A,1,0.2768429540740238,0.006084903694953476,,0.29333333333333333,0.0
105,105,accumulation,N/A,2,0.3235045019374767,0.013929075095155475,,0.2992125984251969,0.125
105,105,accumulation,N/A,3,0.3570586941741452,0.007485039541107223,,0.43478260869565216,0.14285714285714285
105,105,accumulation,N/A,4,0.30058809763364547,0.003902278922900762,,0.3636363636363636,0.0
105,105,accumulation,N/A,5,0.2889219764703129,0.03217540607809557,,0.2444444444444444,0.0
105,105,accumulation,N/A,6,0.2942432476976573,0.0035048129956021176,,0.2857142857142857,0.0
105,105,accumulation,N/A,7,0.22217424480609504,0.025073641928451396,,0.19730941704035876,0.0
105,105,refinement,0.5,0,0.33228910504080744,0.0007469211200948993,,0.47619047619047616,0.14285714285714285
105,105,refinement,0.5,1,0.3032802207092812,0.0015239674661239055,,0.4242424242424242,0.0
105,105,refinement,0.5,2,0.3227800594404737,0.001528427887074404,,0.417910447761194,0.14285714285714285
105,105,refinement,0.5,3,0.30289975646236295,0.0016943405013783185,,0.4444444444444444,0.0
105,105,refinement,0.5,4,0.36633652936207584,0.0016256390263990127,,0.46875000000000006,0.2857142857142857
105,105,refinement,0.5,5,0.3910714269998768,0.0016304112705134474,,0.4615384615384615,0.42857142857142855
105,105,refinement,0.5,6,0.3353400097431396,0.0016304112705134474,,0.4166666666666667,0.14285714285714285
105,105,refinement,0.5,7,0.2901973611235136,0.0018931998480141122,,0.39473684210526316,0.0
105,105,refinement,0.8,0,0.33228910504080744,0.0007469211200948993,,0.47619047619047616,0.14285714285714285
105,105,refinement,0.8,1,0.3248960142901035,0.0009076021590008292,,0.32786885245901637,0.0
105,105,refinement,0.8,2,0.28016666912961824,0.007136460904969021,,0.34862385321100925,0.0
105,105,refinement,0.8,3,0.317843901041965,0.0014582051277457944,,0.3584905660377359,0.125
105,105,refinement,0.8,4,0.32327488137316196,0.003810213819911829,,0.3230769230769231,0.125
105,105,refinement,0.8,5,0.2877959468801668,0.009064689005471744,,0.23841059602649006,0.0
105,105,refinement,0.8,6,0.3008824140344962,0.004879883475227764,,0.304,0.0
105,105,refinement,0.8,7,0.3239045425327688,0.004562811095922629,,0.2941176470588235,0.125
106,106,accumulation,N/A,0,0.4616534635005617,0.08601611760209349,,0.5,0.5
106,106,accumulation,N/A,1,0.2980844171471562,0.00822985818551938,,0.3,0.25
106,106,accumulation,N/A,2,0.36049786078285584,0.03634349626732644,,0.4444444444444445,0.3333333333333333
106,106,accumulation,N/A,3,0.41073799405789846,0.0,,0.28571428571428575,0.5
106,106,accumulation,N/A,4,0.47593161762368663,0.3402659471699156,,0.28571428571428575,0.5
106,106,accumulation,N/A,5,0.5122765126438991,0.07751201534057037,,0.888888888888889,0.5
106,106,accumulation,N/A,6,0.3611884664642736,0.09487263457380986,,0.5,0.0
106,106,accumulation,N/A,7,0.47244833114586277,0.11550441925879837,,0.5,0.5
106,106,refinement,0.5,0,0.4616534635005617,0.08601611760209349,,0.5,0.5
106,106,refinement,0.5,1,0.3853892382292804,0.17129715307526205,,0.28571428571428575,0.5
106,106,refinement,0.5,2,0.3864535707383002,0.18065120634939882,,0.28571428571428575,0.5
106,106,refinement,0.5,3,0.38573038215722405,0.17675855608640403,,0.28571428571428575,0.5
106,106,refinement,0.5,4,0.38629077626232805,0.17891695588768156,,0.28571428571428575,0.5
106,106,refinement,0.5,5,0.3859056270909186,0.17891695588768156,,0.28571428571428575,0.5
106,106,refinement,0.5,6,0.38637147293283103,0.18065120634939882,,0.28571428571428575,0.5
106,106,refinement,0.5,7,0.3861416338799637,0.18067475392571025,,0.28571428571428575,0.5
106,106,refinement,0.8,0,0.4616534635005617,0.08601611760209349,,0.5,0.5
106,106,refinement,0.8,1,0.3050282033885992,0.1874514275917905,,0.22222222222222224,0.25
106,106,refinement,0.8,2,0.33464906056581323,0.18559447315264563,,0.25,0.3333333333333333
106,106,refinement,0.8,3,0.3912689938295424,0.19509344153492195,,0.28571428571428575,0.5
106,106,refinement,0.8,4,0.3902923780976382,0.19427144740224514,,0.28571428571428575,0.5
106,106,refinement,0.8,5,0.5612503704437566,0.05061241395731399,,0.8000000000000002,1.0
106,106,refinement,0.8,6,0.46276747190630213,0.06461392284007891,,0.6153846153846154,0.5
106,106,refinement,0.8,7,0.3089413797054755,0.2475478910619479,,0.25,0.0
107,107,accumulation,N/A,0,0.395018824481611,0.38784165367465084,,0.5,0.0
107,107,accumulation,N/A,1,0.6404166114766887,0.0,,1.0,1.0
107,107,accumulation,N/A,2,0.4971016384490721,0.0,,0.6666666666666666,0.0
107,107,accumulation,N/A,3,0.39300992248390276,0.09576866813135142,,0.5,0.3333333333333333
107,107,accumulation,N/A,4,0.7754189335016985,0.5040317266497375,,1.0,1.0
107,107,accumulation,N/A,5,0.6622978407542779,0.09128979165813758,,1.0,1.0
107,107,accumulation,N/A,6,0.8186955851731006,0.6390681447243065,,1.0,1.0
107,107,accumulation,N/A,7,0.8050991416495217,0.5946887893866777,,1.0,1.0
107,107,refinement,0.5,0,0.395018824481611,0.38784165367465084,,0.5,0.0
107,107,refinement,0.5,1,0.39479569528456937,0.38376754137958385,,0.5,0.0
107,107,refinement,0.5,2,0.2949919168029761,0.385119598902748,,0.33333333333333337,0.0
107,107,refinement,0.5,3,0.30682967244624987,0.39265562566600964,,0.4,0.0
107,107,refinement,0.5,4,0.2841954443749794,0.39265562566600964,,0.25,0.0
107,107,refinement,0.5,5,0.35926578354306277,0.39405909037021014,,0.25,0.0
107,107,refinement,0.5,6,0.37132036234623966,0.3898133327082533,,0.33333333333333337,0.0
107,107,refinement,0.5,7,0.3058263424981824,0.39121489540916954,,0.4,0.0
107,107,refinement,0.8,0,0.395018824481611,0.38784165367465084,,0.5,0.0
107,107,refinement,0.8,1,0.39922712998406495,0.4053197722226787,,0.5,0.0
107,107,refinement,0.8,2,0.4006125274966936,0.4122847947743048,,0.5,0.0
107,107,refinement,0.8,3,0.39988870327820314,0.41085364215762754,,0.5,0.0
107,107,refinement,0.8,4,0.39935232057546344,0.41085364215762754,,0.5,0.0
107,107,refinement,0.8,5,0.31018844299687665,0.41359430729982327,,0.4,0.0
107,107,refinement,0.8,6,0.40020762784715347,0.415027018450299,,0.5,0.0
107,107,refinement,0.8,7,0.3528163485647441,0.0,,0.4,0.0
108,108,accumulation,N/A,0,0.2310047968054157,0.229503205708521,,0.14814814814814814,0.0
108,108,accumulation,N/A,1,0.17771321493386913,0.1786639607685079,,0.05194805194805195,0.0
108,108,accumulation,N/A,2,0.22935396928048454,0.2058683600694484,,0.017777777777777778,0.0
108,108,accumulation,N/A,3,0.2977501844200555,0.41374184064903957,,0.016806722689075633,0.2
108,108,accumulation,N/A,4,0.16250842963247836,0.13801583015373617,,0.07547169811320754,0.0
108,108,accumulation,N/A,5,0.26598007745430147,0.4121748665028967,,0.33333333333333337,0.0
108,108,accumulation,N/A,6,0.2381832468063702,0.1886853171781203,,0.04938271604938272,0.0
108,108,accumulation,N/A,7,0.2498537994634557,0.2535587825108306,,0.019417475728155338,0.0
108,108,refinement,0.5,0,0.2310047968054157,0.229503205708521,,0.14814814814814814,0.0
108,108,refinement,0.5,1,0.22858920670030963,0.24533101299876386,,0.14814814814814814,0.0
108,108,refinement,0.5,2,0.22318227333166812,0.2515132122023225,,0.1081081081081081,0.0
108,108,refinement,0.5,3,0.2151119790808984,0.2515132122023225,,0.07272727272727272,0.0
108,108,refinement,0.5,4,0.21274569607451338,0.2440793241569334,,0.06557377049180328,0.0
108,108,refinement,0.5,5,0.21924122956293013,0.2440793241569334,,0.10256410256410257,0.0
108,108,refinement,0.5,6,0.22471744611899072,0.2515132122023225,,0.1111111111111111,0.0
108,108,refinement,0.5,7,0.2243821393598711,0.2515132122023225,,0.1111111111111111,0.0
108,108,refinement,0.8,0,0.2310047968054157,0.229503205708521,,0.14814814814814814,0.0
108,108,refinement,0.8,1,0.21445545539950583,0.2515132122023225,,0.06153846153846154,0.0
108,108,refinement,0.8,2,0.2118386240692739,0.2556378991170093,,0.03773584905660378,0.0
108,108,refinement,0.8,3,0.2113850497806922,0.2556378991170093,,0.03960396039603961,0.0
108,108,refinement,0.8,4,0.20307671904794644,0.25187851824764146,,0.037037037037037035,0.0
108,108,refinement,0.8,5,0.20653711610849163,0.2333636465110193,,0.05128205128205127,0.0
108,108,refinement,0.8,6,0.19763350943846553,0.2333636465110193,,0.037037037037037035,0.0
108,108,refinement,0.8,7,0.2036421164433811,0.24822810493970468,,0.03636363636363636,0.0
109,109,accumulation,N/A,0,0.30541003553754315,0.0,,0.5,0.0
109,109,accumulation,N/A,1,0.31937522793003087,0.0395608920478489,,0.38596491228070173,0.0
109,109,accumulation,N/A,2,0.2784327265576076,0.0190776799864855,,0.2745098039215686,0.0
109,109,accumulation,N/A,3,0.3058086169308617,0.14310130150824557,,0.20408163265306126,0.0
109,109,accumulation,N/A,4,0.20563970203021154,0.0,,0.2641509433962264,0.0
109,109,accumulation,N/A,5,0.20786848335407315,0.0,,0.13953488372093023,0.0
109,109,accumulation,N/A,6,0.2771640101069728,0.010503894643080902,,0.11666666666666667,0.0
109,109,accumulation,N/A,7,0.2859343104990161,0.07970877436157221,,0.34615384615384615,0.0
109,109,refinement,0.5,0,0.30541003553754315,0.0,,0.5,0.0
109,109,refinement,0.5,1,0.2958763706222207,0.0,,0.42307692307692313,0.0
109,109,refinement,0.5,2,0.2756911029457797,0.0,,0.32,0.16666666666666666
109,109,refinement,0.5,3,0.28592589061068513,0.0,,0.39215686274509803,0.0
109,109,refinement,0.5,4,0.34447203572439405,0.0,,0.41509433962264153,0.3333333333333333
109,109,refinement,0.5,5,0.34281535778055583,0.0,,0.39215686274509803,0.3333333333333333
109,109,refinement,0.5,6,0.40797448769393324,0.0,,0.48148148148148157,0.5
109,109,refinement,0.5,7,0.2967835082818162,0.0,,0.39285714285714285,0.16666666666666666
109,109,refinement,0.8,0,0.30541003553754315,0.0,,0.5,0.0
109,109,refinement,0.8,1,0.27794923651488146,0.0,,0.3076923076923077,0.0
109,109,refinement,0.8,2,0.29334727960011053,0.0,,0.42307692307692313,0.0
109,109,refinement,0.8,3,0.28302662175803656,0.0,,0.28571428571428575,0.16666666666666666
109,109,refinement,0.8,4,0.2638618178948508,0.0,,0.17857142857142858,0.0
109,109,refinement,0.8,5,0.2353296269075113,0.0,,0.17391304347826086,0.0
109,109,refinement,0.8,6,0.24801919857689936,0.0,,0.24,0.0
109,109,refinement,0.8,7,0.3729324823490907,0.0064487736248398176,,0.3404255319148936,0.3333333333333333
110,110,accumulation,N/A,0,0.37358599286059524,0.01662654296448923,,0.4883720930232558,0.0
110,110,accumulation,N/A,1,0.33369832974320424,0.026281643138126854,,0.5121951219512195,0.14285714285714285
110,110,accumulation,N/A,2,0.32024374288138524,0.026831359329219595,,0.34782608695652173,0.0
110,110,accumulation,N/A,3,0.30707149564717556,0.03233543691117188,,0.36065573770491804,0.0
110,110,accumulation,N/A,4,0.2975097677200143,0.021531112525843676,,0.3356643356643357,0.0
110,110,accumulation,N/A,5,0.33056435309691024,0.0161732703142705,,0.34108527131782945,0.0
110,110,accumulation,N/A,6,0.293089240780231,0.0025948713938102937,,0.3928571428571429,0.0
110,110,accumulation,N/A,7,0.34726744617798544,0.01999732692696985,,0.3684210526315789,0.0
110,110,refinement,0.5,0,0.37358599286059524,0.01662654296448923,,0.4883720930232558,0.0
110,110,refinement,0.5,1,0.3895809489317932,0.019041810429704088,,0.6176470588235294,0.0
110,110,refinement,0.5,2,0.3826778281506798,0.024317611721612807,,0.5405405405405406,0.0
110,110,refinement,0.5,3,0.3878443034006587,0.02419219674884162,,0.5882352941176471,0.16666666666666666
110,110,refinement,0.5,4,0.3635463370608431,0.02444039110747743,,0.591549295774648,0.0
110,110,refinement,0.5,5,0.38273035776156517,0.018263383057639408,,0.5333333333333333,0.16666666666666666
110,110,refinement,0.5,6,0.35411873825942886,0.018570618517114074,,0.5128205128205128,0.0
110,110,refinement,0.5,7,0.39211649034555657,0.02120940604431701,,0.6153846153846153,0.16666666666666666
110,110,refinement,0.8,0,0.37358599286059524,0.01662654296448923,,0.4883720930232558,0.0
110,110,refinement,0.8,1,0.3240950675283747,0.019837835218404945,,0.46315789473684216,0.0
110,110,refinement,0.8,2,0.3941120293205366,0.04328604851243525,,0.3826086956521739,0.2
110,110,refinement,0.8,3,0.3458264756040642,0.029800948083049828,,0.32116788321167883,0.16666666666666666
110,110,refinement,0.8,4,0.3427311865776772,0.024367923018596305,,0.4230769230769231,0.0
110,110,refinement,0.8,5,0.386286407984498,0.03790137892457429,,0.3652173913043478,0.2
110,110,refinement,0.8,6,0.3263936853906426,0.02953981203431982,,0.36220472440944884,0.0
110,110,refinement,0.8,7,0.336675962024489,0.02501871570435149,,0.2972972972972973,0.16666666666666666
111,111,accumulation,N/A,0,0.3112463601151214,0.02607576006200905,,0.2131979695431472,0.0
111,111,accumulation,N/A,1,0.3037528712939408,0.00025907194664939905,,0.32467532467532473,0.0
111,111,accumulation,N/A,2,0.3783888359898533,0.013787955441438907,,0.45217391304347815,0.0
111,111,accumulation,N/A,3,0.40162906092830475,0.042032354990325815,,0.33112582781456956,0.14285714285714285
111,111,accumulation,N/A,4,0.3114468604452616,0.013583537191912647,,0.3253012048192771,0.0
111,111,accumulation,N/A,5,0.3341973901114845,0.00671253539714824,,0.41600000000000004,0.0
111,111,accumulation,N/A,6,0.40208153439897504,0.02418212977574165,,0.417910447761194,0.2857142857142857
111,111,accumulation,N/A,7,0.3178390187298655,0.013437684385155413,,0.28415300546448086,0.0
111,111,refinement,0.5,0,0.3112463601151214,0.02607576006200905,,0.2131979695431472,0.0
111,111,refinement,0.5,1,0.39462305735629416,0.018552275172660455,,0.5797101449275363,0.125
111,111,refinement,0.5,2,0.38958880821046943,0.022317916351571977,,0.6216216216216216,0.0
111,111,refinement,0.5,3,0.3632337164501091,0.024817679811746377,,0.5526315789473684,0.0
111,111,refinement,0.5,4,0.40497621456182975,0.025205672981683927,,0.5675675675675675,0.14285714285714285
111,111,refinement,0.5,5,0.4356978823512173,0.024103797947898662,,0.6111111111111112,0.2857142857142857
111,111,refinement,0.5,6,0.365634524063471,0.02773482867246675,,0.5846153846153845,0.0
111,111,refinement,0.5,7,0.34798863860227247,0.027271339455191383,,0.547945205479452,0.0
111,111,refinement,0.8,0,0.3112463601151214,0.02607576006200905,,0.2131979695431472,0.0
111,111,refinement,0.8,1,0.38082305081006584,0.021302513244149102,,0.5274725274725275,0.125
111,111,refinement,0.8,2,0.35001772405695636,0.016842542000831823,,0.4251968503937008,0.0
111,111,refinement,0.8,3,0.3340479623621969,0.020425824817296587,,0.3398692810457516,0.0
111,111,refinement,0.8,4,0.4204256072561221,0.01069266420270262,,0.46428571428571436,0.14285714285714285
111,111,refinement,0.8,5,0.37992096143686027,0.021331615262252853,,0.3611111111111111,0.14285714285714285
111,111,refinement,0.8,6,0.35534646102504297,0.01990182838962667,,0.40579710144927544,0.0
111,111,refinement,0.8,7,0.3688393608925825,0.03545345058444492,,0.3724137931034483,0.0
112,112,accumulation,N/A,0,0.40156554599709016,0.022304177362045645,,0.4262295081967213,0.14285714285714285
112,112,accumulation,N/A,1,0.3488705786513377,0.034103983629846464,,0.4113475177304965,0.0
112,112,accumulation,N/A,2,0.33662209636212215,0.023616333836407252,,0.44961240310077516,0.0
112,112,accumulation,N/A,3,0.3641968011110746,0.002856505748987725,,0.411764705882353,0.0
112,112,accumulation,N/A,4,0.3487289569009252,0.019281670127310406,,0.34013605442176875,0.14285714285714285
112,112,accumulation,N/A,5,0.35325272658132256,0.0477479866567867,,0.36470588235294116,0.0
112,112,accumulation,N/A,6,0.3513583151881271,0.010085802309958381,,0.31958762886597936,0.0
112,112,accumulation,N/A,7,0.3533017483875427,0.0038087991385979307,,0.42176870748299317,0.0
112,112,refinement,0.5,0,0.40156554599709016,0.022304177362045645,,0.4262295081967213,0.14285714285714285
112,112,refinement,0.5,1,0.42187295844716916,0.05581068281777509,,0.5000000000000001,0.14285714285714285
112,112,refinement,0.5,2,0.4302945370171003,0.05982805234795228,,0.5679012345679012,0.14285714285714285
112,112,refinement,0.5,3,0.41995301184816,0.06067106968486889,,0.49350649350649345,0.14285714285714285
112,112,refinement,0.5,4,0.44006907709347853,0.07083544600154254,,0.48,0.2857142857142857
112,112,refinement,0.5,5,0.42206221572678604,0.06716093038053192,,0.5063291139240507,0.14285714285714285
112,112,refinement,0.5,6,0.4228445978942009,0.04745011203999543,,0.5365853658536586,0.14285714285714285
112,112,refinement,0.5,7,0.41319927977658977,0.05274688158966599,,0.43373493975903615,0.14285714285714285
112,112,refinement,0.8,0,0.40156554599709016,0.022304177362045645,,0.4262295081967213,0.14285714285714285
112,112,refinement,0.8,1,0.4056636710770145,0.047291183181950414,,0.4772727272727273,0.14285714285714285
112,112,refinement,0.8,2,0.48191629841306827,0.03241601940480245,,0.725,0.42857142857142855
112,112,refinement,0.8,3,0.35977446739257457,0.026160046823027385,,0.5607476635514019,0.0
112,112,refinement,0.8,4,0.4064640666732021,0.008121399757352854,,0.5904761904761905,0.14285714285714285
112,112,refinement,0.8,5,0.35542759116034495,0.005605687224216081,,0.651685393258427,0.0
112,112,refinement,0.8,6,0.39665127849408066,0.003350750128250166,,0.5555555555555556,0.14285714285714285
112,112,refinement,0.8,7,0.3424143426153295,0.008560337141021692,,0.47368421052631576,0.0
113,113,accumulation,N/A,0,0.2342127227079053,0.04436773381668736,,0.060606060606060615,0.0
113,113,accumulation,N/A,1,0.31035153897893214,0.013046314416177419,,0.3636363636363637,0.0
113,113,accumulation,N/A,2,0.47775225180154757,0.03883155662043885,,0.6363636363636365,0.25
113,113,accumulation,N/A,3,0.35673593297198775,0.005083859114186308,,0.5882352941176471,0.2
113,113,accumulation,N/A,4,0.3417364836878931,0.012162522385081425,,0.5245901639344264,0.0
113,113,accumulation,N/A,5,0.2953309750895677,0.02858862115615182,,0.3870967741935484,0.0
113,113,accumulation,N/A,6,0.3782405620199293,0.01623541349568745,,0.6666666666666666,0.0
113,113,accumulation,N/A,7,0.3010200440978778,0.042796555453188806,,0.5306122448979592,0.0
113,113,refinement,0.5,0,0.2342127227079053,0.04436773381668736,,0.060606060606060615,0.0
113,113,refinement,0.5,1,0.23398839671546445,0.045478620105222224,,0.06451612903225806,0.0
113,113,refinement,0.5,2,0.2487885440162083,0.04110056027988595,,0.06666666666666667,0.0
113,113,refinement,0.5,3,0.23360688124084783,0.04526987811955903,,0.06451612903225806,0.0
113,113,refinement,0.5,4,0.2333619982665821,0.04128169844702176,,0.06451612903225806,0.0
113,113,refinement,0.5,5,0.27596292545227163,0.018351058386940483,,0.14285714285714285,0.0
113,113,refinement,0.5,6,0.285548545469295,0.036702116773880966,,0.06896551724137931,0.0
113,113,refinement,0.5,7,0.2866756883657593,0.03640554751200173,,0.07692307692307693,0.25
113,113,refinement,0.8,0,0.2342127227079053,0.04436773381668736,,0.060606060606060615,0.0
113,113,refinement,0.8,1,0.2854956962130316,0.0395875564402227,,0.06666666666666667,0.0
113,113,refinement,0.8,2,0.35989496859376036,0.017800545441143886,,0.12903225806451613,0.25
113,113,refinement,0.8,3,0.2882977182108042,0.03574085785499038,,0.06896551724137931,0.0
113,113,refinement,0.8,4,0.30490327965316144,0.017800545441143886,,0.12903225806451613,0.0
113,113,refinement,0.8,5,0.2196380511081018,0.015163802392881356,,0.125,0.0
113,113,refinement,0.8,6,0.25480558314228796,0.017895771878072737,,0.14285714285714285,0.2
113,113,refinement,0.8,7,0.3254036509089093,0.030515354551417087,,0.06896551724137931,0.25
114,114,accumulation,N/A,0,0.31855324324506434,0.008246708348267765,,0.5411764705882353,0.0
114,114,accumulation,N/A,1,0.3039143808003695,0.02362502509139448,,0.34782608695652173,0.0
114,114,accumulation,N/A,2,0.2803047128499487,0.032911242604815996,,0.27058823529411763,0.0
114,114,accumulation,N/A,3,0.2927762170224857,0.016276642535221736,,0.36666666666666664,0.0
114,114,accumulation,N/A,4,0.3049734779015144,0.0008390605865769757,,0.2514285714285714,0.0
114,114,accumulation,N/A,5,0.3110162526909195,0.023334387257646742,,0.31506849315068497,0.0
114,114,accumulation,N/A,6,0.31311849637437905,0.0,,0.3546099290780142,0.0
114,114,accumulation,N/A,7,0.3300260183992521,0.0028257312932506123,,0.5319148936170213,0.0
114,114,refinement,0.5,0,0.31855324324506434,0.008246708348267765,,0.5411764705882353,0.0
114,114,refinement,0.5,1,0.3296662659811388,0.004627116097841151,,0.5121951219512195,0.0
114,114,refinement,0.5,2,0.3299439144264493,0.0047235274880991105,,0.48101265822784806,0.0
114,114,refinement,0.5,3,0.3263699561958344,0.011375362185154832,,0.46153846153846156,0.0
114,114,refinement,0.5,4,0.3296801564363366,0.002450016153871047,,0.4782608695652174,0.0
114,114,refinement,0.5,5,0.3423952651627241,0.004264065467822592,,0.5542168674698795,0.0
114,114,refinement,0.5,6,0.3378549898244175,0.020247532838478334,,0.5,0.0
114,114,refinement,0.5,7,0.3589420531125913,0.022341448823303668,,0.48888888888888893,0.14285714285714285
114,114,refinement,0.8,0,0.31855324324506434,0.008246708348267765,,0.5411764705882353,0.0
114,114,refinement,0.8,1,0.33240965963291313,0.004377024238198688,,0.42016806722689076,0.14285714285714285
114,114,refinement,0.8,2,0.3220190401016412,0.004510769033734047,,0.4227642276422765,0.0
114,114,refinement,0.8,3,0.31333813850000636,0.008381360067366504,,0.3728813559322034,0.125
114,114,refinement,0.8,4,0.29059875083178766,0.012490367685518063,,0.29629629629629634,0.0
114,114,refinement,0.8,5,0.29885387831259186,0.0025933189654022224,,0.34074074074074073,0.0
114,114,refinement,0.8,6,0.31647518193005364,0.011842441996170544,,0.33333333333333337,0.125
114,114,refinement,0.8,7,0.30895003558223616,0.006262822937670504,,0.34545454545454546,0.0
115,115,accumulation,N/A,0,0.18898289095354542,0.0,,0.125,0.0
115,115,accumulation,N/A,1,0.282494882693507,0.00011466926349266783,,0.30769230769230765,0.2
115,115,accumulation,N/A,2,0.2797191634052698,0.0014810462308090383,,0.22727272727272727,0.25
115,115,accumulation,N/A,3,0.29860040462375076,5.694855548695513e-05,,0.0875912408759124,0.2
115,115,accumulation,N/A,4,0.5444263495573353,0.38356105107406235,,0.4,0.75
115,115,accumulation,N/A,5,0.34571717870105145,0.07572151525868046,,0.5882352941176471,0.0
115,115,accumulation,N/A,6,0.3174423496743106,0.00036588815310822237,,0.3333333333333333,0.0
115,115,accumulation,N/A,7,0.24329268859547992,0.11037231973983642,,0.14814814814814814,0.16666666666666666
115,115,refinement,0.5,0,0.18898289095354542,0.0,,0.125,0.0
115,115,refinement,0.5,1,0.23412510824180707,0.0,,0.1111111111111111,0.3333333333333333
115,115,refinement,0.5,2,0.23349526043117455,0.0,,0.10526315789473684,0.3333333333333333
115,115,refinement,0.5,3,0.24888408900191822,0.1366784133523102,,0.11764705882352942,0.3333333333333333
115,115,refinement,0.5,4,0.2324191668372012,0.0,,0.1,0.3333333333333333
115,115,refinement,0.5,5,0.23041726693156686,0.0012378645431872777,,0.08333333333333333,0.3333333333333333
115,115,refinement,0.5,6,0.22941894063841217,0.0,,0.08695652173913045,0.3333333333333333
115,115,refinement,0.5,7,0.2271372382446073,0.0,,0.07407407407407407,0.25
115,115,refinement,0.8,0,0.18898289095354542,0.0,,0.125,0.0
115,115,refinement,0.8,1,0.19649947663165743,0.00047692670472914783,,0.07692307692307691,0.25
115,115,refinement,0.8,2,0.290584426912447,0.0006171475515573489,,0.125,0.3333333333333333
115,115,refinement,0.8,3,0.3170719182374288,0.002109218893320526,,0.19047619047619044,0.3333333333333333
115,115,refinement,0.8,4,0.3732768685658521,0.00015920167012838674,,0.3529411764705882,0.6666666666666666
115,115,refinement,0.8,5,0.3120953089225301,0.1911888964839275,,0.16666666666666666,0.3333333333333333
115,115,refinement,0.8,6,0.27021305584871425,0.09940875836061498,,0.26666666666666666,0.25
115,115,refinement,0.8,7,0.29486453521522094,0.05268786195618678,,0.42105263157894735,0.0
116,116,accumulation,N/A,0,0.4285576890485267,0.08232018379116456,,0.6037735849056604,0.0
116,116,accumulation,N/A,1,0.4320221703088039,0.08543524731954087,,0.5,0.16666666666666666
116,116,accumulation,N/A,2,0.37596290135045884,0.03748593416998776,,0.5423728813559323,0.14285714285714285
116,116,accumulation,N/A,3,0.3857193029729062,0.03460919721663646,,0.4814814814814815,0.0
116,116,accumulation,N/A,4,0.324907558624755,0.01497207050700025,,0.38961038961038963,0.14285714285714285
116,116,accumulation,N/A,5,0.4996669377329602,0.06163420680393651,,0.5357142857142857,0.16666666666666666
116,116,accumulation,N/A,6,0.4005085861506223,0.0883485870034864,,0.631578947368421,0.0
116,116,accumulation,N/A,7,0.3462174977155779,0.05666095477183223,,0.33962264150943394,0.14285714285714285
116,116,refinement,0.5,0,0.4285576890485267,0.08232018379116456,,0.6037735849056604,0.0
116,116,refinement,0.5,1,0.44964304108331954,0.07746827934151994,,0.6101694915254238,0.0
116,116,refinement,0.5,2,0.47465568540694214,0.08248877480531655,,0.6037735849056604,0.16666666666666666
116,116,refinement,0.5,3,0.45802310444437216,0.07444068590128838,,0.6792452830188679,0.0
116,116,refinement,0.5,4,0.4791902492278228,0.07788884523317584,,0.5964912280701755,0.16666666666666666
116,116,refinement,0.5,5,0.4907701223260891,0.0615856983559048,,0.5333333333333333,0.3333333333333333
116,116,refinement,0.5,6,0.48384188619308777,0.0612735802247374,,0.6037735849056604,0.16666666666666666
116,116,refinement,0.5,7,0.45063230188647585,0.08741390665208135,,0.5263157894736842,0.0
116,116,refinement,0.8,0,0.4285576890485267,0.08232018379116456,,0.6037735849056604,0.0
116,116,refinement,0.8,1,0.45165344183389583,0.0888063625025284,,0.6521739130434783,0.0
116,116,refinement,0.8,2,0.4315085750392319,0.11924733240469663,,0.39999999999999997,0.0
116,116,refinement,0.8,3,0.4183356758981053,0.09877390399826855,,0.4727272727272727,0.0
116,116,refinement,0.8,4,0.41820452846996636,0.11020663778881686,,0.4666666666666666,0.0
116,116,refinement,0.8,5,0.4027921845672107,0.12141767048402118,,0.3492063492063492,0.0
116,116,refinement,0.8,6,0.44479167608223563,0.10507918716316592,,0.41935483870967744,0.16666666666666666
116,116,refinement,0.8,7,0.40615885271689733,0.12094104052186139,,0.2777777777777778,0.0
117,117,accumulation,N/A,0,0.3689440020123793,0.18860930531649436,,0.2727272727272727,0.16666666666666666
117,117,accumulation,N/A,1,0.3768928632439358,0.015822862101881194,,0.41509433962264153,0.16666666666666666
117,117,accumulation,N/A,2,0.47703704788670764,0.054609182047014426,,0.6666666666666666,0.5
117,117,accumulation,N/A,3,0.33956233672395597,0.05142822410719518,,0.47619047619047616,0.0
117,117,accumulation,N/A,4,0.34314931331557075,0.00019076641807701258,,0.6511627906976744,0.0
117,117,accumulation,N/A,5,0.49864469684222146,0.028397756219687896,,0.7368421052631577,0.5
117,117,accumulation,N/A,6,0.332755393210677,3.1252499734910874e-05,,0.4415584415584416,0.0
117,117,accumulation,N/A,7,0.3868326573053062,0.013833366348191416,,0.5172413793103449,0.0
117,117,refinement,0.5,0,0.3689440020123793,0.18860930531649436,,0.2727272727272727,0.16666666666666666
117,117,refinement,0.5,1,0.36895485969568753,0.28171079071408045,,0.21052631578947367,0.3333333333333333
117,117,refinement,0.5,2,0.436396293319631,0.11268431628563218,,0.45454545454545453,0.3333333333333333
117,117,refinement,0.5,3,0.4579880155094439,0.08048879734688012,,0.5384615384615384,0.5
117,117,refinement,0.5,4,0.35289820328104426,0.10849022272352626,,0.22727272727272727,0.16666666666666666
117,117,refinement,0.5,5,0.39118198415897437,0.07732614183317196,,0.22580645161290322,0.3333333333333333
117,117,refinement,0.5,6,0.4049794450553719,0.06493454495140955,,0.32653061224489793,0.3333333333333333
117,117,refinement,0.5,7,0.3720533831760292,0.06821940525170239,,0.2807017543859649,0.16666666666666666
117,117,refinement,0.8,0,0.3689440020123793,0.18860930531649436,,0.2727272727272727,0.16666666666666666
117,117,refinement,0.8,1,0.3839854586672815,0.1417450102695109,,0.31999999999999995,0.16666666666666666
117,117,refinement,0.8,2,0.35308672660948204,0.12917228951848506,,0.29629629629629634,0.0
117,117,refinement,0.8,3,0.3761332648694779,0.1728516563318727,,0.20689655172413793,0.3333333333333333
117,117,refinement,0.8,4,0.3992307040371778,0.05738335367784966,,0.36,0.16666666666666666
117,117,refinement,0.8,5,0.45138512627110383,0.044819278398996604,,0.5789473684210527,0.3333333333333333
117,117,refinement,0.8,6,0.3441679930534546,0.04910506756366355,,0.40816326530612246,0.0
117,117,refinement,0.8,7,0.3872446945946851,0.04894970484590648,,0.4347826086956522,0.16666666666666666
118,118,accumulation,N/A,0,0.33374953466004165,0.026223499620539083,,0.5714285714285714,0.0
118,118,accumulation,N/A,1,0.3463452439178128,0.0027914481678858534,,0.5146198830409356,0.0
118,118,accumulation,N/A,2,0.36225030348690307,0.015060907443819105,,0.5026178010471204,0.0
118,118,accumulation,N/A,3,0.3904787811675562,0.00581190285426961,,0.6024096385542169,0.0
118,118,accumulation,N/A,4,0.32827786074997006,0.015187909421404295,,0.588957055214724,0.0
118,118,accumulation,N/A,5,0.3626887690701893,0.014507930113055173,,0.6027397260273971,0.0
118,118,accumulation,N/A,6,0.3511750560801127,0.012549685863200327,,0.7571428571428571,0.0
118,118,accumulation,N/A,7,0.3773414643338946,0.019867705887205947,,0.5714285714285714,0.0
118,118,refinement,0.5,0,0.33374953466004165,0.026223499620539083,,0.5714285714285714,0.0
118,118,refinement,0.5,1,0.33232266273915595,0.01796721072298668,,0.5573770491803278,0.0
118,118,refinement,0.5,2,0.3263776015870364,0.020463833733357473,,0.49612403100775193,0.0
118,118,refinement,0.5,3,0.35221084929176544,0.019659890907673883,,0.5573770491803278,0.0
118,118,refinement,0.5,4,0.3605665776510305,0.01923523559793046,,0.4575163398692811,0.14285714285714285
118,118,refinement,0.5,5,0.41859381966695874,0.01563675884248164,,0.4970414201183432,0.14285714285714285
118,118,refinement,0.5,6,0.4099212033722239,0.018258401454955577,,0.5093167701863354,0.14285714285714285
118,118,refinement,0.5,7,0.32715491706172406,0.01850612477841425,,0.4675324675324675,0.0
118,118,refinement,0.8,0,0.33374953466004165,0.026223499620539083,,0.5714285714285714,0.0
118,118,refinement,0.8,1,0.38111616670076964,0.030854430186262296,,0.5359477124183006,0.0
118,118,refinement,0.8,2,0.3874435565194689,0.025901975874942047,,0.5797101449275363,0.14285714285714285
118,118,refinement,0.8,3,0.3829953143615423,0.01463801989374271,,0.5371428571428573,0.0
118,118,refinement,0.8,4,0.34443938015724346,0.04008465022983662,,0.5153374233128835,0.0
118,118,refinement,0.8,5,0.34217250856276693,0.03408084973821762,,0.45989304812834225,0.0
118,118,refinement,0.8,6,0.3561336714775756,0.027095288169876698,,0.4263959390862944,0.0
118,118,refinement,0.8,7,0.3446481708949872,0.019700630823083532,,0.485207100591716,0.0
119,119,accumulation,N/A,0,0.27946709952923265,0.059258358496099076,,0.14814814814814814,0.16666666666666666
119,119,accumulation,N/A,1,0.2814524525243643,0.161056596070342,,0.16666666666666669,0.0
119,119,accumulation,N/A,2,0.2804880920086387,0.05464259033558542,,0.16216216216216214,0.0
119,119,accumulation,N/A,3,0.2514590513442444,0.1051360252420976,,0.017167381974248927,0.0
119,119,accumulation,N/A,4,0.20140036706635617,0.04193409015071212,,0.03846153846153846,0.0
119,119,accumulation,N/A,5,0.24744604375904639,0.07252561137891128,,0.008024072216649948,0.0
119,119,accumulation,N/A,6,0.2292296893467471,0.06332593340941388,,0.26315789473684204,0.0
119,119,accumulation,N/A,7,0.17235043513445414,0.0,,0.16666666666666666,0.0
119,119,refinement,0.5,0,0.27946709952923265,0.059258358496099076,,0.14814814814814814,0.16666666666666666
119,119,refinement,0.5,1,0.3068744443157562,0.05932961048853118,,0.1739130434782609,0.2
119,119,refinement,0.5,2,0.4201994223005897,0.020740685598527406,,0.4137931034482759,0.25
119,119,refinement,0.5,3,0.31396920862814515,0.015555514198895556,,0.47058823529411764,0.0
119,119,refinement,0.5,4,0.4002333182523269,0.012446195995473044,,0.5405405405405405,0.0
119,119,refinement,0.5,5,0.4314519463893852,0.017741811451426576,,0.4827586206896552,0.25
119,119,refinement,0.5,6,0.3515439749213955,0.024895927535188024,,0.43478260869565216,0.0
119,119,refinement,0.5,7,0.34273206155606245,0.013813114131864694,,0.5806451612903225,0.0
119,119,refinement,0.8,0,0.27946709952923265,0.059258358496099076,,0.14814814814814814,0.16666666666666666
119,119,refinement,0.8,1,0.340676262843627,0.013343701981188344,,0.36734693877551017,0.2
119,119,refinement,0.8,2,0.3135154383333982,0.06302312002143724,,0.2051282051282051,0.0
119,119,refinement,0.8,3,0.27013655412053716,0.1305587471807314,,0.07407407407407407,0.0
119,119,refinement,0.8,4,0.3499104530025274,0.01443630362469646,,0.5142857142857143,0.16666666666666666
119,119,refinement,0.8,5,0.47689723841017506,0.012046311557471759,,0.7222222222222222,0.6
119,119,refinement,0.8,6,0.39602957857496346,0.1379955002119017,,0.10526315789473685,0.5
119,119,refinement,0.8,7,0.3184388531857377,0.12830025973008743,,0.1111111111111111,0.25
120,120,accumulation,N/A,0,0.4333368063509532,0.020780414997938375,,0.7297297297297297,0.2
120,120,accumulation,N/A,1,0.36085707899026725,0.007603996495601019,,0.5471698113207547,0.0
120,120,accumulation,N/A,2,0.36463612756362146,0.0184097362689748,,0.5494505494505494,0.0
120,120,accumulation,N/A,3,0.3664937833248707,0.01860603487206143,,0.5203252032520325,0.16666666666666666
120,120,accumulation,N/A,4,0.4281534809484809,0.015386084498817917,,0.8192771084337348,0.0
120,120,accumulation,N/A,5,0.3679101246454996,0.0021411506834572674,,0.5684210526315788,0.0
120,120,accumulation,N/A,6,0.38259342807117225,0.022689471698961045,,0.6041666666666666,0.16666666666666666
120,120,accumulation,N/A,7,0.3758775951252631,0.03217765336011258,,0.46551724137931033,0.0
120,120,refinement,0.5,0,0.4333368063509532,0.020780414997938375,,0.7297297297297297,0.2
120,120,refinement,0.5,1,0.470420241678618,0.01896369276441678,,0.7536231884057971,0.4
120,120,refinement,0.5,2,0.436552140828564,0.019834759267695186,,0.7105263157894737,0.2
120,120,refinement,0.5,3,0.47758968487972453,0.02402626865699988,,0.8055555555555555,0.4
120,120,refinement,0.5,4,0.4133092787133222,0.014182562885034587,,0.7837837837837838,0.0
120,120,refinement,0.5,5,0.3788185846318491,0.019599526310163422,,0.6666666666666666,0.0
120,120,refinement,0.5,6,0.39463518708544165,0.04275409216366313,,0.6075949367088608,0.0
120,120,refinement,0.5,7,0.43483573104643825,0.02471023652366906,,0.7105263157894737,0.0
120,120,refinement,0.8,0,0.4333368063509532,0.020780414997938375,,0.7297297297297297,0.2
120,120,refinement,0.8,1,0.38329459039266506,0.017801092822595017,,0.5981308411214953,0.0
120,120,refinement,0.8,2,0.438066654170941,0.008064562695609238,,0.7741935483870968,0.2
120,120,refinement,0.8,3,0.42054166129556236,0.016317390040996766,,0.5744680851063829,0.2
120,120,refinement,0.8,4,0.3938879306302064,0.014059839339114154,,0.6122448979591837,0.0
120,120,refinement,0.8,5,0.4629671768775032,0.026322915952850516,,0.6744186046511628,0.4
120,120,refinement,0.8,6,0.550422811147576,0.023726625937604127,,0.7096774193548389,0.75
120,120,refinement,0.8,7,0.4483213187928761,0.0243509187264295,,0.5384615384615384,0.25
121,121,accumulation,N/A,0,0.355845365615058,0.006671170687784383,,0.40875912408759124,0.0
121,121,accumulation,N/A,1,0.39277610221230286,0.010345463002203459,,0.5357142857142857,0.16666666666666666
121,121,accumulation,N/A,2,0.3825275749654564,0.012669950672860399,,0.5833333333333334,0.0
121,121,accumulation,N/A,3,0.35939415652434586,0.017699403743309843,,0.6064516129032258,0.0
121,121,accumulation,N/A,4,0.37761101891185717,0.02277855275680374,,0.6666666666666667,0.14285714285714285
121,121,accumulation,N/A,5,0.30767726393207284,0.007683762114025303,,0.4722222222222222,0.0
121,121,accumulation,N/A,6,0.33638276571804937,0.0021277728191148085,,0.45000000000000007,0.125
121,121,accumulation,N/A,7,0.33884049362726953,0.013136355701875334,,0.5056179775280899,0.0
121,121,refinement,0.5,0,0.355845365615058,0.006671170687784383,,0.40875912408759124,0.0
121,121,refinement,0.5,1,0.356586734361752,0.005946751926121313,,0.393939393939394,0.0
121,121,refinement,0.5,2,0.3624874016004054,0.009103837618155156,,0.42424242424242425,0.0
121,121,refinement,0.5,3,0.3611130142292202,0.005332495265201836,,0.45112781954887216,0.0
121,121,refinement,0.5,4,0.3569335442022537,0.005786913173722047,,0.42187499999999994,0.0
121,121,refinement,0.5,5,0.34603159767281955,0.004165749975736345,,0.4888888888888889,0.0
121,121,refinement,0.5,6,0.338799734499685,0.005250366533640866,,0.42424242424242425,0.0
121,121,refinement,0.5,7,0.3705051158039172,0.005538210002921182,,0.5070422535211268,0.14285714285714285
121,121,refinement,0.8,0,0.355845365615058,0.006671170687784383,,0.40875912408759124,0.0
121,121,refinement,0.8,1,0.37599682823242525,0.003078594959131286,,0.5806451612903225,0.0
121,121,refinement,0.8,2,0.3800907010375749,0.009002368558254297,,0.5609756097560975,0.0
121,121,refinement,0.8,3,0.3703882944402794,0.0,,0.4875621890547263,0.14285714285714285
121,121,refinement,0.8,4,0.3793471764286004,0.0,,0.5795454545454546,0.0
121,121,refinement,0.8,5,0.3473337408102082,0.00240770338087215,,0.6060606060606061,0.0
121,121,refinement,0.8,6,0.3584947065914741,0.0005106177797077449,,0.5251396648044693,0.0
121,121,refinement,0.8,7,0.3622627549062183,0.0035324893833158545,,0.5257142857142857,0.0
122,122,accumulation,N/A,0,0.2781762275245524,0.007955389539444755,,0.2916666666666667,0.0
122,122,accumulation,N/A,1,0.34641481161230836,0.00617806209489776,,0.49735449735449744,0.0
122,122,accumulation,N/A,2,0.34608308111822245,0.017212438523639986,,0.40625,0.0
122,122,accumulation,N/A,3,0.3464365459022074,0.0021529456287169495,,0.6341463414634146,0.0
122,122,accumulation,N/A,4,0.3596552225017264,0.0010045501517542234,,0.42424242424242425,0.14285714285714285
122,122,accumulation,N/A,5,0.30612557181299843,0.01128923368060729,,0.3763440860215053,0.0
122,122,accumulation,N/A,6,0.3544236838041237,0.02110414232020265,,0.5207100591715976,0.0
122,122,accumulation,N/A,7,0.35745352963719645,0.01046449710219061,,0.5638297872340425,0.0
122,122,refinement,0.5,0,0.2781762275245524,0.007955389539444755,,0.2916666666666667,0.0
122,122,refinement,0.5,1,0.28935173499664446,0.0027219329656281138,,0.34343434343434337,0.0
122,122,refinement,0.5,2,0.31142745260068505,0.005557678633515835,,0.40816326530612246,0.0
122,122,refinement,0.5,3,0.2819779630711563,0.008724135483879831,,0.30769230769230765,0.0
122,122,refinement,0.5,4,0.2882921655508843,0.0058508227332212965,,0.38095238095238093,0.0
122,122,refinement,0.5,5,0.31681093563142126,0.005316729730663317,,0.4356435643564357,0.14285714285714285
122,122,refinement,0.5,6,0.28717361218446624,0.0004755038138593566,,0.3883495145631068,0.0
122,122,refinement,0.5,7,0.336564444419599,0.000478374855760981,,0.39999999999999997,0.16666666666666666
122,122,refinement,0.8,0,0.2781762275245524,0.007955389539444755,,0.2916666666666667,0.0
122,122,refinement,0.8,1,0.299355774191776,0.001621396437788071,,0.42477876106194684,0.0
122,122,refinement,0.8,2,0.2961704907122343,0.001514594318073324,,0.43859649122807015,0.0
122,122,refinement,0.8,3,0.2885167732797009,0.0014436244338740891,,0.46875,0.0
122,122,refinement,0.8,4,0.34001085253596813,0.0021858127832723186,,0.47058823529411764,0.0
122,122,refinement,0.8,5,0.33735908288545324,0.007078300007903282,,0.4748201438848921,0.14285714285714285
122,122,refinement,0.8,6,0.33793958801713514,0.006648059569055811,,0.4748201438848921,0.0
122,122,refinement,0.8,7,0.306391612758508,0.008955431587923581,,0.48,0.0
123,123,accumulation,N/A,0,0.3104683360108026,0.178181787804769,,0.15,0.0
123,123,accumulation,N/A,1,0.3260470017412185,0.1297332460996227,,0.24,0.2
123,123,accumulation,N/A,2,0.44958610289239864,0.0690716271220669,,0.5555555555555556,0.2
123,123,accumulation,N/A,3,0.3321384589602102,0.03233055328688221,,0.339622641509434,0.0
123,123,accumulation,N/A,4,0.30229195309469736,0.019048106231576885,,0.47058823529411764,0.2
123,123,accumulation,N/A,5,0.33985913782295385,0.038064831129759974,,0.43137254901960786,0.125
123,123,accumulation,N/A,6,0.2694527175530683,0.0,,0.16666666666666666,0.0
123,123,accumulation,N/A,7,0.2769138351997974,0.030852981973728794,,0.36363636363636365,0.0
123,123,refinement,0.5,0,0.3104683360108026,0.178181787804769,,0.15,0.0
123,123,refinement,0.5,1,0.3106591259075878,0.1779098525206161,,0.15384615384615385,0.0
123,123,refinement,0.5,2,0.3343695179887341,0.12962956949735346,,0.2285714285714286,0.16666666666666666
123,123,refinement,0.5,3,0.3295087320971237,0.13376556432776823,,0.25,0.0
123,123,refinement,0.5,4,0.3199672028282728,0.1309478355009693,,0.19047619047619047,0.0
123,123,refinement,0.5,5,0.34809219117959056,0.07362711594512154,,0.31111111111111117,0.16666666666666666
123,123,refinement,0.5,6,0.3156859721974222,0.09235565261768026,,0.23529411764705882,0.0
123,123,refinement,0.5,7,0.3499127305670133,0.07631230685081535,,0.2978723404255319,0.16666666666666666
123,123,refinement,0.8,0,0.3104683360108026,0.178181787804769,,0.15,0.0
123,123,refinement,0.8,1,0.31544377975873455,0.11456837395614775,,0.18181818181818182,0.0
123,123,refinement,0.8,2,0.3195954034536096,0.0911476140215473,,0.26086956521739135,0.0
123,123,refinement,0.8,3,0.3134366396499326,0.06731077888105294,,0.19512195121951217,0.0
123,123,refinement,0.8,4,0.29951252703822195,0.1252626574792015,,0.11267605633802816,0.0
123,123,refinement,0.8,5,0.31131994776547045,0.08256851603647686,,0.21428571428571425,0.14285714285714285
123,123,refinement,0.8,6,0.32567254426765585,0.05006342136435534,,0.273972602739726,0.0
123,123,refinement,0.8,7,0.30822356945610774,0.08393154870545838,,0.21052631578947364,0.0
124,124,accumulation,N/A,0,0.4122194297649373,0.024629058156661044,,0.2972972972972973,0.4
124,124,accumulation,N/A,1,0.36045155568026255,0.01748876081878746,,0.25,0.0
124,124,accumulation,N/A,2,0.27661552850231225,0.08710170303166517,,0.18181818181818182,0.0
124,124,accumulation,N/A,3,0.3455514363819092,0.004474724864111675,,0.4571428571428572,0.0
124,124,accumulation,N/A,4,0.298313309661612,0.02680476547928698,,0.30769230769230765,0.0
124,124,accumulation,N/A,5,0.3537660092362169,0.021518297939012557,,0.31404958677685946,0.0
124,124,accumulation,N/A,6,0.3574093405015086,0.20130999232394473,,0.3111111111111111,0.0
124,124,accumulation,N/A,7,0.3384314939108161,0.02962505586251364,,0.39534883720930236,0.0
124,124,refinement,0.5,0,0.4122194297649373,0.024629058156661044,,0.2972972972972973,0.4
124,124,refinement,0.5,1,0.39251051625555494,0.012958092290290862,,0.4090909090909091,0.2
124,124,refinement,0.5,2,0.39300549494868486,0.029770095876755005,,0.4044943820224719,0.2
124,124,refinement,0.5,3,0.3629339774051358,0.03266840751524302,,0.3440860215053763,0.0
124,124,refinement,0.5,4,0.4125170041244502,0.032183414929792355,,0.47887323943661964,0.2
124,124,refinement,0.5,5,0.4045182426579132,0.027944472608310112,,0.4761904761904762,0.2
124,124,refinement,0.5,6,0.3658470317674786,0.035617593320441066,,0.3902439024390244,0.0
124,124,refinement,0.5,7,0.3821699637106038,0.03441249794048133,,0.5396825396825397,0.0
124,124,refinement,0.8,0,0.4122194297649373,0.024629058156661044,,0.2972972972972973,0.4
124,124,refinement,0.8,1,0.3715123178904086,0.06161581166096784,,0.3768115942028986,0.0
124,124,refinement,0.8,2,0.38534621898615107,0.016876966261035582,,0.5060240963855421,0.0
124,124,refinement,0.8,3,0.3807415960187721,0.027992128517452253,,0.47191011235955055,0.0
124,124,refinement,0.8,4,0.3431046305196721,0.034907523790060804,,0.3716814159292035,0.0
124,124,refinement,0.8,5,0.3762596604254649,0.02764863918176211,,0.4369747899159664,0.0
124,124,refinement,0.8,6,0.34850009238968616,0.02330213920512031,,0.4583333333333334,0.0
124,124,refinement,0.8,7,0.4115564789096323,0.03413347468423061,,0.4693877551020407,0.2
125,125,accumulation,N/A,0,0.33461527730074514,0.1507903410767676,,0.13793103448275862,0.0
125,125,accumulation,N/A,1,0.34648963426692453,0.18899002777487303,,0.02,0.0
125,125,accumulation,N/A,2,0.2752343248638193,0.034505540657272876,,0.07017543859649122,0.0
125,125,accumulation,N/A,3,0.40149656621758006,0.03450310173596882,,0.11764705882352941,0.5
125,125,accumulation,N/A,4,0.43767713241609507,0.14492446666874156,,0.5,0.3333333333333333
125,125,accumulation,N/A,5,0.23646924398452604,0.04473940678197972,,0.07272727272727272,0.0
125,125,accumulation,N/A,6,0.32137882706307086,0.13691997407960382,,0.0689655172413793,0.0
125,125,accumulation,N/A,7,0.28851261781194804,0.02743270219488726,,0.1,0.0
125,125,refinement,0.5,0,0.33461527730074514,0.1507903410767676,,0.13793103448275862,0.0
125,125,refinement,0.5,1,0.3620464035889682,0.2984404046652921,,0.3076923076923077,0.0
125,125,refinement,0.5,2,0.3409209227668392,0.299644818317258,,0.2857142857142857,0.0
125,125,refinement,0.5,3,0.34965688666814787,0.1420569591780049,,0.2666666666666667,0.0
125,125,refinement,0.5,4,0.3472938602342148,0.1516878668802225,,0.25,0.0
125,125,refinement,0.5,5,0.35863247834942347,0.1528127126013263,,0.2857142857142857,0.0
125,125,refinement,0.5,6,0.3465722814393663,0.1436418387341102,,0.23529411764705882,0.0
125,125,refinement,0.5,7,0.33753487949990424,0.143400996800327,,0.2666666666666667,0.0
125,125,refinement,0.8,0,0.33461527730074514,0.1507903410767676,,0.13793103448275862,0.0
125,125,refinement,0.8,1,0.3464782535854778,0.1339390327231339,,0.17391304347826084,0.0
125,125,refinement,0.8,2,0.4358673455015566,0.318964000766354,,0.2857142857142857,0.0
125,125,refinement,0.8,3,0.36762087895941664,0.3149042245002325,,0.18181818181818182,0.0
125,125,refinement,0.8,4,0.3380306364333201,0.2896381934662511,,0.1904761904761905,0.0
125,125,refinement,0.8,5,0.33025450421828234,0.316254420189523,,0.11764705882352941,0.0
125,125,refinement,0.8,6,0.337967548388485,0.2938523009697217,,0.19999999999999998,0.0
125,125,refinement,0.8,7,0.3653634404591962,0.14625413321179226,,0.21052631578947367,0.0
126,126,accumulation,N/A,0,0.31355821076501667,0.018927727695033696,,0.6557377049180328,0.0
126,126,accumulation,N/A,1,0.37866542525231944,0.0007845455047532336,,0.4444444444444445,0.14285714285714285
126,126,accumulation,N/A,2,0.372594847166839,0.008163972496231693,,0.3878787878787878,0.14285714285714285
126,126,accumulation,N/A,3,0.33243559783604315,0.021195501733295565,,0.5569620253164557,0.14285714285714285
126,126,accumulation,N/A,4,0.32760471170358896,0.021002543915443032,,0.3473053892215569,0.0
126,126,accumulation,N/A,5,0.4004037979103315,0.024690549474235834,,0.4096385542168675,0.14285714285714285
126,126,accumulation,N/A,6,0.3899557799274377,0.004237999686785028,,0.5322580645161291,0.0
126,126,accumulation,N/A,7,0.30715293631035656,0.004574404447728568,,0.2586206896551724,0.0
126,126,refinement,0.5,0,0.31355821076501667,0.018927727695033696,,0.6557377049180328,0.0
126,126,refinement,0.5,1,0.3596889106480569,0.011457415012538764,,0.6666666666666667,0.3333333333333333
126,126,refinement,0.5,2,0.29972602389695235,0.016621574382861354,,0.5862068965517242,0.0
126,126,refinement,0.5,3,0.34497356644799726,0.011855366459721512,,0.7301587301587301,0.16666666666666666
126,126,refinement,0.5,4,0.36434861367124577,0.021535277210465772,,0.7076923076923076,0.2857142857142857
126,126,refinement,0.5,5,0.29469732896814615,0.023539534807333947,,0.6376811594202899,0.0
126,126,refinement,0.5,6,0.2808448846425205,0.003973993551192772,,0.5411764705882353,0.0
126,126,refinement,0.5,7,0.33089110836830027,0.00952970042614691,,0.5853658536585366,0.14285714285714285
126,126,refinement,0.8,0,0.31355821076501667,0.018927727695033696,,0.6557377049180328,0.0
126,126,refinement,0.8,1,0.33926236123952586,0.005157391663345354,,0.7021276595744681,0.0
126,126,refinement,0.8,2,0.31312847699951135,0.0035098947325570315,,0.543859649122807,0.0
126,126,refinement,0.8,3,0.31258038235200336,0.0032808563490617526,,0.4895104895104895,0.14285714285714285
126,126,refinement,0.8,4,0.2934906851874949,0.005348205848009786,,0.4888888888888888,0.0
126,126,refinement,0.8,5,0.2900518364512967,0.003222344460741529,,0.43076923076923074,0.0
126,126,refinement,0.8,6,0.269221407909964,0.0034768941126010477,,0.423728813559322,0.125
126,126,refinement,0.8,7,0.24025761028028186,0.002973506605260833,,0.4054054054054054,0.0
127,127,accumulation,N/A,0,0.34257794935071206,0.021944526476053144,,0.4578313253012048,0.0
127,127,accumulation,N/A,1,0.310061677985782,0.005688939869827381,,0.4539007092198581,0.0
127,127,accumulation,N/A,2,0.2988795222576636,0.032684595023344636,,0.5142857142857142,0.0
127,127,accumulation,N/A,3,0.3320342059697125,0.03576043602621346,,0.3626373626373627,0.0
127,127,accumulation,N/A,4,0.3633637669604158,0.03250037488792666,,0.47933884297520657,0.14285714285714285
127,127,accumulation,N/A,5,0.47672712106897885,0.027176302903840602,,0.6451612903225806,0.16666666666666666
127,127,accumulation,N/A,6,0.22687173956482137,0.01804477636667833,,0.37804878048780494,0.0
127,127,accumulation,N/A,7,0.31439028342180053,0.01925217774048773,,0.509090909090909,0.0
127,127,refinement,0.5,0,0.34257794935071206,0.021944526476053144,,0.4578313253012048,0.0
127,127,refinement,0.5,1,0.3913762212812712,0.03774557185164786,,0.5714285714285715,0.0
127,127,refinement,0.5,2,0.43682842617676343,0.031203464502844537,,0.5194805194805194,0.16666666666666666
127,127,refinement,0.5,3,0.36895225343471294,0.03766811304244357,,0.48717948717948717,0.0
127,127,refinement,0.5,4,0.3889718136700755,0.03879212500069144,,0.4473684210526316,0.14285714285714285
127,127,refinement,0.5,5,0.3866806544534611,0.03738428530305419,,0.4722222222222222,0.0
127,127,refinement,0.5,6,0.3810810347112888,0.03729014695074376,,0.41860465116279066,0.0
127,127,refinement,0.5,7,0.45097857943966546,0.02826403954522188,,0.45454545454545453,0.42857142857142855
127,127,refinement,0.8,0,0.34257794935071206,0.021944526476053144,,0.4578313253012048,0.0
127,127,refinement,0.8,1,0.37221214140324826,0.0250080653506637,,0.4893617021276596,0.0
127,127,refinement,0.8,2,0.3608415985302411,0.02196936737995977,,0.4444444444444445,0.0
127,127,refinement,0.8,3,0.3380296445146578,0.03167996574938529,,0.46017699115044247,0.0
127,127,refinement,0.8,4,0.40877589139233855,0.022093269242733065,,0.4113475177304964,0.2857142857142857
127,127,refinement,0.8,5,0.4079842568089308,0.01896113562229838,,0.3708609271523179,0.16666666666666666
127,127,refinement,0.8,6,0.3779183619100951,0.017530515276749425,,0.4684684684684685,0.0
127,127,refinement,0.8,7,0.39449500208838795,0.02794214952215559,,0.4109589041095891,0.16666666666666666
128,128,accumulation,N/A,0,0.3674505322572009,0.0014813139443459503,,0.5517241379310345,0.2
128,128,accumulation,N/A,1,0.305777317316989,0.03330504595850946,,0.6031746031746031,0.0
128,128,accumulation,N/A,2,0.39514433411330807,0.015119799180637283,,0.6875,0.25
128,128,accumulation,N/A,3,0.2548202062299485,0.002146905259861254,,0.6268656716417911,0.0
128,128,accumulation,N/A,4,0.3598003253579775,0.009874528675131897,,0.6419753086419752,0.16666666666666666
128,128,accumulation,N/A,5,0.3108639607684186,0.005613965742847643,,0.5913043478260869,0.0
128,128,accumulation,N/A,6,0.3079448213015662,0.04149396428014115,,0.5168539325842696,0.0
128,128,accumulation,N/A,7,0.22717280299127252,0.0077470618685860195,,0.43037974683544306,0.0
128,128,refinement,0.5,0,0.3674505322572009,0.0014813139443459503,,0.5517241379310345,0.2
128,128,refinement,0.5,1,0.33506035483568597,0.001259905308368462,,0.5161290322580646,0.0
128,128,refinement,0.5,2,0.30479705610113184,0.009658031776056496,,0.33333333333333337,0.0
128,128,refinement,0.5,3,0.36725952999533656,0.0060833427767935,,0.5806451612903226,0.2
128,128,refinement,0.5,4,0.3612202606758505,0.005161026395383082,,0.49275362318840576,0.2
128,128,refinement,0.5,5,0.3582794127878721,0.004805225559640138,,0.49350649350649345,0.2
128,128,refinement,0.5,6,0.3601415229512098,0.004314153272034289,,0.475,0.2
128,128,refinement,0.5,7,0.35456461298174835,0.006661181563610133,,0.47058823529411764,0.2
128,128,refinement,0.8,0,0.3674505322572009,0.0014813139443459503,,0.5517241379310345,0.2
128,128,refinement,0.8,1,0.33636261871401013,0.011957363048505617,,0.5538461538461539,0.0
128,128,refinement,0.8,2,0.33057766696983226,0.004565117782181156,,0.5142857142857143,0.0
128,128,refinement,0.8,3,0.3065337960120293,0.0012562379314189774,,0.3764705882352941,0.0
128,128,refinement,0.8,4,0.3514912339637161,0.01218305146050911,,0.39175257731958757,0.2
128,128,refinement,0.8,5,0.35740218116213135,0.011042818191877907,,0.47619047619047616,0.2
128,128,refinement,0.8,6,0.3786424594400194,0.030858247996163393,,0.5319148936170213,0.2
128,128,refinement,0.8,7,0.3534466592701216,0.008563376324005978,,0.6818181818181819,0.0
129,129,accumulation,N/A,0,0.23515411219847937,0.009915533514841625,,0.360655737704918,0.0
129,129,accumulation,N/A,1,0.31284020282845104,0.0,,0.6052631578947368,0.0
129,129,accumulation,N/A,2,0.262029582693428,0.0,,0.4594594594594595,0.0
129,129,accumulation,N/A,3,0.27061192452467403,0.0,,0.3076923076923077,0.0
129,129,accumulation,N/A,4,0.29577780444662904,0.007223957345374433,,0.3870967741935484,0.0
129,129,accumulation,N/A,5,0.29544233785543395,0.04499156118213115,,0.35294117647058826,0.0
129,129,accumulation,N/A,6,0.24448877022406967,0.012480908313046822,,0.10469314079422384,0.0
129,129,accumulation,N/A,7,0.268184615592301,0.0018760648755909522,,0.2549019607843137,0.125
129,129,refinement,0.5,0,0.23515411219847937,0.009915533514841625,,0.360655737704918,0.0
129,129,refinement,0.5,1,0.2227737454634917,0.006420787160405641,,0.1929824561403509,0.0
129,129,refinement,0.5,2,0.22139057805907708,0.00707456607055001,,0.291970802919708,0.0
129,129,refinement,0.5,3,0.2154050335289323,0.0,,0.2903225806451613,0.0
129,129,refinement,0.5,4,0.21063551734240793,0.0,,0.31250000000000006,0.0
129,129,refinement,0.5,5,0.24334297792803594,0.0,,0.39999999999999997,0.0
129,129,refinement,0.5,6,0.22042497795648466,0.0,,0.3492063492063492,0.0
129,129,refinement,0.5,7,0.2228461606458027,0.0,,0.3939393939393939,0.0
129,129,refinement,0.8,0,0.23515411219847937,0.009915533514841625,,0.360655737704918,0.0
129,129,refinement,0.8,1,0.24689822336629563,0.006924905843113892,,0.48888888888888893,0.0
129,129,refinement,0.8,2,0.23097733504156742,0.0,,0.44155844155844154,0.0
129,129,refinement,0.8,3,0.2576899988301949,0.0,,0.375,0.125
129,129,refinement,0.8,4,0.23587924510275485,0.0,,0.3333333333333333,0.0
129,129,refinement,0.8,5,0.25547009799301046,0.0,,0.38888888888888895,0.0
129,129,refinement,0.8,6,0.3024892107664093,0.0,,0.45000000000000007,0.0
129,129,refinement,0.8,7,0.29272759269730364,0.006126657653237725,,0.5057471264367817,0.0
130,130,accumulation,N/A,0,0.4622725103905497,0.153152268709841,,0.8571428571428571,0.0
130,130,accumulation,N/A,1,0.2521640788890854,0.29375190936978524,,0.05714285714285715,0.0
130,130,accumulation,N/A,2,0.2919652166558462,0.2147655339700412,,0.21428571428571425,0.0
130,130,accumulation,N/A,3,0.24999992847158814,0.16215467741672218,,0.1276595744680851,0.0
130,130,accumulation,N/A,4,0.20795947143602647,0.10769373122964353,,0.023076923076923078,0.0
130,130,accumulation,N/A,5,0.18857731138811173,0.03825642437968987,,0.014457831325301203,0.0
130,130,accumulation,N/A,6,0.29288311258362004,0.31124288094241864,,0.16,0.0
130,130,accumulation,N/A,7,0.20510976420430854,0.06554107507182415,,0.08823529411764706,0.0
130,130,refinement,0.5,0,0.4622725103905497,0.153152268709841,,0.8571428571428571,0.0
130,130,refinement,0.5,1,0.4622856253809748,0.1530515602331934,,0.8571428571428571,0.0
130,130,refinement,0.5,2,0.4623241609542856,0.1526758409955854,,0.8571428571428571,0.0
130,130,refinement,0.5,3,0.3705684091572115,0.14776106958750782,,0.7499999999999999,0.0
130,130,refinement,0.5,4,0.46170616154876576,0.1480952277672697,,0.8571428571428571,0.0
130,130,refinement,0.5,5,0.37070019206023036,0.14763979244098893,,0.7499999999999999,0.0
130,130,refinement,0.5,6,0.46182868813477745,0.14757535991025228,,0.8571428571428571,0.0
130,130,refinement,0.5,7,0.3703588342411628,0.146748521853432,,0.7499999999999999,0.0
130,130,refinement,0.8,0,0.4622725103905497,0.153152268709841,,0.8571428571428571,0.0
130,130,refinement,0.8,1,0.3225621475337223,0.14319026289094572,,0.6,0.0
130,130,refinement,0.8,2,0.5948719371922657,0.10361238748607852,,0.6666666666666666,1.0
130,130,refinement,0.8,3,0.4328276278242006,0.10476717051421508,,0.5714285714285715,0.5
130,130,refinement,0.8,4,0.47221156258509267,0.23113032020849447,,0.8571428571428571,0.0
130,130,refinement,0.8,5,0.31181821500189405,0.21790046472210503,,0.5454545454545454,0.0
130,130,refinement,0.8,6,0.3675214423139503,0.20569247205219232,,0.6666666666666666,0.0
130,130,refinement,0.8,7,0.3075128437917186,0.200126588708761,,0.2727272727272727,0.0
131,131,accumulation,N/A,0,0.3104692168186404,0.0005538072305945014,,0.3404255319148936,0.16666666666666666
131,131,accumulation,N/A,1,0.3070624144110755,0.06266620711492875,,0.4,0.0
131,131,accumulation,N/A,2,0.39295286648123035,0.16541325043866556,,0.6060606060606061,0.14285714285714285
131,131,accumulation,N/A,3,0.29900218106739435,0.04388150763463141,,0.22448979591836737,0.0
131,131,accumulation,N/A,4,0.2522474400687938,0.01597447649738686,,0.21212121212121213,0.14285714285714285
131,131,accumulation,N/A,5,0.24266289222512827,2.843526446231271e-05,,0.4137931034482759,0.0
131,131,accumulation,N/A,6,0.3033048356613776,0.04757307868150525,,0.32876712328767127,0.14285714285714285
131,131,accumulation,N/A,7,0.3642320038288911,0.1363395280588879,,0.28571428571428575,0.0
131,131,refinement,0.5,0,0.3104692168186404,0.0005538072305945014,,0.3404255319148936,0.16666666666666666
131,131,refinement,0.5,1,0.27569914266923345,0.0013523063710268101,,0.36363636363636365,0.0
131,131,refinement,0.5,2,0.2847029495387939,0.0007447058431338905,,0.32653061224489793,0.0
131,131,refinement,0.5,3,0.26278404661420784,0.001236793059762068,,0.3137254901960784,0.0
131,131,refinement,0.5,4,0.2823329873221373,0.0005472142873731383,,0.37209302325581395,0.0
131,131,refinement,0.5,5,0.2755533929311589,0.0004360411080412042,,0.35714285714285715,0.0
131,131,refinement,0.5,6,0.2864632247857889,0.0011203192623915757,,0.40816326530612246,0.0
131,131,refinement,0.5,7,0.3033291106766257,0.00048746100311974954,,0.36,0.0
131,131,refinement,0.8,0,0.3104692168186404,0.0005538072305945014,,0.3404255319148936,0.16666666666666666
131,131,refinement,0.8,1,0.27832416959390593,0.05417821636023963,,0.2,0.14285714285714285
131,131,refinement,0.8,2,0.30361688306673806,0.01702867716240941,,0.19277108433734938,0.14285714285714285
131,131,refinement,0.8,3,0.2832345214412547,0.09070918761011637,,0.22580645161290322,0.14285714285714285
131,131,refinement,0.8,4,0.2712609878847738,0.00852583614455186,,0.24,0.14285714285714285
131,131,refinement,0.8,5,0.2583885950452659,0.005121564064264688,,0.2903225806451613,0.0
131,131,refinement,0.8,6,0.2741468011971588,0.06079591575236468,,0.2857142857142857,0.0
131,131,refinement,0.8,7,0.28013437092348475,0.027074373763556987,,0.3181818181818182,0.0
132,132,accumulation,N/A,0,0.40770508713627984,0.43198270029138885,,0.4,0.0
132,132,accumulation,N/A,1,0.5248919886092811,0.44057730272983087,,0.5,0.0
132,132,accumulation,N/A,2,0.26716370378001825,0.022659277061160447,,0.009852216748768473,0.0
132,132,accumulation,N/A,3,0.317726939995485,0.46274419408747697,,0.15384615384615385,0.0
132,132,accumulation,N/A,4,0.36701539367987746,0.5217901996807521,,0.125,0.0
132,132,accumulation,N/A,5,0.17620667968274367,0.0,,0.2222222222222222,0.0
132,132,accumulation,N/A,6,0.2549523068552472,0.33742464498758434,,0.024096385542168676,0.0
132,132,accumulation,N/A,7,0.27662931271312846,0.33440705180395597,,0.003816793893129771,0.0
132,132,refinement,0.5,0,0.40770508713627984,0.43198270029138885,,0.4,0.0
132,132,refinement,0.5,1,0.4977043350689656,0.4341136873851633,,0.5,0.0
132,132,refinement,0.5,2,0.4974550181199768,0.4341136873851633,,0.5,0.0
132,132,refinement,0.5,3,0.4824495481470689,0.4341136873851633,,0.4,0.0
132,132,refinement,0.5,4,0.37970638459445666,0.4341136873851633,,0.2222222222222222,0.0
132,132,refinement,0.5,5,0.3735154062820203,0.42532140904215626,,0.19999999999999998,0.0
132,132,refinement,0.5,6,0.3483834353938571,0.42532140904215626,,0.19999999999999998,0.0
132,132,refinement,0.5,7,0.4562138468472601,0.4273621683060498,,0.25,0.0
132,132,refinement,0.8,0,0.40770508713627984,0.43198270029138885,,0.4,0.0
132,132,refinement,0.8,1,0.3460659530001579,0.4207937700662617,,0.25,0.0
132,132,refinement,0.8,2,0.40701479736688656,0.4273621683060498,,0.4,0.0
132,132,refinement,0.8,3,0.37284726156144854,0.42984692575030925,,0.33333333333333337,0.0
132,132,refinement,0.8,4,0.4085908784897939,0.42984692575030925,,0.4,0.0
132,132,refinement,0.8,5,0.3728816395521292,0.42327566389813404,,0.33333333333333337,0.0
132,132,refinement,0.8,6,0.39889760141047814,0.44327714821104286,,0.33333333333333337,0.0
132,132,refinement,0.8,7,0.4097096351738766,0.441055478218004,,0.4,0.0
133,133,accumulation,N/A,0,0.3768707742299763,0.255605403304186,,0.2608695652173913,0.0
133,133,accumulation,N/A,1,0.5702812216636253,0.36154189736278125,,0.5714285714285715,0.6666666666666666
133,133,accumulation,N/A,2,0.4836478189680403,0.16114148416335888,,0.5714285714285715,0.25
133,133,accumulation,N/A,3,0.38263531311663757,0.12363896840543888,,0.16216216216216214,0.25
133,133,accumulation,N/A,4,0.4391802117216474,0.3104630181199825,,0.16,0.2
133,133,accumulation,N/A,5,0.36853484320087626,0.14119735280094672,,0.17647058823529416,0.0
133,133,accumulation,N/A,6,0.3980306954550311,0.12140166809248179,,0.28571428571428575,0.25
133,133,accumulation,N/A,7,0.4680379666333474,0.18159958574809898,,0.2424242424242424,0.4
133,133,refinement,0.5,0,0.3768707742299763,0.255605403304186,,0.2608695652173913,0.0
133,133,refinement,0.5,1,0.4072872198003429,0.2492609029264977,,0.4285714285714285,0.0
133,133,refinement,0.5,2,0.41587572825915675,0.243697926308344,,0.3,0.0
133,133,refinement,0.5,3,0.42287403157171344,0.24441924704325027,,0.2857142857142857,0.0
133,133,refinement,0.5,4,0.5339895863649313,0.18447899070480817,,0.5,0.3333333333333333
133,133,refinement,0.5,5,0.44192177800731125,0.24497133257681847,,0.46153846153846156,0.0
133,133,refinement,0.5,6,0.501866336015783,0.24530242489027665,,0.20689655172413793,0.3333333333333333
133,133,refinement,0.5,7,0.420087248295118,0.24411199045852017,,0.2857142857142857,0.0
133,133,refinement,0.8,0,0.3768707742299763,0.255605403304186,,0.2608695652173913,0.0
133,133,refinement,0.8,1,0.38565929752539996,0.192473581340563,,0.25806451612903225,0.0
133,133,refinement,0.8,2,0.43527485370805974,0.25073398279440157,,0.3333333333333333,0.0
133,133,refinement,0.8,3,0.4181015596048834,0.24986065106353117,,0.375,0.0
133,133,refinement,0.8,4,0.3777751328119807,0.25548850613442337,,0.27272727272727276,0.0
133,133,refinement,0.8,5,0.4287384774697635,0.2471533070473985,,0.375,0.0
133,133,refinement,0.8,6,0.41940540759078637,0.245667753955639,,0.3333333333333333,0.0
133,133,refinement,0.8,7,0.5331301579478419,0.19181799545887404,,0.4210526315789474,0.3333333333333333
134,134,accumulation,N/A,0,0.6818483211970746,0.3363048779029174,,0.5,1.0
134,134,accumulation,N/A,1,0.27950049275493716,0.026064254539947377,,0.21052631578947367,0.0
134,134,accumulation,N/A,2,0.3376449241809173,0.1757502980605133,,0.18181818181818182,0.0
134,134,accumulation,N/A,3,0.3871502312237178,0.26689719982442905,,0.28571428571428575,0.0
134,134,accumulation,N/A,4,0.6139139368084061,0.09064251853632922,,0.5,1.0
134,134,accumulation,N/A,5,0.4317559235880845,0.5390779604947192,,0.1818181818181818,0.5
134,134,accumulation,N/A,6,0.22879596693814888,0.0,,0.0,0.0
134,134,accumulation,N/A,7,0.49638723112165234,0.29860370607980163,,0.5,0.5
134,134,refinement,0.5,0,0.6818483211970746,0.3363048779029174,,0.5,1.0
134,134,refinement,0.5,1,0.4569702370282618,0.3382948475946506,,0.3333333333333333,0.3333333333333333
134,134,refinement,0.5,2,0.5175136649323723,0.3363048779029173,,0.4,0.5
134,134,refinement,0.5,3,0.6846018677023251,0.3568549477747741,,0.5,1.0
134,134,refinement,0.5,4,0.6842966845202867,0.35474338003646183,,0.5,1.0
134,134,refinement,0.5,5,0.6847199483775772,0.3568549477747741,,0.5,1.0
134,134,refinement,0.5,6,0.5194953732548706,0.3547433800364619,,0.4,0.5
134,134,refinement,0.5,7,0.45980853379895636,0.35608751777956,,0.3333333333333333,0.3333333333333333
134,134,refinement,0.8,0,0.6818483211970746,0.3363048779029174,,0.5,1.0
134,134,refinement,0.8,1,0.5206043761557544,0.368733382510831,,0.4,0.5
134,134,refinement,0.8,2,0.5062504592899192,0.32595002582793015,,0.3333333333333333,0.5
134,134,refinement,0.8,3,0.5204258102800843,0.3589665155130864,,0.4,0.5
134,134,refinement,0.8,4,0.6863976743355394,0.3789090997082583,,0.5,1.0
134,134,refinement,0.8,5,0.5166132136193878,0.35021474114238044,,0.4,0.5
134,134,refinement,0.8,6,0.5128339812644542,0.33061684614134595,,0.4,0.5
134,134,refinement,0.8,7,0.680323565323723,0.34001061517736975,,0.5,1.0
135,135,accumulation,N/A,0,0.41920418478411375,0.34152746834457887,,0.3333333333333333,0.5
135,135,accumulation,N/A,1,0.303910016958007,0.1365055748140324,,0.4,0.0
135,135,accumulation,N/A,2,0.3555108053624099,0.1295055903294066,,0.5714285714285715,0.0
135,135,accumulation,N/A,3,0.2837875361735481,0.2969943853132876,,0.013422818791946308,0.0
135,135,accumulation,N/A,4,0.24544565908353574,0.04116388532306384,,0.004140786749482402,0.0
135,135,accumulation,N/A,5,0.2372802969200294,0.14377524240164144,,0.2222222222222222,0.0
135,135,accumulation,N/A,6,0.35442133383706,0.4155214369111667,,0.28571428571428575,0.0
135,135,accumulation,N/A,7,0.2805366282628863,0.12116922450990206,,0.2857142857142857,0.0
135,135,refinement,0.5,0,0.41920418478411375,0.34152746834457887,,0.3333333333333333,0.5
135,135,refinement,0.5,1,0.3615294413704104,0.34152746834457887,,0.28571428571428575,0.3333333333333333
135,135,refinement,0.5,2,0.3562423735202423,0.34221362501572156,,0.25,0.3333333333333333
135,135,refinement,0.5,3,0.5938819549381448,0.34221362501572156,,0.5,1.0
135,135,refinement,0.5,4,0.3414197694932295,0.34221362501572156,,0.15384615384615385,0.3333333333333333
135,135,refinement,0.5,5,0.35615140441189713,0.3429025443271971,,0.25,0.3333333333333333
135,135,refinement,0.5,6,0.4115794016847501,0.3429025443271971,,0.28571428571428575,0.5
135,135,refinement,0.5,7,0.59315732071877,0.3429025443271971,,0.5,1.0
135,135,refinement,0.8,0,0.41920418478411375,0.34152746834457887,,0.3333333333333333,0.5
135,135,refinement,0.8,1,0.42822861749430774,0.3376443799895864,,0.4,0.5
135,135,refinement,0.8,2,0.5929437946131407,0.3376443799895864,,0.5,1.0
135,135,refinement,0.8,3,0.5928340748711683,0.3376443799895864,,0.5,1.0
135,135,refinement,0.8,4,0.4185431723724316,0.3429025443271971,,0.3333333333333333,0.5
135,135,refinement,0.8,5,0.5933643668798325,0.3429025443271971,,0.5,1.0
135,135,refinement,0.8,6,0.41805818282565577,0.3429025443271971,,0.3333333333333333,0.5
135,135,refinement,0.8,7,0.5929456899026551,0.3435942429972947,,0.5,1.0
136,136,accumulation,N/A,0,0.2066844125047479,0.030519830537265803,,0.32258064516129037,0.0
136,136,accumulation,N/A,1,0.32780525250719594,0.0033727516067042387,,0.3500000000000001,0.0
136,136,accumulation,N/A,2,0.2887106538545452,0.034521490580406114,,0.3294117647058824,0.0
136,136,accumulation,N/A,3,0.2963344018105024,0.0006014745557401368,,0.3880597014925373,0.0
136,136,accumulation,N/A,4,0.28533940363616983,0.016483578965241583,,0.3684210526315789,0.0
136,136,accumulation,N/A,5,0.3103281972008683,0.0,,0.3846153846153846,0.0
136,136,accumulation,N/A,6,0.2074582322894592,0.03956725702620341,,0.33333333333333337,0.0
136,136,accumulation,N/A,7,0.2557268718731191,0.035152924573133,,0.3373493975903614,0.0
136,136,refinement,0.5,0,0.2066844125047479,0.030519830537265803,,0.32258064516129037,0.0
136,136,refinement,0.5,1,0.21912556293225025,0.017518397168108903,,0.43749999999999994,0.0
136,136,refinement,0.5,2,0.20604638879506096,0.017999671626194577,,0.3823529411764706,0.0
136,136,refinement,0.5,3,0.19229107956380098,0.0007853874955079266,,0.34375,0.0
136,136,refinement,0.5,4,0.21810556772206452,0.021941615204237524,,0.3661971830985915,0.0
136,136,refinement,0.5,5,0.19822568070458033,0.026346426393421118,,0.3409090909090909,0.0
136,136,refinement,0.5,6,0.21815097279128198,0.02216682189367734,,0.36144578313253006,0.0
136,136,refinement,0.5,7,0.21935860893655534,0.044284263727679976,,0.345679012345679,0.0
136,136,refinement,0.8,0,0.2066844125047479,0.030519830537265803,,0.32258064516129037,0.0
136,136,refinement,0.8,1,0.1905093392392959,0.02080490610949752,,0.2619047619047619,0.0
136,136,refinement,0.8,2,0.20609621360131178,0.0373662431797493,,0.33333333333333337,0.0
136,136,refinement,0.8,3,0.2421070229677418,0.0334457144389647,,0.3500000000000001,0.0
136,136,refinement,0.8,4,0.2051197757634104,0.004379005491539226,,0.35443037974683544,0.0
136,136,refinement,0.8,5,0.20329586970091282,0.0003565034685104014,,0.39344262295081966,0.2
136,136,refinement,0.8,6,0.21950250109074093,0.00024267179484293352,,0.42307692307692313,0.0
136,136,refinement,0.8,7,0.1567862447786963,0.0001529193999285483,,0.26666666666666666,0.0
137,137,accumulation,N/A,0,0.17556184247922804,0.010411440665295603,,0.020066889632107024,0.0
137,137,accumulation,N/A,1,0.1459377549339053,0.012409194014061847,,0.05405405405405405,0.0
137,137,accumulation,N/A,2,0.21800350537876315,0.044059056402936274,,0.12121212121212123,0.0
137,137,accumulation,N/A,3,0.23453066639767345,0.03358481970237106,,0.25,0.0
137,137,accumulation,N/A,4,0.23514746474286255,0.0157950823937784,,0.1951219512195122,0.0
137,137,accumulation,N/A,5,0.18966577140274649,0.01907262632870238,,0.16216216216216217,0.0
137,137,accumulation,N/A,6,0.16015189160725113,0.020299863136291316,,0.10909090909090909,0.0
137,137,accumulation,N/A,7,0.16741104282126512,0.012205015723805234,,0.08333333333333333,0.0
137,137,refinement,0.5,0,0.17556184247922804,0.010411440665295603,,0.020066889632107024,0.0
137,137,refinement,0.5,1,0.25590071102673523,0.008392485838635062,,0.4,0.0
137,137,refinement,0.5,2,0.23225670656511727,0.0,,0.25,0.25
137,137,refinement,0.5,3,0.18035692822351596,0.0,,0.23076923076923075,0.0
137,137,refinement,0.5,4,0.22306713357414343,0.0006880705652030663,,0.380952380952381,0.0
137,137,refinement,0.5,5,0.22012814059121893,0.00040741283409087103,,0.25,0.25
137,137,refinement,0.5,6,0.22377568364977096,0.0012881757226942405,,0.28571428571428575,0.25
137,137,refinement,0.5,7,0.18652538452615086,0.0014285260458299454,,0.30769230769230765,0.0
137,137,refinement,0.8,0,0.17556184247922804,0.010411440665295603,,0.020066889632107024,0.0
137,137,refinement,0.8,1,0.21973785151185532,0.0,,0.3333333333333333,0.0
137,137,refinement,0.8,2,0.21752410071545686,0.005470823112878284,,0.25,0.0
137,137,refinement,0.8,3,0.14998885071180507,0.001614707056489305,,0.1702127659574468,0.0
137,137,refinement,0.8,4,0.16062499463768756,0.005810303374224209,,0.1739130434782609,0.0
137,137,refinement,0.8,5,0.15338360976239895,0.008398022304069528,,0.25,0.0
137,137,refinement,0.8,6,0.18369381446794875,0.0077865358077278774,,0.25,0.0
137,137,refinement,0.8,7,0.1912669286573931,0.0063081319117980076,,0.25,0.0
138,138,accumulation,N/A,0,0.40084506422261246,0.008764039415209788,,0.6106870229007634,0.0
138,138,accumulation,N/A,1,0.35690434213738237,0.009559003288616056,,0.5128205128205128,0.0
138,138,accumulation,N/A,2,0.3397474540922738,0.01099569297410194,,0.5,0.0
138,138,accumulation,N/A,3,0.4459174815015792,0.008830786307570207,,0.4914285714285714,0.42857142857142855
138,138,accumulation,N/A,4,0.3681645092480891,0.008804606721482427,,0.5317919075144509,0.0
138,138,accumulation,N/A,5,0.40809351647269176,0.01665871053273905,,0.5090909090909091,0.14285714285714285
138,138,accumulation,N/A,6,0.3582216287709902,0.0030988456730007795,,0.5899280575539568,0.0
138,138,accumulation,N/A,7,0.43007941675037853,0.026040188862716123,,0.6713286713286712,0.14285714285714285
138,138,refinement,0.5,0,0.40084506422261246,0.008764039415209788,,0.6106870229007634,0.0
138,138,refinement,0.5,1,0.4213488842983139,0.0167687327338747,,0.625,0.14285714285714285
138,138,refinement,0.5,2,0.4007748376407559,0.015807352469526654,,0.6176470588235294,0.125
138,138,refinement,0.5,3,0.42108359135198037,0.013347229394928332,,0.6074074074074075,0.14285714285714285
138,138,refinement,0.5,4,0.4453276117488568,0.013695510499855703,,0.6466165413533835,0.2857142857142857
138,138,refinement,0.5,5,0.3882976659090205,0.016957993090825334,,0.6811594202898551,0.0
138,138,refinement,0.5,6,0.38420447743949815,0.00852083087940199,,0.6666666666666666,0.0
138,138,refinement,0.5,7,0.39580337829048684,0.021439772639380274,,0.5850340136054423,0.0
138,138,refinement,0.8,0,0.40084506422261246,0.008764039415209788,,0.6106870229007634,0.0
138,138,refinement,0.8,1,0.3975521881992368,0.015272164327472205,,0.5546218487394958,0.14285714285714285
138,138,refinement,0.8,2,0.39893406460623776,0.008477208912920834,,0.6097560975609755,0.0
138,138,refinement,0.8,3,0.37122697628935597,0.011610891261135365,,0.5054945054945055,0.0
138,138,refinement,0.8,4,0.37473300502324963,0.013430064201744979,,0.5359477124183006,0.0
138,138,refinement,0.8,5,0.3572729665195077,0.022747827823280203,,0.4761904761904762,0.0
138,138,refinement,0.8,6,0.37723170390040284,0.018132181537735242,,0.5454545454545454,0.0
138,138,refinement,0.8,7,0.41574953726658803,0.02593838967819585,,0.5680473372781064,0.14285714285714285
139,139,accumulation,N/A,0,0.32387856418423333,0.005270947044121568,,0.49572649572649563,0.0
139,139,accumulation,N/A,1,0.3870545927409938,0.021717899782879486,,0.5217391304347826,0.0
139,139,accumulation,N/A,2,0.3438510730016157,0.00870936135176616,,0.40540540540540543,0.0
139,139,accumulation,N/A,3,0.3955426709642103,0.023444256045992155,,0.5087719298245613,0.14285714285714285
139,139,accumulation,N/A,4,0.3738161356309491,0.008725079673575314,,0.5384615384615385,0.0
139,139,accumulation,N/A,5,0.321819468633531,0.01562682641038805,,0.4155844155844156,0.0
139,139,accumulation,N/A,6,0.32963883731415405,0.01765749958673279,,0.4462809917355372,0.14285714285714285
139,139,accumulation,N/A,7,0.3749449933404921,0.011252351402608263,,0.46896551724137925,0.0
139,139,refinement,0.5,0,0.32387856418423333,0.005270947044121568,,0.49572649572649563,0.0
139,139,refinement,0.5,1,0.36709813405140646,0.021625398849029007,,0.5423728813559322,0.14285714285714285
139,139,refinement,0.5,2,0.37069313543136423,0.02310749327663371,,0.5565217391304347,0.14285714285714285
139,139,refinement,0.5,3,0.37215247130988527,0.01503885648049786,,0.5663716814159292,0.14285714285714285
139,139,refinement,0.5,4,0.33906682964969836,0.022537342121460684,,0.5203252032520326,0.0
139,139,refinement,0.5,5,0.35059507866038736,0.022727375332201687,,0.5714285714285714,0.0
139,139,refinement,0.5,6,0.3645108621301657,0.015067161686789416,,0.5333333333333332,0.14285714285714285
139,139,refinement,0.5,7,0.3705486618301659,0.0255386030218142,,0.5470085470085471,0.14285714285714285
139,139,refinement,0.8,0,0.32387856418423333,0.005270947044121568,,0.49572649572649563,0.0
139,139,refinement,0.8,1,0.37643918272908716,0.011214822161580401,,0.45283018867924524,0.2857142857142857
139,139,refinement,0.8,2,0.3282982038559423,0.035026544594276676,,0.39639639639639646,0.25
139,139,refinement,0.8,3,0.3321891039598206,0.016812856495463237,,0.4881889763779528,0.125
139,139,refinement,0.8,4,0.32914880455264117,0.011422273114117618,,0.42187499999999994,0.125
139,139,refinement,0.8,5,0.3596316452009112,0.014222516586559139,,0.49206349206349204,0.14285714285714285
139,139,refinement,0.8,6,0.3424190289576596,0.009253348155261373,,0.4383561643835616,0.25
139,139,refinement,0.8,7,0.3460161029793437,0.012421101980837177,,0.45390070921985815,0.14285714285714285
140,140,accumulation,N/A,0,0.3343676779354552,0.015586136376913926,,0.37499999999999994,0.0
140,140,accumulation,N/A,1,0.3453859754810531,0.015209367872293402,,0.5,0.0
140,140,accumulation,N/A,2,0.33271988511389733,0.010458471405978723,,0.44094488188976383,0.0
140,140,accumulation,N/A,3,0.33991970095181867,0.000778059520938978,,0.352,0.0
140,140,accumulation,N/A,4,0.3607892404714604,0.028442666286152735,,0.4838709677419355,0.14285714285714285
140,140,accumulation,N/A,5,0.36756748206595363,0.006293134513847743,,0.4166666666666667,0.2857142857142857
140,140,accumulation,N/A,6,0.3268288589947662,0.008582374588803296,,0.47244094488188976,0.0
140,140,accumulation,N/A,7,0.32539826717882114,0.022298106109567697,,0.4090909090909091,0.14285714285714285
140,140,refinement,0.5,0,0.3343676779354552,0.015586136376913926,,0.37499999999999994,0.0
140,140,refinement,0.5,1,0.3805650242843007,0.015761810051656642,,0.39560439560439564,0.14285714285714285
140,140,refinement,0.5,2,0.3415633300743343,0.015911738563941617,,0.41975308641975306,0.0
140,140,refinement,0.5,3,0.33940692504540676,0.01475663839111087,,0.391304347826087,0.125
140,140,refinement,0.5,4,0.3705306221517653,0.014440576710285348,,0.45783132530120485,0.2857142857142857
140,140,refinement,0.5,5,0.3452360243228146,0.01438344315574257,,0.4301075268817204,0.14285714285714285
140,140,refinement,0.5,6,0.36617371873180615,0.013572176519271971,,0.46315789473684216,0.14285714285714285
140,140,refinement,0.5,7,0.3237229161352291,0.01642881647162508,,0.41304347826086957,0.0
140,140,refinement,0.8,0,0.3343676779354552,0.015586136376913926,,0.37499999999999994,0.0
140,140,refinement,0.8,1,0.35963482069341485,0.017542993467064463,,0.3529411764705882,0.0
140,140,refinement,0.8,2,0.33149072638770555,0.012622422856909066,,0.32258064516129037,0.0
140,140,refinement,0.8,3,0.33799337702027044,0.00918835613641797,,0.46728971962616817,0.125
140,140,refinement,0.8,4,0.33614071894062825,0.013773054119563796,,0.4603174603174603,0.0
140,140,refinement,0.8,5,0.3797300259313943,0.019395705821668142,,0.4915254237288135,0.125
140,140,refinement,0.8,6,0.3445077221500365,0.01796180457936508,,0.48,0.0
140,140,refinement,0.8,7,0.366956503356253,0.011958364867685641,,0.48214285714285715,0.125
141,141,accumulation,N/A,0,0.2167430986107196,0.008863278158114454,,0.07142857142857142,0.0
141,141,accumulation,N/A,1,0.40777423475538765,0.0,,0.6666666666666666,0.0
141,141,accumulation,N/A,2,0.2491979432189969,0.20128685447189038,,0.018518518518518517,0.0
141,141,accumulation,N/A,3,0.46692009437293414,0.49294827263003577,,0.4,0.0
141,141,accumulation,N/A,4,0.3436613221751561,0.07815849478062806,,0.5714285714285715,0.0
141,141,accumulation,N/A,5,0.3446064975360651,0.14618978758217002,,0.3636363636363636,0.3333333333333333
141,141,accumulation,N/A,6,0.2971806547192788,0.17552603356306207,,0.16,0.0
141,141,accumulation,N/A,7,0.22195014022211537,0.13873636884652796,,0.026666666666666665,0.0
141,141,refinement,0.5,0,0.2167430986107196,0.008863278158114454,,0.07142857142857142,0.0
141,141,refinement,0.5,1,0.29717557086675284,0.18440090814494836,,0.4444444444444445,0.0
141,141,refinement,0.5,2,0.3166388053039513,0.17798313629226142,,0.5714285714285715,0.0
141,141,refinement,0.5,3,0.3453506339393705,0.21064679906594846,,0.5714285714285715,0.0
141,141,refinement,0.5,4,0.4516387633732786,0.27574143729486716,,0.8,0.0
141,141,refinement,0.5,5,0.30209912964064783,0.29554267523216365,,0.4444444444444445,0.0
141,141,refinement,0.5,6,0.34491172562928796,0.29479574208220893,,0.5714285714285715,0.0
141,141,refinement,0.5,7,0.37099355115265853,0.34891126742161294,,0.6666666666666666,0.0
141,141,refinement,0.8,0,0.2167430986107196,0.008863278158114454,,0.07142857142857142,0.0
141,141,refinement,0.8,1,0.25584725854215024,0.23650645888694233,,0.02259887005649718,0.0
141,141,refinement,0.8,2,0.29377976023257,0.3505654296098555,,0.12121212121212122,0.0
141,141,refinement,0.8,3,0.307156199960424,0.34592905906196986,,0.33333333333333337,0.0
141,141,refinement,0.8,4,0.3601777524668631,0.3347799620033369,,0.5714285714285715,0.0
141,141,refinement,0.8,5,0.3234300191061953,0.33408404374336187,,0.5,0.0
141,141,refinement,0.8,6,0.35850633655975356,0.3220026365569115,,0.5714285714285715,0.0
141,141,refinement,0.8,7,0.4680423047446689,0.3200999384328256,,0.8,0.0
142,142,accumulation,N/A,0,0.38093709751329796,0.40838781080310466,,0.4,0.0
142,142,accumulation,N/A,1,0.6671447419607883,0.08477363560756507,,1.0,1.0
142,142,accumulation,N/A,2,0.4386717354167024,0.19662169996652554,,0.33333333333333337,0.5
142,142,accumulation,N/A,3,0.3464979114266836,0.0,,0.33333333333333337,0.0
142,142,accumulation,N/A,4,0.5220863831707175,0.10490892796587788,,0.6666666666666666,0.5
142,142,accumulation,N/A,5,0.6774811287414939,0.2185095019998778,,1.0,1.0
142,142,accumulation,N/A,6,0.7345320112032822,0.6721973731790409,,1.0,1.0
142,142,accumulation,N/A,7,0.5018678834703341,0.10624259971092523,,0.6666666666666666,0.5
142,142,refinement,0.5,0,0.38093709751329796,0.40838781080310466,,0.4,0.0
142,142,refinement,0.5,1,0.4068033342045052,0.4117315635848384,,0.4,0.0
142,142,refinement,0.5,2,0.3710512495667668,0.4316225891772317,,0.33333333333333337,0.0
142,142,refinement,0.5,3,0.38423141138689876,0.4326594881323157,,0.4,0.0
142,142,refinement,0.5,4,0.36611614330939213,0.4799058558710215,,0.33333333333333337,0.0
142,142,refinement,0.5,5,0.36515676144721443,0.4800025499028195,,0.33333333333333337,0.0
142,142,refinement,0.5,6,0.3760371433081765,0.4812448151260118,,0.33333333333333337,0.0
142,142,refinement,0.5,7,0.4226643995074786,0.4787158624653806,,0.5,0.0
142,142,refinement,0.8,0,0.38093709751329796,0.40838781080310466,,0.4,0.0
142,142,refinement,0.8,1,0.3472389063185544,0.28984531936298946,,0.2857142857142857,0.0
142,142,refinement,0.8,2,0.33607589817032585,0.3134077581988313,,0.19999999999999998,0.0
142,142,refinement,0.8,3,0.5064579744212621,0.3099441465907659,,0.6666666666666666,0.0
142,142,refinement,0.8,4,0.3906755900036847,0.3135294834207602,,0.4,0.0
142,142,refinement,0.8,5,0.51017810429391,0.3382724652390079,,0.6666666666666666,0.0
142,142,refinement,0.8,6,0.4065485735816544,0.3196193183567531,,0.5,0.0
142,142,refinement,0.8,7,0.5038514649451078,0.3138034137785419,,0.6666666666666666,0.0
143,143,accumulation,N/A,0,0.29092262502625443,0.008291676137067942,,0.2142857142857143,0.0
143,143,accumulation,N/A,1,0.20464294213758605,0.01975051606065322,,0.42857142857142866,0.0
143,143,accumulation,N/A,2,0.26273467007762086,0.02654685005797599,,0.3488372093023256,0.0
143,143,accumulation,N/A,3,0.40417548304468176,0.0031136890194558156,,0.27999999999999997,0.5
143,143,accumulation,N/A,4,0.34162671129290184,0.02620053978056896,,0.36363636363636365,0.0
143,143,accumulation,N/A,5,0.29341697300019937,0.03709483271331156,,0.39999999999999997,0.0
143,143,accumulation,N/A,6,0.3047862708285872,0.020444069703921007,,0.3943661971830986,0.25
143,143,accumulation,N/A,7,0.25802088479447394,0.006037114362426913,,0.26785714285714285,0.0
143,143,refinement,0.5,0,0.29092262502625443,0.008291676137067942,,0.2142857142857143,0.0
143,143,refinement,0.5,1,0.3417267918045822,0.007582686682444565,,0.3714285714285714,0.0
143,143,refinement,0.5,2,0.3534261497973005,0.008686667933622806,,0.4482758620689655,0.0
143,143,refinement,0.5,3,0.3499471158749758,0.008501109416376844,,0.45614035087719296,0.0
143,143,refinement,0.5,4,0.35810378433925544,0.015553768432710925,,0.47826086956521735,0.0
143,143,refinement,0.5,5,0.3507687085089408,0.019129034944402563,,0.46153846153846156,0.0
143,143,refinement,0.5,6,0.3645873551932978,0.007999835383813166,,0.5909090909090908,0.0
143,143,refinement,0.5,7,0.32248774820428333,0.008207760844404286,,0.5909090909090908,0.0
143,143,refinement,0.8,0,0.29092262502625443,0.008291676137067942,,0.2142857142857143,0.0
143,143,refinement,0.8,1,0.3631138094834217,0.00909457043804971,,0.4727272727272727,0.0
143,143,refinement,0.8,2,0.3565289917612793,0.00840315068332234,,0.45614035087719296,0.0
143,143,refinement,0.8,3,0.4186048472147733,0.010820830131806512,,0.37681159420289856,0.5
143,143,refinement,0.8,4,0.3664232571636068,0.01799852065551432,,0.45614035087719296,0.0
143,143,refinement,0.8,5,0.3583594929667051,0.02519144035452409,,0.43137254901960786,0.0
143,143,refinement,0.8,6,0.37280487185823663,0.02356778536263143,,0.5306122448979591,0.0
143,143,refinement,0.8,7,0.2804006062911286,0.026110954410370393,,0.47058823529411753,0.0
144,144,accumulation,N/A,0,0.405398182638562,0.0,,0.6666666666666666,0.0
144,144,accumulation,N/A,1,0.5050315480850398,0.0,,0.0,1.0
144,144,accumulation,N/A,2,0.29136043876444895,0.0,,0.4,0.0
144,144,accumulation,N/A,3,0.33030158649535757,0.13751706540560465,,0.2857142857142857,0.0
144,144,accumulation,N/A,4,0.4283236897156535,0.19817909534979605,,0.4,0.0
144,144,accumulation,N/A,5,0.2739968400203482,0.0,,0.25,0.0
144,144,accumulation,N/A,6,0.43301259559683336,0.5687253351735727,,0.2857142857142857,0.0
144,144,accumulation,N/A,7,0.4742968102341733,0.09344143577743451,,0.6666666666666666,0.0
144,144,refinement,0.5,0,0.405398182638562,0.0,,0.6666666666666666,0.0
144,144,refinement,0.5,1,0.36242992397515855,0.0,,0.4,0.5
144,144,refinement,0.5,2,0.26455256038373864,0.0,,0.4,0.0
144,144,refinement,0.5,3,0.4064482129750072,0.0,,0.6666666666666666,0.0
144,144,refinement,0.5,4,0.23136670890676408,0.0,,0.19999999999999998,0.0
144,144,refinement,0.5,5,0.2874831448967109,0.0,,0.4,0.0
144,144,refinement,0.5,6,0.24619284071477956,0.0,,0.2857142857142857,0.0
144,144,refinement,0.5,7,0.27850989407618465,0.0,,0.33333333333333337,0.0
144,144,refinement,0.8,0,0.405398182638562,0.0,,0.6666666666666666,0.0
144,144,refinement,0.8,1,0.6080348101516155,0.0,,1.0,1.0
144,144,refinement,0.8,2,0.22283215063314857,0.0,,0.13333333333333333,0.0
144,144,refinement,0.8,3,0.18606877462894802,0.005956661306440742,,0.07999999999999999,0.0
144,144,refinement,0.8,4,0.14967927952186783,0.03859226837727218,,0.09523809523809523,0.0
144,144,refinement,0.8,5,0.1957644278378276,0.07021211408815076,,0.125,0.0
144,144,refinement,0.8,6,0.14774493627734425,0.03627383152197714,,0.08333333333333333,0.0
144,144,refinement,0.8,7,0.21392283745506163,0.02821948965591581,,0.2857142857142857,0.0
145,145,accumulation,N/A,0,0.34269046126918956,0.005115247540457954,,0.4428571428571428,0.125
145,145,accumulation,N/A,1,0.33876506424163655,0.004876075580595673,,0.2705882352941177,0.0
145,145,accumulation,N/A,2,0.3480818799862061,0.0037523144840601076,,0.30564784053156147,0.0
145,145,accumulation,N/A,3,0.3436044952490044,0.0039798583370040976,,0.4090909090909091,0.0
145,145,accumulation,N/A,4,0.3277167539131728,0.008904693735683138,,0.33210332103321033,0.0
145,145,accumulation,N/A,5,0.32733962281011514,0.0,,0.4343434343434343,0.0
145,145,accumulation,N/A,6,0.32881482261228345,0.010307436431336725,,0.3565891472868217,0.0
145,145,accumulation,N/A,7,0.3257076215200687,0.005578247097121331,,0.4444444444444444,0.0
145,145,refinement,0.5,0,0.34269046126918956,0.005115247540457954,,0.4428571428571428,0.125
145,145,refinement,0.5,1,0.3513774057342216,0.002658551676686622,,0.512,0.0
145,145,refinement,0.5,2,0.3511029970192321,0.0005795643127016113,,0.49295774647887325,0.125
145,145,refinement,0.5,3,0.35073844180558694,0.005180753100586119,,0.5,0.0
145,145,refinement,0.5,4,0.353350855461316,0.002874661064095505,,0.5277777777777779,0.0
145,145,refinement,0.5,5,0.35790658035109085,0.0020338400613229292,,0.543046357615894,0.0
145,145,refinement,0.5,6,0.3290435556238987,0.004285865711588295,,0.4615384615384615,0.0
145,145,refinement,0.5,7,0.34563497855363107,0.0034724227860701944,,0.4827586206896551,0.0
145,145,refinement,0.8,0,0.34269046126918956,0.005115247540457954,,0.4428571428571428,0.125
145,145,refinement,0.8,1,0.3321229678662422,0.0010854332999016359,,0.3961352657004831,0.125
145,145,refinement,0.8,2,0.33505813336402296,0.01252262162926398,,0.39252336448598124,0.0
145,145,refinement,0.8,3,0.3185395991381311,0.0006428765686895212,,0.3766816143497758,0.0
145,145,refinement,0.8,4,0.3642316935357345,0.0007136560146885157,,0.4444444444444444,0.0
145,145,refinement,0.8,5,0.3422643517060434,0.006610501517426966,,0.4112149532710281,0.0
145,145,refinement,0.8,6,0.33696215753027886,0.005861636762450963,,0.3548387096774194,0.0
145,145,refinement,0.8,7,0.33981108023828943,0.005786635985208966,,0.41284403669724773,0.0
146,146,accumulation,N/A,0,0.3004932787744838,0.12925717577688134,,0.33333333333333337,0.0
146,146,accumulation,N/A,1,0.40952954449931567,0.014647029919196274,,0.6666666666666666,0.0
146,146,accumulation,N/A,2,0.32268600948711335,0.0,,0.4583333333333333,0.0
146,146,accumulation,N/A,3,0.29114069679162013,0.009404044591410901,,0.392156862745098,0.0
146,146,accumulation,N/A,4,0.38637650417698177,0.025754377444273207,,0.7407407407407406,0.0
146,146,accumulation,N/A,5,0.41924579362622666,0.012780776246927139,,0.3999999999999999,0.25
146,146,accumulation,N/A,6,0.31942154626673924,0.007141325802659904,,0.3157894736842105,0.0
146,146,accumulation,N/A,7,0.2981832384560907,0.011013303592766623,,0.27848101265822783,0.0
146,146,refinement,0.5,0,0.3004932787744838,0.12925717577688134,,0.33333333333333337,0.0
146,146,refinement,0.5,1,0.29514759563564663,0.133288487411109,,0.2962962962962963,0.0
146,146,refinement,0.5,2,0.2922865910899641,0.1507854541501332,,0.25806451612903225,0.0
146,146,refinement,0.5,3,0.3297477483770349,0.11662322374506,,0.3225806451612903,0.0
146,146,refinement,0.5,4,0.2847417847560789,0.09718601978754994,,0.3243243243243243,0.0
146,146,refinement,0.5,5,0.28973098099917993,0.145779029681325,,0.24242424242424246,0.0
146,146,refinement,0.5,6,0.2922648964652234,0.11662322374506,,0.30303030303030304,0.0
146,146,refinement,0.5,7,0.32901352673817463,0.08805231081767398,,0.34146341463414637,0.0
146,146,refinement,0.8,0,0.3004932787744838,0.12925717577688134,,0.33333333333333337,0.0
146,146,refinement,0.8,1,0.3252836891737075,0.0516873863399219,,0.2368421052631579,0.0
146,146,refinement,0.8,2,0.3524946833634858,0.051018224377194554,,0.1680672268907563,0.25
146,146,refinement,0.8,3,0.35915331541078316,0.0748112688359693,,0.17187499999999997,0.25
146,146,refinement,0.8,4,0.2873950395321532,0.08200838537610886,,0.136986301369863,0.0
146,146,refinement,0.8,5,0.29081791939769813,0.07307731812545437,,0.14705882352941177,0.0
146,146,refinement,0.8,6,0.26064872437885206,0.0452977831193092,,0.14285714285714288,0.0
146,146,refinement,0.8,7,0.25872459366573086,0.05889894038309848,,0.08593749999999999,0.0
147,147,accumulation,N/A,0,0.649717093360014,0.6998772031871765,,0.6666666666666666,0.0
147,147,accumulation,N/A,1,0.6891270795584531,0.2222481615501341,,1.0,1.0
147,147,accumulation,N/A,2,0.4247097521008841,0.19444026005806028,,0.6666666666666666,0.3333333333333333
147,147,accumulation,N/A,3,0.40308050510569915,0.434396226240164,,0.4,0.0
147,147,accumulation,N/A,4,0.3977353262769041,0.31394521174127404,,0.3333333333333333,0.3333333333333333
147,147,accumulation,N/A,5,0.443200027687984,0.005457714180884229,,0.4,0.0
147,147,accumulation,N/A,6,0.5353666858278396,0.21340400306855414,,0.6666666666666666,0.5
147,147,accumulation,N/A,7,0.39714045857306157,0.3521589370354176,,0.21052631578947367,0.3333333333333333
147,147,refinement,0.5,0,0.649717093360014,0.6998772031871765,,0.6666666666666666,0.0
147,147,refinement,0.5,1,0.521492835813278,0.6706362485646494,,0.3333333333333333,0.0
147,147,refinement,0.5,2,0.5463615805318569,0.6680114491573519,,0.5,0.0
147,147,refinement,0.5,3,0.6462488410584646,0.6380977496483816,,0.6666666666666666,0.0
147,147,refinement,0.5,4,0.6464996106521302,0.6367014744850372,,0.6666666666666666,0.0
147,147,refinement,0.5,5,0.6477994208315829,0.6415846225972799,,0.6666666666666666,0.0
147,147,refinement,0.5,6,0.6473981305951031,0.6441055837862679,,0.6666666666666666,0.0
147,147,refinement,0.5,7,0.6480303514360499,0.6453735081638009,,0.6666666666666666,0.0
147,147,refinement,0.8,0,0.649717093360014,0.6998772031871765,,0.6666666666666666,0.0
147,147,refinement,0.8,1,0.5066337065725175,0.6572680683073469,,0.4,0.0
147,147,refinement,0.8,2,0.5481439226694669,0.6672917643381778,,0.5,0.0
147,147,refinement,0.8,3,0.6522538139862629,0.6687566260521943,,0.6666666666666666,0.0
147,147,refinement,0.8,4,0.5407273562299427,0.6562663049149544,,0.4,0.0
147,147,refinement,0.8,5,0.6510994468103488,0.6304862402025755,,0.6666666666666666,0.0
147,147,refinement,0.8,6,0.6557948534299529,0.6458440887971099,,0.6666666666666666,0.0
147,147,refinement,0.8,7,0.5066115208923015,0.6645523552043267,,0.3333333333333333,0.0
148,148,accumulation,N/A,0,0.4182142290303265,0.003116533997341845,,0.46428571428571425,0.42857142857142855
148,148,accumulation,N/A,1,0.3691346582211328,0.00816050928683116,,0.5641025641025641,0.2857142857142857
148,148,accumulation,N/A,2,0.33370628495180465,0.014505240502804101,,0.5833333333333334,0.14285714285714285
148,148,accumulation,N/A,3,0.3549385262675222,0.016871567455292547,,0.5357142857142857,0.14285714285714285
148,148,accumulation,N/A,4,0.3803848294291272,0.009466153265638221,,0.48780487804878053,0.16666666666666666
148,148,accumulation,N/A,5,0.3436871217138394,0.002334879148432021,,0.52,0.0
148,148,accumulation,N/A,6,0.39193785705367956,0.013366906610526464,,0.5084745762711864,0.14285714285714285
148,148,accumulation,N/A,7,0.3071372350206196,0.025224884814952983,,0.43678160919540227,0.375
148,148,refinement,0.5,0,0.4182142290303265,0.003116533997341845,,0.46428571428571425,0.42857142857142855
148,148,refinement,0.5,1,0.3998909037674953,0.0027726508780729063,,0.4918032786885246,0.375
148,148,refinement,0.5,2,0.2886800877048933,0.003510738335713573,,0.3287671232876712,0.0
148,148,refinement,0.5,3,0.3284758532768076,0.0034969751597267898,,0.4615384615384615,0.125
148,148,refinement,0.5,4,0.3136691774039533,0.004196370191672147,,0.43478260869565216,0.0
148,148,refinement,0.5,5,0.3666967743253349,0.0012523343325918394,,0.4776119402985074,0.2857142857142857
148,148,refinement,0.5,6,0.34966385831501,0.0032279770705170366,,0.49056603773584906,0.14285714285714285
148,148,refinement,0.5,7,0.3186339805831444,0.0013880544566636805,,0.4444444444444445,0.0
148,148,refinement,0.8,0,0.4182142290303265,0.003116533997341845,,0.46428571428571425,0.42857142857142855
148,148,refinement,0.8,1,0.30842060592479487,0.006280308548066156,,0.35000000000000003,0.14285714285714285
148,148,refinement,0.8,2,0.36644725598128314,0.004171605537553043,,0.49056603773584906,0.14285714285714285
148,148,refinement,0.8,3,0.31285205276222394,0.00482409900049634,,0.29729729729729726,0.0
148,148,refinement,0.8,4,0.2902856620159401,0.0,,0.3333333333333333,0.0
148,148,refinement,0.8,5,0.35335829820652787,0.0019784313417722894,,0.4814814814814815,0.14285714285714285
148,148,refinement,0.8,6,0.3765590272922437,0.00403715726768009,,0.52,0.14285714285714285
148,148,refinement,0.8,7,0.3738065157166066,0.0030261072995957285,,0.48,0.25
149,149,accumulation,N/A,0,0.3164992376340309,0.04178017258774264,,0.10714285714285714,0.0
149,149,accumulation,N/A,1,0.2846457489643343,0.0,,0.13333333333333333,0.0
149,149,accumulation,N/A,2,0.39704478837672064,0.0038866743856961865,,0.43750000000000006,0.0
149,149,accumulation,N/A,3,0.39806751158022446,0.03563263907850283,,0.26666666666666666,0.0
149,149,accumulation,N/A,4,0.4329058084773068,0.0,,0.5454545454545454,0.5
149,149,accumulation,N/A,5,0.3232488139144264,0.0,,0.07407407407407407,0.5
149,149,accumulation,N/A,6,0.37915541244375456,0.0,,0.6,0.0
149,149,accumulation,N/A,7,0.3288584193138097,0.0,,0.13333333333333333,0.0
149,149,refinement,0.5,0,0.3164992376340309,0.04178017258774264,,0.10714285714285714,0.0
149,149,refinement,0.5,1,0.3697005365601433,0.04178017258774264,,0.11111111111111112,0.0
149,149,refinement,0.5,2,0.3777742007195515,0.06267025888161395,,0.07017543859649122,0.0
149,149,refinement,0.5,3,0.29354861255910103,0.04184638693553926,,0.1016949152542373,0.0
149,149,refinement,0.5,4,0.36434567972138154,0.04250683143560626,,0.08333333333333333,0.0
149,149,refinement,0.5,5,0.3277184066168674,0.04279981642882588,,0.17647058823529413,0.0
149,149,refinement,0.5,6,0.4587172906996159,0.06419972464323882,,0.12903225806451613,0.5
149,149,refinement,0.5,7,0.4892109928812311,0.12839944928647765,,0.06896551724137931,0.5
149,149,refinement,0.8,0,0.3164992376340309,0.04178017258774264,,0.10714285714285714,0.0
149,149,refinement,0.8,1,0.38085703746099336,0.1172627095438753,,0.20689655172413793,0.0
149,149,refinement,0.8,2,0.39557349177970635,0.08497663458532244,,0.19354838709677416,0.0
149,149,refinement,0.8,3,0.37617013412110983,0.08727807139152799,,0.2222222222222222,0.0
149,149,refinement,0.8,4,0.4493163852390488,0.042963977771137016,,0.3018867924528302,0.5
149,149,refinement,0.8,5,0.4535755504126894,0.05640865598355094,,0.28571428571428575,0.5
149,149,refinement,0.8,6,0.3252150785183779,0.03412740256018648,,0.2631578947368421,0.25
149,149,refinement,0.8,7,0.46450231999911457,0.16463651547869307,,0.14814814814814814,0.5
150,150,accumulation,N/A,0,0.3124695886227756,0.12831502983332976,,0.37037037037037035,0.0
150,150,accumulation,N/A,1,0.24875137308836773,5.9316450834196756e-05,,0.2631578947368421,0.25
150,150,accumulation,N/A,2,0.30785471676481596,0.03532432143566762,,0.5555555555555556,0.0
150,150,accumulation,N/A,3,0.26537437141454745,0.019226866159743793,,0.15625,0.2
150,150,accumulation,N/A,4,0.3479626970460518,0.11261008638249079,,0.33333333333333337,0.0
150,150,accumulation,N/A,5,0.4134254517259961,0.07485526488350758,,0.5625000000000001,0.0
150,150,accumulation,N/A,6,0.3019232458559532,0.15178038633170082,,0.47058823529411764,0.25
150,150,accumulation,N/A,7,0.4007727621771454,0.0689482709785934,,0.4285714285714286,0.0
150,150,refinement,0.5,0,0.3124695886227756,0.12831502983332976,,0.37037037037037035,0.0
150,150,refinement,0.5,1,0.30865234417199305,0.1192915607692326,,0.39215686274509803,0.0
150,150,refinement,0.5,2,0.3077784409813381,0.13736165311206233,,0.3571428571428571,0.0
150,150,refinement,0.5,3,0.30583101721727335,0.12589256478610983,,0.3571428571428571,0.0
150,150,refinement,0.5,4,0.28066996887633294,0.10807075520441707,,0.3508771929824561,0.0
150,150,refinement,0.5,5,0.3210976467952367,0.14345933419160578,,0.4255319148936171,0.0
150,150,refinement,0.5,6,0.30651614922249754,0.12447203801937116,,0.37735849056603776,0.0
150,150,refinement,0.5,7,0.30981027018218993,0.12053764931724179,,0.3846153846153846,0.0
150,150,refinement,0.8,0,0.3124695886227756,0.12831502983332976,,0.37037037037037035,0.0
150,150,refinement,0.8,1,0.282179007181649,0.05704235175794477,,0.2666666666666667,0.0
150,150,refinement,0.8,2,0.2801825160878393,0.0941203434646004,,0.32258064516129037,0.0
150,150,refinement,0.8,3,0.2664163109464617,0.09853851875341438,,0.24096385542168672,0.0
150,150,refinement,0.8,4,0.29000319323074575,0.10723998504699206,,0.25316455696202533,0.0
150,150,refinement,0.8,5,0.275886663560617,0.11634421226920974,,0.18181818181818182,0.0
150,150,refinement,0.8,6,0.2818516128431957,0.10282772633322086,,0.198019801980198,0.0
150,150,refinement,0.8,7,0.28500463900551865,0.117018766152392,,0.18867924528301885,0.0
151,151,accumulation,N/A,0,0.47127162640801773,0.5449386810826127,,0.6666666666666666,0.0
151,151,accumulation,N/A,1,0.38667170847646176,0.0,,0.4,0.0
151,151,accumulation,N/A,2,0.46453369559594837,0.0,,0.6666666666666666,0.0
151,151,accumulation,N/A,3,0.2524434411267617,0.0,,0.03278688524590164,0.25
151,151,accumulation,N/A,4,0.34823146727978377,0.08732474517964176,,0.4,0.0
151,151,accumulation,N/A,5,0.1288284938683753,0.0,,0.19999999999999998,0.0
151,151,accumulation,N/A,6,0.3367955295753774,0.025206657156084562,,0.5,0.0
151,151,accumulation,N/A,7,0.3015011324144694,0.0,,0.0020387359836901127,0.3333333333333333
151,151,refinement,0.5,0,0.47127162640801773,0.5449386810826127,,0.6666666666666666,0.0
151,151,refinement,0.5,1,0.4704661883558251,0.5447334901000949,,0.6666666666666666,0.0
151,151,refinement,0.5,2,0.47420248862687164,0.5826814126546896,,0.6666666666666666,0.0
151,151,refinement,0.5,3,0.3580622841389774,0.577738776621664,,0.4,0.0
151,151,refinement,0.5,4,0.471842747034871,0.5671780658292622,,0.6666666666666666,0.0
151,151,refinement,0.5,5,0.4372483447033997,0.4655832414069322,,0.5,0.0
151,151,refinement,0.5,6,0.4628380712331447,0.4695859618753216,,0.6666666666666666,0.0
151,151,refinement,0.5,7,0.34807555055332257,0.4794455485869983,,0.4,0.0
151,151,refinement,0.8,0,0.47127162640801773,0.5449386810826127,,0.6666666666666666,0.0
151,151,refinement,0.8,1,0.4703981779826293,0.5501808878554315,,0.6666666666666666,0.0
151,151,refinement,0.8,2,0.4789175151377971,0.6065928305909706,,0.6666666666666666,0.0
151,151,refinement,0.8,3,0.4767556665150235,0.6254547583941101,,0.6666666666666666,0.0
151,151,refinement,0.8,4,0.37788060554899944,0.6412847816117415,,0.5,0.0
151,151,refinement,0.8,5,0.335770993197891,0.6145418474023806,,0.4,0.0
151,151,refinement,0.8,6,0.48592036357200774,0.696455525888209,,0.6666666666666666,0.0
151,151,refinement,0.8,7,0.48495381256568326,0.6807707363039776,,0.6666666666666666,0.0
152,152,accumulation,N/A,0,0.4074294923307632,0.29278138088035965,,0.10810810810810811,0.25
152,152,accumulation,N/A,1,0.4070705702511408,0.35948555784120706,,0.26666666666666666,0.0
152,152,accumulation,N/A,2,0.2687569852677382,0.028375165562395926,,0.09625668449197862,0.0
152,152,accumulation,N/A,3,0.467711222128038,0.07955024916421037,,0.5333333333333333,0.0
152,152,accumulation,N/A,4,0.49784071502279403,0.24220196978679823,,0.30769230769230765,0.5
152,152,accumulation,N/A,5,0.412502202119272,0.14473565356467494,,0.25,0.3333333333333333
152,152,accumulation,N/A,6,0.43564145469598836,0.20557038916289447,,0.588235294117647,0.0
152,152,accumulation,N/A,7,0.33193859170376827,0.28857122846739686,,0.15384615384615383,0.0
152,152,refinement,0.5,0,0.4074294923307632,0.29278138088035965,,0.10810810810810811,0.25
152,152,refinement,0.5,1,0.3554818702372889,0.19081124234471863,,0.03636363636363636,0.0
152,152,refinement,0.5,2,0.41976315579989576,0.2917463142474202,,0.1904761904761905,0.25
152,152,refinement,0.5,3,0.5474586788261093,0.2902775361736058,,0.30769230769230765,0.5
152,152,refinement,0.5,4,0.3834778248146077,0.19079567742312037,,0.23529411764705882,0.0
152,152,refinement,0.5,5,0.42935789564032345,0.2923028026018513,,0.25,0.25
152,152,refinement,0.5,6,0.539406074221712,0.28941713835446614,,0.23529411764705882,0.5
152,152,refinement,0.5,7,0.5363762876446134,0.29299704367305,,0.2105263157894737,0.5
152,152,refinement,0.8,0,0.4074294923307632,0.29278138088035965,,0.10810810810810811,0.25
152,152,refinement,0.8,1,0.4768954319337376,0.30241943703933893,,0.26666666666666666,0.3333333333333333
152,152,refinement,0.8,2,0.39584920340674246,0.3484945269990739,,0.1904761904761905,0.25
152,152,refinement,0.8,3,0.40548531486176653,0.39463467283857045,,0.25,0.25
152,152,refinement,0.8,4,0.4429305586919601,0.41210366675448784,,0.30769230769230765,0.3333333333333333
152,152,refinement,0.8,5,0.4119971518390237,0.19891793801887778,,0.32,0.25
152,152,refinement,0.8,6,0.4990886256886725,0.4019398847808966,,0.33333333333333337,0.5
152,152,refinement,0.8,7,0.49945805132277665,0.40245712004155054,,0.33333333333333337,0.5
153,153,accumulation,N/A,0,0.3054104548976321,0.010380651992315195,,0.21153846153846154,0.0
153,153,accumulation,N/A,1,0.36194612681567523,0.008310698026343299,,0.48484848484848486,0.14285714285714285
153,153,accumulation,N/A,2,0.2942398488319222,0.006551622261461147,,0.1678321678321678,0.0
153,153,accumulation,N/A,3,0.3448428881793607,0.013518932700608602,,0.3320158102766798,0.0
153,153,accumulation,N/A,4,0.3544884435621235,0.009617669029829712,,0.5070422535211269,0.0
153,153,accumulation,N/A,5,0.32725143938888257,0.007922960632993366,,0.42276422764227645,0.0
153,153,accumulation,N/A,6,0.41940964451183294,0.010830843825804825,,0.6794871794871794,0.0
153,153,accumulation,N/A,7,0.4231509334896883,0.013054227546602104,,0.5253456221198156,0.2857142857142857
153,153,refinement,0.5,0,0.3054104548976321,0.010380651992315195,,0.21153846153846154,0.0
153,153,refinement,0.5,1,0.3094943131848119,0.012103920160519597,,0.29585798816568043,0.0
153,153,refinement,0.5,2,0.32425399429259627,0.010237111888983706,,0.5098039215686275,0.0
153,153,refinement,0.5,3,0.3445704281073231,0.006478585511656806,,0.5520833333333333,0.0
153,153,refinement,0.5,4,0.3284570151511175,0.012508568343139221,,0.5595238095238094,0.0
153,153,refinement,0.5,5,0.3420061893267081,0.01612587764101747,,0.5473684210526315,0.0
153,153,refinement,0.5,6,0.336090659099191,0.01828580699702307,,0.45132743362831856,0.0
153,153,refinement,0.5,7,0.3328443247539191,0.022341036223644486,,0.4553571428571428,0.0
153,153,refinement,0.8,0,0.3054104548976321,0.010380651992315195,,0.21153846153846154,0.0
153,153,refinement,0.8,1,0.32460917706377,0.010268429039036988,,0.36963696369636967,0.0
153,153,refinement,0.8,2,0.3285067274459451,0.0070843170473447285,,0.43137254901960786,0.0
153,153,refinement,0.8,3,0.3331922682919692,0.016968854646932405,,0.4647302904564315,0.0
153,153,refinement,0.8,4,0.30537014556543896,0.010362985953755448,,0.31213872832369943,0.0
153,153,refinement,0.8,5,0.37017885616356,0.012695056410010381,,0.3893129770992366,0.0
153,153,refinement,0.8,6,0.34589350315654654,0.017346345207995786,,0.5164835164835165,0.0
153,153,refinement,0.8,7,0.3156615974210537,0.013101463103752512,,0.32592592592592595,0.0
154,154,accumulation,N/A,0,0.46776936817666,0.21797653250325993,,0.5714285714285714,0.5
154,154,accumulation,N/A,1,0.4523764754517833,0.08911682215446373,,0.4,0.4
154,154,accumulation,N/A,2,0.4243652981272388,0.18379215033307317,,0.5000000000000001,0.2
154,154,accumulation,N/A,3,0.5057465323300072,0.2672398758022472,,0.7272727272727272,0.5
154,154,accumulation,N/A,4,0.3921502664980222,0.13694313688700904,,0.47058823529411764,0.3333333333333333
154,154,accumulation,N/A,5,0.40599322391619264,0.13913042741565276,,0.2702702702702703,0.16666666666666666
154,154,accumulation,N/A,6,0.48023991407045435,0.13287328199388096,,0.38095238095238093,0.25
154,154,accumulation,N/A,7,0.4346255348396531,0.08918786007494328,,0.7272727272727272,0.5
154,154,refinement,0.5,0,0.46776936817666,0.21797653250325993,,0.5714285714285714,0.5
154,154,refinement,0.5,1,0.44099740591749503,0.27303045167246826,,0.6153846153846154,0.4
154,154,refinement,0.5,2,0.430112000369962,0.2132270784957141,,0.5714285714285714,0.4
154,154,refinement,0.5,3,0.4487336635477959,0.274328598765617,,0.6666666666666666,0.4
154,154,refinement,0.5,4,0.5062877767613644,0.2743427186752467,,0.8000000000000002,0.5
154,154,refinement,0.5,5,0.4959273042716572,0.27734433714016615,,0.7272727272727272,0.5
154,154,refinement,0.5,6,0.5096378083265577,0.2812098525657818,,0.6666666666666666,0.6
154,154,refinement,0.5,7,0.45330548416306343,0.21963801145034173,,0.7272727272727272,0.4
154,154,refinement,0.8,0,0.46776936817666,0.21797653250325993,,0.5714285714285714,0.5
154,154,refinement,0.8,1,0.3872377426227476,0.24785362777574732,,0.21621621621621623,0.2
154,154,refinement,0.8,2,0.3663639770703917,0.233207571333576,,0.14705882352941177,0.2
154,154,refinement,0.8,3,0.3710323824588816,0.2780869198563957,,0.1568627450980392,0.2
154,154,refinement,0.8,4,0.4105650131908173,0.2781624770449773,,0.21621621621621623,0.4
154,154,refinement,0.8,5,0.4129841848862772,0.28099630407374393,,0.2222222222222222,0.4
154,154,refinement,0.8,6,0.36561702122669826,0.2231750506845199,,0.21739130434782605,0.2
154,154,refinement,0.8,7,0.3966928227277877,0.2880818435166973,,0.26666666666666666,0.4
155,155,accumulation,N/A,0,0.2617959739680276,0.07693852952993209,,0.22222222222222218,0.0
155,155,accumulation,N/A,1,0.21565471777251777,0.04486755139873213,,0.0909090909090909,0.0
155,155,accumulation,N/A,2,0.2733758902610352,0.0034860965730669435,,0.18604651162790695,0.0
155,155,accumulation,N/A,3,0.288071271682489,0.03240349618544116,,0.0046109510086455325,0.25
155,155,accumulation,N/A,4,0.3626023132693848,0.033156059983512974,,0.3,0.25
155,155,accumulation,N/A,5,0.24547225844844384,0.017860456154850175,,0.17391304347826084,0.0
155,155,accumulation,N/A,6,0.3213370680926299,0.23004562069537923,,0.16666666666666666,0.0
155,155,accumulation,N/A,7,0.23536300218682166,0.011692367906066536,,0.16666666666666669,0.0
155,155,refinement,0.5,0,0.2617959739680276,0.07693852952993209,,0.22222222222222218,0.0
155,155,refinement,0.5,1,0.27889403021804904,0.06947875973794462,,0.3529411764705882,0.0
155,155,refinement,0.5,2,0.286384430640059,0.06782701762085717,,0.27272727272727276,0.0
155,155,refinement,0.5,3,0.3863013668530175,0.05142320085929117,,0.5333333333333333,0.25
155,155,refinement,0.5,4,0.280195947516324,0.06765442978976083,,0.3333333333333333,0.0
155,155,refinement,0.5,5,0.32626951219757394,0.06782701762085717,,0.375,0.0
155,155,refinement,0.5,6,0.3231336952947685,0.06856426781238822,,0.39999999999999997,0.0
155,155,refinement,0.5,7,0.3342169425663603,0.06708976742932612,,0.46153846153846156,0.0
155,155,refinement,0.8,0,0.2617959739680276,0.07693852952993209,,0.22222222222222218,0.0
155,155,refinement,0.8,1,0.3737252057702777,0.07717669050436489,,0.3529411764705882,0.0
155,155,refinement,0.8,2,0.32813248614233004,0.08779809875853385,,0.24999999999999997,0.0
155,155,refinement,0.8,3,0.3431391437433644,0.05282638432684085,,0.4,0.0
155,155,refinement,0.8,4,0.3315565613652477,0.06477632717314244,,0.4285714285714285,0.0
155,155,refinement,0.8,5,0.3351210241006417,0.06691905555291561,,0.375,0.0
155,155,refinement,0.8,6,0.2516398983393945,0.0661836813160704,,0.19999999999999998,0.0
155,155,refinement,0.8,7,0.3002490577513872,0.05805845258307043,,0.375,0.0
156,156,accumulation,N/A,0,0.42642466331924245,0.017275038314414713,,0.6122448979591838,0.16666666666666666
156,156,accumulation,N/A,1,0.4077016015673126,0.023449881165039845,,0.4285714285714286,0.16666666666666666
156,156,accumulation,N/A,2,0.3807645849366104,0.014175768841794197,,0.5609756097560976,0.0
156,156,accumulation,N/A,3,0.3652378809830089,0.011903860725779076,,0.5102040816326531,0.0
156,156,accumulation,N/A,4,0.3875748821296862,0.0043613648014231765,,0.41666666666666663,0.14285714285714285
156,156,accumulation,N/A,5,0.3401685889665236,0.011969357101693194,,0.42168674698795183,0.0
156,156,accumulation,N/A,6,0.3933226991470915,0.02637094286838271,,0.46464646464646464,0.2857142857142857
156,156,accumulation,N/A,7,0.38126467919708557,0.0045511771766298574,,0.5,0.0
156,156,refinement,0.5,0,0.42642466331924245,0.017275038314414713,,0.6122448979591838,0.16666666666666666
156,156,refinement,0.5,1,0.40594671440230895,0.013953300111913286,,0.5714285714285714,0.14285714285714285
156,156,refinement,0.5,2,0.38820449956406927,0.033312265472402326,,0.588235294117647,0.125
156,156,refinement,0.5,3,0.44137803974051126,0.019329324461223114,,0.6306306306306307,0.16666666666666666
156,156,refinement,0.5,4,0.4345648209605996,0.029644726601067078,,0.6140350877192983,0.16666666666666666
156,156,refinement,0.5,5,0.3616409438488543,0.02003305483906889,,0.5423728813559322,0.0
156,156,refinement,0.5,6,0.406986027161544,0.03094892528164929,,0.6153846153846154,0.14285714285714285
156,156,refinement,0.5,7,0.3925339746490142,0.01175606455068681,,0.6542056074766356,0.125
156,156,refinement,0.8,0,0.42642466331924245,0.017275038314414713,,0.6122448979591838,0.16666666666666666
156,156,refinement,0.8,1,0.3959705572827644,0.015662545298819545,,0.5565217391304348,0.25
156,156,refinement,0.8,2,0.3889951084085272,0.011951919949020345,,0.5333333333333333,0.14285714285714285
156,156,refinement,0.8,3,0.37902315686801014,0.01417399620725887,,0.49019607843137253,0.25
156,156,refinement,0.8,4,0.364636998519757,0.013615817142946985,,0.4470588235294118,0.14285714285714285
156,156,refinement,0.8,5,0.37574616714388276,0.010916344564245506,,0.5609756097560976,0.0
156,156,refinement,0.8,6,0.3750821440589003,0.019379721188293675,,0.38636363636363635,0.14285714285714285
156,156,refinement,0.8,7,0.3696943002676551,0.019313250217041042,,0.40449438202247195,0.14285714285714285
157,157,accumulation,N/A,0,0.28322781986102347,0.018000295638327668,,0.3333333333333333,0.0
157,157,accumulation,N/A,1,0.20065272652851057,0.015228162848179608,,0.06666666666666667,0.0
157,157,accumulation,N/A,2,0.2829327257395561,0.0,,0.3333333333333333,0.0
157,157,accumulation,N/A,3,0.28285180281650113,0.0,,0.2,0.3333333333333333
157,157,accumulation,N/A,4,0.31826899011351756,0.011725044764373645,,0.5,0.3333333333333333
157,157,accumulation,N/A,5,0.2967623059879032,0.0,,0.36363636363636365,0.3333333333333333
157,157,accumulation,N/A,6,0.40471577437588313,0.0,,0.8571428571428571,0.5
157,157,accumulation,N/A,7,0.24205347135887162,0.02535274880993574,,0.28571428571428575,0.0
157,157,refinement,0.5,0,0.28322781986102347,0.018000295638327668,,0.3333333333333333,0.0
157,157,refinement,0.5,1,0.27551576277994483,0.018000295638327668,,0.28571428571428575,0.0
157,157,refinement,0.5,2,0.27604422818269425,0.021120054812469893,,0.28571428571428575,0.0
157,157,refinement,0.5,3,0.3679427605648519,0.018000295638327668,,0.4,0.0
157,157,refinement,0.5,4,0.27591119629071814,0.01804144545477134,,0.28571428571428575,0.0
157,157,refinement,0.5,5,0.3679548102617947,0.01804144545477134,,0.4,0.0
157,157,refinement,0.5,6,0.36804609219463774,0.01804144545477134,,0.4,0.0
157,157,refinement,0.5,7,0.2454845959364314,0.01804144545477134,,0.25,0.0
157,157,refinement,0.8,0,0.28322781986102347,0.018000295638327668,,0.3333333333333333,0.0
157,157,refinement,0.8,1,0.2753895538776569,0.018082783844481254,,0.28571428571428575,0.0
157,157,refinement,0.8,2,0.28270679401932197,0.01812431210666889,,0.3333333333333333,0.0
157,157,refinement,0.8,3,0.25114919758946475,0.021120054812469882,,0.28571428571428575,0.0
157,157,refinement,0.8,4,0.36848916330363335,0.02116875089928738,,0.4,0.0
157,157,refinement,0.8,5,0.3691640419211435,0.021415638945411673,,0.4,0.0
157,157,refinement,0.8,6,0.2682599111468564,0.02197959757657569,,0.2222222222222222,0.0
157,157,refinement,0.8,7,0.28522402202790387,0.022085342043371595,,0.3333333333333333,0.0
158,158,accumulation,N/A,0,0.3454998683884851,0.2518169730064764,,0.28571428571428575,0.0
158,158,accumulation,N/A,1,0.20591396056261152,0.0,,0.005188067444876784,0.0
158,158,accumulation,N/A,2,0.3095222263797788,0.026092552122147412,,0.4,0.0
158,158,accumulation,N/A,3,0.35568923462295365,0.017660603338573288,,0.2222222222222222,0.0
158,158,accumulation,N/A,4,0.3290078130374622,0.0,,0.5,0.0
158,158,accumulation,N/A,5,0.32241067086634745,0.0,,0.05970149253731343,0.3333333333333333
158,158,accumulation,N/A,6,0.32891217601022926,0.02194519177839278,,0.02255639097744361,0.0
158,158,accumulation,N/A,7,0.3830223150525554,0.0,,0.12244897959183672,0.5
158,158,refinement,0.5,0,0.3454998683884851,0.2518169730064764,,0.28571428571428575,0.0
158,158,refinement,0.5,1,0.34170750728556054,0.2231776051180142,,0.28571428571428575,0.0
158,158,refinement,0.5,2,0.34349287264220085,0.23968230678590927,,0.28571428571428575,0.0
158,158,refinement,0.5,3,0.34226315015849096,0.22998117751056313,,0.28571428571428575,0.0
158,158,refinement,0.5,4,0.3417046996037418,0.22042829061453498,,0.28571428571428575,0.0
158,158,refinement,0.5,5,0.4031909116904674,0.21452934525020365,,0.2,0.0
158,158,refinement,0.5,6,0.310421798790967,0.21544651927475525,,0.25,0.0
158,158,refinement,0.5,7,0.48577372830862087,0.21656756941852384,,0.25,0.5
158,158,refinement,0.8,0,0.3454998683884851,0.2518169730064764,,0.28571428571428575,0.0
158,158,refinement,0.8,1,0.3108905728429705,0.22077128891232056,,0.25,0.0
158,158,refinement,0.8,2,0.3380465976342843,0.19813047013189505,,0.28571428571428575,0.0
158,158,refinement,0.8,3,0.4029920144148714,0.19916127724166013,,0.2222222222222222,0.0
158,158,refinement,0.8,4,0.3363526551183838,0.18839428647752957,,0.28571428571428575,0.0
158,158,refinement,0.8,5,0.33493993973942165,0.17286187965928115,,0.28571428571428575,0.0
158,158,refinement,0.8,6,0.47995057511848216,0.18288774573585695,,0.25,0.5
158,158,refinement,0.8,7,0.33604774198352844,0.18991510295980513,,0.28571428571428575,0.0
159,159,accumulation,N/A,0,0.5958149612940907,0.6583370542833452,,0.6666666666666666,0.0
159,159,accumulation,N/A,1,0.5574575451909698,0.4059162911105677,,0.5,0.0
159,159,accumulation,N/A,2,0.3791522183918463,0.6609965796773158,,0.25,0.0
159,159,accumulation,N/A,3,0.22595607082176583,0.04915208678361537,,0.00211864406779661,0.0
159,159,accumulation,N/A,4,0.5079233833717074,0.2554140554106497,,0.6666666666666666,0.0
159,159,accumulation,N/A,5,0.4674444451464358,0.7593885296213084,,0.2857142857142857,0.0
159,159,accumulation,N/A,6,0.43267395238867257,0.26101389112785434,,0.5,0.0
159,159,accumulation,N/A,7,0.33902082846129644,0.3650374184197069,,0.00243605359317905,0.0
159,159,refinement,0.5,0,0.5958149612940907,0.6583370542833452,,0.6666666666666666,0.0
159,159,refinement,0.5,1,0.592475831939043,0.6403962612425853,,0.6666666666666666,0.0
159,159,refinement,0.5,2,0.5923938026744472,0.6403962612425853,,0.6666666666666666,0.0
159,159,refinement,0.5,3,0.5928234108801939,0.6403962612425853,,0.6666666666666666,0.0
159,159,refinement,0.5,4,0.4927185604487482,0.6403962612425853,,0.5,0.0
159,159,refinement,0.5,5,0.5924331671542205,0.641711243298525,,0.6666666666666666,0.0
159,159,refinement,0.5,6,0.5927000619693735,0.641711243298525,,0.6666666666666666,0.0
159,159,refinement,0.5,7,0.4424047270736531,0.6403962612425853,,0.33333333333333337,0.0
159,159,refinement,0.8,0,0.5958149612940907,0.6583370542833452,,0.6666666666666666,0.0
159,159,refinement,0.8,1,0.45480390865345494,0.6522413408177589,,0.4,0.0
159,159,refinement,0.8,2,0.49500567786700445,0.6715582778705493,,0.5,0.0
159,159,refinement,0.8,3,0.41807498901537604,0.6583370542833452,,0.25,0.0
159,159,refinement,0.8,4,0.5914913927745467,0.655289197550552,,0.6666666666666666,0.0
159,159,refinement,0.8,5,0.452303991880873,0.658685380767093,,0.4,0.0
159,159,refinement,0.8,6,0.45139938058981344,0.655289197550552,,0.4,0.0
159,159,refinement,0.8,7,0.4886092384692263,0.6403962612425855,,0.5,0.0
160,160,accumulation,N/A,0,0.3265641488327151,0.023952433099173234,,0.43478260869565216,0.14285714285714285
160,160,accumulation,N/A,1,0.3606373198013413,0.016805466056713972,,0.49056603773584906,0.2
160,160,accumulation,N/A,2,0.3298714156958473,0.004508637503199508,,0.4705882352941176,0.125
160,160,accumulation,N/A,3,0.31490095127238876,0.02250792983537069,,0.5490196078431373,0.0
160,160,accumulation,N/A,4,0.3102678058107941,0.004006244846586077,,0.5517241379310345,0.0
160,160,accumulation,N/A,5,0.28815253079687553,0.008301203222475085,,0.4313725490196078,0.0
160,160,accumulation,N/A,6,0.2558618529228226,0.0034860546439774674,,0.3116883116883116,0.0
160,160,accumulation,N/A,7,0.3474928125126388,0.02672767911620114,,0.5957446808510638,0.2
160,160,refinement,0.5,0,0.3265641488327151,0.023952433099173234,,0.43478260869565216,0.14285714285714285
160,160,refinement,0.5,1,0.34434858152589587,0.03273497590189553,,0.4,0.16666666666666666
160,160,refinement,0.5,2,0.35392366715968,0.024945195125657297,,0.48979591836734687,0.16666666666666666
160,160,refinement,0.5,3,0.34171419980358614,0.034470971576940915,,0.39999999999999997,0.16666666666666666
160,160,refinement,0.5,4,0.38394961177609027,0.03662177364329281,,0.4444444444444445,0.3333333333333333
160,160,refinement,0.5,5,0.38039849685981403,0.028970589433375698,,0.48979591836734687,0.2
160,160,refinement,0.5,6,0.37679625317983495,0.027213535902350323,,0.49056603773584906,0.2
160,160,refinement,0.5,7,0.3739107941200782,0.028266634978192262,,0.4444444444444444,0.2
160,160,refinement,0.8,0,0.3265641488327151,0.023952433099173234,,0.43478260869565216,0.14285714285714285
160,160,refinement,0.8,1,0.39110139097842106,0.023992150102532545,,0.5714285714285715,0.2
160,160,refinement,0.8,2,0.3237176945941502,0.02210540039238766,,0.4528301886792453,0.0
160,160,refinement,0.8,3,0.37322660714821926,0.007242976248360566,,0.5185185185185185,0.2
160,160,refinement,0.8,4,0.3502314038340495,0.010579600723051256,,0.5862068965517242,0.0
160,160,refinement,0.8,5,0.3480839418095532,0.006341848480204985,,0.5666666666666667,0.16666666666666666
160,160,refinement,0.8,6,0.3479022650420973,0.01146056199766502,,0.3428571428571428,0.2
160,160,refinement,0.8,7,0.2908797861748556,0.009963683846421182,,0.31884057971014496,0.0
161,161,accumulation,N/A,0,0.34748236969722524,0.016261582549345135,,0.6304347826086957,0.14285714285714285
161,161,accumulation,N/A,1,0.272057179303251,0.006191301800433346,,0.6821705426356589,0.125
161,161,accumulation,N/A,2,0.37724086275491975,0.008173767089119459,,0.6442953020134229,0.0
161,161,accumulation,N/A,3,0.32479580650841977,0.022283910390513556,,0.6666666666666667,0.0
161,161,accumulation,N/A,4,0.3963796653328129,0.009062763032024653,,0.5454545454545455,0.0
161,161,accumulation,N/A,5,0.388594005469653,0.009784340920648345,,0.46927374301675984,0.14285714285714285
161,161,accumulation,N/A,6,0.3469711047110881,0.0016333997098948085,,0.5033112582781457,0.14285714285714285
161,161,accumulation,N/A,7,0.3608172104413135,0.010878665699472788,,0.5398773006134969,0.0
161,161,refinement,0.5,0,0.34748236969722524,0.016261582549345135,,0.6304347826086957,0.14285714285714285
161,161,refinement,0.5,1,0.3148001145248325,0.012309143389458948,,0.6226415094339622,0.0
161,161,refinement,0.5,2,0.31736344709471315,0.006236175410214726,,0.6105263157894738,0.0
161,161,refinement,0.5,3,0.3154446004889852,0.00590331315556974,,0.6236559139784946,0.0
161,161,refinement,0.5,4,0.31113963552002727,0.007554695375934361,,0.5631067961165048,0.125
161,161,refinement,0.5,5,0.3394406585290637,0.010163181680290607,,0.6,0.14285714285714285
161,161,refinement,0.5,6,0.3212612396069887,0.011870257359612531,,0.585858585858586,0.125
161,161,refinement,0.5,7,0.3051590177032106,0.007530651469082789,,0.5794392523364486,0.0
161,161,refinement,0.8,0,0.34748236969722524,0.016261582549345135,,0.6304347826086957,0.14285714285714285
161,161,refinement,0.8,1,0.3326713028960107,0.015545672915797023,,0.7222222222222222,0.0
161,161,refinement,0.8,2,0.3486657055941671,0.015284923468534217,,0.6296296296296297,0.125
161,161,refinement,0.8,3,0.35442865471549734,0.013823174535042858,,0.7307692307692308,0.0
161,161,refinement,0.8,4,0.3551360658251792,0.014418357454114567,,0.609375,0.125
161,161,refinement,0.8,5,0.3225696264090251,0.016178363221823894,,0.6542056074766356,0.0
161,161,refinement,0.8,6,0.35342664934030954,0.015775536215898337,,0.5985401459854014,0.125
161,161,refinement,0.8,7,0.3445855698180971,0.007900455873739668,,0.5189873417721519,0.125
162,162,accumulation,N/A,0,0.46806434285135734,0.7955725504525455,,0.19999999999999998,0.0
162,162,accumulation,N/A,1,0.5628976747788996,0.35859755485527695,,0.6666666666666666,0.0
162,162,accumulation,N/A,2,0.3132860711004253,0.34940982599621234,,0.004761904761904762,0.16666666666666666
162,162,accumulation,N/A,3,0.3901106507069184,0.297667578766065,,0.02,0.3333333333333333
162,162,accumulation,N/A,4,0.5969178046441411,0.3693185923482649,,0.6666666666666666,0.5
162,162,accumulation,N/A,5,0.627152445139121,0.8733411154919954,,0.6666666666666666,0.5
162,162,accumulation,N/A,6,0.31298872283244866,0.0005684812790012876,,0.13333333333333333,0.0
162,162,accumulation,N/A,7,0.5816558658809319,0.36572214967738276,,0.6666666666666666,0.0
162,162,refinement,0.5,0,0.46806434285135734,0.7955725504525455,,0.19999999999999998,0.0
162,162,refinement,0.5,1,0.4980933775235552,0.7760035779437154,,0.125,0.25
162,162,refinement,0.5,2,0.5355781465829181,0.806404495512345,,0.18181818181818182,0.3333333333333333
162,162,refinement,0.5,3,0.5347331223709514,0.797054968058332,,0.33333333333333337,0.0
162,162,refinement,0.5,4,0.571764835415324,0.8590672340756375,,0.4,0.3333333333333333
162,162,refinement,0.5,5,0.4794216280392356,0.8014403190256593,,0.18181818181818182,0.0
162,162,refinement,0.5,6,0.4958779054650462,0.769653766094215,,0.25,0.0
162,162,refinement,0.5,7,0.5144344351033862,0.8758032763729422,,0.15384615384615385,0.25
162,162,refinement,0.8,0,0.46806434285135734,0.7955725504525455,,0.19999999999999998,0.0
162,162,refinement,0.8,1,0.5337377477924026,0.8250852900621117,,0.2222222222222222,0.25
162,162,refinement,0.8,2,0.6796997618573215,0.852622977047068,,0.6666666666666666,0.5
162,162,refinement,0.8,3,0.6736207392297935,0.8610474279717688,,0.6666666666666666,0.5
162,162,refinement,0.8,4,0.6701391726430437,0.8467376905252881,,0.6666666666666666,0.5
162,162,refinement,0.8,5,0.6731467301040166,0.8741739274143085,,0.6666666666666666,0.5
162,162,refinement,0.8,6,0.5889464977242574,0.840156112705447,,0.5,0.3333333333333333
162,162,refinement,0.8,7,0.6681554871286285,0.834954204644741,,0.6666666666666666,0.5
163,163,accumulation,N/A,0,0.679721701679946,0.20144627802921453,,1.0,1.0
163,163,accumulation,N/A,1,0.3680506351432513,0.45239321319182146,,0.15384615384615385,0.0
163,163,accumulation,N/A,2,0.377301453752681,0.11209900203228035,,0.33333333333333337,0.5
163,163,accumulation,N/A,3,0.3441154638885123,0.3001277991114296,,0.16,0.0
163,163,accumulation,N/A,4,0.7865797877298177,0.6782391882287019,,1.0,1.0
163,163,accumulation,N/A,5,0.3473107097916345,0.036501389232973344,,0.5,0.0
163,163,accumulation,N/A,6,0.5024067095414375,0.2465161636164247,,0.8,0.5
163,163,accumulation,N/A,7,0.5602550304726845,0.3833139652085234,,0.6666666666666666,0.0
163,163,refinement,0.5,0,0.679721701679946,0.20144627802921453,,1.0,1.0
163,163,refinement,0.5,1,0.49986747795715214,0.200876736133777,,0.8,0.5
163,163,refinement,0.5,2,0.49939634994225296,0.19699900453423397,,0.8,0.5
163,163,refinement,0.5,3,0.6790266841970589,0.19386250047900302,,1.0,1.0
163,163,refinement,0.5,4,0.6796420595455849,0.1990491569343846,,1.0,1.0
163,163,refinement,0.5,5,0.6789130683016031,0.19508949351273094,,1.0,1.0
163,163,refinement,0.5,6,0.679002310676391,0.1973343244637222,,1.0,1.0
163,163,refinement,0.5,7,0.499078634942426,0.19529090309099004,,0.8,0.5
163,163,refinement,0.8,0,0.679721701679946,0.20144627802921453,,1.0,1.0
163,163,refinement,0.8,1,0.6789241766663026,0.20067482191339991,,1.0,1.0
163,163,refinement,0.8,2,0.6790891832345859,0.196479115086691,,1.0,1.0
163,163,refinement,0.8,3,0.6779824379343697,0.18982303025561395,,1.0,1.0
163,163,refinement,0.8,4,0.6791905408697263,0.19044194291962105,,1.0,1.0
163,163,refinement,0.8,5,0.6795237164888837,0.19869855528205577,,1.0,1.0
163,163,refinement,0.8,6,0.6772442194894962,0.1858920823308612,,1.0,1.0
163,163,refinement,0.8,7,0.4993348068658632,0.19024358056477242,,0.8,0.5
164,164,accumulation,N/A,0,0.15094652379937612,0.008986705141970894,,0.22857142857142856,0.0
164,164,accumulation,N/A,1,0.26366412514802834,0.11310240473130222,,0.16901408450704225,0.0
164,164,accumulation,N/A,2,0.281181869308458,0.03796643871537176,,0.35,0.2
164,164,accumulation,N/A,3,0.1614826652883669,0.0,,0.22857142857142856,0.0
164,164,accumulation,N/A,4,0.30966369853066905,0.0567413522067547,,0.37837837837837834,0.0
164,164,accumulation,N/A,5,0.24564268430425823,0.10452908068423959,,0.5161290322580645,0.0
164,164,accumulation,N/A,6,0.3045077436143153,0.042879838190463836,,0.40909090909090906,0.2
164,164,accumulation,N/A,7,0.2257853688021389,0.0,,0.25641025641025644,0.0
164,164,refinement,0.5,0,0.15094652379937612,0.008986705141970894,,0.22857142857142856,0.0
164,164,refinement,0.5,1,0.17451536499117304,0.01147194602272728,,0.2608695652173913,0.0
164,164,refinement,0.5,2,0.18154544469425393,0.018608340538537556,,0.17391304347826086,0.16666666666666666
164,164,refinement,0.5,3,0.17142874297172864,0.019607356673391054,,0.20000000000000004,0.0
164,164,refinement,0.5,4,0.1478526373164371,0.013071571115594037,,0.2608695652173913,0.0
164,164,refinement,0.5,5,0.15866284467607272,0.01900115283267458,,0.1904761904761905,0.0
164,164,refinement,0.5,6,0.17353642624939408,0.01890371102327625,,0.25,0.0
164,164,refinement,0.5,7,0.21052112330736053,0.013175313743495577,,0.3157894736842105,0.2
164,164,refinement,0.8,0,0.15094652379937612,0.008986705141970894,,0.22857142857142856,0.0
164,164,refinement,0.8,1,0.21171663939655655,0.01402533398501142,,0.21428571428571427,0.16666666666666666
164,164,refinement,0.8,2,0.16266103442321317,0.008744654545454549,,0.26666666666666666,0.0
164,164,refinement,0.8,3,0.17192778097357833,0.009036721380471386,,0.34782608695652173,0.0
164,164,refinement,0.8,4,0.1488500184927275,0.008115993265993273,,0.23529411764705882,0.0
164,164,refinement,0.8,5,0.15040213433026822,0.010826670858785485,,0.2857142857142857,0.0
164,164,refinement,0.8,6,0.15564965131646066,0.008893336776859512,,0.28571428571428575,0.0
164,164,refinement,0.8,7,0.15615387878939366,0.010404786501377414,,0.23529411764705882,0.0
165,165,accumulation,N/A,0,0.3058834600053176,0.055433590387466584,,0.2692307692307692,0.16666666666666666
165,165,accumulation,N/A,1,0.3935947614103886,0.002792051287420133,,0.5641025641025641,0.2
165,165,accumulation,N/A,2,0.32850697280541274,0.04722887489320558,,0.5909090909090909,0.0
165,165,accumulation,N/A,3,0.2584036099816974,0.0012314944148464936,,0.25,0.2
165,165,accumulation,N/A,4,0.39514828245577205,0.04731538094507026,,0.5,0.0
165,165,accumulation,N/A,5,0.24905131956869997,0.06707683697966212,,0.34615384615384615,0.14285714285714285
165,165,accumulation,N/A,6,0.41224340560679534,0.2136489132141361,,0.5789473684210527,0.16666666666666666
165,165,accumulation,N/A,7,0.3431452930775668,0.004588955728788916,,0.4117647058823529,0.2
165,165,refinement,0.5,0,0.3058834600053176,0.055433590387466584,,0.2692307692307692,0.16666666666666666
165,165,refinement,0.5,1,0.3293304759478528,0.05510434154559502,,0.43750000000000006,0.16666666666666666
165,165,refinement,0.5,2,0.3195497897209824,0.0706697355602054,,0.39999999999999997,0.16666666666666666
165,165,refinement,0.5,3,0.3314046359624909,0.06755973087722154,,0.4799999999999999,0.16666666666666666
165,165,refinement,0.5,4,0.3308998478486493,0.0649594346635494,,0.4799999999999999,0.16666666666666666
165,165,refinement,0.5,5,0.38747766372179204,0.0613337454777619,,0.5384615384615384,0.5
165,165,refinement,0.5,6,0.3623210698523375,0.059637021013280056,,0.5185185185185186,0.3333333333333333
165,165,refinement,0.5,7,0.32851308027559245,0.06991690568755014,,0.4615384615384615,0.16666666666666666
165,165,refinement,0.8,0,0.3058834600053176,0.055433590387466584,,0.2692307692307692,0.16666666666666666
165,165,refinement,0.8,1,0.3644175080726297,0.06022796144245731,,0.4117647058823529,0.3333333333333333
165,165,refinement,0.8,2,0.3003048742528909,0.058983463948795764,,0.2978723404255319,0.16666666666666666
165,165,refinement,0.8,3,0.3646452874930083,0.054593006759768525,,0.5714285714285714,0.3333333333333333
165,165,refinement,0.8,4,0.34567816984890043,0.061551406045968586,,0.5833333333333334,0.16666666666666666
165,165,refinement,0.8,5,0.35576368458887037,0.0727106894609428,,0.4615384615384615,0.3333333333333333
165,165,refinement,0.8,6,0.2939633187484961,0.05440740354118604,,0.4117647058823529,0.0
165,165,refinement,0.8,7,0.3892242336291915,0.05240701015616433,,0.41025641025641024,0.3333333333333333
166,166,accumulation,N/A,0,0.317590789433949,0.22257636873817327,,0.010309278350515462,0.5
166,166,accumulation,N/A,1,0.26559253364836977,0.024379597229364305,,0.17391304347826084,0.25
166,166,accumulation,N/A,2,0.18492657785607786,0.027115516408738743,,0.07547169811320754,0.0
166,166,accumulation,N/A,3,0.1658432770069455,0.0,,0.12121212121212122,0.0
166,166,accumulation,N/A,4,0.16790662695576913,0.008646122142927197,,0.125,0.0
166,166,accumulation,N/A,5,0.25228930822197787,0.03373950289462501,,0.12903225806451613,0.0
166,166,accumulation,N/A,6,0.18372169279405956,0.0,,0.0,0.0
166,166,accumulation,N/A,7,0.1246201851434896,0.0,,0.09302325581395349,0.0
166,166,refinement,0.5,0,0.317590789433949,0.22257636873817327,,0.010309278350515462,0.5
166,166,refinement,0.5,1,0.2142674963837108,0.13465768769236797,,0.0261437908496732,0.0
166,166,refinement,0.5,2,0.21572745651670167,0.1344566311532572,,0.014184397163120567,0.0
166,166,refinement,0.5,3,0.2323179544101999,0.13465768769236797,,0.010230179028132991,0.0
166,166,refinement,0.5,4,0.19175104939003768,0.13425537667328763,,0.015267175572519085,0.0
166,166,refinement,0.5,5,0.38479635603519263,0.2664335041979204,,0.28571428571428575,0.5
166,166,refinement,0.5,6,0.32564087836464356,0.13362658476543052,,0.3636363636363636,0.0
166,166,refinement,0.5,7,0.3737183799274521,0.11210423944774463,,0.6666666666666666,0.0
166,166,refinement,0.8,0,0.317590789433949,0.22257636873817327,,0.010309278350515462,0.5
166,166,refinement,0.8,1,0.220302144177695,0.13726163098481037,,0.011428571428571429,0.0
166,166,refinement,0.8,2,0.26814035070090053,0.14138992133700234,,0.1904761904761905,0.0
166,166,refinement,0.8,3,0.31880484651120233,0.24337302822063564,,0.28571428571428575,0.25
166,166,refinement,0.8,4,0.25174891583127956,0.2541530905139676,,0.13333333333333336,0.0
166,166,refinement,0.8,5,0.3095362199172656,0.2496819421067744,,0.2,0.25
166,166,refinement,0.8,6,0.27765809378331474,0.2491821386853376,,0.15384615384615385,0.0
166,166,refinement,0.8,7,0.2501405312301853,0.14307644432342942,,0.10526315789473684,0.0
167,167,accumulation,N/A,0,0.2553823558521546,0.04115739123369095,,0.2941176470588235,0.0
167,167,accumulation,N/A,1,0.25044727196920646,0.02122433189303104,,0.3333333333333333,0.0
167,167,accumulation,N/A,2,0.303790527914677,0.004794590294329722,,0.18604651162790697,0.0
167,167,accumulation,N/A,3,0.24404661706728953,0.01441791893928419,,0.3333333333333333,0.0
167,167,accumulation,N/A,4,0.2750402051681472,0.09743613865626209,,0.5306122448979592,0.0
167,167,accumulation,N/A,5,0.3026744857992923,0.06165564655391931,,0.3055555555555555,0.16666666666666666
167,167,accumulation,N/A,6,0.26637694100551446,0.05275689978348171,,0.36923076923076925,0.16666666666666666
167,167,accumulation,N/A,7,0.30430305335270286,0.02760434365720645,,0.35294117647058826,0.14285714285714285
167,167,refinement,0.5,0,0.2553823558521546,0.04115739123369095,,0.2941176470588235,0.0
167,167,refinement,0.5,1,0.24088560413120186,0.037127220902236725,,0.3225806451612903,0.0
167,167,refinement,0.5,2,0.2569903492632765,0.032042983292783885,,0.38095238095238093,0.16666666666666666
167,167,refinement,0.5,3,0.24670559637605477,0.05053725392580946,,0.37931034482758624,0.14285714285714285
167,167,refinement,0.5,4,0.22223365889451574,0.04322684302933097,,0.3492063492063492,0.0
167,167,refinement,0.5,5,0.25661081386796775,0.030934396996597134,,0.40625,0.0
167,167,refinement,0.5,6,0.21928635582452793,0.014286591895807638,,0.3939393939393939,0.0
167,167,refinement,0.5,7,0.2151237284903244,0.037275916930281094,,0.32876712328767127,0.0
167,167,refinement,0.8,0,0.2553823558521546,0.04115739123369095,,0.2941176470588235,0.0
167,167,refinement,0.8,1,0.23909772597525641,0.011369989512326102,,0.33802816901408456,0.0
167,167,refinement,0.8,2,0.2384369484939951,0.023201472546000856,,0.2816901408450704,0.0
167,167,refinement,0.8,3,0.20756451143056484,0.023531555197939136,,0.3142857142857143,0.0
167,167,refinement,0.8,4,0.19753067669597893,0.04542321006595592,,0.23076923076923078,0.0
167,167,refinement,0.8,5,0.22480416657979166,0.05900726322439865,,0.3188405797101449,0.0
167,167,refinement,0.8,6,0.23833936628837157,0.03177219028007399,,0.32352941176470584,0.0
167,167,refinement,0.8,7,0.26428271148448196,0.06315950330920861,,0.3870967741935483,0.0
168,168,accumulation,N/A,0,0.37224656587749283,0.008396770582753309,,0.4415584415584416,0.0
168,168,accumulation,N/A,1,0.3325808455609033,0.014565336790761026,,0.44660194174757284,0.125
168,168,accumulation,N/A,2,0.3884919125927451,0.0420405960548868,,0.5636363636363637,0.0
168,168,accumulation,N/A,3,0.43138670015139,0.04568503787162504,,0.4444444444444444,0.2857142857142857
168,168,accumulation,N/A,4,0.34546682022307085,0.007007517808419584,,0.460431654676259,0.0
168,168,accumulation,N/A,5,0.3361981643986603,0.02661391316075218,,0.4444444444444445,0.0
168,168,accumulation,N/A,6,0.3597919255105367,0.0353082455124482,,0.41830065359477125,0.0
168,168,accumulation,N/A,7,0.3877175016199954,0.02064732134326535,,0.5918367346938775,0.0
168,168,refinement,0.5,0,0.37224656587749283,0.008396770582753309,,0.4415584415584416,0.0
168,168,refinement,0.5,1,0.407825268239722,0.008342177332608003,,0.4324324324324324,0.375
168,168,refinement,0.5,2,0.3724927633578148,0.010085389265191721,,0.39999999999999997,0.14285714285714285
168,168,refinement,0.5,3,0.40215028024085553,0.009189668788923175,,0.4415584415584416,0.14285714285714285
168,168,refinement,0.5,4,0.38068626236136227,0.010888940805041231,,0.3939393939393939,0.14285714285714285
168,168,refinement,0.5,5,0.45230797132469563,0.006562365834468847,,0.5405405405405405,0.42857142857142855
168,168,refinement,0.5,6,0.37720499954943937,0.007956028349537372,,0.45,0.0
168,168,refinement,0.5,7,0.3909718888194965,0.009245850548114746,,0.4507042253521127,0.14285714285714285
168,168,refinement,0.8,0,0.37224656587749283,0.008396770582753309,,0.4415584415584416,0.0
168,168,refinement,0.8,1,0.38611932778836683,0.025519272941245532,,0.44680851063829785,0.14285714285714285
168,168,refinement,0.8,2,0.4086599854762166,0.020594058565565482,,0.5434782608695652,0.2857142857142857
168,168,refinement,0.8,3,0.41095314340241074,0.01708216143733921,,0.6292134831460674,0.14285714285714285
168,168,refinement,0.8,4,0.4781834113791435,0.016046708295449734,,0.6236559139784946,0.5714285714285714
168,168,refinement,0.8,5,0.36478950214277917,0.0044455434826897,,0.6296296296296297,0.0
168,168,refinement,0.8,6,0.40270943974764073,0.002166842845496893,,0.6122448979591837,0.14285714285714285
168,168,refinement,0.8,7,0.40048410730968403,0.0027201607372997682,,0.5238095238095238,0.2857142857142857
169,169,accumulation,N/A,0,0.23710566867884444,0.06300523367299472,,0.014134275618374558,0.25
169,169,accumulation,N/A,1,0.20343524645592595,0.0,,0.03870967741935484,0.0
169,169,accumulation,N/A,2,0.25931251757238805,0.0,,0.3157894736842105,0.0
169,169,accumulation,N/A,3,0.21522266940840173,0.12689825942210378,,0.14285714285714288,0.0
169,169,accumulation,N/A,4,0.2187828623966661,0.02775915181285564,,0.1212121212121212,0.0
169,169,accumulation,N/A,5,0.22663988048899747,0.0,,0.0425531914893617,0.0
169,169,accumulation,N/A,6,0.2312949138033541,0.026903091848129543,,0.23076923076923078,0.0
169,169,accumulation,N/A,7,0.2209591268158475,0.013245018488888718,,0.25,0.0
169,169,refinement,0.5,0,0.23710566867884444,0.06300523367299472,,0.014134275618374558,0.25
169,169,refinement,0.5,1,0.21776894019544166,0.06183880226271472,,0.03636363636363636,0.0
169,169,refinement,0.5,2,0.2823316866207367,0.042092349645058875,,0.4615384615384615,0.0
169,169,refinement,0.5,3,0.23346072374290427,0.049121904806505225,,0.14814814814814814,0.0
169,169,refinement,0.5,4,0.23025714173977202,0.058794499933047445,,0.10256410256410256,0.0
169,169,refinement,0.5,5,0.20153533962108638,0.0,,0.13953488372093023,0.0
169,169,refinement,0.5,6,0.31450968205910834,0.11752563380806937,,0.10526315789473684,0.5
169,169,refinement,0.5,7,0.23432746453968847,0.12733329781161057,,0.10256410256410256,0.0
169,169,refinement,0.8,0,0.23710566867884444,0.06300523367299472,,0.014134275618374558,0.25
169,169,refinement,0.8,1,0.22903290820985434,0.0,,0.13043478260869565,0.0
169,169,refinement,0.8,2,0.29370041703273986,0.20635152871454815,,0.36363636363636365,0.0
169,169,refinement,0.8,3,0.2085533664046843,0.0,,0.23076923076923078,0.0
169,169,refinement,0.8,4,0.28146767345514545,0.0,,0.4615384615384615,0.0
169,169,refinement,0.8,5,0.2837096146962559,0.0,,0.6,0.0
169,169,refinement,0.8,6,0.31852720138809043,0.08330340719216946,,0.6,0.0
169,169,refinement,0.8,7,0.28407742233620387,0.014074581601310207,,0.5454545454545454,0.0
170,170,accumulation,N/A,0,0.34423020404024857,0.013543974073149865,,0.5190839694656489,0.0
170,170,accumulation,N/A,1,0.3731842154733485,0.01918681855572299,,0.484304932735426,0.0
170,170,accumulation,N/A,2,0.3636427612245318,0.009590753097145775,,0.41129032258064524,0.125
170,170,accumulation,N/A,3,0.3531612250262216,0.0031389118183339456,,0.3354037267080745,0.0
170,170,accumulation,N/A,4,0.3492988588891299,0.010550183050964031,,0.3893805309734514,0.0
170,170,accumulation,N/A,5,0.38934686218914893,0.0003188279804935838,,0.46351931330472107,0.125
170,170,accumulation,N/A,6,0.3615453598822276,0.014910206940621012,,0.5586592178770949,0.125
170,170,accumulation,N/A,7,0.34584104927144665,0.01595920123948113,,0.37914691943127965,0.125
170,170,refinement,0.5,0,0.34423020404024857,0.013543974073149865,,0.5190839694656489,0.0
170,170,refinement,0.5,1,0.3761534034448373,0.011599005103840682,,0.5675675675675675,0.125
170,170,refinement,0.5,2,0.36911661186194344,0.010609635225749037,,0.5408805031446542,0.125
170,170,refinement,0.5,3,0.34527196686554357,0.011484174529543204,,0.4968944099378881,0.0
170,170,refinement,0.5,4,0.37576921431852367,0.007948824912017137,,0.6027397260273972,0.125
170,170,refinement,0.5,5,0.3564283556825073,0.010866028049163892,,0.5827814569536424,0.0
170,170,refinement,0.5,6,0.3567343129403986,0.009112708221147018,,0.5827814569536424,0.0
170,170,refinement,0.5,7,0.36933909484191213,0.008883761271598964,,0.5521472392638037,0.125
170,170,refinement,0.8,0,0.34423020404024857,0.013543974073149865,,0.5190839694656489,0.0
170,170,refinement,0.8,1,0.3710395477320265,0.006826745886556543,,0.591715976331361,0.0
170,170,refinement,0.8,2,0.3824255895175259,0.00697419301246695,,0.5353535353535354,0.125
170,170,refinement,0.8,3,0.3412829941106979,0.007469823818110196,,0.4792626728110599,0.0
170,170,refinement,0.8,4,0.34856244485579646,0.00983920781472852,,0.4094488188976378,0.0
170,170,refinement,0.8,5,0.35389260290196073,0.01114017249732525,,0.45333333333333337,0.0
170,170,refinement,0.8,6,0.32729270991666437,0.006621639437458271,,0.40154440154440163,0.0
170,170,refinement,0.8,7,0.3478501718492571,0.0068205581507655225,,0.42499999999999993,0.0
171,171,accumulation,N/A,0,0.25700216969899603,0.022632590103361962,,0.21538461538461542,0.0
171,171,accumulation,N/A,1,0.327843047901322,0.09681135730076487,,0.22950819672131148,0.0
171,171,accumulation,N/A,2,0.346469041245709,0.07246009104556284,,0.3870967741935483,0.0
171,171,accumulation,N/A,3,0.5382547305330934,0.025582623719342293,,0.5217391304347825,0.6
171,171,accumulation,N/A,4,0.34576444710485726,0.08876971161950493,,0.2978723404255319,0.0
171,171,accumulation,N/A,5,0.35363683657495787,0.13826276260117631,,0.3125,0.16666666666666666
171,171,accumulation,N/A,6,0.2568813738024477,0.024724838772089714,,0.25925925925925924,0.0
171,171,accumulation,N/A,7,0.3442713624016271,0.0006235065710872146,,0.13333333333333333,0.3333333333333333
171,171,refinement,0.5,0,0.25700216969899603,0.022632590103361962,,0.21538461538461542,0.0
171,171,refinement,0.5,1,0.29363120620030936,0.02179570765708786,,0.24561403508771928,0.14285714285714285
171,171,refinement,0.5,2,0.28875621194385415,0.021126705234333687,,0.2745098039215686,0.0
171,171,refinement,0.5,3,0.29280329363741553,0.020973406738415034,,0.28,0.0
171,171,refinement,0.5,4,0.311183454706653,0.023170934716680528,,0.3111111111111111,0.0
171,171,refinement,0.5,5,0.3118558205791019,0.022097845245249968,,0.2857142857142857,0.14285714285714285
171,171,refinement,0.5,6,0.3034173316293505,0.020889446590814886,,0.2745098039215686,0.0
171,171,refinement,0.5,7,0.3048969942654314,0.019829083034598686,,0.2745098039215686,0.0
171,171,refinement,0.8,0,0.25700216969899603,0.022632590103361962,,0.21538461538461542,0.0
171,171,refinement,0.8,1,0.24282433645079393,0.06285423939091253,,0.19999999999999998,0.0
171,171,refinement,0.8,2,0.2494394847673606,0.07740894367821684,,0.12499999999999999,0.0
171,171,refinement,0.8,3,0.2840424329951802,0.02304280858703496,,0.19672131147540986,0.0
171,171,refinement,0.8,4,0.2904455304386289,0.02442410698395949,,0.25,0.0
171,171,refinement,0.8,5,0.2448830250176125,0.06095844986479212,,0.21212121212121215,0.0
171,171,refinement,0.8,6,0.24610987369770873,0.061540691520393,,0.2641509433962264,0.0
171,171,refinement,0.8,7,0.2723681339431155,0.026723262848842935,,0.16901408450704225,0.0
172,172,accumulation,N/A,0,0.3531207868635549,0.3085899524470179,,0.28571428571428575,0.0
172,172,accumulation,N/A,1,0.3789371815969823,0.06830413869984493,,0.5,0.5
172,172,accumulation,N/A,2,0.471802101249932,0.05611512574658737,,0.5,0.5
172,172,accumulation,N/A,3,0.36989299886528504,0.2476791977920293,,0.28571428571428575,0.0
172,172,accumulation,N/A,4,0.6751187782257643,0.06954127219946028,,1.0,1.0
172,172,accumulation,N/A,5,0.4836252750643002,0.140539790112411,,0.7499999999999999,0.5
172,172,accumulation,N/A,6,0.4954356223906086,0.21817055924123743,,0.5,0.5
172,172,accumulation,N/A,7,0.40917591372914663,0.36931534137405503,,0.010869565217391304,0.3333333333333333
172,172,refinement,0.5,0,0.3531207868635549,0.3085899524470179,,0.28571428571428575,0.0
172,172,refinement,0.5,1,0.360217756306097,0.30791750187166445,,0.3333333333333333,0.0
172,172,refinement,0.5,2,0.36051278234824147,0.310077898508771,,0.3333333333333333,0.0
172,172,refinement,0.5,3,0.3532603972999983,0.30972299820841587,,0.28571428571428575,0.0
172,172,refinement,0.5,4,0.3951377446019,0.3090454909362861,,0.4,0.0
172,172,refinement,0.5,5,0.39487494974938786,0.3090454909362861,,0.4,0.0
172,172,refinement,0.5,6,0.39496958011212624,0.3090454909362861,,0.4,0.0
172,172,refinement,0.5,7,0.3949747567378693,0.3090454909362861,,0.4,0.0
172,172,refinement,0.8,0,0.3531207868635549,0.3085899524470179,,0.28571428571428575,0.0
172,172,refinement,0.8,1,0.3415088597469073,0.32611668549204426,,0.2222222222222222,0.0
172,172,refinement,0.8,2,0.40540377918531845,0.31101966649676843,,0.4,0.0
172,172,refinement,0.8,3,0.40457707247928176,0.3086965298487055,,0.4,0.0
172,172,refinement,0.8,4,0.36990205674329957,0.3075479274638872,,0.3333333333333333,0.0
172,172,refinement,0.8,5,0.33946221775176555,0.3050012633244267,,0.2222222222222222,0.0
172,172,refinement,0.8,6,0.404964456454169,0.31021393934320074,,0.4,0.0
172,172,refinement,0.8,7,0.42498750105916167,0.15751745690238458,,0.5714285714285715,0.0
173,173,accumulation,N/A,0,0.2692401545631403,0.02358628930868843,,0.136986301369863,0.0
173,173,accumulation,N/A,1,0.3536985871483237,0.04471103961291074,,0.5434782608695652,0.125
173,173,accumulation,N/A,2,0.3299165716952046,0.054054137157145514,,0.25396825396825395,0.25
173,173,accumulation,N/A,3,0.3952063818441648,0.0029823779656962157,,0.594059405940594,0.14285714285714285
173,173,accumulation,N/A,4,0.3123768354472573,0.021207662152421973,,0.2653061224489796,0.25
173,173,accumulation,N/A,5,0.34280353000521324,0.004162555362106715,,0.5376344086021505,0.125
173,173,accumulation,N/A,6,0.295042753479268,0.0,,0.41269841269841273,0.0
173,173,accumulation,N/A,7,0.34809405896730294,0.0,,0.34567901234567905,0.125
173,173,refinement,0.5,0,0.2692401545631403,0.02358628930868843,,0.136986301369863,0.0
173,173,refinement,0.5,1,0.2488706639541034,0.029482861635860537,,0.10256410256410257,0.0
173,173,refinement,0.5,2,0.28503807665188935,0.018628536230189455,,0.1846153846153846,0.125
173,173,refinement,0.5,3,0.26590997202641975,0.02828622886113188,,0.12903225806451615,0.125
173,173,refinement,0.5,4,0.27547129596514913,0.02312563870718641,,0.16949152542372883,0.0
173,173,refinement,0.5,5,0.27037900942379767,0.028907048383983013,,0.15094339622641506,0.125
173,173,refinement,0.5,6,0.2699430575142562,0.028907048383983013,,0.14545454545454548,0.125
173,173,refinement,0.5,7,0.2743975333711305,0.02175012954584957,,0.17857142857142858,0.0
173,173,refinement,0.8,0,0.2692401545631403,0.02358628930868843,,0.136986301369863,0.0
173,173,refinement,0.8,1,0.31452111469065186,0.01738332184053856,,0.2456140350877193,0.125
173,173,refinement,0.8,2,0.3223671352620008,0.01417240919752922,,0.31746031746031744,0.25
173,173,refinement,0.8,3,0.3559044572018824,0.015655287469812405,,0.30303030303030304,0.25
173,173,refinement,0.8,4,0.33755227358141887,0.02233967220427453,,0.30303030303030304,0.125
173,173,refinement,0.8,5,0.380208955735605,0.01749511366897199,,0.44776119402985076,0.375
173,173,refinement,0.8,6,0.33548786133498565,0.024509046892114375,,0.3809523809523809,0.125
173,173,refinement,0.8,7,0.35306329794529134,0.008712573785271887,,0.4266666666666667,0.125
174,174,accumulation,N/A,0,0.32818800401888326,0.00029250975193253847,,0.3382352941176471,0.14285714285714285
174,174,accumulation,N/A,1,0.32028012793453753,0.01479387234249108,,0.3756906077348066,0.0
174,174,accumulation,N/A,2,0.2734174022760931,0.0039222045143435915,,0.19463087248322147,0.0
174,174,accumulation,N/A,3,0.3075096094575755,0.014972674981134219,,0.1984126984126984,0.0
174,174,accumulation,N/A,4,0.35442024643001513,0.013586149862643386,,0.463768115942029,0.0
174,174,accumulation,N/A,5,0.3471333623241522,0.0076597453737145705,,0.45901639344262296,0.0
174,174,accumulation,N/A,6,0.2877102438828886,0.01276705250731352,,0.38216560509554137,0.0
174,174,accumulation,N/A,7,0.33774525375628317,0.014031488481136186,,0.4113475177304965,0.14285714285714285
174,174,refinement,0.5,0,0.32818800401888326,0.00029250975193253847,,0.3382352941176471,0.14285714285714285
174,174,refinement,0.5,1,0.3034221431216756,0.0,,0.3888888888888889,0.0
174,174,refinement,0.5,2,0.3379925218611709,0.0,,0.39622641509433965,0.14285714285714285
174,174,refinement,0.5,3,0.32863323064059186,0.0035086783718543814,,0.495049504950495,0.0
174,174,refinement,0.5,4,0.33510988313329665,0.004594648612735384,,0.5420560747663551,0.125
174,174,refinement,0.5,5,0.3151803620667102,0.0035809372296141595,,0.5046728971962616,0.0
174,174,refinement,0.5,6,0.32843757257673634,0.005464607889977642,,0.4791666666666667,0.125
174,174,refinement,0.5,7,0.3538540487219964,0.005493335636716973,,0.5225225225225224,0.0
174,174,refinement,0.8,0,0.32818800401888326,0.00029250975193253847,,0.3382352941176471,0.14285714285714285
174,174,refinement,0.8,1,0.28872615803049095,0.0,,0.39316239316239315,0.0
174,174,refinement,0.8,2,0.2883014969220651,0.012718376628973198,,0.4225352112676056,0.0
174,174,refinement,0.8,3,0.2842507416282674,0.02049591042384686,,0.3968253968253968,0.0
174,174,refinement,0.8,4,0.3431477239391662,0.003243772438529845,,0.5641025641025642,0.0
174,174,refinement,0.8,5,0.33538526488324183,0.0035801790362274184,,0.5038167938931297,0.0
174,174,refinement,0.8,6,0.3122475105261494,0.004994790863045456,,0.4647887323943662,0.0
174,174,refinement,0.8,7,0.31908925291005247,0.005357970970141391,,0.4444444444444445,0.0
175,175,accumulation,N/A,0,0.45896220225080697,0.11748951107767992,,0.42857142857142855,0.5
175,175,accumulation,N/A,1,0.2389519508189767,0.1744732844446888,,0.04511278195488722,0.0
175,175,accumulation,N/A,2,0.32326196938548935,0.11784357638885597,,0.24000000000000002,0.2
175,175,accumulation,N/A,3,0.37384127233398495,0.21499044147831903,,0.2,0.0
175,175,accumulation,N/A,4,0.25374515987639146,0.03774819980820856,,0.3333333333333333,0.0
175,175,accumulation,N/A,5,0.29231899865272765,0.08312954198215385,,0.19999999999999998,0.0
175,175,accumulation,N/A,6,0.27558864744800854,0.07461208755632114,,0.09090909090909091,0.0
175,175,accumulation,N/A,7,0.43820940012760423,0.21536717591748566,,0.6666666666666666,0.3333333333333333
175,175,refinement,0.5,0,0.45896220225080697,0.11748951107767992,,0.42857142857142855,0.5
175,175,refinement,0.5,1,0.4769341099386384,0.17654408282783574,,0.4444444444444444,0.5
175,175,refinement,0.5,2,0.46256922250304466,0.17627320680162392,,0.3333333333333333,0.5
175,175,refinement,0.5,3,0.4737189365996868,0.24848334517283835,,0.5714285714285715,0.6666666666666666
175,175,refinement,0.5,4,0.4045611210836427,0.24896753446173503,,0.4444444444444444,0.3333333333333333
175,175,refinement,0.5,5,0.3409372773681662,0.25420909770360933,,0.26666666666666666,0.25
175,175,refinement,0.5,6,0.3980594813621655,0.25001282755772325,,0.4,0.3333333333333333
175,175,refinement,0.5,7,0.38639391525507005,0.1761625057494025,,0.26666666666666666,0.3333333333333333
175,175,refinement,0.8,0,0.45896220225080697,0.11748951107767992,,0.42857142857142855,0.5
175,175,refinement,0.8,1,0.2720740304782966,0.24261958529412042,,0.14814814814814814,0.0
175,175,refinement,0.8,2,0.32351780307561184,0.16436963904131516,,0.23529411764705882,0.2
175,175,refinement,0.8,3,0.3125404709224564,0.15965186822975563,,0.3333333333333333,0.2
175,175,refinement,0.8,4,0.3947814137483839,0.20920428492577312,,0.4444444444444444,0.3333333333333333
175,175,refinement,0.8,5,0.2744134124124762,0.141113486256377,,0.2222222222222222,0.0
175,175,refinement,0.8,6,0.36960392341741377,0.1906626892475012,,0.30769230769230765,0.3333333333333333
175,175,refinement,0.8,7,0.3178761853984314,0.18775104960175143,,0.1904761904761905,0.25
176,176,accumulation,N/A,0,0.35944744457597444,0.12931688671545724,,0.23529411764705882,0.3333333333333333
176,176,accumulation,N/A,1,0.25559467995463236,0.06244333555220799,,0.25000000000000006,0.0
176,176,accumulation,N/A,2,0.25047501865563837,0.05338549022754324,,0.047619047619047616,0.0
176,176,accumulation,N/A,3,0.24002760990207794,0.02680873020943946,,0.04424778761061947,0.0
176,176,accumulation,N/A,4,0.2717519839376281,0.12305997341674922,,0.0816326530612245,0.0
176,176,accumulation,N/A,5,0.3233158190006973,0.17098844917272557,,0.3076923076923077,0.0
176,176,accumulation,N/A,6,0.2773305354276132,0.1220665920505238,,0.23529411764705882,0.0
176,176,accumulation,N/A,7,0.3163973376105998,0.19705052169276652,,0.4000000000000001,0.0
176,176,refinement,0.5,0,0.35944744457597444,0.12931688671545724,,0.23529411764705882,0.3333333333333333
176,176,refinement,0.5,1,0.3633202211074365,0.12367232662644907,,0.26666666666666666,0.3333333333333333
176,176,refinement,0.5,2,0.38295371499440023,0.1206101310650594,,0.4000000000000001,0.0
176,176,refinement,0.5,3,0.32817935896401385,0.12403153143643682,,0.3636363636363636,0.0
176,176,refinement,0.5,4,0.36967653734763495,0.12234615289278937,,0.3076923076923077,0.0
176,176,refinement,0.5,5,0.3736770660524192,0.12234615289278937,,0.3333333333333333,0.0
176,176,refinement,0.5,6,0.45232172715953917,0.12239019373652651,,0.3636363636363636,0.5
176,176,refinement,0.5,7,0.37217404990733494,0.1173101332737519,,0.3333333333333333,0.0
176,176,refinement,0.8,0,0.35944744457597444,0.12931688671545724,,0.23529411764705882,0.3333333333333333
176,176,refinement,0.8,1,0.289490650412724,0.10397679380675488,,0.4444444444444445,0.0
176,176,refinement,0.8,2,0.28797857152552153,0.07050942067725488,,0.2,0.2
176,176,refinement,0.8,3,0.2995828089204703,0.1771981104906171,,0.3333333333333333,0.0
176,176,refinement,0.8,4,0.32289699653476944,0.16856010995431225,,0.5,0.0
176,176,refinement,0.8,5,0.32847065517778323,0.1531172303795094,,0.3636363636363636,0.0
176,176,refinement,0.8,6,0.3616924585610422,0.24979584017732745,,0.4444444444444445,0.0
176,176,refinement,0.8,7,0.294616558100116,0.2155011797531824,,0.4444444444444445,0.0
177,177,accumulation,N/A,0,0.4102221487441203,0.022294444550433452,,0.5128205128205128,0.14285714285714285
177,177,accumulation,N/A,1,0.39309833882511613,0.01880271800659523,,0.504201680672269,0.125
177,177,accumulation,N/A,2,0.33566605731253185,0.0019191928482811698,,0.3013698630136986,0.125
177,177,accumulation,N/A,3,0.3402641180545837,0.0007223606128958325,,0.2937853107344633,0.125
177,177,accumulation,N/A,4,0.3187255806181991,0.009085288613811044,,0.32085561497326204,0.0
177,177,accumulation,N/A,5,0.34973985934078816,0.0006023459649329702,,0.24305555555555555,0.125
177,177,accumulation,N/A,6,0.2819197028649152,0.009508259522455263,,0.34065934065934067,0.0
177,177,accumulation,N/A,7,0.3196044134767098,0.0,,0.2885572139303483,0.0
177,177,refinement,0.5,0,0.4102221487441203,0.022294444550433452,,0.5128205128205128,0.14285714285714285
177,177,refinement,0.5,1,0.4069810560658346,0.019965924012853478,,0.5116279069767442,0.14285714285714285
177,177,refinement,0.5,2,0.3635556762813304,0.022947061214653598,,0.4878048780487805,0.0
177,177,refinement,0.5,3,0.3722471187970665,0.0403197465682882,,0.5352112676056338,0.0
177,177,refinement,0.5,4,0.3922372112028576,0.032187551266315284,,0.617283950617284,0.0
177,177,refinement,0.5,5,0.43904325694340496,0.03893578546083296,,0.6829268292682927,0.2857142857142857
177,177,refinement,0.5,6,0.3619048201734926,0.021444702418196567,,0.6206896551724139,0.0
177,177,refinement,0.5,7,0.43314054259375057,0.01361077911428513,,0.6987951807228916,0.2857142857142857
177,177,refinement,0.8,0,0.4102221487441203,0.022294444550433452,,0.5128205128205128,0.14285714285714285
177,177,refinement,0.8,1,0.36641612764594556,0.020485044257033895,,0.4810126582278481,0.0
177,177,refinement,0.8,2,0.3566939052317687,0.022406779771519614,,0.49019607843137253,0.0
177,177,refinement,0.8,3,0.4025958008405057,0.01995845237511136,,0.5,0.25
177,177,refinement,0.8,4,0.37974943089273,0.017787143071490766,,0.5046728971962617,0.14285714285714285
177,177,refinement,0.8,5,0.34686602495003427,0.02194532358872051,,0.5789473684210527,0.0
177,177,refinement,0.8,6,0.3729026341734611,0.025139717275371547,,0.5544554455445544,0.0
177,177,refinement,0.8,7,0.3527391663313954,0.031788312863814484,,0.6097560975609756,0.0
178,178,accumulation,N/A,0,0.4008792942855934,0.012449618012059994,,0.663316582914573,0.125
178,178,accumulation,N/A,1,0.3677243816798573,0.013572770634884327,,0.6068376068376069,0.0
178,178,accumulation,N/A,2,0.394909124769403,0.014585812017590925,,0.5358490566037736,0.125
178,178,accumulation,N/A,3,0.3485335105559223,0.003883716630154392,,0.445859872611465,0.0
178,178,accumulation,N/A,4,0.38208845171036027,0.023713108460034445,,0.576,0.0
178,178,accumulation,N/A,5,0.36087816840415965,0.01058268108780238,,0.49484536082474223,0.0
178,178,accumulation,N/A,6,0.43136484867438224,0.026771648500177256,,0.5689655172413793,0.25
178,178,accumulation,N/A,7,0.36765159528915614,0.012852452170294413,,0.4672897196261682,0.0
178,178,refinement,0.5,0,0.4008792942855934,0.012449618012059994,,0.663316582914573,0.125
178,178,refinement,0.5,1,0.38124490464377636,0.030327832717176876,,0.6315789473684211,0.125
178,178,refinement,0.5,2,0.3745662531689889,0.0337349710606791,,0.736842105263158,0.125
178,178,refinement,0.5,3,0.34810221201767017,0.03530294693374669,,0.7000000000000001,0.0
178,178,refinement,0.5,4,0.349984479125766,0.03554675737693369,,0.7017543859649122,0.0
178,178,refinement,0.5,5,0.3628233027502284,0.033373666676146566,,0.6589595375722543,0.125
178,178,refinement,0.5,6,0.4059513842433977,0.0322288215652512,,0.6878306878306878,0.25
178,178,refinement,0.5,7,0.3586125366092143,0.035010941894648435,,0.7428571428571429,0.0
178,178,refinement,0.8,0,0.4008792942855934,0.012449618012059994,,0.663316582914573,0.125
178,178,refinement,0.8,1,0.4042719078924155,0.014838279199127015,,0.6350710900473934,0.25
178,178,refinement,0.8,2,0.33488375184940034,0.0170982882505214,,0.5182481751824817,0.0
178,178,refinement,0.8,3,0.36052931645727376,0.012685083857307418,,0.5691699604743082,0.125
178,178,refinement,0.8,4,0.36380286122802985,0.011461944200409049,,0.5546874999999999,0.125
178,178,refinement,0.8,5,0.38453996759638215,0.026295910189961295,,0.5470085470085471,0.25
178,178,refinement,0.8,6,0.33931656848674024,0.025107245306823785,,0.5210727969348659,0.0
178,178,refinement,0.8,7,0.3506719410162197,0.021987071431019165,,0.5959183673469387,0.0
179,179,accumulation,N/A,0,0.3387045526439182,0.17518092735037707,,0.4,0.0
179,179,accumulation,N/A,1,0.19850243088643843,0.02234773904618321,,0.018867924528301886,0.0
179,179,accumulation,N/A,2,0.304646873099151,0.04050573951740195,,0.07547169811320754,0.5
179,179,accumulation,N/A,3,0.23025364926633757,0.024154040937322846,,0.027777777777777776,0.0
179,179,accumulation,N/A,4,0.29635801984766547,0.1481656443215163,,0.4444444444444444,0.0
179,179,accumulation,N/A,5,0.49032513074955086,0.3012769944822806,,0.8,0.0
179,179,accumulation,N/A,6,0.3403992913436778,0.3797998908778686,,0.26666666666666666,0.25
179,179,accumulation,N/A,7,0.4749250460826022,0.36580198233083716,,0.5714285714285715,0.5
179,179,refinement,0.5,0,0.3387045526439182,0.17518092735037707,,0.4,0.0
179,179,refinement,0.5,1,0.29684816244316764,0.17518092735037707,,0.28571428571428575,0.0
179,179,refinement,0.5,2,0.4524213711839651,0.08812782848301176,,0.8,0.0
179,179,refinement,0.5,3,0.3582163701190474,0.08759046367518854,,0.6666666666666666,0.0
179,179,refinement,0.5,4,0.33798079602966313,0.17410619773473057,,0.4,0.0
179,179,refinement,0.5,5,0.3649540837511808,0.08759046367518854,,0.6666666666666666,0.0
179,179,refinement,0.5,6,0.31543257689466747,0.09297816814702507,,0.4444444444444444,0.0
179,179,refinement,0.5,7,0.3777019552629488,0.1103193757769968,,0.6666666666666666,0.0
179,179,refinement,0.8,0,0.3387045526439182,0.17518092735037707,,0.4,0.0
179,179,refinement,0.8,1,0.42915086233327693,0.1789081811237893,,0.5,0.0
179,179,refinement,0.8,2,0.2953425529944573,0.17346296803958056,,0.28571428571428575,0.0
179,179,refinement,0.8,3,0.4306960762161044,0.18862739550324426,,0.5,0.0
179,179,refinement,0.8,4,0.42808978051758384,0.17693580899921785,,0.5,0.0
179,179,refinement,0.8,5,0.42863808261759107,0.17738037133338672,,0.5,0.0
179,179,refinement,0.8,6,0.4288122893974944,0.181692981390994,,0.5,0.0
179,179,refinement,0.8,7,0.4300827445529819,0.181013353288253,,0.5,0.0
180,180,accumulation,N/A,0,0.6950982254946477,0.4101893293514892,,1.0,1.0
180,180,accumulation,N/A,1,0.3212823667124479,0.1515027027915717,,0.4,0.0
180,180,accumulation,N/A,2,0.34002290810583324,0.13453178223853238,,0.6666666666666666,0.0
180,180,accumulation,N/A,3,0.42885181603567063,0.26962870562275376,,0.6666666666666666,0.0
180,180,accumulation,N/A,4,0.3016513954470399,0.19989297937565242,,0.05479452054794521,0.0
180,180,accumulation,N/A,5,0.5589215799647239,0.2899702435424865,,0.8,0.5
180,180,accumulation,N/A,6,0.5108377941210405,0.19261070451147644,,0.6666666666666666,0.0
180,180,accumulation,N/A,7,0.43637268531060314,0.49914051855737185,,0.06060606060606061,0.5
180,180,refinement,0.5,0,0.6950982254946477,0.4101893293514892,,1.0,1.0
180,180,refinement,0.5,1,0.4449590099075662,0.4089286685044381,,0.6666666666666666,0.3333333333333333
180,180,refinement,0.5,2,0.5137751346680217,0.4061888500472763,,0.8,0.5
180,180,refinement,0.5,3,0.32915378771250026,0.26296672110004804,,0.33333333333333337,0.0
180,180,refinement,0.5,4,0.37107883814921994,0.3781176032547813,,0.4444444444444445,0.0
180,180,refinement,0.5,5,0.3610553869183264,0.262791971130914,,0.33333333333333337,0.0
180,180,refinement,0.5,6,0.379416535717568,0.4107814645744543,,0.33333333333333337,0.0
180,180,refinement,0.5,7,0.3331987375965878,0.26975800309139975,,0.23529411764705882,0.0
180,180,refinement,0.8,0,0.6950982254946477,0.4101893293514892,,1.0,1.0
180,180,refinement,0.8,1,0.40596601314123065,0.31653138505305833,,0.5,0.3333333333333333
180,180,refinement,0.8,2,0.5052203280209707,0.39188877070619255,,0.8,0.5
180,180,refinement,0.8,3,0.50601692853062,0.402394232560871,,0.8,0.5
180,180,refinement,0.8,4,0.5055264299151915,0.4006689487206889,,0.8,0.5
180,180,refinement,0.8,5,0.6871568239881902,0.40902360435758767,,1.0,1.0
180,180,refinement,0.8,6,0.6852735413124621,0.3796653961915251,,1.0,1.0
180,180,refinement,0.8,7,0.5036790001586293,0.3611950868076903,,0.8,0.5
181,181,accumulation,N/A,0,0.31609138041470886,0.008795972722792061,,0.5633802816901409,0.0
181,181,accumulation,N/A,1,0.3769819878604291,0.008735073351419534,,0.44999999999999996,0.0
181,181,accumulation,N/A,2,0.3593464053491533,0.02587162676877686,,0.515625,0.0
181,181,accumulation,N/A,3,0.32313293961683914,0.019640143510528004,,0.4201680672268907,0.0
181,181,accumulation,N/A,4,0.37682643673148697,0.0762651839907385,,0.48,0.0
181,181,accumulation,N/A,5,0.37333532919143253,0.009277998399770775,,0.48387096774193544,0.0
181,181,accumulation,N/A,6,0.33903026117154367,0.006487365110866592,,0.3968253968253968,0.0
181,181,accumulation,N/A,7,0.40544341276762913,0.045007756190899695,,0.6666666666666666,0.125
181,181,refinement,0.5,0,0.31609138041470886,0.008795972722792061,,0.5633802816901409,0.0
181,181,refinement,0.5,1,0.38951673665969716,0.0018489194083433952,,0.6571428571428571,0.2857142857142857
181,181,refinement,0.5,2,0.38022967630814136,0.0012194445666051789,,0.5853658536585366,0.14285714285714285
181,181,refinement,0.5,3,0.3659559148411233,0.0020505470209906647,,0.6216216216216216,0.0
181,181,refinement,0.5,4,0.3620336603794322,0.0013790653380489236,,0.6075949367088608,0.0
181,181,refinement,0.5,5,0.3446765104353191,0.014974205680671726,,0.5945945945945946,0.14285714285714285
181,181,refinement,0.5,6,0.36899081852076765,0.0015340105761722886,,0.6301369863013699,0.14285714285714285
181,181,refinement,0.5,7,0.3212617418948648,0.016263606032100877,,0.5714285714285715,0.0
181,181,refinement,0.8,0,0.31609138041470886,0.008795972722792061,,0.5633802816901409,0.0
181,181,refinement,0.8,1,0.3320196730674131,0.005806751489372168,,0.5333333333333332,0.14285714285714285
181,181,refinement,0.8,2,0.2990195729671552,0.020914880857704994,,0.37606837606837606,0.0
181,181,refinement,0.8,3,0.3067594191604531,0.007236165536838947,,0.5316455696202531,0.0
181,181,refinement,0.8,4,0.3273166482869774,0.015205439245060414,,0.49438202247191015,0.0
181,181,refinement,0.8,5,0.3901167431794792,0.02343193587776542,,0.6595744680851064,0.14285714285714285
181,181,refinement,0.8,6,0.37700963554777717,0.03535799858972701,,0.5897435897435898,0.14285714285714285
181,181,refinement,0.8,7,0.34369386828359066,0.027925493970594042,,0.5617977528089887,0.0
182,182,accumulation,N/A,0,0.276370008119142,0.01354901996563227,,0.45454545454545453,0.0
182,182,accumulation,N/A,1,0.28466099002435763,0.017155954721677833,,0.3055555555555555,0.0
182,182,accumulation,N/A,2,0.3813831975095154,0.02659051126208428,,0.40506329113924044,0.16666666666666666
182,182,accumulation,N/A,3,0.27087515383709104,0.00513856579751733,,0.29629629629629634,0.0
182,182,accumulation,N/A,4,0.2278333337238437,0.014222208759325646,,0.0718232044198895,0.0
182,182,accumulation,N/A,5,0.2368291693573928,0.0,,0.36585365853658536,0.0
182,182,accumulation,N/A,6,0.2556214599045229,0.0014344153638944678,,0.5473684210526315,0.0
182,182,accumulation,N/A,7,0.2814737081378068,0.0014922195594074554,,0.358974358974359,0.0
182,182,refinement,0.5,0,0.276370008119142,0.01354901996563227,,0.45454545454545453,0.0
182,182,refinement,0.5,1,0.3257484419831086,0.0150544666284803,,0.42857142857142855,0.16666666666666666
182,182,refinement,0.5,2,0.29892195844347513,0.015765144649056845,,0.41463414634146345,0.0
182,182,refinement,0.5,3,0.29176657819479335,0.01506520587176454,,0.40506329113924044,0.0
182,182,refinement,0.5,4,0.26314088960455195,0.01506520587176454,,0.39024390243902435,0.0
182,182,refinement,0.5,5,0.3051394048239797,0.011078051246844597,,0.5057471264367817,0.0
182,182,refinement,0.5,6,0.2771787572863649,0.011199584718872418,,0.49438202247191015,0.0
182,182,refinement,0.5,7,0.3324794983442341,0.011199584718872418,,0.5057471264367817,0.0
182,182,refinement,0.8,0,0.276370008119142,0.01354901996563227,,0.45454545454545453,0.0
182,182,refinement,0.8,1,0.2791247580140513,0.01204701867226769,,0.49438202247191015,0.0
182,182,refinement,0.8,2,0.3353500834696132,0.011781756491854147,,0.5168539325842696,0.16666666666666666
182,182,refinement,0.8,3,0.31213462132677117,0.011290849971360225,,0.4948453608247423,0.0
182,182,refinement,0.8,4,0.3122311695716916,0.012722662382504628,,0.5,0.0
182,182,refinement,0.8,5,0.36502846236129477,0.00969253209786507,,0.5681818181818181,0.0
182,182,refinement,0.8,6,0.319363585498006,0.010974924093761803,,0.5348837209302325,0.0
182,182,refinement,0.8,7,0.3326973934917559,0.010923641635984502,,0.5494505494505494,0.0
183,183,accumulation,N/A,0,0.37596179586964673,0.007135524420001933,,0.48,0.0
183,183,accumulation,N/A,1,0.44274620397932285,0.12817369345850096,,0.44897959183673464,0.0
183,183,accumulation,N/A,2,0.4324797661085494,0.0577711699969413,,0.37209302325581395,0.16666666666666666
183,183,accumulation,N/A,3,0.4081881082980827,0.03722519431121306,,0.4210526315789474,0.3333333333333333
183,183,accumulation,N/A,4,0.34547573942976945,0.038117142177013175,,0.3283582089552239,0.0
183,183,accumulation,N/A,5,0.37234428986590373,0.0748623399592539,,0.38596491228070184,0.0
183,183,accumulation,N/A,6,0.4544542985936551,0.03267625702986655,,0.34285714285714286,0.3333333333333333
183,183,accumulation,N/A,7,0.3951911301106967,0.04017121844255183,,0.2894736842105263,0.0
183,183,refinement,0.5,0,0.37596179586964673,0.007135524420001933,,0.48,0.0
183,183,refinement,0.5,1,0.42851995898545825,0.03163307638890161,,0.43902439024390244,0.16666666666666666
183,183,refinement,0.5,2,0.41162423838512513,0.039895433605889465,,0.47058823529411764,0.0
183,183,refinement,0.5,3,0.4206549721937123,0.03984590474369014,,0.3902439024390244,0.16666666666666666
183,183,refinement,0.5,4,0.42413389239767846,0.03467109513939007,,0.4210526315789474,0.16666666666666666
183,183,refinement,0.5,5,0.4392837648978658,0.04461314996591285,,0.5405405405405405,0.16666666666666666
183,183,refinement,0.5,6,0.4328696734719491,0.023420297712834534,,0.4736842105263159,0.16666666666666666
183,183,refinement,0.5,7,0.4138341284889838,0.025077631226529028,,0.5128205128205129,0.0
183,183,refinement,0.8,0,0.37596179586964673,0.007135524420001933,,0.48,0.0
183,183,refinement,0.8,1,0.38942044259870073,0.016731314146517236,,0.4363636363636364,0.0
183,183,refinement,0.8,2,0.4212431818224063,0.014782001913457674,,0.46153846153846156,0.16666666666666666
183,183,refinement,0.8,3,0.44109013065808134,0.0173374251956012,,0.43478260869565216,0.3333333333333333
183,183,refinement,0.8,4,0.44036909906543814,0.05432297645195775,,0.38095238095238093,0.3333333333333333
183,183,refinement,0.8,5,0.3775356598294127,0.03622742790796545,,0.3728813559322034,0.0
183,183,refinement,0.8,6,0.41999915762637724,0.022304335986963658,,0.423076923076923,0.16666666666666666
183,183,refinement,0.8,7,0.41134477361909766,0.025623632413937895,,0.4444444444444444,0.0
184,184,accumulation,N/A,0,0.30873046860839604,0.09315740101231539,,0.007590132827324478,0.25
184,184,accumulation,N/A,1,0.20997438366505428,0.01503681890898889,,0.014035087719298246,0.0
184,184,accumulation,N/A,2,0.3532933895398598,0.18178098649080793,,0.2222222222222222,0.0
184,184,accumulation,N/A,3,0.2610906940975768,0.25362706528833867,,0.16666666666666666,0.0
184,184,accumulation,N/A,4,0.3615601939249802,0.1699977993354684,,0.5454545454545454,0.0
184,184,accumulation,N/A,5,0.2790885683408765,0.04397717965653244,,0.007317073170731708,0.25
184,184,accumulation,N/A,6,0.42682043851594176,0.1310952013164474,,0.5,0.0
184,184,accumulation,N/A,7,0.31834038322760855,0.1755776111470668,,0.3157894736842105,0.0
184,184,refinement,0.5,0,0.30873046860839604,0.09315740101231539,,0.007590132827324478,0.25
184,184,refinement,0.5,1,0.4137427522532021,0.20127442045526678,,0.4,0.5
184,184,refinement,0.5,2,0.3579724455402971,0.3109507829713101,,0.28571428571428575,0.3333333333333333
184,184,refinement,0.5,3,0.2975439804790381,0.34692033811347583,,0.125,0.2
184,184,refinement,0.5,4,0.38393471248986544,0.1798271010947941,,0.36363636363636365,0.3333333333333333
184,184,refinement,0.5,5,0.3507152821751142,0.3282675905624324,,0.2222222222222222,0.3333333333333333
184,184,refinement,0.5,6,0.36005073030790685,0.32684133802835785,,0.28571428571428575,0.3333333333333333
184,184,refinement,0.5,7,0.33238539621838975,0.3455035267393672,,0.25,0.25
184,184,refinement,0.8,0,0.30873046860839604,0.09315740101231539,,0.007590132827324478,0.25
184,184,refinement,0.8,1,0.404529574365597,0.1080055508481959,,0.5,0.5
184,184,refinement,0.8,2,0.4159252378099749,0.20059460058132617,,0.4,0.5
184,184,refinement,0.8,3,0.30171360498394706,0.0899362758473592,,0.07272727272727274,0.25
184,184,refinement,0.8,4,0.31673543527123166,0.09224887183214303,,0.26666666666666666,0.25
184,184,refinement,0.8,5,0.37687219978107966,0.16668965169022845,,0.18181818181818182,0.3333333333333333
184,184,refinement,0.8,6,0.40095733194356026,0.39104478100756185,,0.2,0.3333333333333333
184,184,refinement,0.8,7,0.40200361770258325,0.3929837830895206,,0.18181818181818182,0.3333333333333333
185,185,accumulation,N/A,0,0.24841745115725278,0.2330248981439567,,0.003913894324853229,0.0
185,185,accumulation,N/A,1,0.3880806808514013,0.5835082961023994,,0.1904761904761905,0.0
185,185,accumulation,N/A,2,0.4098843441397566,0.30115164481778595,,0.5,0.0
185,185,accumulation,N/A,3,0.3469203868225361,0.3934523355359772,,0.2666666666666667,0.0
185,185,accumulation,N/A,4,0.39937381090933716,0.1851949148042468,,0.6666666666666666,0.3333333333333333
185,185,accumulation,N/A,5,0.5150561984977942,0.577146129044513,,0.5,0.0
185,185,accumulation,N/A,6,0.4551833628404903,0.5892517128397823,,0.5,0.0
185,185,accumulation,N/A,7,0.4951415785841556,0.37884904152863913,,0.8,0.0
185,185,refinement,0.5,0,0.24841745115725278,0.2330248981439567,,0.003913894324853229,0.0
185,185,refinement,0.5,1,0.29012290272203345,0.2374802803956264,,0.047619047619047616,0.0
185,185,refinement,0.5,2,0.4242656070540376,0.23778050831015948,,0.4,0.0
185,185,refinement,0.5,3,0.424590198432217,0.23990354856292878,,0.4,0.0
185,185,refinement,0.5,4,0.4799236378113224,0.31981932053550133,,0.8,0.0
185,185,refinement,0.5,5,0.48123487899584616,0.32706389300515026,,0.8,0.0
185,185,refinement,0.5,6,0.4811067122652541,0.3245812047849237,,0.8,0.0
185,185,refinement,0.5,7,0.3855768799249439,0.31927772602270776,,0.6666666666666666,0.0
185,185,refinement,0.8,0,0.24841745115725278,0.2330248981439567,,0.003913894324853229,0.0
185,185,refinement,0.8,1,0.4255652313384534,0.24006685935160355,,0.4,0.0
185,185,refinement,0.8,2,0.42614140271506074,0.24118370156087246,,0.4,0.0
185,185,refinement,0.8,3,0.34024101909888227,0.24849025792534404,,0.22222222222222224,0.0
185,185,refinement,0.8,4,0.42793038603617156,0.26106318308219606,,0.4,0.0
185,185,refinement,0.8,5,0.48312191085651146,0.3318032611277145,,0.8,0.0
185,185,refinement,0.8,6,0.482178775933677,0.3214142768416749,,0.8,0.0
185,185,refinement,0.8,7,0.42677302720361376,0.2529331877612974,,0.4,0.0
186,186,accumulation,N/A,0,0.3251331936428056,0.043692838093706825,,0.3333333333333333,0.0
186,186,accumulation,N/A,1,0.49609597992518134,0.013240049167979084,,0.5227272727272727,0.4
186,186,accumulation,N/A,2,0.3952772729737052,0.04893552012412742,,0.3862068965517242,0.16666666666666666
186,186,accumulation,N/A,3,0.31855767357911596,0.011639864286659082,,0.28828828828828834,0.0
186,186,accumulation,N/A,4,0.3977998442852281,0.039246064453168625,,0.6153846153846154,0.16666666666666666
186,186,accumulation,N/A,5,0.38498770838359836,0.002724441808708497,,0.46956521739130436,0.0
186,186,accumulation,N/A,6,0.3575760946976318,0.026335696842599423,,0.304093567251462,0.0
186,186,accumulation,N/A,7,0.3811042462346506,0.03001729006604777,,0.3544303797468354,0.16666666666666666
186,186,refinement,0.5,0,0.3251331936428056,0.043692838093706825,,0.3333333333333333,0.0
186,186,refinement,0.5,1,0.33255465074749047,0.07023658392861198,,0.380952380952381,0.0
186,186,refinement,0.5,2,0.3383426120059495,0.056859180017684335,,0.35555555555555557,0.0
186,186,refinement,0.5,3,0.40523095608397636,0.0134459911924937,,0.4166666666666667,0.4
186,186,refinement,0.5,4,0.3685428131101925,0.025601429308635355,,0.4255319148936171,0.2
186,186,refinement,0.5,5,0.36348428006439204,0.017669619074725213,,0.37209302325581395,0.2
186,186,refinement,0.5,6,0.36951295157828074,0.020511495238379626,,0.4444444444444445,0.2
186,186,refinement,0.5,7,0.37949961106303637,0.025913651829363175,,0.45833333333333337,0.2
186,186,refinement,0.8,0,0.3251331936428056,0.043692838093706825,,0.3333333333333333,0.0
186,186,refinement,0.8,1,0.44307158989906714,0.038650471934064116,,0.49122807017543857,0.2
186,186,refinement,0.8,2,0.4369020371926839,0.003433305191663631,,0.5454545454545455,0.2
186,186,refinement,0.8,3,0.40482345886035614,0.029031038571538922,,0.5205479452054794,0.0
186,186,refinement,0.8,4,0.35974397981942,0.0004757562493920798,,0.4444444444444444,0.0
186,186,refinement,0.8,5,0.3833793250572554,0.005944506535549211,,0.4615384615384615,0.0
186,186,refinement,0.8,6,0.4181146675706762,0.04911994479148999,,0.39999999999999997,0.2
186,186,refinement,0.8,7,0.41230123308455924,0.024688886698568013,,0.38,0.2
187,187,accumulation,N/A,0,0.47848847073012823,0.0,,0.6666666666666666,0.5
187,187,accumulation,N/A,1,0.37868528029817405,0.3474068185576583,,0.017391304347826087,0.25
187,187,accumulation,N/A,2,0.4983713915050931,0.010470127749065701,,0.6666666666666666,0.5
187,187,accumulation,N/A,3,0.48384868099205636,0.4626455358134007,,0.4,0.25
187,187,accumulation,N/A,4,0.49995716058072603,0.09525524931146115,,0.6666666666666666,0.5
187,187,accumulation,N/A,5,0.4201311441309423,0.3221971512115775,,0.3333333333333333,0.2
187,187,accumulation,N/A,6,0.5533412116276504,0.2924405016965467,,0.6666666666666666,0.5
187,187,accumulation,N/A,7,0.5510564552838667,0.3351141776934735,,0.6666666666666666,0.5
187,187,refinement,0.5,0,0.47848847073012823,0.0,,0.6666666666666666,0.5
187,187,refinement,0.5,1,0.4787449302427301,0.0,,0.6666666666666666,0.5
187,187,refinement,0.5,2,0.47910569135071,0.0,,0.6666666666666666,0.5
187,187,refinement,0.5,3,0.40439696139705267,0.0,,0.5,0.3333333333333333
187,187,refinement,0.5,4,0.47941332240960255,0.0,,0.6666666666666666,0.5
187,187,refinement,0.5,5,0.47961842474281946,0.0,,0.6666666666666666,0.5
187,187,refinement,0.5,6,0.47950612967235445,0.0,,0.6666666666666666,0.5
187,187,refinement,0.5,7,0.48037630669687037,0.0,,0.6666666666666666,0.5
187,187,refinement,0.8,0,0.47848847073012823,0.0,,0.6666666666666666,0.5
187,187,refinement,0.8,1,0.47879043792295284,0.0,,0.6666666666666666,0.5
187,187,refinement,0.8,2,0.47951885352851076,0.0,,0.6666666666666666,0.5
187,187,refinement,0.8,3,0.4050964322501587,0.0,,0.5,0.3333333333333333
187,187,refinement,0.8,4,0.3906039258672599,0.0,,0.4,0.3333333333333333
187,187,refinement,0.8,5,0.47701599273202366,0.0,,0.6666666666666666,0.5
187,187,refinement,0.8,6,0.2988566090430217,0.0,,0.3333333333333333,0.0
187,187,refinement,0.8,7,0.3732871305816705,0.0,,0.5,0.0
188,188,accumulation,N/A,0,0.25635600128880565,0.2735307266412188,,0.025974025974025972,0.0
188,188,accumulation,N/A,1,0.22017720995537976,0.0,,0.04958677685950414,0.0
188,188,accumulation,N/A,2,0.19223516097647106,0.0,,0.011428571428571429,0.0
188,188,accumulation,N/A,3,0.1930913628648765,0.0006539259143553653,,0.012219959266802445,0.0
188,188,accumulation,N/A,4,0.18409486616905996,0.0,,0.08955223880597014,0.0
188,188,accumulation,N/A,5,0.20325126694369666,0.044692278951306126,,0.12244897959183672,0.0
188,188,accumulation,N/A,6,0.21420572246785452,0.0507144465127313,,0.1111111111111111,0.0
188,188,accumulation,N/A,7,0.19317668207833982,0.006284475855266542,,0.06000000000000001,0.0
188,188,refinement,0.5,0,0.25635600128880565,0.2735307266412188,,0.025974025974025972,0.0
188,188,refinement,0.5,1,0.2561098643677548,0.26403099920019835,,0.2,0.0
188,188,refinement,0.5,2,0.38378566778736034,0.14031700471947497,,0.5,0.0
188,188,refinement,0.5,3,0.3836574894587621,0.13997224549412002,,0.5,0.0
188,188,refinement,0.5,4,0.3836078705403366,0.14031700471947497,,0.5,0.0
188,188,refinement,0.5,5,0.3835253241796309,0.14031700471947497,,0.5,0.0
188,188,refinement,0.5,6,0.38365810424072966,0.14031700471947497,,0.5,0.0
188,188,refinement,0.5,7,0.38343085216178524,0.13997224549412002,,0.5,0.0
188,188,refinement,0.8,0,0.25635600128880565,0.2735307266412188,,0.025974025974025972,0.0
188,188,refinement,0.8,1,0.2323554926042179,0.16107079276566758,,0.15384615384615383,0.0
188,188,refinement,0.8,2,0.2019773385494317,0.05877927925472479,,0.25,0.0
188,188,refinement,0.8,3,0.37550428229895616,0.09633369034040115,,0.5,0.0
188,188,refinement,0.8,4,0.3748585758619363,0.059002774613107725,,0.5,0.0
188,188,refinement,0.8,5,0.3798675350229437,0.03598732419518695,,0.5,0.0
188,188,refinement,0.8,6,0.24825356540805044,0.020444966697295557,,0.30769230769230765,0.0
188,188,refinement,0.8,7,0.5598378270208973,0.0,,1.0,1.0
189,189,accumulation,N/A,0,0.2390919979264386,0.005796273076056164,,0.22950819672131148,0.25
189,189,accumulation,N/A,1,0.3568729990683285,0.051626570992556374,,0.2127659574468085,0.125
189,189,accumulation,N/A,2,0.3746780654626071,0.05743784618810017,,0.25,0.125
189,189,accumulation,N/A,3,0.2815334369480755,0.00269736790275648,,0.3142857142857143,0.0
189,189,accumulation,N/A,4,0.2552790506385279,0.03028897907822277,,0.2823529411764706,0.0
189,189,accumulation,N/A,5,0.3326655713081727,0.028610875589893687,,0.32786885245901637,0.14285714285714285
189,189,accumulation,N/A,6,0.4029609993554272,0.11642048078861789,,0.2127659574468085,0.125
189,189,accumulation,N/A,7,0.309756717724397,0.003562467321415525,,0.28985507246376807,0.375
189,189,refinement,0.5,0,0.2390919979264386,0.005796273076056164,,0.22950819672131148,0.25
189,189,refinement,0.5,1,0.2229289795811034,0.004495242220315298,,0.25,0.125
189,189,refinement,0.5,2,0.2413210743476858,0.0008714973148942498,,0.3188405797101449,0.125
189,189,refinement,0.5,3,0.24634316383004984,0.002460511336453764,,0.30769230769230765,0.125
189,189,refinement,0.5,4,0.24402142824743,0.002295552992953829,,0.2933333333333333,0.125
189,189,refinement,0.5,5,0.2642211435149976,0.0008874598725434904,,0.2972972972972973,0.25
189,189,refinement,0.5,6,0.23094096718292909,0.0009762058597978394,,0.2222222222222222,0.125
189,189,refinement,0.5,7,0.23475415638683528,0.0009885920775092338,,0.2380952380952381,0.125
189,189,refinement,0.8,0,0.2390919979264386,0.005796273076056164,,0.22950819672131148,0.25
189,189,refinement,0.8,1,0.24815024913680217,0.0017639338623454447,,0.26666666666666666,0.0
189,189,refinement,0.8,2,0.23258040942466932,0.005634314639871994,,0.25490196078431376,0.0
189,189,refinement,0.8,3,0.21012539912853495,0.0051490535609955,,0.20370370370370372,0.0
189,189,refinement,0.8,4,0.242693731070889,0.008000350123780755,,0.23157894736842105,0.25
189,189,refinement,0.8,5,0.19796861550615572,0.02303082989904059,,0.19607843137254902,0.0
189,189,refinement,0.8,6,0.20945367152424949,0.021679325846691022,,0.1935483870967742,0.0
189,189,refinement,0.8,7,0.2107187697874199,0.027517694291178774,,0.20408163265306123,0.0
190,190,accumulation,N/A,0,0.3359265982575705,0.01215119807494209,,0.47540983606557374,0.0
190,190,accumulation,N/A,1,0.3717624691228123,0.011362220490783859,,0.42105263157894746,0.0
190,190,accumulation,N/A,2,0.33641005789237705,0.013838202901901507,,0.42857142857142855,0.0
190,190,accumulation,N/A,3,0.3144787999673464,0.016183904637414998,,0.3417085427135678,0.0
190,190,accumulation,N/A,4,0.35176451342046955,0.018607369186519618,,0.4225352112676056,0.0
190,190,accumulation,N/A,5,0.34803532242851887,0.01669227352770749,,0.4368932038834951,0.0
190,190,accumulation,N/A,6,0.2855297040693983,0.007103363613357657,,0.46857142857142847,0.0
190,190,accumulation,N/A,7,0.30024595361363643,0.029237125404905497,,0.3660714285714286,0.0
190,190,refinement,0.5,0,0.3359265982575705,0.01215119807494209,,0.47540983606557374,0.0
190,190,refinement,0.5,1,0.36943017416290047,0.012808028042486975,,0.4029850746268657,0.0
190,190,refinement,0.5,2,0.3925008891703601,0.010941065932931086,,0.45390070921985815,0.14285714285714285
190,190,refinement,0.5,3,0.3490053560170645,0.007942008957435045,,0.43165467625899284,0.0
190,190,refinement,0.5,4,0.39136722411376634,0.006320328547107297,,0.45333333333333337,0.14285714285714285
190,190,refinement,0.5,5,0.3257904084684309,0.008172592853002226,,0.42767295597484273,0.0
190,190,refinement,0.5,6,0.3692265263849928,0.008437199987711171,,0.43478260869565216,0.14285714285714285
190,190,refinement,0.5,7,0.36392667954940566,0.007203740504294671,,0.4046242774566474,0.125
190,190,refinement,0.8,0,0.3359265982575705,0.01215119807494209,,0.47540983606557374,0.0
190,190,refinement,0.8,1,0.354505332487017,0.014765667436100886,,0.4158415841584159,0.0
190,190,refinement,0.8,2,0.4021311774720459,0.016650439626958797,,0.5899280575539569,0.14285714285714285
190,190,refinement,0.8,3,0.43435856426907876,0.029535590645976217,,0.5207100591715976,0.2857142857142857
190,190,refinement,0.8,4,0.38306786066755066,0.02557283610289031,,0.49397590361445787,0.0
190,190,refinement,0.8,5,0.3869918471286423,0.03024310744847762,,0.48,0.14285714285714285
190,190,refinement,0.8,6,0.37678419641956895,0.021416283885260318,,0.39408866995073893,0.14285714285714285
190,190,refinement,0.8,7,0.3665591541398387,0.024224459823796247,,0.44559585492227977,0.0
191,191,accumulation,N/A,0,0.37156145088644577,0.32581472302747055,,0.25,0.0
191,191,accumulation,N/A,1,0.2621097174631725,0.020896015157922592,,0.22222222222222224,0.0
191,191,accumulation,N/A,2,0.352869984482519,0.12015231237431852,,0.3333333333333333,0.0
191,191,accumulation,N/A,3,0.30096696508327414,0.1481110947420312,,0.28571428571428575,0.0
191,191,accumulation,N/A,4,0.4347881768308379,0.5997846781504984,,0.4,0.0
191,191,accumulation,N/A,5,0.41448550077488294,0.10067038256262392,,0.4210526315789474,0.3333333333333333
191,191,accumulation,N/A,6,0.2924715153615174,0.12230884657634682,,0.025316455696202535,0.0
191,191,accumulation,N/A,7,0.27905224171639453,0.148123508293325,,0.30769230769230765,0.0
191,191,refinement,0.5,0,0.37156145088644577,0.32581472302747055,,0.25,0.0
191,191,refinement,0.5,1,0.3718039348479253,0.32581472302747055,,0.25,0.0
191,191,refinement,0.5,2,0.3462166581910916,0.16333313613210657,,0.4,0.0
191,191,refinement,0.5,3,0.3241657395571832,0.32666627226421313,,0.18181818181818182,0.0
191,191,refinement,0.5,4,0.3426779473324052,0.32666627226421313,,0.22222222222222224,0.0
191,191,refinement,0.5,5,0.34267758202143095,0.32666627226421313,,0.22222222222222224,0.0
191,191,refinement,0.5,6,0.32436836926759194,0.32666627226421313,,0.18181818181818182,0.0
191,191,refinement,0.5,7,0.31858560060609076,0.32666627226421313,,0.14285714285714288,0.0
191,191,refinement,0.8,0,0.37156145088644577,0.32581472302747055,,0.25,0.0
191,191,refinement,0.8,1,0.36098874326185815,0.15679913707867252,,0.3333333333333333,0.25
191,191,refinement,0.8,2,0.3955507681099682,0.15868428685104885,,0.3333333333333333,0.0
191,191,refinement,0.8,3,0.39428621266076846,0.16202633632141974,,0.36363636363636365,0.3333333333333333
191,191,refinement,0.8,4,0.3054168157463669,0.15748462705950453,,0.3333333333333333,0.0
191,191,refinement,0.8,5,0.347009343373511,0.3158971376369384,,0.25,0.0
191,191,refinement,0.8,6,0.34701852140967676,0.31681576137675865,,0.25,0.0
191,191,refinement,0.8,7,0.42178675562816814,0.1571604479651326,,0.5,0.0
