eval_idx,dataset_idx,method,noise_strength,n_povs,unified_score,mean_bbox_iou,mean_camera_similarity,detection_f1,count_accuracy
0,0,accumulation,N/A,0,0.32486290152125546,0.34858338323211485,,0.3333333333333333,0.0
0,0,accumulation,N/A,1,0.41724343988198187,0.0668100198076456,,0.5185185185185185,0.5
0,0,accumulation,N/A,2,0.49646102586592467,0.1510654763513569,,0.6363636363636364,0.6
0,0,accumulation,N/A,3,0.4130993874203701,0.10108696107401388,,0.5333333333333333,0.2
0,0,accumulation,N/A,4,0.36332488084115255,0.2256483673912975,,0.24000000000000002,0.0
0,0,accumulation,N/A,5,0.4498396426874184,0.06832828079557086,,0.4571428571428572,0.25
0,0,accumulation,N/A,6,0.42674099044757285,0.24510865419241049,,0.43478260869565216,0.2
0,0,accumulation,N/A,7,0.3395433821026377,0.16667626752350964,,0.3076923076923077,0.0
0,0,refinement,0.5,0,0.32486290152125546,0.34858338323211485,,0.3333333333333333,0.0
0,0,refinement,0.5,1,0.31772982186947996,0.3323578021920054,,0.30769230769230765,0.0
0,0,refinement,0.5,2,0.3180541907134235,0.3548300160112381,,0.2857142857142857,0.0
0,0,refinement,0.5,3,0.32507225003089524,0.3505904750497799,,0.3333333333333333,0.0
0,0,refinement,0.5,4,0.37416551062065284,0.23983984308745432,,0.42857142857142855,0.25
0,0,refinement,0.5,5,0.32417788188292607,0.33591241814474804,,0.3333333333333333,0.0
0,0,refinement,0.5,6,0.3700411136121392,0.23817444662129003,,0.4,0.25
0,0,refinement,0.5,7,0.32903210332844707,0.3826308121479155,,0.3333333333333333,0.0
0,0,refinement,0.8,0,0.32486290152125546,0.34858338323211485,,0.3333333333333333,0.0
0,0,refinement,0.8,1,0.31417278453545494,0.3005025598484246,,0.3333333333333333,0.0
0,0,refinement,0.8,2,0.33615738779397497,0.09591349283626238,,0.28571428571428575,0.0
0,0,refinement,0.8,3,0.3778325835951374,0.14830528024449305,,0.4444444444444444,0.0
0,0,refinement,0.8,4,0.37706883332850527,0.1598539832817216,,0.4210526315789474,0.0
0,0,refinement,0.8,5,0.3387363157449534,0.24304863526542175,,0.3157894736842105,0.0
0,0,refinement,0.8,6,0.31659380371405055,0.2362638783675796,,0.3333333333333333,0.0
0,0,refinement,0.8,7,0.4288177138065314,0.278633608532144,,0.3157894736842105,0.25
1,1,accumulation,N/A,0,0.5102287540982667,0.25227417474664127,,0.6666666666666666,0.0
1,1,accumulation,N/A,1,0.4942957456946965,0.1718956481645389,,0.6666666666666666,0.0
1,1,accumulation,N/A,2,0.3759718278752792,0.24732539075264576,,0.3076923076923077,0.2
1,1,accumulation,N/A,3,0.4965621631906899,0.467565834943163,,0.3333333333333333,0.5
1,1,accumulation,N/A,4,0.3825267127840219,0.3514579887830033,,0.5714285714285715,0.0
1,1,accumulation,N/A,5,0.40323872082193046,0.3693367260235575,,0.5714285714285715,0.0
1,1,accumulation,N/A,6,0.2621229120658791,0.04596873549976796,,0.05555555555555555,0.0
1,1,accumulation,N/A,7,0.36340316312836346,0.1586140075069805,,0.4,0.0
1,1,refinement,0.5,0,0.5102287540982667,0.25227417474664127,,0.6666666666666666,0.0
1,1,refinement,0.5,1,0.5088415960033968,0.243702435229332,,0.6666666666666666,0.0
1,1,refinement,0.5,2,0.5091469994098308,0.24454800428516502,,0.6666666666666666,0.0
1,1,refinement,0.5,3,0.5087375076838359,0.24491678211034426,,0.6666666666666666,0.0
1,1,refinement,0.5,4,0.50866148332956,0.24491678211034426,,0.6666666666666666,0.0
1,1,refinement,0.5,5,0.5079311010778479,0.23867806528428231,,0.6666666666666666,0.0
1,1,refinement,0.5,6,0.5079335517529187,0.23867806528428231,,0.6666666666666666,0.0
1,1,refinement,0.5,7,0.5073382492787193,0.23831487012718172,,0.6666666666666666,0.0
1,1,refinement,0.8,0,0.5102287540982667,0.25227417474664127,,0.6666666666666666,0.0
1,1,refinement,0.8,1,0.5068306374414415,0.25417254692395397,,0.6666666666666666,0.0
1,1,refinement,0.8,2,0.5073451756070412,0.242803184205378,,0.6666666666666666,0.0
1,1,refinement,0.8,3,0.4899156319565089,0.06953346172870681,,0.6666666666666666,0.0
1,1,refinement,0.8,4,0.4904438884924257,0.06682119222468277,,0.6666666666666666,0.0
1,1,refinement,0.8,5,0.3553992768475909,0.10526689317451597,,0.4,0.0
1,1,refinement,0.8,6,0.4980287123238586,0.0771532913444929,,0.6666666666666666,0.0
1,1,refinement,0.8,7,0.4103861201887317,0.0,,0.4,0.5
2,2,accumulation,N/A,0,0.30300476165984414,0.5578766714194979,,0.05714285714285715,0.0
2,2,accumulation,N/A,1,0.4030387868640716,0.43672146963936065,,0.4,0.0
2,2,accumulation,N/A,2,0.3580549255245068,0.44827727775902404,,0.28571428571428575,0.0
2,2,accumulation,N/A,3,0.3400874039988643,0.2582846472713937,,0.4,0.0
2,2,accumulation,N/A,4,0.3564378587977903,0.1998187416377664,,0.27272727272727276,0.25
2,2,accumulation,N/A,5,0.28726020819920206,0.31784558989281686,,0.30769230769230765,0.0
2,2,accumulation,N/A,6,0.3667145206708867,0.15840729911013582,,0.4285714285714285,0.25
2,2,accumulation,N/A,7,0.35293219027124606,0.3254942780921191,,0.4444444444444445,0.25
2,2,refinement,0.5,0,0.30300476165984414,0.5578766714194979,,0.05714285714285715,0.0
2,2,refinement,0.5,1,0.32490275973768246,0.5681588254727784,,0.25,0.0
2,2,refinement,0.5,2,0.30487157601128745,0.1340731145009051,,0.5,0.0
2,2,refinement,0.5,3,0.2760948312214563,0.11867724234616463,,0.36363636363636365,0.0
2,2,refinement,0.5,4,0.26677809360585003,0.1186814523205092,,0.30769230769230765,0.0
2,2,refinement,0.5,5,0.3032073298284534,0.11873272862113644,,0.5,0.0
2,2,refinement,0.5,6,0.30328707569813657,0.11895690384676505,,0.5,0.0
2,2,refinement,0.5,7,0.36562199602504386,0.11846697961505599,,0.6666666666666666,0.0
2,2,refinement,0.8,0,0.30300476165984414,0.5578766714194979,,0.05714285714285715,0.0
2,2,refinement,0.8,1,0.27933464295081556,0.07804178978748536,,0.5,0.0
2,2,refinement,0.8,2,0.3034205125864854,0.07073654732931746,,0.39999999999999997,0.2
2,2,refinement,0.8,3,0.2488450442505497,0.17599971103379045,,0.30769230769230765,0.0
2,2,refinement,0.8,4,0.323056752426106,0.5844439458121219,,0.22222222222222224,0.0
2,2,refinement,0.8,5,0.36706378616821544,0.12336768602761886,,0.6666666666666666,0.0
2,2,refinement,0.8,6,0.33188965194906744,0.11134395226985444,,0.4444444444444445,0.25
2,2,refinement,0.8,7,0.28275044208736444,0.11519862769635555,,0.28571428571428575,0.16666666666666666
3,3,accumulation,N/A,0,0.3174540624592802,0.005403555426839954,,0.375,0.0
3,3,accumulation,N/A,1,0.2243957342445544,0.06807625221463783,,0.11764705882352941,0.0
3,3,accumulation,N/A,2,0.2523916364290901,0.06148134026299993,,0.21818181818181817,0.0
3,3,accumulation,N/A,3,0.34957323868788515,0.06284267498921702,,0.38095238095238093,0.0
3,3,accumulation,N/A,4,0.2431015260764915,0.08499728614615386,,0.22429906542056074,0.0
3,3,accumulation,N/A,5,0.2279154094131491,0.07905281992089898,,0.1857142857142857,0.14285714285714285
3,3,accumulation,N/A,6,0.159629256193637,0.0,,0.12903225806451615,0.0
3,3,accumulation,N/A,7,0.2380523420122766,0.0,,0.5,0.0
3,3,refinement,0.5,0,0.3174540624592802,0.005403555426839954,,0.375,0.0
3,3,refinement,0.5,1,0.22223055373137457,0.005405654223220722,,0.09195402298850576,0.0
3,3,refinement,0.5,2,0.21336794092435762,0.05899692435067611,,0.11764705882352941,0.0
3,3,refinement,0.5,3,0.22534433214028787,0.03877850655530877,,0.125,0.0
3,3,refinement,0.5,4,0.23925957310532153,0.025338612624182758,,0.25,0.0
3,3,refinement,0.5,5,0.23271921810346102,0.019702310469685243,,0.25,0.0
3,3,refinement,0.5,6,0.2246041890107977,0.03971548033688638,,0.11764705882352941,0.0
3,3,refinement,0.5,7,0.2504991185950834,0.03971548033688638,,0.125,0.0
3,3,refinement,0.8,0,0.3174540624592802,0.005403555426839954,,0.375,0.0
3,3,refinement,0.8,1,0.2795750032588824,0.010642560745903964,,0.375,0.0
3,3,refinement,0.8,2,0.25369568855318886,0.060756639825255726,,0.13333333333333333,0.0
3,3,refinement,0.8,3,0.25090006888955607,0.04134082437184583,,0.13333333333333333,0.0
3,3,refinement,0.8,4,0.2930041296109508,0.012520081575481632,,0.4761904761904762,0.0
3,3,refinement,0.8,5,0.1963134865625497,0.007141157144097705,,0.20253164556962025,0.0
3,3,refinement,0.8,6,0.25196217475368066,0.05151346864255685,,0.13333333333333333,0.0
3,3,refinement,0.8,7,0.2827107930063631,0.014947018902326484,,0.36363636363636365,0.0
4,4,accumulation,N/A,0,0.4841643432925856,0.42350341017007626,,0.125,0.3333333333333333
4,4,accumulation,N/A,1,0.3965790732915786,0.19901616093016794,,0.30769230769230765,0.3333333333333333
4,4,accumulation,N/A,2,0.35631324023392164,0.15077940727902675,,0.26666666666666666,0.0
4,4,accumulation,N/A,3,0.4345732665499825,0.7132007534780185,,0.18181818181818182,0.0
4,4,accumulation,N/A,4,0.4855162154550311,0.5531830186842509,,0.16666666666666669,0.5
4,4,accumulation,N/A,5,0.41856594673180814,0.6551498014688111,,0.15384615384615383,0.0
4,4,accumulation,N/A,6,0.4316549565839033,0.22960764464664968,,0.33333333333333337,0.5
4,4,accumulation,N/A,7,0.41692576506751505,0.5751698130352804,,0.18181818181818182,0.0
4,4,refinement,0.5,0,0.4841643432925856,0.42350341017007626,,0.125,0.3333333333333333
4,4,refinement,0.5,1,0.5652227387388782,0.4360467419290947,,0.15384615384615383,0.5
4,4,refinement,0.5,2,0.5650287777540184,0.43316635186553865,,0.15384615384615383,0.5
4,4,refinement,0.5,3,0.49296448605793497,0.44454687276637267,,0.16666666666666669,0.5
4,4,refinement,0.5,4,0.49296287269590594,0.44105338064247196,,0.16666666666666669,0.5
4,4,refinement,0.5,5,0.4891626802355366,0.4401209210639463,,0.14285714285714288,0.3333333333333333
4,4,refinement,0.5,6,0.4925775787223933,0.44279323618741273,,0.16666666666666669,0.5
4,4,refinement,0.5,7,0.52655276889494,0.21857512669007462,,0.30769230769230765,0.5
4,4,refinement,0.8,0,0.4841643432925856,0.42350341017007626,,0.125,0.3333333333333333
4,4,refinement,0.8,1,0.49280034596977573,0.4363875497854783,,0.16666666666666669,0.5
4,4,refinement,0.8,2,0.5663142537505212,0.420613412005226,,0.15384615384615383,0.5
4,4,refinement,0.8,3,0.4482098823429743,0.5074398691389659,,0.15384615384615383,0.3333333333333333
4,4,refinement,0.8,4,0.44872255548485107,0.5063835810332622,,0.15384615384615383,0.3333333333333333
4,4,refinement,0.8,5,0.5016604037490726,0.4944491725768317,,0.16666666666666669,0.5
4,4,refinement,0.8,6,0.41568599759827995,0.4507969241757966,,0.18181818181818182,0.0
4,4,refinement,0.8,7,0.4171709026024478,0.4536576315658934,,0.18181818181818182,0.0
5,5,accumulation,N/A,0,0.3349633174478216,0.03986916910047212,,0.47058823529411753,0.0
5,5,accumulation,N/A,1,0.3412898836891048,0.013876989905307488,,0.6333333333333334,0.0
5,5,accumulation,N/A,2,0.41574354050215095,0.07468157891359772,,0.6000000000000001,0.25
5,5,accumulation,N/A,3,0.3999306926912931,0.06555136061622144,,0.5151515151515151,0.25
5,5,accumulation,N/A,4,0.35535370395869803,0.03573214182074725,,0.5609756097560976,0.125
5,5,accumulation,N/A,5,0.37901430726020185,0.12839315061239634,,0.44000000000000006,0.125
5,5,accumulation,N/A,6,0.3406869828166885,0.005409995895321964,,0.41935483870967744,0.0
5,5,accumulation,N/A,7,0.42626664070658027,0.03333445123430316,,0.5542168674698795,0.25
5,5,refinement,0.5,0,0.3349633174478216,0.03986916910047212,,0.47058823529411753,0.0
5,5,refinement,0.5,1,0.34910403540296175,0.04289566077794762,,0.5569620253164557,0.0
5,5,refinement,0.5,2,0.3664515231198552,0.03444967970568006,,0.5783132530120481,0.125
5,5,refinement,0.5,3,0.3518524702176444,0.03883584721098587,,0.5833333333333334,0.0
5,5,refinement,0.5,4,0.37699039901784226,0.0365772185340741,,0.6388888888888888,0.125
5,5,refinement,0.5,5,0.36768737050318845,0.030221072352276057,,0.5714285714285714,0.125
5,5,refinement,0.5,6,0.33747120894309557,0.03241894528197943,,0.4761904761904762,0.0
5,5,refinement,0.5,7,0.38206556038274697,0.03849160847169,,0.5301204819277109,0.125
5,5,refinement,0.8,0,0.3349633174478216,0.03986916910047212,,0.47058823529411753,0.0
5,5,refinement,0.8,1,0.3563633852512008,0.04449032631303619,,0.6086956521739131,0.0
5,5,refinement,0.8,2,0.3808598962124651,0.05787466643133049,,0.6,0.125
5,5,refinement,0.8,3,0.3389460021769979,0.04997434698358762,,0.6000000000000001,0.0
5,5,refinement,0.8,4,0.3639914976308788,0.04268485418475555,,0.6551724137931033,0.0
5,5,refinement,0.8,5,0.35735250592921547,0.044843306005313256,,0.5806451612903225,0.0
5,5,refinement,0.8,6,0.34696772422963784,0.04345541296632591,,0.6440677966101694,0.0
5,5,refinement,0.8,7,0.3624495477530266,0.06439653177532881,,0.5714285714285715,0.0
6,6,accumulation,N/A,0,0.30784443407861717,0.0011963162176071142,,0.2,0.0
6,6,accumulation,N/A,1,0.507022242005652,0.32281006229983084,,0.5,0.0
6,6,accumulation,N/A,2,0.463236168645376,0.10788037594943777,,0.7499999999999999,0.5
6,6,accumulation,N/A,3,0.3820544669821009,0.1949458671005763,,0.5714285714285715,0.0
6,6,accumulation,N/A,4,0.30869894202342424,0.15815857895692853,,0.36363636363636365,0.0
6,6,accumulation,N/A,5,0.4367425559194408,0.06857821386205228,,0.7499999999999999,0.5
6,6,accumulation,N/A,6,0.5052675263480056,0.3288654900417994,,0.8,0.0
6,6,accumulation,N/A,7,0.22976690236852917,0.04025388122355715,,0.2857142857142857,0.0
6,6,refinement,0.5,0,0.30784443407861717,0.0011963162176071142,,0.2,0.0
6,6,refinement,0.5,1,0.37927487915404745,0.3171248692402468,,0.2222222222222222,0.0
6,6,refinement,0.5,2,0.27510152082642353,0.004341300648048451,,0.14285714285714288,0.0
6,6,refinement,0.5,3,0.35002328553911877,0.27976070172601986,,0.2222222222222222,0.0
6,6,refinement,0.5,4,0.3529805096865405,0.3078206629987162,,0.2222222222222222,0.0
6,6,refinement,0.5,5,0.33427341912479924,0.279020160871261,,0.11764705882352941,0.0
6,6,refinement,0.5,6,0.3173523855023151,0.27673188967096635,,0.09090909090909091,0.0
6,6,refinement,0.5,7,0.3279814355788355,0.28544630295451007,,0.15384615384615383,0.0
6,6,refinement,0.8,0,0.30784443407861717,0.0011963162176071142,,0.2,0.0
6,6,refinement,0.8,1,0.35403934753622057,0.3123311249549345,,0.2222222222222222,0.0
6,6,refinement,0.8,2,0.3899926074869626,0.29069457961774176,,0.3333333333333333,0.0
6,6,refinement,0.8,3,0.3252869413921882,0.04794622021092055,,0.3333333333333333,0.0
6,6,refinement,0.8,4,0.33167606095975377,0.09812773314654787,,0.3333333333333333,0.0
6,6,refinement,0.8,5,0.3858209404137542,0.0018700041971709581,,0.25,0.5
6,6,refinement,0.8,6,0.49462656327585475,0.3338579390565126,,0.5,0.0
6,6,refinement,0.8,7,0.4945706793048385,0.3351165708727312,,0.5,0.0
7,7,accumulation,N/A,0,0.2533546670706613,0.009260130694251903,,0.28571428571428575,0.0
7,7,accumulation,N/A,1,0.34238660463730725,0.005069787379466878,,0.5,0.14285714285714285
7,7,accumulation,N/A,2,0.3598223780299721,0.004674926326067339,,0.6052631578947368,0.0
7,7,accumulation,N/A,3,0.29402435110267405,0.016705351108628017,,0.3380281690140845,0.0
7,7,accumulation,N/A,4,0.285811429424012,0.001957019783155808,,0.4358974358974359,0.0
7,7,accumulation,N/A,5,0.299264489263695,0.0029703724697725063,,0.4444444444444445,0.0
7,7,accumulation,N/A,6,0.344186855944406,0.021871519208424034,,0.3305785123966942,0.14285714285714285
7,7,accumulation,N/A,7,0.2604777924039305,0.004154969358032367,,0.2680412371134021,0.125
7,7,refinement,0.5,0,0.2533546670706613,0.009260130694251903,,0.28571428571428575,0.0
7,7,refinement,0.5,1,0.23335082423357995,0.008466943603547373,,0.27586206896551724,0.0
7,7,refinement,0.5,2,0.23192680244736139,0.012138480929699184,,0.2545454545454546,0.0
7,7,refinement,0.5,3,0.2422157182789642,0.005961810874576189,,0.2909090909090909,0.0
7,7,refinement,0.5,4,0.24797709486394015,0.010736644975961189,,0.2711864406779661,0.0
7,7,refinement,0.5,5,0.24077164814227725,0.004544816366586893,,0.22580645161290322,0.0
7,7,refinement,0.5,6,0.2345435168141854,0.004754487406767127,,0.20338983050847456,0.0
7,7,refinement,0.5,7,0.2600377256655738,0.0019400832286545296,,0.21875,0.0
7,7,refinement,0.8,0,0.2533546670706613,0.009260130694251903,,0.28571428571428575,0.0
7,7,refinement,0.8,1,0.2433112426281806,0.0011343044698843138,,0.3050847457627119,0.0
7,7,refinement,0.8,2,0.2735820660046186,0.0017828089833594653,,0.3076923076923077,0.14285714285714285
7,7,refinement,0.8,3,0.2309234627229555,0.004162060426049964,,0.25,0.0
7,7,refinement,0.8,4,0.250909012720679,0.0,,0.22950819672131145,0.0
7,7,refinement,0.8,5,0.28031797689586097,0.0,,0.3384615384615385,0.0
7,7,refinement,0.8,6,0.23558980813390024,0.0019228349341865302,,0.2222222222222222,0.0
7,7,refinement,0.8,7,0.24658155118377317,0.0013134362660666378,,0.3050847457627119,0.0
8,8,accumulation,N/A,0,0.3027313753958537,0.03448047649217287,,0.3902439024390244,0.16666666666666666
8,8,accumulation,N/A,1,0.3918411875577309,0.02620294509212543,,0.43243243243243246,0.16666666666666666
8,8,accumulation,N/A,2,0.3468740325590033,0.16323551831162164,,0.5333333333333333,0.0
8,8,accumulation,N/A,3,0.3908926365625778,0.1053187942481896,,0.46808510638297873,0.0
8,8,accumulation,N/A,4,0.35843475802138014,0.08894878309666085,,0.4390243902439025,0.0
8,8,accumulation,N/A,5,0.4538183273704141,0.13781065388315297,,0.3225806451612903,0.3333333333333333
8,8,accumulation,N/A,6,0.2649366133110167,0.07849216348021548,,0.41379310344827586,0.0
8,8,accumulation,N/A,7,0.371698807847942,0.05712532029668328,,0.43750000000000006,0.16666666666666666
8,8,refinement,0.5,0,0.3027313753958537,0.03448047649217287,,0.3902439024390244,0.16666666666666666
8,8,refinement,0.5,1,0.32775247340963387,0.02605944503521711,,0.5641025641025642,0.0
8,8,refinement,0.5,2,0.2895142650349281,0.02874095913263921,,0.45714285714285713,0.0
8,8,refinement,0.5,3,0.2600234148148869,0.02871653291049739,,0.375,0.0
8,8,refinement,0.5,4,0.32551498807946333,0.052929437918548546,,0.45161290322580644,0.16666666666666666
8,8,refinement,0.5,5,0.3131922804360228,0.03108495665586712,,0.43243243243243246,0.16666666666666666
8,8,refinement,0.5,6,0.2821394865597727,0.04827996865138633,,0.42424242424242425,0.16666666666666666
8,8,refinement,0.5,7,0.31060185649832117,0.05317240944497163,,0.45161290322580644,0.3333333333333333
8,8,refinement,0.8,0,0.3027313753958537,0.03448047649217287,,0.3902439024390244,0.16666666666666666
8,8,refinement,0.8,1,0.23225380114555086,0.03597226543219258,,0.30434782608695654,0.0
8,8,refinement,0.8,2,0.2776255588781675,0.037923781953231796,,0.3157894736842105,0.14285714285714285
8,8,refinement,0.8,3,0.3366931563613246,0.026709657611854898,,0.4615384615384615,0.16666666666666666
8,8,refinement,0.8,4,0.29700112932497125,0.02947307247253711,,0.3636363636363637,0.16666666666666666
8,8,refinement,0.8,5,0.3223638044046366,0.027768600417984124,,0.35000000000000003,0.3333333333333333
8,8,refinement,0.8,6,0.29872973140540104,0.022539663359371777,,0.41860465116279066,0.16666666666666666
8,8,refinement,0.8,7,0.294781430193213,0.01349123072360632,,0.25,0.16666666666666666
9,9,accumulation,N/A,0,0.5360869669564213,0.3466795433340336,,0.6666666666666666,0.0
9,9,accumulation,N/A,1,0.7062557480172058,0.18566386163330756,,1.0,1.0
9,9,accumulation,N/A,2,0.6061820074386575,0.1865592139747331,,0.5,1.0
9,9,accumulation,N/A,3,0.3876541365982929,0.2495186869434101,,0.4444444444444445,0.0
9,9,accumulation,N/A,4,0.5045781920844656,0.1446388969929367,,0.8,0.0
9,9,accumulation,N/A,5,0.5686251838677288,0.2976963206574289,,0.8,0.0
9,9,accumulation,N/A,6,0.5136766768720733,0.3361515828370262,,0.8,0.5
9,9,accumulation,N/A,7,0.4389785299555097,0.10230563792489428,,0.5714285714285715,0.3333333333333333
9,9,refinement,0.5,0,0.5360869669564213,0.3466795433340336,,0.6666666666666666,0.0
9,9,refinement,0.5,1,0.5360103331363252,0.34600185073305556,,0.6666666666666666,0.0
9,9,refinement,0.5,2,0.4363642527774252,0.34600185073305556,,0.5,0.0
9,9,refinement,0.5,3,0.4359844890323128,0.34388364362900437,,0.5,0.0
9,9,refinement,0.5,4,0.43561973882817373,0.34388364362900437,,0.5,0.0
9,9,refinement,0.5,5,0.534815433425447,0.3350284286158356,,0.6666666666666666,0.0
9,9,refinement,0.5,6,0.5359721375211257,0.34388364362900437,,0.6666666666666666,0.0
9,9,refinement,0.5,7,0.5374149417538453,0.35690893499531945,,0.6666666666666666,0.0
9,9,refinement,0.8,0,0.5360869669564213,0.3466795433340336,,0.6666666666666666,0.0
9,9,refinement,0.8,1,0.41841915627839155,0.25115500537178975,,0.3636363636363636,0.3333333333333333
9,9,refinement,0.8,2,0.5423946566563107,0.2986159148512747,,0.8,0.5
9,9,refinement,0.8,3,0.7276010674677459,0.2942089041795708,,1.0,1.0
9,9,refinement,0.8,4,0.7350782703822027,0.3174158812179912,,1.0,1.0
9,9,refinement,0.8,5,0.4275886808935351,0.31640710577920633,,0.4444444444444445,0.25
9,9,refinement,0.8,6,0.7406486337784309,0.3193938072685799,,1.0,1.0
9,9,refinement,0.8,7,0.5322484119731443,0.31672989256564876,,0.6666666666666666,0.5
10,10,accumulation,N/A,0,0.5389436738551283,0.49255673912179593,,0.6666666666666666,0.0
10,10,accumulation,N/A,1,0.5086064105946899,0.16997915958828216,,0.6666666666666666,0.0
10,10,accumulation,N/A,2,0.5187573525462132,0.38452962232957627,,0.8,0.0
10,10,accumulation,N/A,3,0.3060611081317949,0.010712174345577759,,0.5,0.0
10,10,accumulation,N/A,4,0.5079517832834973,0.29256831788445703,,0.8,0.5
10,10,accumulation,N/A,5,0.4252253410387288,0.49038949412433447,,0.28571428571428575,0.3333333333333333
10,10,accumulation,N/A,6,0.5194523201094017,0.3435433787658292,,0.8,0.0
10,10,accumulation,N/A,7,0.5015278510443394,0.33810329794327343,,0.6666666666666666,0.0
10,10,refinement,0.5,0,0.5389436738551283,0.49255673912179593,,0.6666666666666666,0.0
10,10,refinement,0.5,1,0.5373757284707195,0.4780302177634739,,0.6666666666666666,0.0
10,10,refinement,0.5,2,0.3968769550420409,0.47947046200887145,,0.4,0.0
10,10,refinement,0.5,3,0.5389298447637266,0.4930752156014714,,0.6666666666666666,0.0
10,10,refinement,0.5,4,0.5379245498624668,0.48147267287863893,,0.6666666666666666,0.0
10,10,refinement,0.5,5,0.4386247307368665,0.49540493192233503,,0.5,0.0
10,10,refinement,0.5,6,0.4242795804852985,0.49255673912179593,,0.4,0.0
10,10,refinement,0.5,7,0.5392814700686388,0.4932854245881619,,0.6666666666666666,0.0
10,10,refinement,0.8,0,0.5389436738551283,0.49255673912179593,,0.6666666666666666,0.0
10,10,refinement,0.8,1,0.5369815821435535,0.4764277368316643,,0.6666666666666666,0.0
10,10,refinement,0.8,2,0.4360397590410397,0.4774502379013348,,0.5,0.0
10,10,refinement,0.8,3,0.5327992140635445,0.4619386322845872,,0.6666666666666666,0.0
10,10,refinement,0.8,4,0.4368013871009999,0.4766836202609082,,0.5,0.0
10,10,refinement,0.8,5,0.5358056304946216,0.4758371819223213,,0.6666666666666666,0.0
10,10,refinement,0.8,6,0.5359208766933266,0.47302939921159387,,0.6666666666666666,0.0
10,10,refinement,0.8,7,0.5313457182803545,0.4414945848497902,,0.6666666666666666,0.0
11,11,accumulation,N/A,0,0.22090822795405707,0.030952947105737833,,0.392156862745098,0.0
11,11,accumulation,N/A,1,0.33987194555037803,0.00589827289813497,,0.5263157894736843,0.0
11,11,accumulation,N/A,2,0.4126523227580827,0.02832437461718244,,0.6666666666666667,0.14285714285714285
11,11,accumulation,N/A,3,0.31524779164759675,0.005182789134044305,,0.4050632911392405,0.0
11,11,accumulation,N/A,4,0.33847723946069436,0.0,,0.3225806451612903,0.14285714285714285
11,11,accumulation,N/A,5,0.387313076655057,0.005968056248360793,,0.4406779661016949,0.16666666666666666
11,11,accumulation,N/A,6,0.3562426636092126,0.053714994905732866,,0.34210526315789475,0.0
11,11,accumulation,N/A,7,0.43115866819086046,0.000177675362944131,,0.453781512605042,0.16666666666666666
11,11,refinement,0.5,0,0.22090822795405707,0.030952947105737833,,0.392156862745098,0.0
11,11,refinement,0.5,1,0.25143218122405564,0.027020336498742026,,0.38297872340425526,0.0
11,11,refinement,0.5,2,0.22396959034630953,0.03220158419172166,,0.3174603174603174,0.0
11,11,refinement,0.5,3,0.22806769925714054,0.027949017085302275,,0.35714285714285715,0.0
11,11,refinement,0.5,4,0.22327177330748185,0.04282904682411555,,0.27777777777777773,0.0
11,11,refinement,0.5,5,0.24751000361597822,0.01928854395310304,,0.2985074626865672,0.0
11,11,refinement,0.5,6,0.2608390651869386,0.009874437658566963,,0.360655737704918,0.0
11,11,refinement,0.5,7,0.22647997668229297,0.029163018573513288,,0.30303030303030304,0.0
11,11,refinement,0.8,0,0.22090822795405707,0.030952947105737833,,0.392156862745098,0.0
11,11,refinement,0.8,1,0.2479695792982437,0.043228033643195427,,0.29411764705882354,0.16666666666666666
11,11,refinement,0.8,2,0.23404576130448557,0.06722698217307037,,0.2352941176470588,0.16666666666666666
11,11,refinement,0.8,3,0.22319810088499198,0.05156062602687298,,0.25316455696202533,0.0
11,11,refinement,0.8,4,0.22350729670784703,0.0073575567353086815,,0.24390243902439024,0.0
11,11,refinement,0.8,5,0.22626303970937192,0.04654257745390814,,0.25,0.0
11,11,refinement,0.8,6,0.22152888403096718,0.04919582079616619,,0.30303030303030304,0.0
11,11,refinement,0.8,7,0.20703019615207066,0.02453068545055727,,0.3013698630136986,0.0
12,12,accumulation,N/A,0,0.28172769201556236,0.0,,0.35443037974683544,0.0
12,12,accumulation,N/A,1,0.27047833150287864,0.0007891749914832079,,0.23076923076923075,0.0
12,12,accumulation,N/A,2,0.3353997088692069,0.0,,0.5507246376811594,0.125
12,12,accumulation,N/A,3,0.2948591616819039,0.025322044805632587,,0.5185185185185185,0.16666666666666666
12,12,accumulation,N/A,4,0.28042901045272983,0.0027796578678010537,,0.42666666666666664,0.0
12,12,accumulation,N/A,5,0.2862838930159401,0.0016144924607462653,,0.6666666666666666,0.0
12,12,accumulation,N/A,6,0.2979518478249726,0.005411755011405228,,0.6,0.0
12,12,accumulation,N/A,7,0.2650540833380526,0.0,,0.5882352941176471,0.0
12,12,refinement,0.5,0,0.28172769201556236,0.0,,0.35443037974683544,0.0
12,12,refinement,0.5,1,0.2930572557005391,0.00011653970913077942,,0.611764705882353,0.0
12,12,refinement,0.5,2,0.24915517320734057,0.0,,0.2926829268292683,0.0
12,12,refinement,0.5,3,0.322276420890719,0.004305609923820086,,0.6511627906976745,0.14285714285714285
12,12,refinement,0.5,4,0.2947187039736135,0.0,,0.3950617283950617,0.125
12,12,refinement,0.5,5,0.31639978522488865,0.0,,0.619718309859155,0.14285714285714285
12,12,refinement,0.5,6,0.2861540453466153,0.0,,0.5384615384615384,0.0
12,12,refinement,0.5,7,0.2695348096471963,0.0002926453368972341,,0.08948545861297538,0.0
12,12,refinement,0.8,0,0.28172769201556236,0.0,,0.35443037974683544,0.0
12,12,refinement,0.8,1,0.3169073164512268,0.001490375614446508,,0.5135135135135136,0.2857142857142857
12,12,refinement,0.8,2,0.3032585674215954,0.0,,0.4210526315789474,0.0
12,12,refinement,0.8,3,0.3223462240733149,0.0019536778165768864,,0.6933333333333334,0.0
12,12,refinement,0.8,4,0.2852474390574317,0.0006633441929534426,,0.5714285714285715,0.0
12,12,refinement,0.8,5,0.32789094668326046,0.0005698837173309896,,0.6222222222222222,0.14285714285714285
12,12,refinement,0.8,6,0.25557216833690183,0.0,,0.4657534246575342,0.0
12,12,refinement,0.8,7,0.26997131421702275,0.0,,0.53125,0.0
13,13,accumulation,N/A,0,0.6451484056514134,0.4290743516348119,,0.5,1.0
13,13,accumulation,N/A,1,0.5042669497265673,0.5415870049317124,,0.5,0.0
13,13,accumulation,N/A,2,0.43076542097580445,0.6360156628956946,,0.4,0.0
13,13,accumulation,N/A,3,0.4893573483888887,0.17576829673434802,,0.6666666666666666,0.5
13,13,accumulation,N/A,4,0.5578877129630285,0.3900257588042465,,0.6666666666666666,0.0
13,13,accumulation,N/A,5,0.5075629805887965,0.20043805691701239,,0.8,0.5
13,13,accumulation,N/A,6,0.37518177574326617,0.28136098638836754,,0.3636363636363636,0.25
13,13,accumulation,N/A,7,0.4174143727091525,0.34484525249420245,,0.5,0.0
13,13,refinement,0.5,0,0.6451484056514134,0.4290743516348119,,0.5,1.0
13,13,refinement,0.5,1,0.4699973056973057,0.4298902700632437,,0.3333333333333333,0.5
13,13,refinement,0.5,2,0.646731363952848,0.4413928143621644,,0.5,1.0
13,13,refinement,0.5,3,0.6478216955233005,0.44691718153393173,,0.5,1.0
13,13,refinement,0.5,4,0.6475476666627322,0.4481089606846888,,0.5,1.0
13,13,refinement,0.5,5,0.48084110222086496,0.4363837799489568,,0.4,0.5
13,13,refinement,0.5,6,0.6468992941708208,0.44691718153393173,,0.5,1.0
13,13,refinement,0.5,7,0.6472054830998915,0.44589682267198244,,0.5,1.0
13,13,refinement,0.8,0,0.6451484056514134,0.4290743516348119,,0.5,1.0
13,13,refinement,0.8,1,0.4184748592055816,0.37934559588611116,,0.3333333333333333,0.3333333333333333
13,13,refinement,0.8,2,0.4797538057419293,0.3809914790757184,,0.4,0.5
13,13,refinement,0.8,3,0.6466825171575521,0.3809914790757184,,0.5,1.0
13,13,refinement,0.8,4,0.6494482033411128,0.40399015670728405,,0.5,1.0
13,13,refinement,0.8,5,0.64245963157214,0.35474962208800925,,0.5,1.0
13,13,refinement,0.8,6,0.4378758729260319,0.3759402072379477,,0.3333333333333333,0.3333333333333333
13,13,refinement,0.8,7,0.4993052223170098,0.3721428314072613,,0.4,0.5
14,14,accumulation,N/A,0,0.32315597822859354,0.2284254935142331,,0.22222222222222224,0.0
14,14,accumulation,N/A,1,0.33959064752162765,0.06994295211962666,,0.4444444444444445,0.0
14,14,accumulation,N/A,2,0.42249462400451476,0.06567589913708542,,0.5714285714285714,0.0
14,14,accumulation,N/A,3,0.3514197210813039,0.06446213747858738,,0.06779661016949153,0.0
14,14,accumulation,N/A,4,0.43070505984244856,0.05459602370173624,,0.588235294117647,0.4
14,14,accumulation,N/A,5,0.2964033076646272,0.0650481060608835,,0.19047619047619044,0.0
14,14,accumulation,N/A,6,0.37040039491355004,0.09412935737638092,,0.3333333333333333,0.0
14,14,accumulation,N/A,7,0.3216007917518569,0.1080388822962603,,0.4444444444444445,0.0
14,14,refinement,0.5,0,0.32315597822859354,0.2284254935142331,,0.22222222222222224,0.0
14,14,refinement,0.5,1,0.33992707992217275,0.22734568526156343,,0.25,0.0
14,14,refinement,0.5,2,0.3232865526758419,0.22734832880175593,,0.22222222222222224,0.0
14,14,refinement,0.5,3,0.32351180581613437,0.22734832880175593,,0.22222222222222224,0.0
14,14,refinement,0.5,4,0.32352904608622324,0.22508092919473485,,0.22222222222222224,0.0
14,14,refinement,0.5,5,0.33168294224045464,0.22508092919473485,,0.125,0.0
14,14,refinement,0.5,6,0.3579135365292626,0.2240011714460768,,0.2,0.0
14,14,refinement,0.5,7,0.33395838878994066,0.111988734565049,,0.25,0.0
14,14,refinement,0.8,0,0.32315597822859354,0.2284254935142331,,0.22222222222222224,0.0
14,14,refinement,0.8,1,0.310029543989216,0.2326394910033051,,0.18181818181818182,0.0
14,14,refinement,0.8,2,0.3402390107708019,0.22965585101324099,,0.25,0.0
14,14,refinement,0.8,3,0.32429538937891134,0.23783869747649106,,0.22222222222222224,0.0
14,14,refinement,0.8,4,0.3399722578499099,0.23184998120662648,,0.25,0.0
14,14,refinement,0.8,5,0.3258406783631511,0.2510271154912574,,0.22222222222222224,0.0
14,14,refinement,0.8,6,0.31222717261023003,0.24984334305533276,,0.18181818181818182,0.0
14,14,refinement,0.8,7,0.3394948606741213,0.24346351504825456,,0.25,0.0
15,15,accumulation,N/A,0,0.2961641051673781,0.0,,0.24000000000000002,0.14285714285714285
15,15,accumulation,N/A,1,0.27687755358738225,0.05548727666189173,,0.11764705882352941,0.0
15,15,accumulation,N/A,2,0.3244645591404425,0.009196159852229288,,0.30508474576271183,0.0
15,15,accumulation,N/A,3,0.3178289990269088,0.009964771541400885,,0.21818181818181817,0.2
15,15,accumulation,N/A,4,0.21495484012781146,0.022928991367785277,,0.1851851851851852,0.0
15,15,accumulation,N/A,5,0.2926318884810669,0.007170361646608107,,0.2807017543859649,0.0
15,15,accumulation,N/A,6,0.21470931294007894,0.006866876285161097,,0.21428571428571427,0.0
15,15,accumulation,N/A,7,0.23732109232943593,0.012940334651912529,,0.21818181818181817,0.0
15,15,refinement,0.5,0,0.2961641051673781,0.0,,0.24000000000000002,0.14285714285714285
15,15,refinement,0.5,1,0.27760447710559055,0.0005286467309611995,,0.2615384615384615,0.0
15,15,refinement,0.5,2,0.2745163325149257,0.0,,0.2072072072072072,0.0
15,15,refinement,0.5,3,0.26395996236405805,0.011370171533011833,,0.08175182481751826,0.0
15,15,refinement,0.5,4,0.30560874637814367,0.010237200758950179,,0.2809917355371901,0.14285714285714285
15,15,refinement,0.5,5,0.26875917880140654,0.00019877417654537563,,0.12641083521444696,0.0
15,15,refinement,0.5,6,0.3077010563678034,0.0,,0.3709677419354839,0.0
15,15,refinement,0.5,7,0.2811062759060679,0.0,,0.28571428571428575,0.0
15,15,refinement,0.8,0,0.2961641051673781,0.0,,0.24000000000000002,0.14285714285714285
15,15,refinement,0.8,1,0.2897736516627233,0.0063713974788775305,,0.06272617611580217,0.0
15,15,refinement,0.8,2,0.26356777937320536,0.0017443822227953152,,0.13513513513513514,0.0
15,15,refinement,0.8,3,0.2678019672258419,0.025782191437385537,,0.05856832971800434,0.0
15,15,refinement,0.8,4,0.2717931011493339,0.006835882000346992,,0.11042944785276074,0.0
15,15,refinement,0.8,5,0.3091650271233695,0.0026363746452310764,,0.5777777777777778,0.0
15,15,refinement,0.8,6,0.3355308398393742,0.006043700334999619,,0.2545454545454545,0.2
15,15,refinement,0.8,7,0.281931858293127,0.0071483156163121425,,0.23728813559322035,0.0
16,16,accumulation,N/A,0,0.40302791037208185,0.08497236288162656,,0.29629629629629634,0.25
16,16,accumulation,N/A,1,0.37626075205479215,0.10669646463881359,,0.2758620689655173,0.0
16,16,accumulation,N/A,2,0.3845633079017744,0.006011918998514061,,0.1951219512195122,0.0
16,16,accumulation,N/A,3,0.3192662654760902,0.02483900182797467,,0.29629629629629634,0.0
16,16,accumulation,N/A,4,0.4619986720051755,0.16630648380851232,,0.34782608695652173,0.0
16,16,accumulation,N/A,5,0.3714227172387139,0.009655548989760161,,0.5454545454545454,0.0
16,16,accumulation,N/A,6,0.33527381625048136,0.07988009079712145,,0.11267605633802817,0.0
16,16,accumulation,N/A,7,0.40580372903853207,0.0459399235230755,,0.2608695652173913,0.0
16,16,refinement,0.5,0,0.40302791037208185,0.08497236288162656,,0.29629629629629634,0.25
16,16,refinement,0.5,1,0.4727035932476212,0.11392034233821269,,0.46153846153846156,0.3333333333333333
16,16,refinement,0.5,2,0.4189932442896956,0.11392034233821269,,0.3529411764705882,0.25
16,16,refinement,0.5,3,0.397756181118746,0.08954668769840902,,0.4444444444444445,0.2
16,16,refinement,0.5,4,0.42844274176776176,0.12437039958112363,,0.375,0.25
16,16,refinement,0.5,5,0.4914982438184871,0.1927088350597549,,0.4285714285714285,0.3333333333333333
16,16,refinement,0.5,6,0.492348031166516,0.289494803604178,,0.3333333333333333,0.3333333333333333
16,16,refinement,0.5,7,0.45048372599379805,0.2902793503678833,,0.30769230769230765,0.25
16,16,refinement,0.8,0,0.40302791037208185,0.08497236288162656,,0.29629629629629634,0.25
16,16,refinement,0.8,1,0.44506496019536673,0.13756193147720963,,0.34782608695652173,0.3333333333333333
16,16,refinement,0.8,2,0.5122413049196342,0.2505699076898371,,0.5714285714285715,0.3333333333333333
16,16,refinement,0.8,3,0.504508112580478,0.25043533677241653,,0.5,0.3333333333333333
16,16,refinement,0.8,4,0.4901342984559561,0.08471112486227268,,0.6153846153846153,0.3333333333333333
16,16,refinement,0.8,5,0.42783276194203923,0.09222703354470631,,0.6153846153846153,0.0
16,16,refinement,0.8,6,0.4365771886438882,0.16678972773414488,,0.39999999999999997,0.25
16,16,refinement,0.8,7,0.5223759138595937,0.15933088567296136,,0.75,0.3333333333333333
17,17,accumulation,N/A,0,0.3632193005626569,0.0033314566057101314,,0.5,0.25
17,17,accumulation,N/A,1,0.3915867337673328,0.009461272689374464,,0.6363636363636364,0.0
17,17,accumulation,N/A,2,0.3286517343632023,0.014911757336733859,,0.3684210526315789,0.0
17,17,accumulation,N/A,3,0.32030932827285313,0.030115282417999246,,0.41818181818181815,0.0
17,17,accumulation,N/A,4,0.39812204185731,0.012798992843664102,,0.5636363636363635,0.14285714285714285
17,17,accumulation,N/A,5,0.3721930117896809,0.0019208434311517636,,0.5365853658536586,0.0
17,17,accumulation,N/A,6,0.3022729822519517,0.0,,0.24761904761904763,0.0
17,17,accumulation,N/A,7,0.38321103831491066,0.039382239831809246,,0.3653846153846153,0.0
17,17,refinement,0.5,0,0.3632193005626569,0.0033314566057101314,,0.5,0.25
17,17,refinement,0.5,1,0.28819917013990504,0.0015640794470398592,,0.46153846153846156,0.0
17,17,refinement,0.5,2,0.3426751185253991,0.0006117088794968192,,0.4878048780487805,0.0
17,17,refinement,0.5,3,0.36446141664722986,0.0018214925495944948,,0.49411764705882355,0.125
17,17,refinement,0.5,4,0.36414753755107887,0.0009737230477974491,,0.5,0.0
17,17,refinement,0.5,5,0.4211926194756453,0.0010602016960248924,,0.5952380952380952,0.2857142857142857
17,17,refinement,0.5,6,0.36796695010429314,0.0,,0.49382716049382713,0.0
17,17,refinement,0.5,7,0.3532558551680419,0.00083974897890569,,0.5454545454545454,0.0
17,17,refinement,0.8,0,0.3632193005626569,0.0033314566057101314,,0.5,0.25
17,17,refinement,0.8,1,0.36975945810179045,0.00834789506113858,,0.5046728971962617,0.0
17,17,refinement,0.8,2,0.37222622504688474,0.001660505765189878,,0.5121951219512195,0.2857142857142857
17,17,refinement,0.8,3,0.3314812494301832,0.000995204085023116,,0.5352112676056338,0.0
17,17,refinement,0.8,4,0.3567845782040259,0.004713042882441441,,0.6,0.0
17,17,refinement,0.8,5,0.3666873074122644,0.004247647459533881,,0.6753246753246753,0.14285714285714285
17,17,refinement,0.8,6,0.3220373493171841,0.001176784842070987,,0.46376811594202894,0.0
17,17,refinement,0.8,7,0.33920728843947867,0.022796558671291843,,0.5797101449275361,0.0
18,18,accumulation,N/A,0,0.31617291729665425,0.009231719220730862,,0.23728813559322035,0.16666666666666666
18,18,accumulation,N/A,1,0.3504217724597931,0.0,,0.42857142857142855,0.0
18,18,accumulation,N/A,2,0.24306881322036408,0.061978131514808806,,0.03550295857988166,0.0
18,18,accumulation,N/A,3,0.28698223306985526,0.0,,0.25,0.0
18,18,accumulation,N/A,4,0.2444657971937723,0.0,,0.5714285714285714,0.0
18,18,accumulation,N/A,5,0.2591909352780839,0.013739919538405686,,0.3,0.0
18,18,accumulation,N/A,6,0.22577022755838216,0.0,,0.22222222222222224,0.0
18,18,accumulation,N/A,7,0.2382323781918619,0.12625486960413293,,0.051470588235294115,0.0
18,18,refinement,0.5,0,0.31617291729665425,0.009231719220730862,,0.23728813559322035,0.16666666666666666
18,18,refinement,0.5,1,0.28140492293320923,0.06373973128933633,,0.125,0.2
18,18,refinement,0.5,2,0.32393640913539323,0.021174507145092215,,0.2727272727272727,0.3333333333333333
18,18,refinement,0.5,3,0.2930215994115227,0.0313636325514269,,0.22222222222222224,0.2
18,18,refinement,0.5,4,0.31927327230572233,0.021120653881707068,,0.23999999999999996,0.2
18,18,refinement,0.5,5,0.27037776673498815,0.062400751492920924,,0.11764705882352941,0.16666666666666666
18,18,refinement,0.5,6,0.3405000446688494,0.03143085212532414,,0.23529411764705882,0.4
18,18,refinement,0.5,7,0.27016062771431176,0.0627272651028538,,0.11764705882352941,0.16666666666666666
18,18,refinement,0.8,0,0.31617291729665425,0.009231719220730862,,0.23728813559322035,0.16666666666666666
18,18,refinement,0.8,1,0.30686911084808854,0.031241059678434366,,0.19047619047619047,0.14285714285714285
18,18,refinement,0.8,2,0.2772369748603066,0.014744004847346807,,0.025531914893617023,0.16666666666666666
18,18,refinement,0.8,3,0.31632462122007116,0.06503225806451583,,0.1,0.2
18,18,refinement,0.8,4,0.27959328480637974,0.01603832320248386,,0.08333333333333333,0.0
18,18,refinement,0.8,5,0.2580713143580641,0.019710497455411875,,0.2727272727272727,0.0
18,18,refinement,0.8,6,0.279151017228667,0.030321983152604773,,0.25,0.0
18,18,refinement,0.8,7,0.29170455350633645,0.019620781350222407,,0.21428571428571427,0.16666666666666666
19,19,accumulation,N/A,0,0.3245791113441263,0.008079142158781447,,0.5333333333333333,0.0
19,19,accumulation,N/A,1,0.3374639798120664,0.053242118570938975,,0.4772727272727273,0.0
19,19,accumulation,N/A,2,0.31203023036115274,0.01741678195866052,,0.4114285714285714,0.0
19,19,accumulation,N/A,3,0.3467293007283846,0.006902557836290177,,0.5325443786982249,0.0
19,19,accumulation,N/A,4,0.3044246841247808,0.00720266185329361,,0.5714285714285715,0.0
19,19,accumulation,N/A,5,0.38835057686956753,0.02649351664365552,,0.6078431372549019,0.14285714285714285
19,19,accumulation,N/A,6,0.3166630979359108,0.002429701517859033,,0.5652173913043478,0.0
19,19,accumulation,N/A,7,0.34249806661750193,0.016175024019011126,,0.6141732283464566,0.0
19,19,refinement,0.5,0,0.3245791113441263,0.008079142158781447,,0.5333333333333333,0.0
19,19,refinement,0.5,1,0.2863096722975822,0.010590248099778049,,0.5106382978723404,0.0
19,19,refinement,0.5,2,0.29444699916675204,0.010238228877138605,,0.45999999999999996,0.0
19,19,refinement,0.5,3,0.28671225458043254,0.007326905569133944,,0.5102040816326531,0.0
19,19,refinement,0.5,4,0.29437851338475163,0.007936762589904212,,0.47826086956521735,0.0
19,19,refinement,0.5,5,0.303156186479971,0.00767194796341831,,0.5052631578947369,0.0
19,19,refinement,0.5,6,0.3050260646123904,0.007386230820574125,,0.5510204081632654,0.0
19,19,refinement,0.5,7,0.2875292905032256,0.009107816267521883,,0.5272727272727272,0.0
19,19,refinement,0.8,0,0.3245791113441263,0.008079142158781447,,0.5333333333333333,0.0
19,19,refinement,0.8,1,0.30953140175871874,0.010217840552218664,,0.5272727272727272,0.125
19,19,refinement,0.8,2,0.31454773728080127,0.006183925696009954,,0.5405405405405406,0.125
19,19,refinement,0.8,3,0.30147849963790385,0.012976043659831536,,0.4227642276422764,0.0
19,19,refinement,0.8,4,0.31738940487659284,0.008875850439951193,,0.44,0.125
19,19,refinement,0.8,5,0.31315997182100086,0.0085048899220303,,0.41818181818181815,0.125
19,19,refinement,0.8,6,0.34116353796147836,0.006323124452284682,,0.591304347826087,0.14285714285714285
19,19,refinement,0.8,7,0.29219418186050383,0.00482727445414493,,0.4423076923076923,0.0
20,20,accumulation,N/A,0,0.29715859159366126,0.008492306172905343,,0.3,0.0
20,20,accumulation,N/A,1,0.3573646299197678,0.0190255571605104,,0.5420560747663551,0.125
20,20,accumulation,N/A,2,0.3296599012848245,0.0007896431646283924,,0.46153846153846156,0.0
20,20,accumulation,N/A,3,0.347608853505269,0.005649001595029265,,0.49382716049382713,0.0
20,20,accumulation,N/A,4,0.39205629958292787,0.018093756224638543,,0.5714285714285713,0.0
20,20,accumulation,N/A,5,0.32697975811439534,0.0,,0.36111111111111116,0.0
20,20,accumulation,N/A,6,0.3985326981418078,0.011777043976143143,,0.5977011494252873,0.14285714285714285
20,20,accumulation,N/A,7,0.45141594157552567,0.0,,0.6938775510204082,0.2857142857142857
20,20,refinement,0.5,0,0.29715859159366126,0.008492306172905343,,0.3,0.0
20,20,refinement,0.5,1,0.2715550356145692,0.010232606668411843,,0.2898550724637681,0.0
20,20,refinement,0.5,2,0.2660459771359912,0.012617067552868795,,0.25,0.0
20,20,refinement,0.5,3,0.2659269780689576,0.008200266483633329,,0.3013698630136986,0.0
20,20,refinement,0.5,4,0.26812626708251197,0.009320180448876163,,0.31884057971014496,0.0
20,20,refinement,0.5,5,0.26744153771458234,0.007402064269929556,,0.3142857142857143,0.0
20,20,refinement,0.5,6,0.2697156982855155,0.006191532155840918,,0.32352941176470584,0.0
20,20,refinement,0.5,7,0.28292273633803705,0.007861719866971536,,0.3225806451612903,0.0
20,20,refinement,0.8,0,0.29715859159366126,0.008492306172905343,,0.3,0.0
20,20,refinement,0.8,1,0.3105955302717132,0.006585448700241581,,0.3492063492063492,0.0
20,20,refinement,0.8,2,0.32305495445971955,0.004686056135362917,,0.42424242424242425,0.0
20,20,refinement,0.8,3,0.3014756130952095,0.04316284973991482,,0.2857142857142857,0.0
20,20,refinement,0.8,4,0.28073505992999015,0.034073088619919374,,0.2962962962962963,0.0
20,20,refinement,0.8,5,0.3268238424483989,0.026850309754244628,,0.33333333333333337,0.14285714285714285
20,20,refinement,0.8,6,0.3033514113663889,0.02503404767126984,,0.4067796610169491,0.0
20,20,refinement,0.8,7,0.29219123979060013,0.0377053539747779,,0.3636363636363636,0.0
21,21,accumulation,N/A,0,0.365121226556848,0.08521593019720318,,0.2181818181818182,0.25
21,21,accumulation,N/A,1,0.3855113561377532,0.1269681818669533,,0.21276595744680854,0.25
21,21,accumulation,N/A,2,0.4055038662470424,0.132081673960799,,0.4102564102564103,0.2
21,21,accumulation,N/A,3,0.441177354174195,0.12840667683290455,,0.27692307692307694,0.25
21,21,accumulation,N/A,4,0.4254414413615582,0.08284650648412258,,0.4102564102564103,0.5
21,21,accumulation,N/A,5,0.5313384118454536,0.12183732938939584,,0.6896551724137931,0.5
21,21,accumulation,N/A,6,0.36903950607018665,0.059466354686320076,,0.3888888888888889,0.0
21,21,accumulation,N/A,7,0.3142215075309806,0.009366042981985468,,0.45000000000000007,0.16666666666666666
21,21,refinement,0.5,0,0.365121226556848,0.08521593019720318,,0.2181818181818182,0.25
21,21,refinement,0.5,1,0.33382640132713043,0.0725563539782839,,0.14814814814814814,0.2
21,21,refinement,0.5,2,0.27483669214004286,0.06018338426956552,,0.043076923076923075,0.0
21,21,refinement,0.5,3,0.2585280799502874,0.06082762731228969,,0.05243445692883895,0.0
21,21,refinement,0.5,4,0.2921153449054585,0.21040673942135973,,0.14814814814814817,0.0
21,21,refinement,0.5,5,0.3553302427516213,0.14093692191448917,,0.18181818181818182,0.4
21,21,refinement,0.5,6,0.3280522313126877,0.21123352596349765,,0.14285714285714285,0.25
21,21,refinement,0.5,7,0.32960766921750767,0.20836085175200975,,0.17391304347826086,0.25
21,21,refinement,0.8,0,0.365121226556848,0.08521593019720318,,0.2181818181818182,0.25
21,21,refinement,0.8,1,0.4556012391197359,0.05953015165562831,,0.2571428571428572,0.6
21,21,refinement,0.8,2,0.3298422422023485,0.07504370494640458,,0.1333333333333333,0.0
21,21,refinement,0.8,3,0.36848330969356513,0.07468272862856547,,0.24561403508771928,0.0
21,21,refinement,0.8,4,0.3411816053461145,0.13599648123628746,,0.14925373134328357,0.0
21,21,refinement,0.8,5,0.3979303162503171,0.22270542666257812,,0.24,0.25
21,21,refinement,0.8,6,0.43905178142372114,0.11328254160699493,,0.48,0.5
21,21,refinement,0.8,7,0.3544254684276159,0.13107071280066332,,0.37037037037037035,0.0
22,22,accumulation,N/A,0,0.27762024509427563,0.007597788659245023,,0.40935672514619886,0.0
22,22,accumulation,N/A,1,0.26628309978964493,0.0011138041136553854,,0.30243902439024395,0.0
22,22,accumulation,N/A,2,0.3738745367285109,0.025269606670343323,,0.4892086330935252,0.0
22,22,accumulation,N/A,3,0.3782496492628766,0.02101755163220174,,0.44642857142857145,0.2857142857142857
22,22,accumulation,N/A,4,0.3929659842995347,0.019316460473870187,,0.6067415730337078,0.14285714285714285
22,22,accumulation,N/A,5,0.2808605365902406,0.005267153124168022,,0.3141361256544503,0.0
22,22,accumulation,N/A,6,0.3216201257147145,0.010082115638081274,,0.4081632653061225,0.0
22,22,accumulation,N/A,7,0.30853550401394925,0.008486130854578281,,0.2542372881355932,0.0
22,22,refinement,0.5,0,0.27762024509427563,0.007597788659245023,,0.40935672514619886,0.0
22,22,refinement,0.5,1,0.3060597295052446,0.012714036178805682,,0.43037974683544306,0.0
22,22,refinement,0.5,2,0.27460227664160114,0.018903759819667056,,0.3763440860215054,0.0
22,22,refinement,0.5,3,0.2855097935827439,0.012210787543876193,,0.39325842696629215,0.0
22,22,refinement,0.5,4,0.3191152706177231,0.008414655524342366,,0.4049079754601227,0.25
22,22,refinement,0.5,5,0.3022329155920734,0.010493595547602751,,0.464516129032258,0.125
22,22,refinement,0.5,6,0.2801017913363305,0.011135798960928969,,0.42953020134228187,0.125
22,22,refinement,0.5,7,0.28803316295802334,0.0096077435862424,,0.4539007092198582,0.0
22,22,refinement,0.8,0,0.27762024509427563,0.007597788659245023,,0.40935672514619886,0.0
22,22,refinement,0.8,1,0.28662428231324505,0.005736789696233835,,0.40476190476190477,0.0
22,22,refinement,0.8,2,0.26337439205106383,0.03180285553279199,,0.4,0.0
22,22,refinement,0.8,3,0.31357960750125624,0.03261849269005628,,0.4122137404580153,0.125
22,22,refinement,0.8,4,0.31592418646349446,0.016906729744437844,,0.41891891891891886,0.14285714285714285
22,22,refinement,0.8,5,0.25245102565178257,0.020633427019473356,,0.36486486486486486,0.0
22,22,refinement,0.8,6,0.2883079410314162,0.03734440082063252,,0.38888888888888895,0.0
22,22,refinement,0.8,7,0.2775918793224825,0.027675885495536873,,0.3829787234042553,0.0
23,23,accumulation,N/A,0,0.38324333308832725,0.17842608651460118,,0.4516129032258065,0.0
23,23,accumulation,N/A,1,0.38517464558294456,0.14047185920482003,,0.29508196721311475,0.2
23,23,accumulation,N/A,2,0.39957447048380157,0.11659709098627981,,0.39999999999999997,0.25
23,23,accumulation,N/A,3,0.3106575715402088,0.06125867691826189,,0.3125,0.0
23,23,accumulation,N/A,4,0.3428456322597163,0.10517830694991542,,0.2650602409638554,0.0
23,23,accumulation,N/A,5,0.3893028432622251,0.13126285005965577,,0.2891566265060241,0.2
23,23,accumulation,N/A,6,0.34087242876513885,0.1068365058360952,,0.24999999999999994,0.0
23,23,accumulation,N/A,7,0.3855640537876833,0.06982446693634374,,0.3673469387755102,0.0
23,23,refinement,0.5,0,0.38324333308832725,0.17842608651460118,,0.4516129032258065,0.0
23,23,refinement,0.5,1,0.41923355759820197,0.1584378272482833,,0.5,0.0
23,23,refinement,0.5,2,0.36002735131631225,0.17233925843462655,,0.4666666666666667,0.0
23,23,refinement,0.5,3,0.4186832595425225,0.1550536972268718,,0.5333333333333333,0.0
23,23,refinement,0.5,4,0.4220934122721137,0.16018513251800456,,0.48275862068965514,0.0
23,23,refinement,0.5,5,0.37971626908894857,0.14987729014999937,,0.5161290322580646,0.0
23,23,refinement,0.5,6,0.3844975504934337,0.13276422166920462,,0.5,0.0
23,23,refinement,0.5,7,0.3740576829314489,0.13661051778206568,,0.48484848484848486,0.0
23,23,refinement,0.8,0,0.38324333308832725,0.17842608651460118,,0.4516129032258065,0.0
23,23,refinement,0.8,1,0.4160554543666229,0.12947423803514654,,0.5555555555555555,0.0
23,23,refinement,0.8,2,0.3560538161114193,0.15849678747221743,,0.4242424242424242,0.0
23,23,refinement,0.8,3,0.4243813698735397,0.16828222545161697,,0.4666666666666667,0.0
23,23,refinement,0.8,4,0.38861454698028614,0.13969261380518863,,0.5161290322580646,0.0
23,23,refinement,0.8,5,0.38405015259295683,0.14095142594311294,,0.5294117647058824,0.0
23,23,refinement,0.8,6,0.3938028660510951,0.13348324837357253,,0.5454545454545454,0.0
23,23,refinement,0.8,7,0.3959041409136407,0.1511941437657168,,0.5517241379310345,0.0
24,24,accumulation,N/A,0,0.5538836246852143,0.4524576087004235,,0.5,0.5
24,24,accumulation,N/A,1,0.6481611477525957,0.8407286157978677,,0.6666666666666666,0.5
24,24,accumulation,N/A,2,0.7119372000621323,0.4801905697394609,,1.0,1.0
24,24,accumulation,N/A,3,0.7756210540574904,0.615189641439879,,1.0,1.0
24,24,accumulation,N/A,4,0.4898705688609476,0.37920662852800535,,0.5,0.5
24,24,accumulation,N/A,5,0.5753347932401414,0.6279896843942553,,0.6666666666666666,0.0
24,24,accumulation,N/A,6,0.5157034432955775,0.38789425372752634,,0.6666666666666666,0.5
24,24,accumulation,N/A,7,0.6254274495959341,0.6910545705733364,,0.6666666666666666,0.5
24,24,refinement,0.5,0,0.5538836246852143,0.4524576087004235,,0.5,0.5
24,24,refinement,0.5,1,0.7791539778328194,0.45518767868571786,,1.0,1.0
24,24,refinement,0.5,2,0.7789160771172232,0.45427400206402174,,1.0,1.0
24,24,refinement,0.5,3,0.7784104049838593,0.45152702433239456,,1.0,1.0
24,24,refinement,0.5,4,0.7788436064202074,0.4542906511308175,,1.0,1.0
24,24,refinement,0.5,5,0.7783387593335053,0.45224667519682,,1.0,1.0
24,24,refinement,0.5,6,0.7805881255611737,0.46970126743070867,,1.0,1.0
24,24,refinement,0.5,7,0.7807738537617932,0.4706443696460617,,1.0,1.0
24,24,refinement,0.8,0,0.5538836246852143,0.4524576087004235,,0.5,0.5
24,24,refinement,0.8,1,0.5810614108679137,0.4622880414762046,,0.6666666666666666,0.5
24,24,refinement,0.8,2,0.7784079870180325,0.42213876228011865,,1.0,1.0
24,24,refinement,0.8,3,0.7796199097378086,0.424330821686671,,1.0,1.0
24,24,refinement,0.8,4,0.5792657379076095,0.42734345919951733,,0.6666666666666666,0.5
24,24,refinement,0.8,5,0.47948674616753506,0.426637820753212,,0.33333333333333337,0.3333333333333333
24,24,refinement,0.8,6,0.7804318681397342,0.43501114789541184,,1.0,1.0
24,24,refinement,0.8,7,0.7791826685149488,0.426637820753212,,1.0,1.0
25,25,accumulation,N/A,0,0.2707092231602234,0.058609312167262444,,0.37288135593220345,0.16666666666666666
25,25,accumulation,N/A,1,0.26870656165032275,0.007442243844075951,,0.2777777777777778,0.0
25,25,accumulation,N/A,2,0.27617725546471067,0.0,,0.33898305084745767,0.0
25,25,accumulation,N/A,3,0.336360417662385,0.02616887240765706,,0.28571428571428575,0.25
25,25,accumulation,N/A,4,0.2495235274005769,0.0,,0.4130434782608696,0.0
25,25,accumulation,N/A,5,0.30021070138328637,0.0035488411430469914,,0.48101265822784817,0.0
25,25,accumulation,N/A,6,0.29314320420016604,0.010228005927617781,,0.39639639639639646,0.125
25,25,accumulation,N/A,7,0.3162244892166113,0.011880720505863024,,0.3925233644859813,0.0
25,25,refinement,0.5,0,0.2707092231602234,0.058609312167262444,,0.37288135593220345,0.16666666666666666
25,25,refinement,0.5,1,0.30548134077495614,0.07087167599929865,,0.37037037037037035,0.3333333333333333
25,25,refinement,0.5,2,0.30149882901669844,0.07435829006835888,,0.3,0.3333333333333333
25,25,refinement,0.5,3,0.29645468921617674,0.06425282581327324,,0.3333333333333333,0.3333333333333333
25,25,refinement,0.5,4,0.33023692345324274,0.07332750596887924,,0.3018867924528301,0.5
25,25,refinement,0.5,5,0.30347934162777773,0.056611096016001936,,0.37037037037037035,0.3333333333333333
25,25,refinement,0.5,6,0.3215965690866712,0.057473828672769234,,0.3508771929824561,0.5
25,25,refinement,0.5,7,0.2960437009865149,0.051131886017956554,,0.36666666666666664,0.3333333333333333
25,25,refinement,0.8,0,0.2707092231602234,0.058609312167262444,,0.37288135593220345,0.16666666666666666
25,25,refinement,0.8,1,0.2745023120131665,0.052348711652601694,,0.3793103448275862,0.16666666666666666
25,25,refinement,0.8,2,0.29429539436272106,0.08244756722271819,,0.2692307692307692,0.3333333333333333
25,25,refinement,0.8,3,0.2900103779619549,0.06974485392465568,,0.29629629629629634,0.3333333333333333
25,25,refinement,0.8,4,0.2843615243942801,0.058134078570741744,,0.32727272727272727,0.3333333333333333
25,25,refinement,0.8,5,0.33717726057474395,0.060069575886300526,,0.32727272727272727,0.5
25,25,refinement,0.8,6,0.26645943762426677,0.06080425986002479,,0.3,0.2857142857142857
25,25,refinement,0.8,7,0.3190068788297181,0.06756487457981245,,0.2857142857142857,0.5
26,26,accumulation,N/A,0,0.4122816719267868,0.0005366748645060566,,0.4285714285714286,0.25
26,26,accumulation,N/A,1,0.3347964112992828,0.014561644924454763,,0.3076923076923077,0.0
26,26,accumulation,N/A,2,0.33038837334629995,0.0,,0.36363636363636365,0.0
26,26,accumulation,N/A,3,0.32127465698537566,0.016316171570263813,,0.47826086956521735,0.0
26,26,accumulation,N/A,4,0.30461862912969273,0.021130741892236432,,0.2380952380952381,0.0
26,26,accumulation,N/A,5,0.3189358756661176,0.020135811145816022,,0.29411764705882354,0.25
26,26,accumulation,N/A,6,0.28882536739381787,0.0,,0.45,0.0
26,26,accumulation,N/A,7,0.30397059260339043,0.0,,0.3783783783783784,0.0
26,26,refinement,0.5,0,0.4122816719267868,0.0005366748645060566,,0.4285714285714286,0.25
26,26,refinement,0.5,1,0.36701117338150285,0.0,,0.4,0.25
26,26,refinement,0.5,2,0.3328790628600325,0.003156014117975956,,0.4210526315789474,0.0
26,26,refinement,0.5,3,0.32899427758774324,4.573933504313114e-05,,0.3913043478260869,0.0
26,26,refinement,0.5,4,0.363881338552434,0.003550515882722962,,0.35555555555555557,0.25
26,26,refinement,0.5,5,0.41032458900028773,0.003945017647469945,,0.4324324324324324,0.5
26,26,refinement,0.5,6,0.37504788314040777,0.0,,0.4444444444444445,0.25
26,26,refinement,0.5,7,0.37428439363088106,0.003979322148752294,,0.4444444444444445,0.25
26,26,refinement,0.8,0,0.4122816719267868,0.0005366748645060566,,0.4285714285714286,0.25
26,26,refinement,0.8,1,0.3057372584964347,0.047420132948363586,,0.3913043478260869,0.0
26,26,refinement,0.8,2,0.3237910691558662,0.042838139674385455,,0.43478260869565216,0.0
26,26,refinement,0.8,3,0.366997741600295,0.053370337323079,,0.4444444444444445,0.25
26,26,refinement,0.8,4,0.37859084666020326,0.05163111080823617,,0.4324324324324324,0.25
26,26,refinement,0.8,5,0.3723345172465857,0.0530660687101252,,0.380952380952381,0.25
26,26,refinement,0.8,6,0.35061379843888835,0.05146868738192922,,0.48484848484848486,0.0
26,26,refinement,0.8,7,0.4196184681170644,0.053395315640738183,,0.5,0.5
27,27,accumulation,N/A,0,0.1781077683586519,0.0,,0.21428571428571427,0.0
27,27,accumulation,N/A,1,0.4402801358715498,0.0593572450587148,,0.6382978723404256,0.16666666666666666
27,27,accumulation,N/A,2,0.3032024809099153,0.16367827521958703,,0.16,0.0
27,27,accumulation,N/A,3,0.3014847951733391,0.11797177363855928,,0.16666666666666666,0.5
27,27,accumulation,N/A,4,0.4014977123360098,0.03560841925835259,,0.625,0.0
27,27,accumulation,N/A,5,0.4583166252612579,0.1040466304309827,,0.5365853658536586,0.2
27,27,accumulation,N/A,6,0.4723787907508856,0.05120919950418389,,0.5789473684210527,0.4
27,27,accumulation,N/A,7,0.3927832748041694,0.054797328613740676,,0.5925925925925926,0.0
27,27,refinement,0.5,0,0.1781077683586519,0.0,,0.21428571428571427,0.0
27,27,refinement,0.5,1,0.15917036439790588,0.0,,0.0909090909090909,0.2
27,27,refinement,0.5,2,0.24806290277304027,0.0,,0.3448275862068966,0.2
27,27,refinement,0.5,3,0.2945163068307217,0.0,,0.5,0.2
27,27,refinement,0.5,4,0.26104774711690243,0.0,,0.26666666666666666,0.2
27,27,refinement,0.5,5,0.2582159286160845,0.0,,0.41379310344827586,0.16666666666666666
27,27,refinement,0.5,6,0.2305971309645322,0.0,,0.41379310344827586,0.16666666666666666
27,27,refinement,0.5,7,0.23750881240194074,0.0,,0.41379310344827586,0.16666666666666666
27,27,refinement,0.8,0,0.1781077683586519,0.0,,0.21428571428571427,0.0
27,27,refinement,0.8,1,0.1625743028911848,0.0,,0.07692307692307691,0.0
27,27,refinement,0.8,2,0.18228873640991794,0.0,,0.15384615384615383,0.2
27,27,refinement,0.8,3,0.2749484082053764,0.00044982755751153946,,0.45714285714285713,0.2
27,27,refinement,0.8,4,0.24373200046394514,0.0010367154438448848,,0.28571428571428575,0.0
27,27,refinement,0.8,5,0.2713877394595687,1.50459291042015e-05,,0.43478260869565216,0.2
27,27,refinement,0.8,6,0.33533668729693006,0.04020670652608415,,0.631578947368421,0.2
27,27,refinement,0.8,7,0.3079683559130906,0.000410148372642875,,0.4888888888888889,0.2
28,28,accumulation,N/A,0,0.34896279341804226,0.0,,0.3333333333333333,0.3333333333333333
28,28,accumulation,N/A,1,0.29664584131058075,0.1255787448535757,,0.0032520325203252032,0.0
28,28,accumulation,N/A,2,0.6462612976485427,0.04072881182578199,,1.0,1.0
28,28,accumulation,N/A,3,0.3239562880089638,0.0,,0.0019102196752626554,0.3333333333333333
28,28,accumulation,N/A,4,0.510486583531773,0.7214185799628249,,0.5,0.0
28,28,accumulation,N/A,5,0.3670056804490853,0.0,,0.4,0.0
28,28,accumulation,N/A,6,0.4737372063130482,0.0014781844628778342,,0.6666666666666666,0.0
28,28,accumulation,N/A,7,0.1726272397834148,0.0,,0.0,0.0
28,28,refinement,0.5,0,0.34896279341804226,0.0,,0.3333333333333333,0.3333333333333333
28,28,refinement,0.5,1,0.4099325521059698,0.0012338315027671993,,0.4,0.5
28,28,refinement,0.5,2,0.3495974530343865,0.001247597099534349,,0.3333333333333333,0.3333333333333333
28,28,refinement,0.5,3,0.5754364336537753,0.0,,0.5,1.0
28,28,refinement,0.5,4,0.4099416176061875,0.0,,0.4,0.5
28,28,refinement,0.5,5,0.35040373485611187,0.0,,0.3333333333333333,0.3333333333333333
28,28,refinement,0.5,6,0.5756299818492281,0.00027832461849365157,,0.5,1.0
28,28,refinement,0.5,7,0.5761232156438547,0.0,,0.5,1.0
28,28,refinement,0.8,0,0.34896279341804226,0.0,,0.3333333333333333,0.3333333333333333
28,28,refinement,0.8,1,0.41228956316192666,0.0,,0.4,0.5
28,28,refinement,0.8,2,0.3949644124563243,0.0,,0.28571428571428575,0.5
28,28,refinement,0.8,3,0.3198979686495278,0.0,,0.3333333333333333,0.0
28,28,refinement,0.8,4,0.32662613973825483,0.0,,0.3333333333333333,0.0
28,28,refinement,0.8,5,0.2881149165403347,0.0,,0.09999999999999999,0.0
28,28,refinement,0.8,6,0.2785388273059356,0.0,,0.006734006734006735,0.0
28,28,refinement,0.8,7,0.2581227086294633,0.0,,0.004319654427645789,0.0
29,29,accumulation,N/A,0,0.4362306979214972,0.06359986618015673,,0.5454545454545454,0.2
29,29,accumulation,N/A,1,0.3975357694876478,0.11154459807997795,,0.6,0.0
29,29,accumulation,N/A,2,0.3303379313385084,0.1763842803239918,,0.17948717948717952,0.0
29,29,accumulation,N/A,3,0.27558698478045024,0.13695192434014497,,0.16901408450704225,0.0
29,29,accumulation,N/A,4,0.3739484253199309,0.03714988172716753,,0.32558139534883723,0.0
29,29,accumulation,N/A,5,0.3985466509043114,0.026654116672542555,,0.5185185185185185,0.0
29,29,accumulation,N/A,6,0.3678999917261534,0.1287055974802766,,0.22580645161290322,0.0
29,29,accumulation,N/A,7,0.44923990197177116,0.1815854559241033,,0.38095238095238093,0.25
29,29,refinement,0.5,0,0.4362306979214972,0.06359986618015673,,0.5454545454545454,0.2
29,29,refinement,0.5,1,0.38388056364691675,0.2940861890147799,,0.25,0.0
29,29,refinement,0.5,2,0.4204078815925968,0.09462192729680405,,0.4,0.2
29,29,refinement,0.5,3,0.45775921307618916,0.1481862605889115,,0.5,0.25
29,29,refinement,0.5,4,0.402327101289954,0.10888064150248286,,0.3333333333333333,0.0
29,29,refinement,0.5,5,0.42875529148085934,0.21587125112420835,,0.375,0.0
29,29,refinement,0.5,6,0.47447806530916736,0.2130811598588893,,0.39999999999999997,0.25
29,29,refinement,0.5,7,0.42721412144976817,0.2179204637949881,,0.33333333333333326,0.0
29,29,refinement,0.8,0,0.4362306979214972,0.06359986618015673,,0.5454545454545454,0.2
29,29,refinement,0.8,1,0.42004111011312767,0.08276258172977978,,0.4761904761904762,0.0
29,29,refinement,0.8,2,0.41352281516327116,0.06277571289027042,,0.5384615384615385,0.0
29,29,refinement,0.8,3,0.3759877350411002,0.08821638236237438,,0.18518518518518517,0.0
29,29,refinement,0.8,4,0.40157801222763856,0.06641343849532107,,0.26229508196721313,0.2
29,29,refinement,0.8,5,0.3558639315254297,0.0975145350924994,,0.13698630136986303,0.0
29,29,refinement,0.8,6,0.3853370845733388,0.19533762347312633,,0.13559322033898305,0.0
29,29,refinement,0.8,7,0.3609031915708377,0.08230836283808168,,0.19999999999999998,0.0
30,30,accumulation,N/A,0,0.20900499289000085,0.01302575940016397,,0.034548944337811895,0.0
30,30,accumulation,N/A,1,0.31052447316583054,0.011556357660842398,,0.3333333333333333,0.0
30,30,accumulation,N/A,2,0.3151445749922931,0.002654169181052452,,0.39999999999999997,0.16666666666666666
30,30,accumulation,N/A,3,0.3375700347479261,0.03742111156619095,,0.40740740740740744,0.16666666666666666
30,30,accumulation,N/A,4,0.45751669089966784,0.00843783873272067,,0.46153846153846156,0.4
30,30,accumulation,N/A,5,0.3245643099952036,0.034661054951344444,,0.3673469387755102,0.0
30,30,accumulation,N/A,6,0.35676454891230924,0.014198465985186252,,0.48648648648648646,0.3333333333333333
30,30,accumulation,N/A,7,0.40187733026066225,0.01168802306048911,,0.32653061224489793,0.4
30,30,refinement,0.5,0,0.20900499289000085,0.01302575940016397,,0.034548944337811895,0.0
30,30,refinement,0.5,1,0.3342416848092968,0.017150114196721574,,0.48484848484848486,0.0
30,30,refinement,0.5,2,0.36033280839601955,0.014513358368570786,,0.5714285714285715,0.0
30,30,refinement,0.5,3,0.3677634911013143,0.024149628592350408,,0.4000000000000001,0.2
30,30,refinement,0.5,4,0.30837962721843604,0.023248014349572316,,0.4000000000000001,0.0
30,30,refinement,0.5,5,0.35439769739355254,0.018353561513001,,0.5161290322580646,0.0
30,30,refinement,0.5,6,0.28136904976221283,0.02143487961983609,,0.33333333333333337,0.0
30,30,refinement,0.5,7,0.35289083353005146,0.02134966729119638,,0.4827586206896552,0.2
30,30,refinement,0.8,0,0.20900499289000085,0.01302575940016397,,0.034548944337811895,0.0
30,30,refinement,0.8,1,0.35602707298877323,0.01847020624927509,,0.3333333333333333,0.0
30,30,refinement,0.8,2,0.35216896070334375,0.016223131755972724,,0.45,0.0
30,30,refinement,0.8,3,0.3801439605989227,0.022479938209234038,,0.41379310344827586,0.3333333333333333
30,30,refinement,0.8,4,0.3415776933750639,0.019132500849624662,,0.39999999999999997,0.0
30,30,refinement,0.8,5,0.3784958444246143,0.02049230647398575,,0.47058823529411764,0.0
30,30,refinement,0.8,6,0.4571165794497462,0.017890514941096933,,0.6206896551724139,0.6
30,30,refinement,0.8,7,0.3781931889602855,0.06834089049642611,,0.625,0.0
31,31,accumulation,N/A,0,0.31702862001665244,0.017271510355503093,,0.11529933481152993,0.125
31,31,accumulation,N/A,1,0.4029512533660421,0.00028936698805474517,,0.6857142857142857,0.125
31,31,accumulation,N/A,2,0.3243372190353705,0.005531513418727618,,0.3486238532110092,0.0
31,31,accumulation,N/A,3,0.37149692202141504,0.0083848168948643,,0.5225225225225224,0.0
31,31,accumulation,N/A,4,0.3186655848535231,0.0007703692829297657,,0.5090909090909091,0.0
31,31,accumulation,N/A,5,0.3625652592385816,0.0025696696921309855,,0.6796116504854368,0.0
31,31,accumulation,N/A,6,0.3988508421895481,0.01231799251324499,,0.6862745098039215,0.125
31,31,accumulation,N/A,7,0.33628597493585566,0.005830525936010204,,0.4444444444444445,0.0
31,31,refinement,0.5,0,0.31702862001665244,0.017271510355503093,,0.11529933481152993,0.125
31,31,refinement,0.5,1,0.3160267621472091,0.0,,0.5405405405405405,0.0
31,31,refinement,0.5,2,0.337382240944756,0.016988481669716657,,0.7160493827160493,0.0
31,31,refinement,0.5,3,0.2897675889746161,0.005185623115651912,,0.49350649350649356,0.14285714285714285
31,31,refinement,0.5,4,0.29276671830066986,0.0044078111420386,,0.47887323943661975,0.14285714285714285
31,31,refinement,0.5,5,0.32590994390771855,0.024561225495250662,,0.5925925925925926,0.125
31,31,refinement,0.5,6,0.32259833090938345,0.02121119783203431,,0.5454545454545454,0.0
31,31,refinement,0.5,7,0.32816011973980247,0.024013528836586574,,0.5647058823529411,0.14285714285714285
31,31,refinement,0.8,0,0.31702862001665244,0.017271510355503093,,0.11529933481152993,0.125
31,31,refinement,0.8,1,0.2979834108820648,0.006326580583751205,,0.6506024096385543,0.0
31,31,refinement,0.8,2,0.32876617657257456,0.013899434999528901,,0.6419753086419754,0.0
31,31,refinement,0.8,3,0.37947658947998125,0.011905235375950207,,0.75,0.25
31,31,refinement,0.8,4,0.34021772431771297,0.0008548815937738429,,0.6216216216216216,0.25
31,31,refinement,0.8,5,0.29196588519962435,7.040311909635556e-05,,0.5405405405405405,0.0
31,31,refinement,0.8,6,0.34654635120555144,0.0005949505005502326,,0.6904761904761905,0.0
31,31,refinement,0.8,7,0.3379908554744003,0.0018231327752593993,,0.617283950617284,0.0
32,32,accumulation,N/A,0,0.3668654203367222,0.0770839102545021,,0.44999999999999996,0.0
32,32,accumulation,N/A,1,0.38120086237525397,0.021603364988240278,,0.7384615384615385,0.0
32,32,accumulation,N/A,2,0.34583213382289646,0.010554218897549303,,0.6071428571428571,0.0
32,32,accumulation,N/A,3,0.39814474546853906,0.05639119503766533,,0.5454545454545455,0.16666666666666666
32,32,accumulation,N/A,4,0.4950749116149008,0.0806688492791551,,0.7719298245614035,0.3333333333333333
32,32,accumulation,N/A,5,0.4367766694197479,0.058824296607631554,,0.6984126984126984,0.0
32,32,accumulation,N/A,6,0.3696804926534212,0.031038970898304208,,0.5373134328358209,0.14285714285714285
32,32,accumulation,N/A,7,0.3864169883581668,0.02537997198807876,,0.5833333333333334,0.0
32,32,refinement,0.5,0,0.3668654203367222,0.0770839102545021,,0.44999999999999996,0.0
32,32,refinement,0.5,1,0.3536230572647214,0.07642847557064393,,0.47887323943661975,0.0
32,32,refinement,0.5,2,0.3376356007766719,0.09335547742025684,,0.4411764705882353,0.0
32,32,refinement,0.5,3,0.3735214977704167,0.07381372589494863,,0.47058823529411764,0.14285714285714285
32,32,refinement,0.5,4,0.35134684726911064,0.0739333496390017,,0.4776119402985075,0.0
32,32,refinement,0.5,5,0.3517914887575834,0.06678643365791871,,0.5,0.0
32,32,refinement,0.5,6,0.3573424916027032,0.06142360821672731,,0.5625,0.0
32,32,refinement,0.5,7,0.3547542582952604,0.059455121888774935,,0.5428571428571429,0.0
32,32,refinement,0.8,0,0.3668654203367222,0.0770839102545021,,0.44999999999999996,0.0
32,32,refinement,0.8,1,0.3501416330533311,0.06924475258367672,,0.4307692307692308,0.0
32,32,refinement,0.8,2,0.4648164564131247,0.1315608012271907,,0.5555555555555556,0.5
32,32,refinement,0.8,3,0.39723235068364104,0.15640645081721688,,0.5614035087719299,0.16666666666666666
32,32,refinement,0.8,4,0.3970483120328209,0.03977328388403621,,0.6176470588235294,0.16666666666666666
32,32,refinement,0.8,5,0.45172647146222683,0.026002494059112723,,0.617283950617284,0.3333333333333333
32,32,refinement,0.8,6,0.4168032627925998,0.03161753261159952,,0.5054945054945055,0.16666666666666666
32,32,refinement,0.8,7,0.39961577997528397,0.039874615473429666,,0.56,0.16666666666666666
33,33,accumulation,N/A,0,0.4818306299403155,0.5912257514133119,,0.14285714285714285,0.5
33,33,accumulation,N/A,1,0.5774299624200346,0.6773727228015857,,0.2857142857142857,0.5
33,33,accumulation,N/A,2,0.3796235987440797,0.1374076253195493,,0.4,0.0
33,33,accumulation,N/A,3,0.3721392241282253,0.22852758708813292,,0.17391304347826086,0.25
33,33,accumulation,N/A,4,0.5020487480249883,0.08278883719491768,,0.5,0.5
33,33,accumulation,N/A,5,0.4647298495874213,0.0929844474203906,,0.3529411764705882,0.5
33,33,accumulation,N/A,6,0.3635851193976695,0.10795199959551331,,0.5599999999999999,0.0
33,33,accumulation,N/A,7,0.31129199499044957,0.0398926839669476,,0.10169491525423728,0.0
33,33,refinement,0.5,0,0.4818306299403155,0.5912257514133119,,0.14285714285714285,0.5
33,33,refinement,0.5,1,0.4419221509035348,0.7458378606322151,,0.13333333333333333,0.3333333333333333
33,33,refinement,0.5,2,0.4751762706475599,0.5637603825119526,,0.14285714285714285,0.5
33,33,refinement,0.5,3,0.4256711639437517,0.5697976865164668,,0.13333333333333333,0.3333333333333333
33,33,refinement,0.5,4,0.48102572919304926,0.5973150515881296,,0.14285714285714285,0.5
33,33,refinement,0.5,5,0.5414276155332893,0.5591644838775631,,0.10526315789473685,0.5
33,33,refinement,0.5,6,0.5479890022112375,0.5637290919092164,,0.13333333333333333,0.5
33,33,refinement,0.5,7,0.39805391933609835,0.10806127751171113,,0.4166666666666667,0.0
33,33,refinement,0.8,0,0.4818306299403155,0.5912257514133119,,0.14285714285714285,0.5
33,33,refinement,0.8,1,0.41899400763021316,0.49014497781630467,,0.08695652173913043,0.3333333333333333
33,33,refinement,0.8,2,0.33774919879168475,0.061771747739229776,,0.102803738317757,0.25
33,33,refinement,0.8,3,0.4815500324053126,0.09641878789120005,,0.04174573055028463,0.5
33,33,refinement,0.8,4,0.3199979005686235,0.11497488551856266,,0.049217002237136466,0.2
33,33,refinement,0.8,5,0.22845868274691006,0.051586007353227464,,0.14193548387096774,0.0
33,33,refinement,0.8,6,0.40502202654901226,0.050490251900412515,,0.10891089108910891,0.5
33,33,refinement,0.8,7,0.2503168534907227,0.05171213152543648,,0.1325301204819277,0.16666666666666666
34,34,accumulation,N/A,0,0.3249262263954321,0.0027842899672996736,,0.42500000000000004,0.0
34,34,accumulation,N/A,1,0.36092541940448264,0.0,,0.38461538461538464,0.14285714285714285
34,34,accumulation,N/A,2,0.233657853920612,0.004716543646062122,,0.3544303797468355,0.0
34,34,accumulation,N/A,3,0.29804884539224313,0.0,,0.5483870967741935,0.0
34,34,accumulation,N/A,4,0.3192431318290131,0.006234299751942043,,0.42105263157894735,0.0
34,34,accumulation,N/A,5,0.34966474497357314,0.00037343154891689845,,0.4666666666666667,0.16666666666666666
34,34,accumulation,N/A,6,0.28219352295017053,0.0,,0.375,0.0
34,34,accumulation,N/A,7,0.27507867582832185,0.0,,0.6133333333333332,0.0
34,34,refinement,0.5,0,0.3249262263954321,0.0027842899672996736,,0.42500000000000004,0.0
34,34,refinement,0.5,1,0.3296711072462473,0.0032731334153217645,,0.4507042253521127,0.14285714285714285
34,34,refinement,0.5,2,0.40588431679695125,0.003091981647146334,,0.4507042253521127,0.16666666666666666
34,34,refinement,0.5,3,0.3210908323664556,0.0029570536166064693,,0.4285714285714286,0.0
34,34,refinement,0.5,4,0.33362759800447694,0.002567699574736526,,0.463768115942029,0.0
34,34,refinement,0.5,5,0.32732117967804136,0.0029585111037805684,,0.46153846153846156,0.0
34,34,refinement,0.5,6,0.3596483539164987,0.006737567642750197,,0.4838709677419355,0.0
34,34,refinement,0.5,7,0.32766228683301307,0.008213637241775758,,0.3870967741935484,0.0
34,34,refinement,0.8,0,0.3249262263954321,0.0027842899672996736,,0.42500000000000004,0.0
34,34,refinement,0.8,1,0.31250748411979523,0.0081373476135289,,0.4193548387096774,0.0
34,34,refinement,0.8,2,0.341908794040522,0.007397821572798569,,0.2745098039215686,0.0
34,34,refinement,0.8,3,0.34232090180726704,0.0016214948739181917,,0.3673469387755102,0.16666666666666666
34,34,refinement,0.8,4,0.3813237292107148,0.003128445153601355,,0.2962962962962963,0.3333333333333333
34,34,refinement,0.8,5,0.3314016794569474,0.011996067869379247,,0.2641509433962264,0.16666666666666666
34,34,refinement,0.8,6,0.33046543272271417,0.007369534555712246,,0.2962962962962963,0.0
34,34,refinement,0.8,7,0.3443359083756358,0.013909722960442445,,0.4230769230769231,0.0
35,35,accumulation,N/A,0,0.3640292814505749,0.25530358238397133,,0.4,0.0
35,35,accumulation,N/A,1,0.6158055205930749,0.942697243177171,,0.4,0.0
35,35,accumulation,N/A,2,0.4722266179065797,0.2884595345693518,,0.5,0.0
35,35,accumulation,N/A,3,0.6102908798567055,0.5709730643635345,,0.6666666666666666,0.0
35,35,accumulation,N/A,4,0.6838132092773644,0.4844735566435564,,0.5,1.0
35,35,accumulation,N/A,5,0.5340198307445385,0.4455120282224263,,0.6666666666666666,0.0
35,35,accumulation,N/A,6,0.6754683825746043,0.5402899816986759,,0.5,1.0
35,35,accumulation,N/A,7,0.589261054675488,0.7522617674165769,,0.6666666666666666,0.0
35,35,refinement,0.5,0,0.3640292814505749,0.25530358238397133,,0.4,0.0
35,35,refinement,0.5,1,0.38889413046383126,0.25530358238397133,,0.4,0.0
35,35,refinement,0.5,2,0.34697894806595964,0.2536768356161597,,0.28571428571428575,0.0
35,35,refinement,0.5,3,0.32827701151262434,0.2495695233081316,,0.25,0.0
35,35,refinement,0.5,4,0.4031015114266106,0.24817053685319018,,0.5,0.0
35,35,refinement,0.5,5,0.36370007100237217,0.25530358238397133,,0.4,0.0
35,35,refinement,0.5,6,0.5039763215521585,0.2564838195830969,,0.6666666666666666,0.0
35,35,refinement,0.5,7,0.5037341731836509,0.2564838195830969,,0.6666666666666666,0.0
35,35,refinement,0.8,0,0.3640292814505749,0.25530358238397133,,0.4,0.0
35,35,refinement,0.8,1,0.5056777045240657,0.2585100925202009,,0.6666666666666666,0.0
35,35,refinement,0.8,2,0.40514927904840414,0.2619419565985977,,0.5,0.0
35,35,refinement,0.8,3,0.5055483932758189,0.26674937327075515,,0.6666666666666666,0.0
35,35,refinement,0.8,4,0.5062549232031199,0.2732575193483612,,0.6666666666666666,0.0
35,35,refinement,0.8,5,0.5087458851333893,0.2924383140705497,,0.6666666666666666,0.0
35,35,refinement,0.8,6,0.5095987355639898,0.31653200511637547,,0.6666666666666666,0.0
35,35,refinement,0.8,7,0.5095898669177322,0.3192870811548566,,0.6666666666666666,0.0
36,36,accumulation,N/A,0,0.3515623307117734,0.00965460876786833,,0.41428571428571426,0.0
36,36,accumulation,N/A,1,0.35771203828952963,0.029982316820870804,,0.5399999999999999,0.0
36,36,accumulation,N/A,2,0.3902160552263654,0.005001165195416141,,0.6588235294117647,0.0
36,36,accumulation,N/A,3,0.3687170018226771,0.001948313549135594,,0.6315789473684211,0.0
36,36,accumulation,N/A,4,0.36855613860904324,0.00287534377181346,,0.43609022556390975,0.0
36,36,accumulation,N/A,5,0.34494472614762284,0.006790313003575913,,0.4778761061946903,0.0
36,36,accumulation,N/A,6,0.375903423659019,0.039096801357205446,,0.5806451612903225,0.0
36,36,accumulation,N/A,7,0.37454636796906793,0.03803351926830489,,0.5714285714285714,0.0
36,36,refinement,0.5,0,0.3515623307117734,0.00965460876786833,,0.41428571428571426,0.0
36,36,refinement,0.5,1,0.3538485758857055,0.010110777975466865,,0.421875,0.0
36,36,refinement,0.5,2,0.3530518541217935,0.011443440109896928,,0.4390243902439024,0.0
36,36,refinement,0.5,3,0.3562849839025094,0.005557398250367732,,0.4409448818897637,0.0
36,36,refinement,0.5,4,0.3302544745251022,0.005032085962914865,,0.4347826086956522,0.0
36,36,refinement,0.5,5,0.336912484925264,0.005231283761977412,,0.4444444444444445,0.0
36,36,refinement,0.5,6,0.33477024128015287,0.005358668040393418,,0.4390243902439024,0.0
36,36,refinement,0.5,7,0.359665297077244,0.007415993374847491,,0.46551724137931033,0.0
36,36,refinement,0.8,0,0.3515623307117734,0.00965460876786833,,0.41428571428571426,0.0
36,36,refinement,0.8,1,0.3537030123250484,0.01280671079342361,,0.4166666666666667,0.0
36,36,refinement,0.8,2,0.3582795520455327,0.01574494486910224,,0.45454545454545453,0.0
36,36,refinement,0.8,3,0.37028703272475316,0.007887950376471664,,0.5208333333333334,0.0
36,36,refinement,0.8,4,0.37557551225536245,0.003460736824564417,,0.4423076923076923,0.0
36,36,refinement,0.8,5,0.37521955999352596,0.0070738064129709085,,0.4444444444444444,0.0
36,36,refinement,0.8,6,0.39690582032760524,0.0019177523956698398,,0.45283018867924535,0.16666666666666666
36,36,refinement,0.8,7,0.39631470348191455,0.004299259234775943,,0.425925925925926,0.16666666666666666
37,37,accumulation,N/A,0,0.3714775152735237,0.058203683716618715,,0.625,0.0
37,37,accumulation,N/A,1,0.41506519527232466,0.20337661444532065,,0.3157894736842105,0.0
37,37,accumulation,N/A,2,0.3750981431020732,0.0671042240441853,,0.25000000000000006,0.25
37,37,accumulation,N/A,3,0.4548689796893675,0.06969105447884923,,0.7200000000000001,0.0
37,37,accumulation,N/A,4,0.3728867825387481,0.07563891010512927,,0.5405405405405406,0.16666666666666666
37,37,accumulation,N/A,5,0.46796795287150506,0.17951534234522698,,0.588235294117647,0.25
37,37,accumulation,N/A,6,0.5166549359703102,0.07145400607403579,,0.8000000000000002,0.5
37,37,accumulation,N/A,7,0.4023981758422992,0.0417274121676822,,0.5,0.0
37,37,refinement,0.5,0,0.3714775152735237,0.058203683716618715,,0.625,0.0
37,37,refinement,0.5,1,0.39323560729382107,0.058203683716618715,,0.6666666666666666,0.0
37,37,refinement,0.5,2,0.3637682662509212,0.05104457485649366,,0.6666666666666665,0.0
37,37,refinement,0.5,3,0.3352620689959235,0.10519811493351809,,0.4,0.0
37,37,refinement,0.5,4,0.38084442013767894,0.1064610757756807,,0.4615384615384615,0.0
37,37,refinement,0.5,5,0.31529986189410175,0.15969161366352105,,0.25,0.0
37,37,refinement,0.5,6,0.29913639738118913,0.15730569581799286,,0.2105263157894737,0.0
37,37,refinement,0.5,7,0.40989337961465877,0.047769678103503764,,0.7368421052631577,0.25
37,37,refinement,0.8,0,0.3714775152735237,0.058203683716618715,,0.625,0.0
37,37,refinement,0.8,1,0.3909343829916607,0.059789910139229505,,0.5263157894736842,0.0
37,37,refinement,0.8,2,0.3973599145019228,0.06705392710668526,,0.5714285714285715,0.0
37,37,refinement,0.8,3,0.36751351168975843,0.05779400340786025,,0.5555555555555556,0.0
37,37,refinement,0.8,4,0.356320328551504,0.08050931121674064,,0.2777777777777778,0.0
37,37,refinement,0.8,5,0.37478901198966447,0.0528564907364145,,0.625,0.0
37,37,refinement,0.8,6,0.30979808283046323,0.1467053127492633,,0.23529411764705882,0.0
37,37,refinement,0.8,7,0.35064569378402516,0.12301502310409733,,0.4,0.0
38,38,accumulation,N/A,0,0.2056725590392906,0.00012005249314297681,,0.4,0.0
38,38,accumulation,N/A,1,0.15847147566831504,0.0,,0.2222222222222222,0.0
38,38,accumulation,N/A,2,0.26884516372605716,0.0,,0.25,0.3333333333333333
38,38,accumulation,N/A,3,0.40196330448040285,0.09889035596483808,,0.7272727272727273,0.3333333333333333
38,38,accumulation,N/A,4,0.1906338886785682,0.03765384843202141,,0.2105263157894737,0.25
38,38,accumulation,N/A,5,0.3030034914320624,0.00016809163814608558,,0.3333333333333333,0.0
38,38,accumulation,N/A,6,0.08335336841421245,0.042421186490298274,,0.13333333333333333,0.0
38,38,accumulation,N/A,7,0.18509667821194478,0.1911205109332987,,0.19354838709677416,0.0
38,38,refinement,0.5,0,0.2056725590392906,0.00012005249314297681,,0.4,0.0
38,38,refinement,0.5,1,0.2176979055992243,0.00013753412243188432,,0.4545454545454545,0.0
38,38,refinement,0.5,2,0.24235551320836665,8.36184208760331e-05,,0.5,0.0
38,38,refinement,0.5,3,0.2256255490675323,8.36084481850777e-05,,0.47058823529411764,0.0
38,38,refinement,0.5,4,0.2413154139891247,8.526563188899223e-05,,0.5,0.0
38,38,refinement,0.5,5,0.27433392660932066,8.342380454368482e-05,,0.5,0.2
38,38,refinement,0.5,6,0.23179547932568068,0.00011277662466090728,,0.3529411764705882,0.0
38,38,refinement,0.5,7,0.21421847236197467,8.27135860692907e-05,,0.4444444444444444,0.0
38,38,refinement,0.8,0,0.2056725590392906,0.00012005249314297681,,0.4,0.0
38,38,refinement,0.8,1,0.22835338265771896,0.00012904283399010398,,0.38095238095238093,0.0
38,38,refinement,0.8,2,0.2613170605557404,9.591864739209215e-05,,0.4444444444444444,0.2
38,38,refinement,0.8,3,0.23223187459064482,0.00019825405152563736,,0.25,0.0
38,38,refinement,0.8,4,0.21654090290410322,8.638813678433311e-05,,0.4444444444444444,0.0
38,38,refinement,0.8,5,0.32757801913497275,0.001127608345553387,,0.5,0.2
38,38,refinement,0.8,6,0.24631617519299145,0.009759220050930308,,0.23529411764705882,0.0
38,38,refinement,0.8,7,0.25745958322075374,0.1409623590395802,,0.3529411764705882,0.0
39,39,accumulation,N/A,0,0.6357873485371812,0.0,,1.0,1.0
39,39,accumulation,N/A,1,0.48710058101408044,0.0,,0.6666666666666666,0.5
39,39,accumulation,N/A,2,0.49564234758362036,0.0,,0.0,1.0
39,39,accumulation,N/A,3,0.7375346585676414,0.09685230024213061,,1.0,1.0
39,39,accumulation,N/A,4,0.6741914563132297,0.0,,1.0,1.0
39,39,accumulation,N/A,5,0.4940399919505286,0.0,,0.6666666666666666,0.5
39,39,accumulation,N/A,6,0.6722055479277396,0.0,,1.0,1.0
39,39,accumulation,N/A,7,0.689663320793348,0.1429138475417226,,1.0,1.0
39,39,refinement,0.5,0,0.6357873485371812,0.0,,1.0,1.0
39,39,refinement,0.5,1,0.38530166042746383,0.0010332332493342522,,0.33333333333333337,0.5
39,39,refinement,0.5,2,0.6353053732894035,5.209896889100646e-05,,1.0,1.0
39,39,refinement,0.5,3,0.635088011248412,0.0003214549675320302,,1.0,1.0
39,39,refinement,0.5,4,0.6351055319936455,0.0,,1.0,1.0
39,39,refinement,0.5,5,0.635223027701383,0.0,,1.0,1.0
39,39,refinement,0.5,6,0.6351052149624665,0.0,,1.0,1.0
39,39,refinement,0.5,7,0.6350986212966051,0.0,,1.0,1.0
39,39,refinement,0.8,0,0.6357873485371812,0.0,,1.0,1.0
39,39,refinement,0.8,1,0.6310875126351952,0.0,,1.0,1.0
39,39,refinement,0.8,2,0.30883878304795087,0.0,,0.0689655172413793,0.3333333333333333
39,39,refinement,0.8,3,0.3370034539827891,0.0,,0.0,0.5
39,39,refinement,0.8,4,0.28540686551332106,0.0,,0.0,0.3333333333333333
39,39,refinement,0.8,5,0.4860524944886787,0.0,,0.0,1.0
39,39,refinement,0.8,6,0.2866571965562291,0.0,,0.0,0.3333333333333333
39,39,refinement,0.8,7,0.48698531584654514,0.0,,0.0,1.0
40,40,accumulation,N/A,0,0.6313983868978282,0.6739564015668286,,0.6666666666666666,0.5
40,40,accumulation,N/A,1,0.46264898651036956,0.7978848413631023,,0.4,0.0
40,40,accumulation,N/A,2,0.7647729670181961,0.4471378888770183,,1.0,1.0
40,40,accumulation,N/A,3,0.6152833377754725,0.8310160427807485,,0.6666666666666666,0.0
40,40,accumulation,N/A,4,0.4319475630142494,0.4697225275766646,,0.5,0.0
40,40,accumulation,N/A,5,0.39149169096084446,0.5436590977856276,,0.18181818181818182,0.0
40,40,accumulation,N/A,6,0.39674110963837395,0.5083431257344304,,0.19999999999999998,0.0
40,40,accumulation,N/A,7,0.46097565906659976,0.669500763025943,,0.042553191489361694,0.3333333333333333
40,40,refinement,0.5,0,0.6313983868978282,0.6739564015668286,,0.6666666666666666,0.5
40,40,refinement,0.5,1,0.5805505635551125,0.6579942762665618,,0.33333333333333337,0.5
40,40,refinement,0.5,2,0.8323963870048217,0.6721446908099283,,1.0,1.0
40,40,refinement,0.5,3,0.589140540435998,0.6395820652959214,,0.4,0.5
40,40,refinement,0.5,4,0.6353885859435571,0.7041660859794243,,0.6666666666666666,0.5
40,40,refinement,0.5,5,0.6340721578926856,0.683163456233042,,0.6666666666666666,0.5
40,40,refinement,0.5,6,0.5556585816367714,0.6494488960553074,,0.5,0.3333333333333333
40,40,refinement,0.5,7,0.8300581597320776,0.6542719413703627,,1.0,1.0
40,40,refinement,0.8,0,0.6313983868978282,0.6739564015668286,,0.6666666666666666,0.5
40,40,refinement,0.8,1,0.8173007099203082,0.5324389260242802,,1.0,1.0
40,40,refinement,0.8,2,0.8136872360643296,0.5112972122728784,,1.0,1.0
40,40,refinement,0.8,3,0.810729529113823,0.4612591246781226,,1.0,1.0
40,40,refinement,0.8,4,0.6163383522774167,0.4952881170996826,,0.6666666666666666,0.0
40,40,refinement,0.8,5,0.8155532084036952,0.5169509317343949,,1.0,1.0
40,40,refinement,0.8,6,0.8105632614032615,0.4761766846761872,,1.0,1.0
40,40,refinement,0.8,7,0.596010872888263,0.5279909399002027,,0.5,0.5
41,41,accumulation,N/A,0,0.30394138754373856,0.015291506815080999,,0.26016260162601623,0.0
41,41,accumulation,N/A,1,0.34408835656405345,0.041920349018606855,,0.3947368421052632,0.0
41,41,accumulation,N/A,2,0.28102694908298953,0.0,,0.29213483146067415,0.0
41,41,accumulation,N/A,3,0.29422591216450344,0.0,,0.2888888888888889,0.125
41,41,accumulation,N/A,4,0.3018933049391901,0.0,,0.140625,0.125
41,41,accumulation,N/A,5,0.27677157581166145,0.0,,0.2764227642276423,0.0
41,41,accumulation,N/A,6,0.28365364836587087,0.0072071136811392,,0.36363636363636365,0.0
41,41,accumulation,N/A,7,0.27931735121742274,0.013351328190518688,,0.09685230024213073,0.0
41,41,refinement,0.5,0,0.30394138754373856,0.015291506815080999,,0.26016260162601623,0.0
41,41,refinement,0.5,1,0.3143065422590587,0.026182153698452105,,0.3333333333333333,0.0
41,41,refinement,0.5,2,0.30318404380226993,0.0144625005357187,,0.2831858407079646,0.0
41,41,refinement,0.5,3,0.32359182767539374,0.01574183239738135,,0.2727272727272727,0.0
41,41,refinement,0.5,4,0.30776566445589504,0.013198951332039598,,0.33962264150943394,0.0
41,41,refinement,0.5,5,0.31030403814939167,0.011331105496737673,,0.3888888888888889,0.0
41,41,refinement,0.5,6,0.3341649564351447,0.01395554369052587,,0.40425531914893614,0.125
41,41,refinement,0.5,7,0.32486367728578047,0.023625157471177403,,0.45238095238095233,0.0
41,41,refinement,0.8,0,0.30394138754373856,0.015291506815080999,,0.26016260162601623,0.0
41,41,refinement,0.8,1,0.30508147079129744,0.016923220459271297,,0.3516483516483516,0.0
41,41,refinement,0.8,2,0.2955058295891089,0.010755543886464299,,0.3,0.0
41,41,refinement,0.8,3,0.35742955117363784,0.009559043706503791,,0.40425531914893614,0.25
41,41,refinement,0.8,4,0.38494029924892226,0.010651817449229885,,0.41463414634146345,0.2857142857142857
41,41,refinement,0.8,5,0.27325325138245643,0.020605928523658484,,0.3287671232876712,0.0
41,41,refinement,0.8,6,0.33021217133566416,0.010531590435982025,,0.36893203883495146,0.125
41,41,refinement,0.8,7,0.2813136591629002,0.01300941013780986,,0.36036036036036034,0.0
42,42,accumulation,N/A,0,0.2814705272388228,0.0,,0.3636363636363636,0.0
42,42,accumulation,N/A,1,0.3619414523516379,0.0051545737829498785,,0.4117647058823529,0.25
42,42,accumulation,N/A,2,0.37307976004470306,0.015096783574300575,,0.5,0.2
42,42,accumulation,N/A,3,0.4577812960572916,0.0864224954539008,,0.5384615384615384,0.5
42,42,accumulation,N/A,4,0.4510024273857436,0.024063342879181843,,0.6521739130434783,0.25
42,42,accumulation,N/A,5,0.36208529242938636,0.026959342923960912,,0.46511627906976744,0.0
42,42,accumulation,N/A,6,0.35731411369199984,0.017806887280288952,,0.6,0.0
42,42,accumulation,N/A,7,0.335902241562247,0.0001715638538520971,,0.24242424242424243,0.0
42,42,refinement,0.5,0,0.2814705272388228,0.0,,0.3636363636363636,0.0
42,42,refinement,0.5,1,0.26622893730945807,0.003041248271871052,,0.48,0.0
42,42,refinement,0.5,2,0.28639943823853475,0.004625157887554341,,0.4166666666666667,0.0
42,42,refinement,0.5,3,0.32651054911791866,0.004679215699596074,,0.29629629629629634,0.2
42,42,refinement,0.5,4,0.28613086031355733,0.016656576757138507,,0.2857142857142857,0.0
42,42,refinement,0.5,5,0.36044661196805994,0.00806952697399456,,0.3636363636363636,0.25
42,42,refinement,0.5,6,0.27692328096921637,0.013397507443436664,,0.2857142857142857,0.0
42,42,refinement,0.5,7,0.2710216311717926,0.007929606779791187,,0.3636363636363636,0.0
42,42,refinement,0.8,0,0.2814705272388228,0.0,,0.3636363636363636,0.0
42,42,refinement,0.8,1,0.31561242847559834,0.0002847892499977438,,0.6875,0.0
42,42,refinement,0.8,2,0.30557946281198767,0.0006286990994934213,,0.48648648648648646,0.0
42,42,refinement,0.8,3,0.3347026815067918,0.0004968671069651674,,0.5217391304347826,0.25
42,42,refinement,0.8,4,0.3408202415607989,0.0006062420576325987,,0.28571428571428564,0.2
42,42,refinement,0.8,5,0.2565412803461573,0.0008958921582320617,,0.25,0.0
42,42,refinement,0.8,6,0.3568199760199661,0.007781990602938442,,0.36,0.2
42,42,refinement,0.8,7,0.27897354892193393,0.0,,0.22222222222222227,0.16666666666666666
43,43,accumulation,N/A,0,0.36446914145393294,0.02278689578417412,,0.453781512605042,0.0
43,43,accumulation,N/A,1,0.3932722595231828,0.03023490132778124,,0.6,0.125
43,43,accumulation,N/A,2,0.24228546284499425,0.01380168612492187,,0.6019417475728156,0.0
43,43,accumulation,N/A,3,0.41909313877605947,0.028242937868091674,,0.6846846846846848,0.0
43,43,accumulation,N/A,4,0.29442881944015825,0.006348276931755479,,0.6181818181818182,0.25
43,43,accumulation,N/A,5,0.3227907378046721,0.02471519274536575,,0.5523809523809524,0.125
43,43,accumulation,N/A,6,0.3074213817805375,0.007786597879711008,,0.6597938144329897,0.0
43,43,accumulation,N/A,7,0.2965175402110991,0.0200368180220424,,0.5476190476190477,0.125
43,43,refinement,0.5,0,0.36446914145393294,0.02278689578417412,,0.453781512605042,0.0
43,43,refinement,0.5,1,0.349579635635726,0.03798483104628583,,0.48543689320388345,0.0
43,43,refinement,0.5,2,0.3571510703258599,0.029892256047704686,,0.5242718446601942,0.0
43,43,refinement,0.5,3,0.3587691254360773,0.03279279747916004,,0.5294117647058824,0.0
43,43,refinement,0.5,4,0.3556676683424732,0.026543627503954118,,0.5523809523809524,0.0
43,43,refinement,0.5,5,0.3700402989324534,0.03888650831828386,,0.49484536082474223,0.125
43,43,refinement,0.5,6,0.35410797466604504,0.03772358121975094,,0.5154639175257731,0.0
43,43,refinement,0.5,7,0.36944317775727464,0.03124953080595742,,0.4848484848484848,0.125
43,43,refinement,0.8,0,0.36446914145393294,0.02278689578417412,,0.453781512605042,0.0
43,43,refinement,0.8,1,0.32118829238273416,0.055643991182341035,,0.38461538461538464,0.0
43,43,refinement,0.8,2,0.3673129398250815,0.03825210543603569,,0.4578313253012048,0.125
43,43,refinement,0.8,3,0.3387388142705701,0.0651990961522843,,0.5063291139240507,0.0
43,43,refinement,0.8,4,0.37250535209942304,0.038558366501255346,,0.5544554455445544,0.0
43,43,refinement,0.8,5,0.4334468187631598,0.04974274689357989,,0.617283950617284,0.375
43,43,refinement,0.8,6,0.4090809499826067,0.05745010167666294,,0.6329113924050633,0.125
43,43,refinement,0.8,7,0.4220113981163884,0.031736664429692155,,0.6881720430107526,0.125
44,44,accumulation,N/A,0,0.27873995212591834,0.007003038861358928,,0.21848739495798322,0.0
44,44,accumulation,N/A,1,0.3560764390278067,0.004810557321207937,,0.41463414634146345,0.125
44,44,accumulation,N/A,2,0.29495832615539874,3.917221849601182e-06,,0.24299065420560748,0.0
44,44,accumulation,N/A,3,0.37745377784051437,0.008837749422549243,,0.4869565217391304,0.25
44,44,accumulation,N/A,4,0.35040766127627393,0.008247150155664995,,0.4999999999999999,0.0
44,44,accumulation,N/A,5,0.3778326730923392,0.0012601550014731994,,0.5233644859813084,0.14285714285714285
44,44,accumulation,N/A,6,0.4017693153144219,0.03781410244004169,,0.5405405405405406,0.14285714285714285
44,44,accumulation,N/A,7,0.3291035262876557,0.0022942345163544592,,0.4615384615384615,0.0
44,44,refinement,0.5,0,0.27873995212591834,0.007003038861358928,,0.21848739495798322,0.0
44,44,refinement,0.5,1,0.28520899423917556,0.008729640735713768,,0.23809523809523808,0.0
44,44,refinement,0.5,2,0.28167267630069487,0.011208361166415153,,0.20800000000000002,0.0
44,44,refinement,0.5,3,0.2799953562118149,0.01066338629147361,,0.2439024390243902,0.0
44,44,refinement,0.5,4,0.27452432322677844,0.008630768984109069,,0.24427480916030533,0.0
44,44,refinement,0.5,5,0.3034836942421732,0.0057312017048544465,,0.27199999999999996,0.125
44,44,refinement,0.5,6,0.27301264015668836,0.009020440699679907,,0.24193548387096772,0.0
44,44,refinement,0.5,7,0.2717672174970581,0.015923337091285922,,0.20408163265306123,0.0
44,44,refinement,0.8,0,0.27873995212591834,0.007003038861358928,,0.21848739495798322,0.0
44,44,refinement,0.8,1,0.2794983562527735,0.007676175194984612,,0.27118644067796605,0.0
44,44,refinement,0.8,2,0.29762797226179605,0.009600445711512279,,0.24778761061946902,0.0
44,44,refinement,0.8,3,0.2970522612160457,0.002469458477305135,,0.24489795918367344,0.0
44,44,refinement,0.8,4,0.29314498760394603,0.0039056538825385048,,0.23636363636363636,0.0
44,44,refinement,0.8,5,0.2961141935924935,0.001940935949124033,,0.26804123711340205,0.0
44,44,refinement,0.8,6,0.3251197970967553,0.0028162087446905325,,0.25,0.14285714285714285
44,44,refinement,0.8,7,0.2635304844021687,0.005788319573886327,,0.20370370370370372,0.0
45,45,accumulation,N/A,0,0.2638695299800432,0.0508373205741626,,0.3636363636363636,0.0
45,45,accumulation,N/A,1,0.4441749743215714,0.5950840456079651,,0.5,0.0
45,45,accumulation,N/A,2,0.28782621303375716,0.23589719493052336,,0.017094017094017096,0.0
45,45,accumulation,N/A,3,0.4920048868501733,0.24710075783988103,,0.6666666666666666,0.0
45,45,accumulation,N/A,4,0.2795246775987726,0.4253638308588474,,0.004237288135593221,0.0
45,45,accumulation,N/A,5,0.36138377586588166,0.1486449911378318,,0.28571428571428575,0.3333333333333333
45,45,accumulation,N/A,6,0.3230465724014829,0.463652004396064,,0.08333333333333334,0.14285714285714285
45,45,accumulation,N/A,7,0.45921347218273145,0.2734314272388913,,0.6666666666666666,0.0
45,45,refinement,0.5,0,0.2638695299800432,0.0508373205741626,,0.3636363636363636,0.0
45,45,refinement,0.5,1,0.2915971763665509,0.08788807171690351,,0.5,0.0
45,45,refinement,0.5,2,0.3913160471525215,0.08942588989052554,,0.4444444444444445,0.0
45,45,refinement,0.5,3,0.3255495946227207,0.08918383865965812,,0.5,0.0
45,45,refinement,0.5,4,0.3381172438327782,0.07685831878273935,,0.5714285714285715,0.0
45,45,refinement,0.5,5,0.4126541325633114,0.08823361380488648,,0.5714285714285715,0.0
45,45,refinement,0.5,6,0.2857172780658096,0.177108706311528,,0.28571428571428575,0.0
45,45,refinement,0.5,7,0.3110121478249921,0.17351893021517478,,0.28571428571428575,0.0
45,45,refinement,0.8,0,0.2638695299800432,0.0508373205741626,,0.3636363636363636,0.0
45,45,refinement,0.8,1,0.25655488627229617,0.11367251152984807,,0.2,0.0
45,45,refinement,0.8,2,0.3189998851324676,0.17237379533850145,,0.3333333333333333,0.0
45,45,refinement,0.8,3,0.25697705935646725,0.190456748398998,,0.14285714285714285,0.0
45,45,refinement,0.8,4,0.2804742739995144,0.2038050515691375,,0.22222222222222224,0.0
45,45,refinement,0.8,5,0.5680465241222004,0.17609631240561965,,0.5,1.0
45,45,refinement,0.8,6,0.44701684924340607,0.21275067141797174,,0.6666666666666666,0.0
45,45,refinement,0.8,7,0.447367275090755,0.2102377168928643,,0.6666666666666666,0.0
46,46,accumulation,N/A,0,0.3649655981636214,0.018716031070594184,,0.5,0.0
46,46,accumulation,N/A,1,0.24803267710244176,0.13091112217843945,,0.03076923076923077,0.0
46,46,accumulation,N/A,2,0.23723672625685066,0.06499458759136509,,0.01652892561983471,0.0
46,46,accumulation,N/A,3,0.30435198986629486,0.04692264200250048,,0.02702702702702703,0.3333333333333333
46,46,accumulation,N/A,4,0.27175438191090373,0.049584089068429815,,0.03278688524590164,0.16666666666666666
46,46,accumulation,N/A,5,0.2130805000904754,0.08719081486516009,,0.006006006006006006,0.0
46,46,accumulation,N/A,6,0.25127305419942547,0.2481958221145663,,0.024096385542168672,0.0
46,46,accumulation,N/A,7,0.25925797546662965,0.05369104450124014,,0.01886792452830189,0.2
46,46,refinement,0.5,0,0.3649655981636214,0.018716031070594184,,0.5,0.0
46,46,refinement,0.5,1,0.32149028849101935,0.01750545347275592,,0.4,0.0
46,46,refinement,0.5,2,0.34727779318373153,0.020415096590481817,,0.4,0.0
46,46,refinement,0.5,3,0.36227381741689324,0.020879882412709706,,0.5,0.0
46,46,refinement,0.5,4,0.3593292490780422,0.022205450777566835,,0.5,0.0
46,46,refinement,0.5,5,0.34377329416664915,0.02031471429496647,,0.4,0.0
46,46,refinement,0.5,6,0.34389341387701855,0.02225491502497183,,0.4,0.0
46,46,refinement,0.5,7,0.30988643601053734,0.019247272838873345,,0.3333333333333333,0.0
46,46,refinement,0.8,0,0.3649655981636214,0.018716031070594184,,0.5,0.0
46,46,refinement,0.8,1,0.35691540815439843,0.01587256270113356,,0.5,0.0
46,46,refinement,0.8,2,0.35718364970081595,0.009681037762478062,,0.5,0.0
46,46,refinement,0.8,3,0.35826238881998007,0.016356331869542155,,0.5,0.0
46,46,refinement,0.8,4,0.3072335787148469,0.013146514557294415,,0.3333333333333333,0.0
46,46,refinement,0.8,5,0.3599880665661344,0.020164945433817933,,0.5,0.0
46,46,refinement,0.8,6,0.36041822168718834,0.02245467988389284,,0.5,0.0
46,46,refinement,0.8,7,0.36142551803183554,0.025547781009545176,,0.5,0.0
47,47,accumulation,N/A,0,0.3508764382614088,0.006514948683623388,,0.6382978723404256,0.0
47,47,accumulation,N/A,1,0.3808751774926462,0.007616517897469421,,0.40625000000000006,0.14285714285714285
47,47,accumulation,N/A,2,0.31048095732102865,0.035345826354648176,,0.5,0.0
47,47,accumulation,N/A,3,0.38284696307342037,0.031051421225393783,,0.6101694915254237,0.0
47,47,accumulation,N/A,4,0.31221598105087867,0.01066374507915106,,0.4727272727272728,0.0
47,47,accumulation,N/A,5,0.4151080730903975,0.02619650432070156,,0.4827586206896552,0.16666666666666666
47,47,accumulation,N/A,6,0.37337386828389496,0.023080112097136073,,0.5106382978723404,0.14285714285714285
47,47,accumulation,N/A,7,0.40498088964632856,0.005505478366252242,,0.64,0.14285714285714285
47,47,refinement,0.5,0,0.3508764382614088,0.006514948683623388,,0.6382978723404256,0.0
47,47,refinement,0.5,1,0.3235178926998278,0.007000066252183713,,0.6086956521739131,0.0
47,47,refinement,0.5,2,0.32297309830504006,0.007678883421225581,,0.5909090909090909,0.125
47,47,refinement,0.5,3,0.33324145818239054,0.007959129635686815,,0.5777777777777778,0.14285714285714285
47,47,refinement,0.5,4,0.36974584511334513,0.008122947405902579,,0.5531914893617023,0.16666666666666666
47,47,refinement,0.5,5,0.3038266631730035,0.009236230605723213,,0.5333333333333332,0.0
47,47,refinement,0.5,6,0.2978188825070359,0.009040919449123164,,0.4999999999999999,0.0
47,47,refinement,0.5,7,0.3557776267223941,0.009040919449123164,,0.47058823529411764,0.16666666666666666
47,47,refinement,0.8,0,0.3508764382614088,0.006514948683623388,,0.6382978723404256,0.0
47,47,refinement,0.8,1,0.3208169968278711,0.03747034290228056,,0.5263157894736842,0.0
47,47,refinement,0.8,2,0.30384465572189273,0.008747852213313286,,0.5333333333333332,0.0
47,47,refinement,0.8,3,0.3237441281652109,0.03465568382639189,,0.5405405405405406,0.0
47,47,refinement,0.8,4,0.39162580700124194,0.02447318801901475,,0.5490196078431373,0.3333333333333333
47,47,refinement,0.8,5,0.36821885866372694,0.009849918849005192,,0.5238095238095238,0.16666666666666666
47,47,refinement,0.8,6,0.30835363449994113,0.03344443773636356,,0.48888888888888893,0.0
47,47,refinement,0.8,7,0.37517222525673505,0.03219456741860376,,0.6222222222222222,0.16666666666666666
48,48,accumulation,N/A,0,0.2991269800342827,0.004282669666340195,,0.42857142857142855,0.14285714285714285
48,48,accumulation,N/A,1,0.22392810589908202,0.02056265503653352,,0.01236749116607774,0.0
48,48,accumulation,N/A,2,0.09758802751716131,0.009684596209976751,,0.27027027027027023,0.0
48,48,accumulation,N/A,3,0.19767311457517459,0.0,,0.025682182985553772,0.0
48,48,accumulation,N/A,4,0.2986506335115555,0.005253000354556039,,0.5185185185185185,0.0
48,48,accumulation,N/A,5,0.21918479344219297,0.05210330915534002,,0.22727272727272727,0.0
48,48,accumulation,N/A,6,0.17094658161881077,0.0,,0.06965174129353234,0.0
48,48,accumulation,N/A,7,0.23176244661412096,0.0019785738026399822,,0.0661764705882353,0.0
48,48,refinement,0.5,0,0.2991269800342827,0.004282669666340195,,0.42857142857142855,0.14285714285714285
48,48,refinement,0.5,1,0.36057375224571786,0.004977398614290591,,0.46511627906976744,0.2857142857142857
48,48,refinement,0.5,2,0.3058233505803611,0.004984751483884203,,0.39215686274509803,0.0
48,48,refinement,0.5,3,0.327907313131916,0.006986691912676124,,0.3111111111111111,0.2857142857142857
48,48,refinement,0.5,4,0.29596679531780945,0.006028344268597228,,0.42857142857142855,0.0
48,48,refinement,0.5,5,0.32061643861360783,0.005274060604421018,,0.4444444444444444,0.0
48,48,refinement,0.5,6,0.26706931379091925,0.00719735282268509,,0.3888888888888889,0.0
48,48,refinement,0.5,7,0.2690469701280217,0.007534372292030025,,0.39999999999999997,0.0
48,48,refinement,0.8,0,0.2991269800342827,0.004282669666340195,,0.42857142857142855,0.14285714285714285
48,48,refinement,0.8,1,0.294478168924286,0.005946441668272774,,0.45,0.0
48,48,refinement,0.8,2,0.328262339858194,0.011846435299158495,,0.5263157894736842,0.14285714285714285
48,48,refinement,0.8,3,0.38651413224316983,0.005463490698724355,,0.48484848484848486,0.3333333333333333
48,48,refinement,0.8,4,0.323539228750098,0.019842744043477425,,0.41025641025641024,0.0
48,48,refinement,0.8,5,0.36396051786070316,0.014049524563107638,,0.5581395348837209,0.16666666666666666
48,48,refinement,0.8,6,0.3716253430466291,0.018699755417317887,,0.5454545454545454,0.16666666666666666
48,48,refinement,0.8,7,0.3885878221498212,0.014706507683367965,,0.39999999999999997,0.5
49,49,accumulation,N/A,0,0.32688541090367107,0.030109965503304352,,0.38095238095238104,0.0
49,49,accumulation,N/A,1,0.49029266380999764,0.010140221479967302,,0.7222222222222222,0.4
49,49,accumulation,N/A,2,0.3901753880585072,0.09578548602764678,,0.48484848484848486,0.2
49,49,accumulation,N/A,3,0.31080430871093306,0.09562505914736855,,0.4324324324324324,0.0
49,49,accumulation,N/A,4,0.290867179029354,0.02081073169923121,,0.186046511627907,0.0
49,49,accumulation,N/A,5,0.40343570693417385,0.12726955988978628,,0.5106382978723405,0.0
49,49,accumulation,N/A,6,0.3465028678009743,0.002940115609232833,,0.22857142857142856,0.2
49,49,accumulation,N/A,7,0.40159862507120075,0.055828615046199494,,0.5,0.0
49,49,refinement,0.5,0,0.32688541090367107,0.030109965503304352,,0.38095238095238104,0.0
49,49,refinement,0.5,1,0.36948397121460863,0.0373196176988478,,0.5142857142857143,0.0
49,49,refinement,0.5,2,0.3373166126982444,0.03439946749711345,,0.5142857142857143,0.0
49,49,refinement,0.5,3,0.330242301132054,0.046124063072752505,,0.45714285714285713,0.0
49,49,refinement,0.5,4,0.3305769334927535,0.04314111657156419,,0.41025641025641024,0.0
49,49,refinement,0.5,5,0.319620024765823,0.04532715967710109,,0.4444444444444444,0.0
49,49,refinement,0.5,6,0.33567506673182934,0.04532715967710109,,0.5,0.0
49,49,refinement,0.5,7,0.3268221844928757,0.045865378088605205,,0.4444444444444444,0.0
49,49,refinement,0.8,0,0.32688541090367107,0.030109965503304352,,0.38095238095238104,0.0
49,49,refinement,0.8,1,0.3360920337253747,0.04448348063180332,,0.5,0.0
49,49,refinement,0.8,2,0.3580641075159046,0.04650125260386826,,0.35,0.16666666666666666
49,49,refinement,0.8,3,0.36274008810559066,0.06093932989979193,,0.33333333333333337,0.2
49,49,refinement,0.8,4,0.36444040186739624,0.05055674677014738,,0.43749999999999994,0.2
49,49,refinement,0.8,5,0.35720603924578886,0.06352863909972324,,0.35294117647058826,0.2
49,49,refinement,0.8,6,0.35368549764864177,0.07052183255253057,,0.35294117647058826,0.2
49,49,refinement,0.8,7,0.35052001450621867,0.06610246075731137,,0.33333333333333337,0.2
50,50,accumulation,N/A,0,0.25531870924883526,0.01079386937481472,,0.5479452054794521,0.0
50,50,accumulation,N/A,1,0.2596098125843171,0.0,,0.375,0.0
50,50,accumulation,N/A,2,0.34525414338138116,0.0,,0.39999999999999997,0.0
50,50,accumulation,N/A,3,0.34194015864424065,0.00040646669301529995,,0.36893203883495146,0.125
50,50,accumulation,N/A,4,0.2885705231424684,0.011657759778321748,,0.5121951219512195,0.14285714285714285
50,50,accumulation,N/A,5,0.2984779596907958,0.006511141852640676,,0.40425531914893625,0.0
50,50,accumulation,N/A,6,0.39591409764650604,0.024320045470274814,,0.46913580246913583,0.14285714285714285
50,50,accumulation,N/A,7,0.411039722875576,0.011829172798302492,,0.5454545454545454,0.2857142857142857
50,50,refinement,0.5,0,0.25531870924883526,0.01079386937481472,,0.5479452054794521,0.0
50,50,refinement,0.5,1,0.24918547199059018,0.008906180358591267,,0.5277777777777777,0.0
50,50,refinement,0.5,2,0.2601373338684507,0.006291451783320194,,0.5066666666666666,0.0
50,50,refinement,0.5,3,0.31213474727608087,0.0,,0.45070422535211263,0.25
50,50,refinement,0.5,4,0.27837282476535774,0.006267825554455843,,0.44776119402985076,0.125
50,50,refinement,0.5,5,0.2733279179735944,0.008177488759390035,,0.5573770491803278,0.0
50,50,refinement,0.5,6,0.2700617480257447,0.007659887238559297,,0.5901639344262296,0.0
50,50,refinement,0.5,7,0.29675340589282345,0.008017956307785165,,0.5666666666666667,0.14285714285714285
50,50,refinement,0.8,0,0.25531870924883526,0.01079386937481472,,0.5479452054794521,0.0
50,50,refinement,0.8,1,0.32217531444019654,0.010459002804312828,,0.47058823529411764,0.25
50,50,refinement,0.8,2,0.25195525863492807,0.01357926505937109,,0.32786885245901637,0.0
50,50,refinement,0.8,3,0.25897832605761206,0.01986371432097907,,0.43636363636363634,0.0
50,50,refinement,0.8,4,0.2852739243521351,0.013730306418696906,,0.4,0.125
50,50,refinement,0.8,5,0.2230818479046139,0.018317941764966296,,0.44117647058823534,0.0
50,50,refinement,0.8,6,0.3058652012742101,0.020967355907125177,,0.3823529411764706,0.14285714285714285
50,50,refinement,0.8,7,0.22848377062911404,0.022257672358049565,,0.3880597014925373,0.0
51,51,accumulation,N/A,0,0.5522703163581023,0.471875808956797,,0.6666666666666666,0.0
51,51,accumulation,N/A,1,0.5207061309873562,0.46408578976715076,,0.6666666666666666,0.0
51,51,accumulation,N/A,2,0.5303775270918328,0.6907440050853646,,0.5,0.0
51,51,accumulation,N/A,3,0.6823620845267662,0.5965790005073832,,0.5,1.0
51,51,accumulation,N/A,4,0.3301536313821146,0.4943593644599363,,0.05263157894736842,0.0
51,51,accumulation,N/A,5,0.44003872867722815,0.7196579689851079,,0.22222222222222224,0.0
51,51,accumulation,N/A,6,0.40445070778435344,0.6181940003438652,,0.07692307692307693,0.0
51,51,accumulation,N/A,7,0.44749257894975936,0.2689210549988368,,0.5,0.0
51,51,refinement,0.5,0,0.5522703163581023,0.471875808956797,,0.6666666666666666,0.0
51,51,refinement,0.5,1,0.5522744722938335,0.47715833326736784,,0.6666666666666666,0.0
51,51,refinement,0.5,2,0.4381455332497789,0.48689089904700955,,0.4,0.0
51,51,refinement,0.5,3,0.5540653383217131,0.4914392298980466,,0.6666666666666666,0.0
51,51,refinement,0.5,4,0.5540102920795629,0.48819218329485026,,0.6666666666666666,0.0
51,51,refinement,0.5,5,0.5557858919253496,0.49415067826211234,,0.6666666666666666,0.0
51,51,refinement,0.5,6,0.4538162062796499,0.4908911269644587,,0.5,0.0
51,51,refinement,0.5,7,0.5543192108383714,0.49415067826211234,,0.6666666666666666,0.0
51,51,refinement,0.8,0,0.5522703163581023,0.471875808956797,,0.6666666666666666,0.0
51,51,refinement,0.8,1,0.562066614995782,0.5449599523327118,,0.6666666666666666,0.0
51,51,refinement,0.8,2,0.46110555752968874,0.5393501961625156,,0.5,0.0
51,51,refinement,0.8,3,0.5644059441536942,0.5607278153619113,,0.6666666666666666,0.0
51,51,refinement,0.8,4,0.5632843949522945,0.5524479186204712,,0.6666666666666666,0.0
51,51,refinement,0.8,5,0.5530882807817632,0.46801860893651104,,0.6666666666666666,0.0
51,51,refinement,0.8,6,0.5519183277588816,0.4604576266249754,,0.6666666666666666,0.0
51,51,refinement,0.8,7,0.5541098102861862,0.4642528020213737,,0.6666666666666666,0.0
52,52,accumulation,N/A,0,0.46189797945895594,0.5495697356337385,,0.5,0.0
52,52,accumulation,N/A,1,0.5502475304770263,0.34939256852102335,,0.6666666666666666,0.5
52,52,accumulation,N/A,2,0.5181468711331381,0.3191044013757966,,0.6666666666666666,0.5
52,52,accumulation,N/A,3,0.5104367025012887,0.6545270520032653,,0.3636363636363636,0.3333333333333333
52,52,accumulation,N/A,4,0.4787693838555587,0.573695260722564,,0.21052631578947367,0.3333333333333333
52,52,accumulation,N/A,5,0.36804152427702475,0.38266688816020455,,0.19999999999999998,0.0
52,52,accumulation,N/A,6,0.418430527126055,0.5134376417958951,,0.3333333333333333,0.0
52,52,accumulation,N/A,7,0.3652790671004471,0.36907075878901047,,0.2857142857142857,0.2
52,52,refinement,0.5,0,0.46189797945895594,0.5495697356337385,,0.5,0.0
52,52,refinement,0.5,1,0.5619171035971007,0.5492162072664531,,0.6666666666666666,0.0
52,52,refinement,0.5,2,0.5620158696803635,0.5495697356337385,,0.6666666666666666,0.0
52,52,refinement,0.5,3,0.5631607359153015,0.5535630307006029,,0.6666666666666666,0.0
52,52,refinement,0.5,4,0.5623111428862795,0.5486285104446391,,0.6666666666666666,0.0
52,52,refinement,0.5,5,0.46289056633010056,0.5516604626392679,,0.5,0.0
52,52,refinement,0.5,6,0.5629947057924904,0.5516604626392679,,0.6666666666666666,0.0
52,52,refinement,0.5,7,0.4636964167661035,0.5516604626392679,,0.5,0.0
52,52,refinement,0.8,0,0.46189797945895594,0.5495697356337385,,0.5,0.0
52,52,refinement,0.8,1,0.5639518839414942,0.5683446690359389,,0.6666666666666666,0.0
52,52,refinement,0.8,2,0.7306297035029623,0.2941093409004036,,1.0,1.0
52,52,refinement,0.8,3,0.4509810256662957,0.8903616327934745,,0.28571428571428575,0.0
52,52,refinement,0.8,4,0.42869361277521684,0.900233939566756,,0.22222222222222224,0.0
52,52,refinement,0.8,5,0.44134012307516557,0.8658937728647706,,0.125,0.0
52,52,refinement,0.8,6,0.4236781201808715,0.8747483381836432,,0.08695652173913042,0.0
52,52,refinement,0.8,7,0.47521213434426285,0.8427468851961676,,0.4,0.0
53,53,accumulation,N/A,0,0.3944168565043533,0.4751026798812101,,0.28571428571428575,0.25
53,53,accumulation,N/A,1,0.41782286263158325,0.16177030751791732,,0.6666666666666666,0.3333333333333333
53,53,accumulation,N/A,2,0.2577328056485547,0.25370754459142936,,0.017699115044247787,0.16666666666666666
53,53,accumulation,N/A,3,0.2337567699733033,0.18465778937397506,,0.02127659574468085,0.0
53,53,accumulation,N/A,4,0.30814514849974406,0.41437801102952215,,0.002092050209205021,0.0
53,53,accumulation,N/A,5,0.4590554034192805,0.37759538057956044,,0.4,0.5
53,53,accumulation,N/A,6,0.29542290374276975,0.3939061278846856,,0.028985507246376812,0.0
53,53,accumulation,N/A,7,0.43800406797188396,0.6819796614916595,,0.28571428571428575,0.3333333333333333
53,53,refinement,0.5,0,0.3944168565043533,0.4751026798812101,,0.28571428571428575,0.25
53,53,refinement,0.5,1,0.42727546522326587,0.47730398531333373,,0.3333333333333333,0.3333333333333333
53,53,refinement,0.5,2,0.48822473461701293,0.47730398531333373,,0.4,0.5
53,53,refinement,0.5,3,0.4873181939563254,0.4765312118133164,,0.4,0.5
53,53,refinement,0.5,4,0.4280655727181499,0.4765312118133164,,0.3333333333333333,0.3333333333333333
53,53,refinement,0.5,5,0.42815393286613007,0.47863129268564525,,0.3333333333333333,0.3333333333333333
53,53,refinement,0.5,6,0.48756618486822606,0.4765312118133164,,0.4,0.5
53,53,refinement,0.5,7,0.48772595619014314,0.47863129268564525,,0.4,0.5
53,53,refinement,0.8,0,0.3944168565043533,0.4751026798812101,,0.28571428571428575,0.25
53,53,refinement,0.8,1,0.4164438799730932,0.3769655055817387,,0.3333333333333333,0.3333333333333333
53,53,refinement,0.8,2,0.48554837566225395,0.4680740179129015,,0.4,0.5
53,53,refinement,0.8,3,0.48954019742636234,0.482415395504795,,0.4,0.5
53,53,refinement,0.8,4,0.48967066338060217,0.482415395504795,,0.4,0.5
53,53,refinement,0.8,5,0.43149976488992525,0.4830483181900141,,0.3333333333333333,0.3333333333333333
53,53,refinement,0.8,6,0.4928807886986406,0.48476000164065014,,0.4,0.5
53,53,refinement,0.8,7,0.43286296527372525,0.48118244594369586,,0.3333333333333333,0.3333333333333333
54,54,accumulation,N/A,0,0.4384686449665345,0.4033938113257717,,0.4,0.25
54,54,accumulation,N/A,1,0.3174101268579836,0.19003245858855866,,0.5,0.5
54,54,accumulation,N/A,2,0.29186158196098544,0.0,,0.30769230769230765,0.0
54,54,accumulation,N/A,3,0.36940329465807387,3.0468008554410737e-05,,0.27586206896551724,0.0
54,54,accumulation,N/A,4,0.3366654775132365,0.0,,0.20689655172413793,0.25
54,54,accumulation,N/A,5,0.38812021372192534,0.20277880333486334,,0.375,0.5
54,54,accumulation,N/A,6,0.5192460557574623,0.28077976243423125,,0.4545454545454545,0.75
54,54,accumulation,N/A,7,0.533664996388529,0.2500069155532254,,0.5333333333333333,0.5
54,54,refinement,0.5,0,0.4384686449665345,0.4033938113257717,,0.4,0.25
54,54,refinement,0.5,1,0.4322399350864935,0.39652877001286513,,0.36363636363636365,0.25
54,54,refinement,0.5,2,0.43685152190109355,0.39290861838931856,,0.4,0.25
54,54,refinement,0.5,3,0.437872733278708,0.3911284082378488,,0.4,0.25
54,54,refinement,0.5,4,0.4375745351801432,0.39100964948753314,,0.4,0.25
54,54,refinement,0.5,5,0.4352526375726009,0.37884262265566265,,0.4,0.25
54,54,refinement,0.5,6,0.4366348487432788,0.3870838739872102,,0.4,0.25
54,54,refinement,0.5,7,0.436049462339546,0.3803854000646083,,0.4,0.25
54,54,refinement,0.8,0,0.4384686449665345,0.4033938113257717,,0.4,0.25
54,54,refinement,0.8,1,0.455222688985899,0.2882491775480134,,0.3333333333333333,0.5
54,54,refinement,0.8,2,0.440022722683062,0.40189568917052676,,0.4,0.25
54,54,refinement,0.8,3,0.43430584312349485,0.39782482247960094,,0.36363636363636365,0.25
54,54,refinement,0.8,4,0.43357214368358055,0.38410794389654007,,0.36363636363636365,0.25
54,54,refinement,0.8,5,0.44173494447564143,0.40177829875116394,,0.4,0.25
54,54,refinement,0.8,6,0.47120584383437164,0.4046205176416804,,0.3333333333333333,0.5
54,54,refinement,0.8,7,0.4328175051614748,0.3797777494362583,,0.36363636363636365,0.25
55,55,accumulation,N/A,0,0.43358523814740574,0.014998528438778028,,0.35000000000000003,0.5714285714285714
55,55,accumulation,N/A,1,0.30044324703713593,0.08832644716519378,,0.368421052631579,0.14285714285714285
55,55,accumulation,N/A,2,0.36531401700757216,0.06220533087386806,,0.4912280701754386,0.14285714285714285
55,55,accumulation,N/A,3,0.3390732810437763,0.05708225538978896,,0.36734693877551017,0.14285714285714285
55,55,accumulation,N/A,4,0.39687949792740973,0.02047122044149663,,0.723404255319149,0.14285714285714285
55,55,accumulation,N/A,5,0.23998365083132295,0.0229148570975083,,0.35294117647058826,0.14285714285714285
55,55,accumulation,N/A,6,0.3433330985215354,0.05252677317855915,,0.47457627118644063,0.14285714285714285
55,55,accumulation,N/A,7,0.34220057299499707,0.0001537158334342224,,0.47619047619047616,0.14285714285714285
55,55,refinement,0.5,0,0.43358523814740574,0.014998528438778028,,0.35000000000000003,0.5714285714285714
55,55,refinement,0.5,1,0.35830610732094514,0.01728320428336538,,0.30769230769230765,0.42857142857142855
55,55,refinement,0.5,2,0.3278985230433461,0.01728204233181563,,0.34285714285714286,0.14285714285714285
55,55,refinement,0.5,3,0.32760701305876117,0.017063408095939956,,0.34285714285714286,0.14285714285714285
55,55,refinement,0.5,4,0.3693384684292679,0.014809129288821976,,0.37837837837837834,0.2857142857142857
55,55,refinement,0.5,5,0.33862064216168775,0.01685411195343,,0.3157894736842105,0.2857142857142857
55,55,refinement,0.5,6,0.3887823025168808,0.06956748934279085,,0.358974358974359,0.42857142857142855
55,55,refinement,0.5,7,0.32189641757887205,0.08059493315002154,,0.3333333333333333,0.2857142857142857
55,55,refinement,0.8,0,0.43358523814740574,0.014998528438778028,,0.35000000000000003,0.5714285714285714
55,55,refinement,0.8,1,0.3008443569643291,0.0170610188951674,,0.3333333333333333,0.14285714285714285
55,55,refinement,0.8,2,0.3768458719167514,0.016259278698015505,,0.39999999999999997,0.14285714285714285
55,55,refinement,0.8,3,0.3982753298804047,0.006547552968670606,,0.5106382978723405,0.42857142857142855
55,55,refinement,0.8,4,0.36482006688597773,0.07514503470784117,,0.37837837837837834,0.42857142857142855
55,55,refinement,0.8,5,0.406750763556076,0.00763461174171369,,0.4528301886792453,0.2857142857142857
55,55,refinement,0.8,6,0.3412829884256787,0.07522577865553942,,0.38095238095238093,0.2857142857142857
55,55,refinement,0.8,7,0.36732762587950213,0.043412245156555264,,0.5263157894736842,0.2857142857142857
56,56,accumulation,N/A,0,0.36683819830018954,0.0015628344165297618,,0.7047619047619048,0.0
56,56,accumulation,N/A,1,0.36387410645856555,0.00039957330639352694,,0.5771812080536913,0.0
56,56,accumulation,N/A,2,0.29385968318918737,0.005339630812540588,,0.45454545454545453,0.0
56,56,accumulation,N/A,3,0.38689451664930335,0.005494298269500977,,0.5321100917431192,0.0
56,56,accumulation,N/A,4,0.35846956788979106,0.013707262599110403,,0.43617021276595747,0.0
56,56,accumulation,N/A,5,0.34634175920608035,0.024051670711236657,,0.4883720930232558,0.0
56,56,accumulation,N/A,6,0.3626571256048978,0.018290916091202813,,0.40692640692640697,0.0
56,56,accumulation,N/A,7,0.4259939349200511,0.017738478369242604,,0.6111111111111112,0.0
56,56,refinement,0.5,0,0.36683819830018954,0.0015628344165297618,,0.7047619047619048,0.0
56,56,refinement,0.5,1,0.3627774336704198,0.001275691429335047,,0.6732673267326733,0.0
56,56,refinement,0.5,2,0.37384300906418766,0.003367731653356226,,0.5961538461538461,0.14285714285714285
56,56,refinement,0.5,3,0.36418014910689667,0.001929587940975416,,0.7256637168141592,0.0
56,56,refinement,0.5,4,0.3504531958918248,0.002938265116960593,,0.6603773584905661,0.14285714285714285
56,56,refinement,0.5,5,0.3132711499620466,0.0016523519418634707,,0.6842105263157895,0.0
56,56,refinement,0.5,6,0.3174003983059921,0.0022724168743918868,,0.7155963302752293,0.0
56,56,refinement,0.5,7,0.30591097705145676,0.002851253017505279,,0.5871559633027523,0.0
56,56,refinement,0.8,0,0.36683819830018954,0.0015628344165297618,,0.7047619047619048,0.0
56,56,refinement,0.8,1,0.3237049809669594,0.0006386857016050066,,0.46486486486486495,0.14285714285714285
56,56,refinement,0.8,2,0.3261508792638455,0.0015985569457316272,,0.4180790960451977,0.14285714285714285
56,56,refinement,0.8,3,0.31866141180912755,0.0019636479537229324,,0.467391304347826,0.0
56,56,refinement,0.8,4,0.31325645334542973,0.0006982178241503619,,0.417910447761194,0.0
56,56,refinement,0.8,5,0.362780280725364,0.011803623998987246,,0.6106870229007633,0.0
56,56,refinement,0.8,6,0.33091974754713316,0.0013589963667560861,,0.42384105960264906,0.125
56,56,refinement,0.8,7,0.32352779552313515,0.0020131040963525565,,0.3611111111111111,0.0
57,57,accumulation,N/A,0,0.4390742257374553,0.1269460686873379,,0.8,0.0
57,57,accumulation,N/A,1,0.40473869875485236,0.6760531864279848,,0.1818181818181818,0.3333333333333333
57,57,accumulation,N/A,2,0.6790759168251974,0.30968555490408023,,1.0,1.0
57,57,accumulation,N/A,3,0.4344535415503412,0.37916761922122444,,0.6666666666666666,0.0
57,57,accumulation,N/A,4,0.5305781799391429,0.5409851473424472,,0.6666666666666666,0.0
57,57,accumulation,N/A,5,0.5280491801268422,0.3455978928725107,,0.6666666666666666,0.0
57,57,accumulation,N/A,6,0.5310176443190022,0.44206948358604636,,0.4,0.0
57,57,accumulation,N/A,7,0.2634883066187208,0.34321316193362317,,0.014388489208633093,0.0
57,57,refinement,0.5,0,0.4390742257374553,0.1269460686873379,,0.8,0.0
57,57,refinement,0.5,1,0.4291784726564847,0.15776633122974584,,0.8,0.0
57,57,refinement,0.5,2,0.4294332189133133,0.16241582014128828,,0.8,0.0
57,57,refinement,0.5,3,0.33440884464370163,0.15776633122974584,,0.6666666666666666,0.0
57,57,refinement,0.5,4,0.42918012156250485,0.1570342368852923,,0.8,0.0
57,57,refinement,0.5,5,0.3344590226385876,0.16003850399187414,,0.6666666666666666,0.0
57,57,refinement,0.5,6,0.33427731218285256,0.16003850399187414,,0.6666666666666666,0.0
57,57,refinement,0.5,7,0.4295972832509075,0.16203898529177255,,0.8,0.0
57,57,refinement,0.8,0,0.4390742257374553,0.1269460686873379,,0.8,0.0
57,57,refinement,0.8,1,0.44685133963816037,0.2604707133081075,,0.8,0.5
57,57,refinement,0.8,2,0.6999885792901082,0.6994314119295169,,1.0,1.0
57,57,refinement,0.8,3,0.5012916971570855,0.697049457719934,,0.6666666666666666,0.5
57,57,refinement,0.8,4,0.5205111702392979,0.7003444538236694,,0.8,0.5
57,57,refinement,0.8,5,0.6995309107813702,0.6956495326445586,,1.0,1.0
57,57,refinement,0.8,6,0.6977538277979403,0.6728606629048179,,1.0,1.0
57,57,refinement,0.8,7,0.7001562798407555,0.6908615057516456,,1.0,1.0
58,58,accumulation,N/A,0,0.594664019237854,0.6488894568680492,,0.6666666666666666,0.5
58,58,accumulation,N/A,1,0.4599814445114755,0.18779218759908073,,0.5,0.5
58,58,accumulation,N/A,2,0.3522027033294681,0.1526889512664903,,0.4,0.0
58,58,accumulation,N/A,3,0.395199294774438,0.20674365085392632,,0.5,0.0
58,58,accumulation,N/A,4,0.36717210444512727,0.4260535931386562,,0.4,0.0
58,58,accumulation,N/A,5,0.4078702158030295,0.17967609240492521,,0.5,0.0
58,58,accumulation,N/A,6,0.3746811889075306,0.28424832852955817,,0.4,0.0
58,58,accumulation,N/A,7,0.3612560868487274,0.22962094993181276,,0.2857142857142857,0.0
58,58,refinement,0.5,0,0.594664019237854,0.6488894568680492,,0.6666666666666666,0.5
58,58,refinement,0.5,1,0.7511614158024991,0.19971662816732696,,1.0,1.0
58,58,refinement,0.5,2,0.7532301464226069,0.2070291524442748,,1.0,1.0
58,58,refinement,0.5,3,0.753067882464927,0.20101698062386536,,1.0,1.0
58,58,refinement,0.5,4,0.7531713328999164,0.2015969557660865,,1.0,1.0
58,58,refinement,0.5,5,0.5533831513404568,0.20643898679316755,,0.6666666666666666,0.5
58,58,refinement,0.5,6,0.7537196180664254,0.20775156093584418,,1.0,1.0
58,58,refinement,0.5,7,0.5542603865360897,0.2148526676730492,,0.6666666666666666,0.5
58,58,refinement,0.8,0,0.594664019237854,0.6488894568680492,,0.6666666666666666,0.5
58,58,refinement,0.8,1,0.749258708997631,0.2146374539879513,,1.0,1.0
58,58,refinement,0.8,2,0.7480248337160091,0.1986768714049366,,1.0,1.0
58,58,refinement,0.8,3,0.5513568125934456,0.20536917648006858,,0.6666666666666666,0.5
58,58,refinement,0.8,4,0.7516420495095527,0.20497540921549962,,1.0,1.0
58,58,refinement,0.8,5,0.7487550625130351,0.20664367173928574,,1.0,1.0
58,58,refinement,0.8,6,0.75239324971256,0.20899078917148628,,1.0,1.0
58,58,refinement,0.8,7,0.5549889681311442,0.21803299101153473,,0.6666666666666666,0.5
59,59,accumulation,N/A,0,0.39466078442258834,0.259299205338694,,0.5,0.0
59,59,accumulation,N/A,1,0.44830640189528675,0.32059027495574566,,0.6666666666666666,0.0
59,59,accumulation,N/A,2,0.39005054186561516,0.5898553029346321,,0.28571428571428575,0.0
59,59,accumulation,N/A,3,0.35953137401251156,0.2522142138307151,,0.22222222222222224,0.3333333333333333
59,59,accumulation,N/A,4,0.4542641305822279,0.41262280651102806,,0.4,0.5
59,59,accumulation,N/A,5,0.37180646322681676,0.18323772261435847,,0.5,0.0
59,59,accumulation,N/A,6,0.6645600296994156,0.21221492366613245,,1.0,1.0
59,59,accumulation,N/A,7,0.27363037609444674,0.21396723435518078,,0.2222222222222222,0.0
59,59,refinement,0.5,0,0.39466078442258834,0.259299205338694,,0.5,0.0
59,59,refinement,0.5,1,0.38855030626745346,0.1993687475187479,,0.5,0.0
59,59,refinement,0.5,2,0.4893926770550191,0.2034343472064032,,0.6666666666666666,0.0
59,59,refinement,0.5,3,0.3894411541261511,0.2019398268511954,,0.5,0.0
59,59,refinement,0.5,4,0.4896497890204723,0.2037084004016183,,0.6666666666666666,0.0
59,59,refinement,0.5,5,0.39045681934560916,0.21107811201778387,,0.5,0.0
59,59,refinement,0.5,6,0.490449739191518,0.20779261594045728,,0.6666666666666666,0.0
59,59,refinement,0.5,7,0.4903324706235894,0.20779261594045728,,0.6666666666666666,0.0
59,59,refinement,0.8,0,0.39466078442258834,0.259299205338694,,0.5,0.0
59,59,refinement,0.8,1,0.38723498663678324,0.20131021053305254,,0.5,0.0
59,59,refinement,0.8,2,0.3876985460397622,0.19905163083465022,,0.5,0.0
59,59,refinement,0.8,3,0.48863305023531733,0.20027912972531312,,0.6666666666666666,0.0
59,59,refinement,0.8,4,0.48754010851787766,0.20012903946142882,,0.6666666666666666,0.0
59,59,refinement,0.8,5,0.36025675138743163,0.24846423547467686,,0.28571428571428575,0.0
59,59,refinement,0.8,6,0.49781477038033844,0.311616285245826,,0.6666666666666666,0.0
59,59,refinement,0.8,7,0.4915228658919282,0.24822299558913766,,0.6666666666666666,0.0
60,60,accumulation,N/A,0,0.48408709453164533,0.10417826183101879,,0.823529411764706,0.75
60,60,accumulation,N/A,1,0.36919032002590424,0.23804469229395706,,0.5217391304347826,0.2
60,60,accumulation,N/A,2,0.504687486506811,0.2896634579034049,,0.7777777777777778,0.0
60,60,accumulation,N/A,3,0.37589970980475257,0.01180988127318827,,0.5,0.25
60,60,accumulation,N/A,4,0.41742735798303576,0.039275433291663435,,0.7272727272727274,0.25
60,60,accumulation,N/A,5,0.3358186686139032,0.05226623965029758,,0.3888888888888889,0.2
60,60,accumulation,N/A,6,0.48705275182250957,0.11750940513597756,,0.7058823529411765,0.25
60,60,accumulation,N/A,7,0.2698343537543833,0.025981966679725212,,0.3870967741935484,0.0
60,60,refinement,0.5,0,0.48408709453164533,0.10417826183101879,,0.823529411764706,0.75
60,60,refinement,0.5,1,0.4700080833811965,0.1086724362429039,,0.7058823529411765,0.75
60,60,refinement,0.5,2,0.42024286598305227,0.10001768824429873,,0.631578947368421,0.5
60,60,refinement,0.5,3,0.3393443201788761,0.0904469555887966,,0.5,0.0
60,60,refinement,0.5,4,0.34220647931239506,0.1165857615747556,,0.6,0.3333333333333333
60,60,refinement,0.5,5,0.3866246399799395,0.09485391143398277,,0.631578947368421,0.4
60,60,refinement,0.5,6,0.42201200124755783,0.11957945087767108,,0.631578947368421,0.5
60,60,refinement,0.5,7,0.4273258911303959,0.11957983483511407,,0.6666666666666666,0.5
60,60,refinement,0.8,0,0.48408709453164533,0.10417826183101879,,0.823529411764706,0.75
60,60,refinement,0.8,1,0.4024891214881048,0.14129908102417296,,0.5555555555555556,0.6
60,60,refinement,0.8,2,0.3915120394103168,0.12404356010443832,,0.5,0.6
60,60,refinement,0.8,3,0.3817804959447443,0.12384622356134833,,0.5882352941176471,0.25
60,60,refinement,0.8,4,0.413467441483707,0.12720991146553245,,0.5555555555555556,0.5
60,60,refinement,0.8,5,0.44768705815075943,0.12513838183323236,,0.5263157894736842,0.75
60,60,refinement,0.8,6,0.4448732389238965,0.11663761368234457,,0.5263157894736842,0.75
60,60,refinement,0.8,7,0.40419610199031086,0.12311730364451634,,0.5,0.5
61,61,accumulation,N/A,0,0.361992000533715,0.021785936971122143,,0.35460992907801414,0.125
61,61,accumulation,N/A,1,0.3143762304165733,0.0,,0.5050505050505051,0.125
61,61,accumulation,N/A,2,0.3623833610324856,0.0313347342366245,,0.5871559633027523,0.0
61,61,accumulation,N/A,3,0.40645731236270866,0.0029874819726341466,,0.64,0.0
61,61,accumulation,N/A,4,0.3324748180110718,0.0017153482612065334,,0.5,0.25
61,61,accumulation,N/A,5,0.3776655455162346,0.0042183023456937325,,0.5510204081632653,0.0
61,61,accumulation,N/A,6,0.3533747095562336,0.008144628598736934,,0.5420560747663551,0.125
61,61,accumulation,N/A,7,0.40075017907980914,0.0051343650962240904,,0.6046511627906976,0.25
61,61,refinement,0.5,0,0.361992000533715,0.021785936971122143,,0.35460992907801414,0.125
61,61,refinement,0.5,1,0.3532044521928247,0.01231390056279975,,0.4786324786324786,0.0
61,61,refinement,0.5,2,0.3710699485717024,0.0155998451552457,,0.44247787610619466,0.125
61,61,refinement,0.5,3,0.3734575022211479,0.0123271448987981,,0.4770642201834862,0.125
61,61,refinement,0.5,4,0.36352584894387086,0.012180266699297611,,0.5684210526315788,0.0
61,61,refinement,0.5,5,0.32875106309964774,0.014785226860652948,,0.44000000000000006,0.0
61,61,refinement,0.5,6,0.3467361398897847,0.017890438797746204,,0.4444444444444445,0.125
61,61,refinement,0.5,7,0.37177829828354414,0.015612059598532008,,0.4782608695652174,0.25
61,61,refinement,0.8,0,0.361992000533715,0.021785936971122143,,0.35460992907801414,0.125
61,61,refinement,0.8,1,0.36650633866665105,0.01590241958014647,,0.4444444444444444,0.125
61,61,refinement,0.8,2,0.36053507572773263,0.0016628317751413448,,0.4742268041237113,0.0
61,61,refinement,0.8,3,0.38841234719539086,0.01482580670780406,,0.5178571428571429,0.125
61,61,refinement,0.8,4,0.3526542224935825,0.007080488304143134,,0.43243243243243246,0.125
61,61,refinement,0.8,5,0.3641972058851185,0.011177514675028083,,0.49557522123893805,0.125
61,61,refinement,0.8,6,0.3678937514919942,0.011875348352320375,,0.5137614678899082,0.125
61,61,refinement,0.8,7,0.35192560202559026,0.012545003344659604,,0.5148514851485149,0.0
62,62,accumulation,N/A,0,0.3446756742834328,0.0011308743393849787,,0.5343511450381679,0.0
62,62,accumulation,N/A,1,0.3402060974330171,0.002547815476400415,,0.6,0.0
62,62,accumulation,N/A,2,0.35935732018872674,0.016472821901282787,,0.6835443037974683,0.0
62,62,accumulation,N/A,3,0.33989827084118196,0.007541824033893892,,0.5,0.0
62,62,accumulation,N/A,4,0.33664335539065676,0.0013313743042658512,,0.6486486486486487,0.0
62,62,accumulation,N/A,5,0.37675223074822234,0.00412909897206296,,0.5853658536585366,0.0
62,62,accumulation,N/A,6,0.3336275595246748,0.016194218883104412,,0.6666666666666666,0.0
62,62,accumulation,N/A,7,0.3429767526167048,0.04837257751067617,,0.6382978723404256,0.0
62,62,refinement,0.5,0,0.3446756742834328,0.0011308743393849787,,0.5343511450381679,0.0
62,62,refinement,0.5,1,0.35491401938010686,0.007520879496772072,,0.5892857142857143,0.0
62,62,refinement,0.5,2,0.40419421490985613,0.0023202034238277293,,0.584070796460177,0.2
62,62,refinement,0.5,3,0.37871774852185824,0.0030842566072824674,,0.5945945945945945,0.0
62,62,refinement,0.5,4,0.4145824834843443,0.0062616858997153494,,0.6595744680851063,0.2
62,62,refinement,0.5,5,0.3809893388449745,0.0012749430756046703,,0.6336633663366337,0.0
62,62,refinement,0.5,6,0.34745381540586495,0.0016994429762202553,,0.6,0.0
62,62,refinement,0.5,7,0.3606758976700539,0.0016054346413753528,,0.5245901639344261,0.0
62,62,refinement,0.8,0,0.3446756742834328,0.0011308743393849787,,0.5343511450381679,0.0
62,62,refinement,0.8,1,0.3374567256974964,0.001958173285739929,,0.5853658536585366,0.0
62,62,refinement,0.8,2,0.3720874947228707,0.0009270273653951141,,0.5853658536585366,0.0
62,62,refinement,0.8,3,0.32629874278519955,0.01556064941014228,,0.5663716814159292,0.0
62,62,refinement,0.8,4,0.3560704485396292,0.016445549205147993,,0.6181818181818182,0.0
62,62,refinement,0.8,5,0.4140493663737559,0.013163318566822596,,0.5945945945945945,0.2
62,62,refinement,0.8,6,0.37891646943977286,0.0044911305509600895,,0.5940594059405941,0.16666666666666666
62,62,refinement,0.8,7,0.36686989888191335,0.0046345501586474375,,0.5271317829457365,0.16666666666666666
63,63,accumulation,N/A,0,0.38598922649752926,0.012362956292950917,,0.7741935483870969,0.0
63,63,accumulation,N/A,1,0.4646537621194676,0.1219456575088171,,0.625,0.25
63,63,accumulation,N/A,2,0.39165294292813513,0.05677406253145643,,0.5172413793103449,0.0
63,63,accumulation,N/A,3,0.4633356087342548,0.06491120699035015,,0.6842105263157895,0.0
63,63,accumulation,N/A,4,0.44743291964004905,0.0540680844136646,,0.7741935483870969,0.0
63,63,accumulation,N/A,5,0.4589036472715664,0.06442501548128127,,0.5499999999999999,0.25
63,63,accumulation,N/A,6,0.4708108415608109,0.13851216918165732,,0.5555555555555556,0.0
63,63,accumulation,N/A,7,0.3791260456047766,0.1338884787067903,,0.47368421052631576,0.0
63,63,refinement,0.5,0,0.38598922649752926,0.012362956292950917,,0.7741935483870969,0.0
63,63,refinement,0.5,1,0.3729112655193161,0.0,,0.689655172413793,0.0
63,63,refinement,0.5,2,0.39942440048496586,0.017395752675267318,,0.6,0.25
63,63,refinement,0.5,3,0.39168158922899055,0.022090454903753106,,0.5,0.25
63,63,refinement,0.5,4,0.4199152325345711,0.017050177364767896,,0.7200000000000001,0.25
63,63,refinement,0.5,5,0.3513936448071979,0.0,,0.42857142857142855,0.0
63,63,refinement,0.5,6,0.35113522047729984,0.0,,0.42857142857142855,0.0
63,63,refinement,0.5,7,0.37042846153957865,0.0,,0.6,0.0
63,63,refinement,0.8,0,0.38598922649752926,0.012362956292950917,,0.7741935483870969,0.0
63,63,refinement,0.8,1,0.38474405834901804,0.012488385597463701,,0.7741935483870969,0.0
63,63,refinement,0.8,2,0.43008385020578477,0.013346703092606653,,0.7586206896551724,0.25
63,63,refinement,0.8,3,0.428833855519249,0.02998737913793191,,0.7499999999999999,0.25
63,63,refinement,0.8,4,0.4499409570411709,0.03478909766051063,,0.5517241379310344,0.5
63,63,refinement,0.8,5,0.4040395719139551,0.033803311448843985,,0.5833333333333334,0.25
63,63,refinement,0.8,6,0.40324744182020544,0.013912124685864963,,0.5925925925925926,0.25
63,63,refinement,0.8,7,0.33887198170770794,0.012082314617483146,,0.5625,0.0
64,64,accumulation,N/A,0,0.2879029548667201,0.006018806132796917,,0.4094488188976378,0.0
64,64,accumulation,N/A,1,0.361931061223363,0.07330102572199713,,0.649122807017544,0.0
64,64,accumulation,N/A,2,0.3311857159684739,2.548753601562235e-05,,0.5454545454545454,0.0
64,64,accumulation,N/A,3,0.40984836377028533,0.02182903661593036,,0.6213592233009708,0.16666666666666666
64,64,accumulation,N/A,4,0.3574807087250138,0.04970682560169883,,0.48543689320388356,0.0
64,64,accumulation,N/A,5,0.2913787121419946,0.008387687582708926,,0.5833333333333334,0.0
64,64,accumulation,N/A,6,0.345056799764362,0.04196453017955164,,0.7339449541284404,0.14285714285714285
64,64,accumulation,N/A,7,0.36601272177939553,0.029162165737433677,,0.6417910447761194,0.0
64,64,refinement,0.5,0,0.2879029548667201,0.006018806132796917,,0.4094488188976378,0.0
64,64,refinement,0.5,1,0.2888482552700737,0.0036640955352385493,,0.41025641025641024,0.0
64,64,refinement,0.5,2,0.30037833228475874,0.006223359701550258,,0.41818181818181815,0.0
64,64,refinement,0.5,3,0.3023074659320707,0.0072241514131101605,,0.43564356435643564,0.0
64,64,refinement,0.5,4,0.2928364516438775,0.0077569815248095374,,0.38888888888888884,0.0
64,64,refinement,0.5,5,0.33577565797272463,0.006872875602897896,,0.5,0.14285714285714285
64,64,refinement,0.5,6,0.317782640474776,0.006695637300798492,,0.4173913043478261,0.14285714285714285
64,64,refinement,0.5,7,0.28398059718052465,0.006665312834016019,,0.44642857142857145,0.0
64,64,refinement,0.8,0,0.2879029548667201,0.006018806132796917,,0.4094488188976378,0.0
64,64,refinement,0.8,1,0.3522278676316647,0.022589753401406194,,0.5393258426966292,0.16666666666666666
64,64,refinement,0.8,2,0.36472471529431605,0.024112437726776494,,0.5652173913043478,0.2857142857142857
64,64,refinement,0.8,3,0.3041479251784961,0.018751193045294202,,0.4888888888888889,0.0
64,64,refinement,0.8,4,0.3472556368649568,0.009181439843119803,,0.5434782608695652,0.0
64,64,refinement,0.8,5,0.34598003468156907,0.01256436411700579,,0.5777777777777778,0.0
64,64,refinement,0.8,6,0.3534504634706018,0.014346110271480845,,0.5869565217391305,0.14285714285714285
64,64,refinement,0.8,7,0.3167499247219441,0.016774260725730617,,0.536082474226804,0.0
65,65,accumulation,N/A,0,0.3450696722919214,0.0,,0.5918367346938777,0.125
65,65,accumulation,N/A,1,0.34581735576005845,0.0021605070475990097,,0.5899280575539568,0.0
65,65,accumulation,N/A,2,0.3580558439517,0.0,,0.5714285714285713,0.0
65,65,accumulation,N/A,3,0.3767508198563351,0.010670792272233482,,0.6569343065693432,0.0
65,65,accumulation,N/A,4,0.3667088208354984,0.019379403021354977,,0.549618320610687,0.0
65,65,accumulation,N/A,5,0.35908948222254095,0.0027039281191430257,,0.5755395683453237,0.0
65,65,accumulation,N/A,6,0.33812016649435833,0.06637780652448153,,0.5316455696202531,0.0
65,65,accumulation,N/A,7,0.3765712855572215,0.010618817005516902,,0.6534653465346534,0.14285714285714285
65,65,refinement,0.5,0,0.3450696722919214,0.0,,0.5918367346938777,0.125
65,65,refinement,0.5,1,0.32384918318279643,0.0,,0.5777777777777778,0.125
65,65,refinement,0.5,2,0.2997835195953699,0.0,,0.5591397849462365,0.0
65,65,refinement,0.5,3,0.2941467597773987,0.0,,0.5274725274725274,0.0
65,65,refinement,0.5,4,0.3003907482047971,0.0,,0.5531914893617021,0.0
65,65,refinement,0.5,5,0.30185284669690804,0.0,,0.5494505494505495,0.0
65,65,refinement,0.5,6,0.30774098485531565,0.0,,0.5,0.0
65,65,refinement,0.5,7,0.2878206067524171,0.0,,0.4888888888888889,0.0
65,65,refinement,0.8,0,0.3450696722919214,0.0,,0.5918367346938777,0.125
65,65,refinement,0.8,1,0.31426281495546693,0.001995491260809969,,0.5116279069767442,0.0
65,65,refinement,0.8,2,0.30870940577112493,0.020881958136967728,,0.3684210526315789,0.0
65,65,refinement,0.8,3,0.3120733719638778,0.015451059368792791,,0.42666666666666664,0.0
65,65,refinement,0.8,4,0.3128073479310326,0.0,,0.3287671232876712,0.14285714285714285
65,65,refinement,0.8,5,0.29886290510526115,0.0,,0.33802816901408445,0.14285714285714285
65,65,refinement,0.8,6,0.28419382663469017,0.004846726605343068,,0.3142857142857143,0.0
65,65,refinement,0.8,7,0.3475994569356863,0.0028230648277992538,,0.4155844155844156,0.0
66,66,accumulation,N/A,0,0.29908656828935537,0.0007898170662820062,,0.5833333333333334,0.0
66,66,accumulation,N/A,1,0.30046504448635697,0.007016700071692437,,0.5606060606060606,0.0
66,66,accumulation,N/A,2,0.3244829965613035,0.002009806469406802,,0.5108695652173912,0.0
66,66,accumulation,N/A,3,0.31938345036495713,0.002047202544793742,,0.48739495798319327,0.0
66,66,accumulation,N/A,4,0.3445028030083212,0.0,,0.5714285714285715,0.0
66,66,accumulation,N/A,5,0.31005750244845076,0.0036082648712414665,,0.5333333333333332,0.0
66,66,accumulation,N/A,6,0.4061044799405101,0.010062214191197632,,0.7037037037037038,0.14285714285714285
66,66,accumulation,N/A,7,0.29363512183811075,6.116049438148997e-05,,0.46153846153846156,0.0
66,66,refinement,0.5,0,0.29908656828935537,0.0007898170662820062,,0.5833333333333334,0.0
66,66,refinement,0.5,1,0.3064113727334521,0.0010169294704772728,,0.4900662251655629,0.0
66,66,refinement,0.5,2,0.33608470861342754,0.0002712623303940105,,0.5285714285714286,0.14285714285714285
66,66,refinement,0.5,3,0.3588124155678212,0.0008142063853755284,,0.5413533834586466,0.2857142857142857
66,66,refinement,0.5,4,0.3153711016765754,0.0014104159791526697,,0.5531914893617021,0.0
66,66,refinement,0.5,5,0.31590882051533115,0.0016375906066587143,,0.5771812080536913,0.0
66,66,refinement,0.5,6,0.30904272291994983,0.0013233718072250835,,0.6174496644295302,0.0
66,66,refinement,0.5,7,0.32859816711131185,0.00331468704641269,,0.6119402985074627,0.125
66,66,refinement,0.8,0,0.29908656828935537,0.0007898170662820062,,0.5833333333333334,0.0
66,66,refinement,0.8,1,0.31803948181826763,0.010541058123075228,,0.5496183206106869,0.0
66,66,refinement,0.8,2,0.3465156306952533,0.0023719454965515957,,0.6040268456375839,0.14285714285714285
66,66,refinement,0.8,3,0.31356046397334375,0.00889201372934862,,0.6285714285714286,0.0
66,66,refinement,0.8,4,0.33333464267124335,0.0035542766064835174,,0.6666666666666666,0.0
66,66,refinement,0.8,5,0.3407217988552875,0.013596823699609455,,0.6762589928057554,0.125
66,66,refinement,0.8,6,0.3287820438866952,0.010811600190847422,,0.634920634920635,0.0
66,66,refinement,0.8,7,0.3227207124010009,0.012924495292250511,,0.5333333333333333,0.0
67,67,accumulation,N/A,0,0.7811005514304723,0.4141156470141384,,1.0,1.0
67,67,accumulation,N/A,1,0.5719046709873672,0.45071181709592417,,0.6666666666666666,0.5
67,67,accumulation,N/A,2,0.64263090076636,0.02903692667148412,,1.0,1.0
67,67,accumulation,N/A,3,0.36606065505483887,0.21125400049732646,,0.2222222222222222,0.3333333333333333
67,67,accumulation,N/A,4,0.454632409997917,0.5479069708302194,,0.33333333333333337,0.25
67,67,accumulation,N/A,5,0.42194528919395924,0.3461990809291322,,0.19999999999999998,0.3333333333333333
67,67,accumulation,N/A,6,0.7072833334930204,0.30956832576071425,,1.0,1.0
67,67,accumulation,N/A,7,0.31188375648370037,0.21460375081972421,,0.015151515151515152,0.25
67,67,refinement,0.5,0,0.7811005514304723,0.4141156470141384,,1.0,1.0
67,67,refinement,0.5,1,0.5988650025951259,0.600786958431426,,0.6666666666666666,0.5
67,67,refinement,0.5,2,0.5976110106830573,0.5961574307065366,,0.6666666666666666,0.5
67,67,refinement,0.5,3,0.5950049325596004,0.5767260068872727,,0.6666666666666666,0.5
67,67,refinement,0.5,4,0.7944821988410686,0.5767260068872727,,1.0,1.0
67,67,refinement,0.5,5,0.505141092708194,0.575558538190035,,0.4,0.3333333333333333
67,67,refinement,0.5,6,0.5949839452648402,0.5781425838763564,,0.6666666666666666,0.5
67,67,refinement,0.5,7,0.7964829164015383,0.58397126511365,,1.0,1.0
67,67,refinement,0.8,0,0.7811005514304723,0.4141156470141384,,1.0,1.0
67,67,refinement,0.8,1,0.7975709973911673,0.5802357674851464,,1.0,1.0
67,67,refinement,0.8,2,0.7957326879627925,0.5809671215776867,,1.0,1.0
67,67,refinement,0.8,3,0.5576383722885216,0.5841573425198838,,0.4,0.5
67,67,refinement,0.8,4,0.7937834513902187,0.5712030381712057,,1.0,1.0
67,67,refinement,0.8,5,0.7921335433289833,0.5558478730286252,,1.0,1.0
67,67,refinement,0.8,6,0.7935291003087026,0.5652372562687432,,1.0,1.0
67,67,refinement,0.8,7,0.598962219649965,0.5922613720169266,,0.6666666666666666,0.5
68,68,accumulation,N/A,0,0.34509317633104597,0.07540918250224703,,0.4,0.0
68,68,accumulation,N/A,1,0.42615398810644245,0.0,,0.6666666666666666,0.0
68,68,accumulation,N/A,2,0.41030658231064254,0.0,,0.6666666666666666,0.0
68,68,accumulation,N/A,3,0.21624746046581056,0.0,,0.0037453183520599247,0.0
68,68,accumulation,N/A,4,0.23584570654158468,0.0,,0.0,0.0
68,68,accumulation,N/A,5,0.22331987954382262,0.0,,0.007999999999999998,0.0
68,68,accumulation,N/A,6,0.15094517663737264,0.0,,0.0,0.0
68,68,accumulation,N/A,7,0.215575131949797,0.23474170356754048,,0.33333333333333337,0.0
68,68,refinement,0.5,0,0.34509317633104597,0.07540918250224703,,0.4,0.0
68,68,refinement,0.5,1,0.4858072129366291,0.07764323662174458,,0.6666666666666666,0.0
68,68,refinement,0.5,2,0.3844196960150924,0.060310266458605696,,0.5,0.0
68,68,refinement,0.5,3,0.484991222619238,0.06266537684302541,,0.6666666666666666,0.0
68,68,refinement,0.5,4,0.3853204417962182,0.0647450819831354,,0.5,0.0
68,68,refinement,0.5,5,0.4856250332152562,0.06106919234260843,,0.6666666666666666,0.0
68,68,refinement,0.5,6,0.4858121304467006,0.06561917064309757,,0.6666666666666666,0.0
68,68,refinement,0.5,7,0.4854090198851604,0.059790231938426704,,0.6666666666666666,0.0
68,68,refinement,0.8,0,0.34509317633104597,0.07540918250224703,,0.4,0.0
68,68,refinement,0.8,1,0.38436652294042645,0.11162189266194428,,0.4,0.0
68,68,refinement,0.8,2,0.4043444388298634,0.09235842299613503,,0.5,0.0
68,68,refinement,0.8,3,0.500678202765124,0.05735391338488103,,0.6666666666666666,0.0
68,68,refinement,0.8,4,0.5107636835898445,0.12024333785250171,,0.6666666666666666,0.0
68,68,refinement,0.8,5,0.5045356564740042,0.05274795362918376,,0.6666666666666666,0.0
68,68,refinement,0.8,6,0.5059568894392191,0.06000647069890857,,0.6666666666666666,0.0
68,68,refinement,0.8,7,0.5048616980119897,0.07393179095021192,,0.6666666666666666,0.0
69,69,accumulation,N/A,0,0.34571421086914655,0.0,,0.4571428571428571,0.16666666666666666
69,69,accumulation,N/A,1,0.3462550056901344,0.0,,0.25,0.0
69,69,accumulation,N/A,2,0.24903382501599097,0.0,,0.13793103448275862,0.0
69,69,accumulation,N/A,3,0.26699275235257797,0.06545091469421233,,0.35714285714285715,0.0
69,69,accumulation,N/A,4,0.2785279371865944,0.2560184854941536,,0.11764705882352941,0.0
69,69,accumulation,N/A,5,0.38831424911613377,0.0465235425842073,,0.5517241379310345,0.16666666666666666
69,69,accumulation,N/A,6,0.38394274418548996,0.030033041285144925,,0.5128205128205128,0.0
69,69,accumulation,N/A,7,0.36073480232455224,0.05700743249701712,,0.4571428571428571,0.0
69,69,refinement,0.5,0,0.34571421086914655,0.0,,0.4571428571428571,0.16666666666666666
69,69,refinement,0.5,1,0.3750464554152458,0.0,,0.5333333333333333,0.2
69,69,refinement,0.5,2,0.4392669158694309,0.0,,0.5517241379310345,0.4
69,69,refinement,0.5,3,0.388871915364411,0.0,,0.5833333333333334,0.2
69,69,refinement,0.5,4,0.3893428856803588,0.0,,0.5833333333333334,0.2
69,69,refinement,0.5,5,0.4676366304392924,0.0,,0.6956521739130435,0.4
69,69,refinement,0.5,6,0.40657027417790814,0.0,,0.631578947368421,0.2
69,69,refinement,0.5,7,0.42156434995717446,0.0,,0.5,0.2
69,69,refinement,0.8,0,0.34571421086914655,0.0,,0.4571428571428571,0.16666666666666666
69,69,refinement,0.8,1,0.5080187930157007,0.0,,0.7407407407407408,0.4
69,69,refinement,0.8,2,0.3597680478015924,0.0,,0.4210526315789474,0.0
69,69,refinement,0.8,3,0.3771199102094226,0.0,,0.5263157894736842,0.2
69,69,refinement,0.8,4,0.3519063634224052,0.0,,0.47058823529411764,0.2
69,69,refinement,0.8,5,0.35238630332551524,0.0,,0.47058823529411764,0.2
69,69,refinement,0.8,6,0.4081820774137451,0.0,,0.4444444444444444,0.4
69,69,refinement,0.8,7,0.3524078134543871,0.0,,0.47058823529411764,0.2
70,70,accumulation,N/A,0,0.341582188470985,0.05858904957526833,,0.4307692307692308,0.0
70,70,accumulation,N/A,1,0.3346766131925071,0.02932808426766608,,0.3461538461538462,0.42857142857142855
70,70,accumulation,N/A,2,0.32504146211566654,0.003437919723484942,,0.5301204819277109,0.14285714285714285
70,70,accumulation,N/A,3,0.48323326274751877,0.024645407782647174,,0.7428571428571428,0.42857142857142855
70,70,accumulation,N/A,4,0.3231429475392971,0.047030005423334284,,0.40506329113924056,0.2857142857142857
70,70,accumulation,N/A,5,0.2744180177471729,0.07154508285842191,,0.27777777777777773,0.14285714285714285
70,70,accumulation,N/A,6,0.299920585373043,0.0,,0.3461538461538462,0.0
70,70,accumulation,N/A,7,0.36787849394195227,0.03396230333212074,,0.54320987654321,0.0
70,70,refinement,0.5,0,0.341582188470985,0.05858904957526833,,0.4307692307692308,0.0
70,70,refinement,0.5,1,0.3407928136528475,0.06600912734864951,,0.40625,0.0
70,70,refinement,0.5,2,0.36421052407016435,0.06638941880129065,,0.4406779661016949,0.14285714285714285
70,70,refinement,0.5,3,0.38765389369212944,0.06726953643274948,,0.45614035087719296,0.2857142857142857
70,70,refinement,0.5,4,0.3443728301875654,0.07899747670118389,,0.3859649122807018,0.0
70,70,refinement,0.5,5,0.39157275724554175,0.05659780113679202,,0.4912280701754386,0.2857142857142857
70,70,refinement,0.5,6,0.39339781827465947,0.07090821710724271,,0.45283018867924524,0.2857142857142857
70,70,refinement,0.5,7,0.3903742582260194,0.07279104772447895,,0.43636363636363634,0.2857142857142857
70,70,refinement,0.8,0,0.341582188470985,0.05858904957526833,,0.4307692307692308,0.0
70,70,refinement,0.8,1,0.3705015156130824,0.06440706114930603,,0.48148148148148157,0.14285714285714285
70,70,refinement,0.8,2,0.3219710023640113,0.05361768785137063,,0.3636363636363636,0.0
70,70,refinement,0.8,3,0.3610312544617858,0.07389426136043503,,0.39999999999999997,0.14285714285714285
70,70,refinement,0.8,4,0.4023423726900276,0.03923337586773752,,0.53125,0.42857142857142855
70,70,refinement,0.8,5,0.3765490554249695,0.044453425254239676,,0.5161290322580646,0.2857142857142857
70,70,refinement,0.8,6,0.35028241159541695,0.04526429409268805,,0.5,0.2857142857142857
70,70,refinement,0.8,7,0.3337492289331446,0.061356764053140285,,0.4838709677419355,0.14285714285714285
71,71,accumulation,N/A,0,0.2853283440909922,0.00123913436887081,,0.3835616438356165,0.14285714285714285
71,71,accumulation,N/A,1,0.22173992580446336,0.027701620687600917,,0.37113402061855666,0.0
71,71,accumulation,N/A,2,0.3451433377601937,0.013369421966454149,,0.5591397849462365,0.14285714285714285
71,71,accumulation,N/A,3,0.22135837190255575,0.0,,0.36641221374045807,0.0
71,71,accumulation,N/A,4,0.39654503764886434,0.006661920739099929,,0.625,0.14285714285714285
71,71,accumulation,N/A,5,0.29485679448752494,0.01015478134732539,,0.2833333333333333,0.14285714285714285
71,71,accumulation,N/A,6,0.248846336742363,0.0034792671999552254,,0.4444444444444444,0.0
71,71,accumulation,N/A,7,0.27695622467198805,0.013030368140563086,,0.4821428571428571,0.0
71,71,refinement,0.5,0,0.2853283440909922,0.00123913436887081,,0.3835616438356165,0.14285714285714285
71,71,refinement,0.5,1,0.24073043826643165,0.0014704714062467354,,0.3561643835616438,0.0
71,71,refinement,0.5,2,0.26611731345369577,0.0016269316470753962,,0.39999999999999997,0.0
71,71,refinement,0.5,3,0.23015372282789587,0.004682420087967495,,0.33766233766233766,0.0
71,71,refinement,0.5,4,0.2509300894028938,0.0017256005335500176,,0.3846153846153846,0.0
71,71,refinement,0.5,5,0.19913153682737336,0.0016416927900536338,,0.33766233766233766,0.0
71,71,refinement,0.5,6,0.24840472949339026,0.0017945046820565178,,0.40963855421686746,0.0
71,71,refinement,0.5,7,0.275839015835934,0.0017507020102992257,,0.46153846153846156,0.14285714285714285
71,71,refinement,0.8,0,0.2853283440909922,0.00123913436887081,,0.3835616438356165,0.14285714285714285
71,71,refinement,0.8,1,0.2538953261121322,0.006995405892446827,,0.4752475247524752,0.0
71,71,refinement,0.8,2,0.2607490760884228,0.01033813756956621,,0.4952380952380952,0.0
71,71,refinement,0.8,3,0.33885970231429857,0.025674263221904903,,0.5961538461538461,0.14285714285714285
71,71,refinement,0.8,4,0.2969727736943155,0.02998867219152403,,0.5813953488372092,0.14285714285714285
71,71,refinement,0.8,5,0.30051616079664956,0.020776648629135752,,0.611764705882353,0.14285714285714285
71,71,refinement,0.8,6,0.328129078867926,0.01785949027954405,,0.7027027027027027,0.0
71,71,refinement,0.8,7,0.31797827454421534,0.016640807596518238,,0.7719298245614035,0.0
72,72,accumulation,N/A,0,0.4129011715440664,0.04032328585740265,,0.43478260869565216,0.2
72,72,accumulation,N/A,1,0.41797005140089044,0.14569969561120508,,0.5217391304347826,0.0
72,72,accumulation,N/A,2,0.37852885661998037,0.18340630488932064,,0.3,0.0
72,72,accumulation,N/A,3,0.42204869822654956,0.08036427221838348,,0.3703703703703704,0.25
72,72,accumulation,N/A,4,0.3958658777635165,0.16468274348251596,,0.34782608695652173,0.25
72,72,accumulation,N/A,5,0.32813520162403914,0.09478761645930049,,0.5454545454545454,0.0
72,72,accumulation,N/A,6,0.36650192526017145,0.0448621576462334,,0.36,0.0
72,72,accumulation,N/A,7,0.4656279963481268,0.14005256847591285,,0.38888888888888895,0.3333333333333333
72,72,refinement,0.5,0,0.4129011715440664,0.04032328585740265,,0.43478260869565216,0.2
72,72,refinement,0.5,1,0.34604468801839056,0.06726428782062117,,0.2608695652173913,0.2
72,72,refinement,0.5,2,0.4944100891938211,0.03875928048285747,,0.3448275862068966,0.5
72,72,refinement,0.5,3,0.4175385531658249,0.038481372937221155,,0.3846153846153846,0.3333333333333333
72,72,refinement,0.5,4,0.4042664370701446,0.03995236972134013,,0.43478260869565216,0.2
72,72,refinement,0.5,5,0.36890634956126095,0.06628313538772043,,0.2608695652173913,0.25
72,72,refinement,0.5,6,0.43091217476054605,0.04875533610014149,,0.3636363636363636,0.25
72,72,refinement,0.5,7,0.38931501275601466,0.03913936255691459,,0.3846153846153846,0.2
72,72,refinement,0.8,0,0.4129011715440664,0.04032328585740265,,0.43478260869565216,0.2
72,72,refinement,0.8,1,0.39571581225203745,0.04504272077982583,,0.2962962962962963,0.2
72,72,refinement,0.8,2,0.4068161997123494,0.04396988037574909,,0.26666666666666666,0.2
72,72,refinement,0.8,3,0.3507693078864345,0.06063555279628552,,0.2727272727272727,0.2
72,72,refinement,0.8,4,0.3678710985072565,0.05810534308046387,,0.2608695652173913,0.25
72,72,refinement,0.8,5,0.3704830206898931,0.060060423030464584,,0.2608695652173913,0.25
72,72,refinement,0.8,6,0.3599771506674382,0.05708257131803832,,0.1935483870967742,0.25
72,72,refinement,0.8,7,0.37164046605962386,0.05774438048551436,,0.2608695652173913,0.25
73,73,accumulation,N/A,0,0.4563629178830961,0.13042956566691086,,0.6666666666666666,0.0
73,73,accumulation,N/A,1,0.6316000068066635,0.7776731689179681,,0.6666666666666666,0.0
73,73,accumulation,N/A,2,0.7352834504651699,0.15812890841213942,,1.0,1.0
73,73,accumulation,N/A,3,0.4575199100230245,0.11108781884382489,,0.5,0.3333333333333333
73,73,accumulation,N/A,4,0.7374401135252189,0.07273621590814286,,1.0,1.0
73,73,accumulation,N/A,5,0.768213189122128,0.21688530902325362,,1.0,1.0
73,73,accumulation,N/A,6,0.6928820912075405,0.1451252779632876,,1.0,1.0
73,73,accumulation,N/A,7,0.48298733580509606,0.12471775028575621,,0.6666666666666666,0.0
73,73,refinement,0.5,0,0.4563629178830961,0.13042956566691086,,0.6666666666666666,0.0
73,73,refinement,0.5,1,0.4569229906244283,0.12924756824667452,,0.6666666666666666,0.0
73,73,refinement,0.5,2,0.34203685927200855,0.12688459421805975,,0.4,0.0
73,73,refinement,0.5,3,0.45729078689219604,0.1263284010411314,,0.6666666666666666,0.0
73,73,refinement,0.5,4,0.3573183801013802,0.12335828250483903,,0.5,0.0
73,73,refinement,0.5,5,0.35808385337949633,0.12777060404972335,,0.5,0.0
73,73,refinement,0.5,6,0.29542500051238263,0.1281459115723846,,0.25,0.0
73,73,refinement,0.5,7,0.2889391234592873,0.13173750985935834,,0.2857142857142857,0.0
73,73,refinement,0.8,0,0.4563629178830961,0.13042956566691086,,0.6666666666666666,0.0
73,73,refinement,0.8,1,0.36273579022578695,0.1316465706160764,,0.5,0.0
73,73,refinement,0.8,2,0.46257392557783095,0.12662421414325986,,0.6666666666666666,0.0
73,73,refinement,0.8,3,0.36555491251223393,0.12802925667583362,,0.5,0.0
73,73,refinement,0.8,4,0.4620748426180097,0.11933402219720264,,0.6666666666666666,0.0
73,73,refinement,0.8,5,0.46760943007961353,0.14383249439801676,,0.6666666666666666,0.0
73,73,refinement,0.8,6,0.46961783829861714,0.1484977059472496,,0.6666666666666666,0.0
73,73,refinement,0.8,7,0.468494079723906,0.1432206229942643,,0.6666666666666666,0.0
74,74,accumulation,N/A,0,0.3591321066381244,0.18547802246139106,,0.12121212121212122,0.125
74,74,accumulation,N/A,1,0.41418564798698126,0.22562827457987616,,0.2545454545454545,0.14285714285714285
74,74,accumulation,N/A,2,0.41325466003100014,0.1272282970205631,,0.27586206896551724,0.14285714285714285
74,74,accumulation,N/A,3,0.34848969675299235,0.18999330660701305,,0.22641509433962265,0.0
74,74,accumulation,N/A,4,0.39717707300045485,0.16709591601321291,,0.27586206896551724,0.2857142857142857
74,74,accumulation,N/A,5,0.40198978624145304,0.13716961119721455,,0.23809523809523808,0.0
74,74,accumulation,N/A,6,0.34202727770600383,0.14132275651044615,,0.175,0.125
74,74,accumulation,N/A,7,0.3595376836332802,0.17652180662237033,,0.17721518987341772,0.0
74,74,refinement,0.5,0,0.3591321066381244,0.18547802246139106,,0.12121212121212122,0.125
74,74,refinement,0.5,1,0.3586206152707486,0.18451030692742812,,0.1176470588235294,0.125
74,74,refinement,0.5,2,0.35192465565436915,0.1447213768111487,,0.15625,0.125
74,74,refinement,0.5,3,0.3782316267944814,0.15573215894743875,,0.2173913043478261,0.14285714285714285
74,74,refinement,0.5,4,0.3745527335745778,0.1827471381886803,,0.1176470588235294,0.14285714285714285
74,74,refinement,0.5,5,0.3442534026358305,0.18629785358429152,,0.1176470588235294,0.0
74,74,refinement,0.5,6,0.3409092436947288,0.19581055319339022,,0.1111111111111111,0.0
74,74,refinement,0.5,7,0.3957421600415743,0.19581055319339022,,0.12307692307692307,0.16666666666666666
74,74,refinement,0.8,0,0.3591321066381244,0.18547802246139106,,0.12121212121212122,0.125
74,74,refinement,0.8,1,0.4203107483511031,0.24627266968157857,,0.17142857142857143,0.16666666666666666
74,74,refinement,0.8,2,0.4554604755479699,0.25349121885999665,,0.25,0.3333333333333333
74,74,refinement,0.8,3,0.4106439416697332,0.18495498816895586,,0.24242424242424243,0.16666666666666666
74,74,refinement,0.8,4,0.385702977731128,0.14761798094060802,,0.25,0.0
74,74,refinement,0.8,5,0.41254643286800574,0.2419170188435639,,0.25,0.25
74,74,refinement,0.8,6,0.4246794363423094,0.18514127649552148,,0.2,0.16666666666666666
74,74,refinement,0.8,7,0.38312696309001404,0.256976982346876,,0.15,0.16666666666666666
75,75,accumulation,N/A,0,0.3555273314459812,0.0011945518560733503,,0.5230769230769231,0.14285714285714285
75,75,accumulation,N/A,1,0.39141841550598033,0.0025137566187890745,,0.434108527131783,0.0
75,75,accumulation,N/A,2,0.4180236870304766,0.015378594224016637,,0.6829268292682926,0.0
75,75,accumulation,N/A,3,0.3908064528444469,0.0,,0.5744680851063829,0.0
75,75,accumulation,N/A,4,0.43465458243884314,0.0,,0.5,0.3333333333333333
75,75,accumulation,N/A,5,0.265504016503848,0.0009079801515896889,,0.27999999999999997,0.2857142857142857
75,75,accumulation,N/A,6,0.4030136397875182,0.0028038384634826493,,0.5454545454545454,0.2857142857142857
75,75,accumulation,N/A,7,0.4228259266007465,0.02753552986807338,,0.5046728971962617,0.2857142857142857
75,75,refinement,0.5,0,0.3555273314459812,0.0011945518560733503,,0.5230769230769231,0.14285714285714285
75,75,refinement,0.5,1,0.29648969936030006,0.0,,0.53125,0.0
75,75,refinement,0.5,2,0.35778499672748165,0.0,,0.4745762711864407,0.16666666666666666
75,75,refinement,0.5,3,0.33656209497715645,0.0,,0.5333333333333333,0.0
75,75,refinement,0.5,4,0.3450388690854167,0.0,,0.45614035087719296,0.16666666666666666
75,75,refinement,0.5,5,0.41611669726052547,0.008723931682245062,,0.5714285714285714,0.5
75,75,refinement,0.5,6,0.3832355731172736,0.0020462456307980114,,0.7027027027027027,0.0
75,75,refinement,0.5,7,0.3450293283896208,0.017609451398342673,,0.5846153846153846,0.0
75,75,refinement,0.8,0,0.3555273314459812,0.0011945518560733503,,0.5230769230769231,0.14285714285714285
75,75,refinement,0.8,1,0.3665495005114634,0.00022579718090676417,,0.7435897435897436,0.0
75,75,refinement,0.8,2,0.3704759012784067,0.002057881860689539,,0.725,0.0
75,75,refinement,0.8,3,0.40587770389798,0.000780430217048152,,0.7341772151898733,0.2857142857142857
75,75,refinement,0.8,4,0.37603751351099374,0.003737530211364756,,0.5882352941176471,0.16666666666666666
75,75,refinement,0.8,5,0.3418351800878417,0.0019373036207479726,,0.39285714285714285,0.16666666666666666
75,75,refinement,0.8,6,0.31299708379741564,0.0,,0.3564356435643564,0.0
75,75,refinement,0.8,7,0.3113512662870958,2.6602060334262323e-05,,0.37681159420289856,0.0
76,76,accumulation,N/A,0,0.2656845918613663,0.0,,0.3703703703703704,0.14285714285714285
76,76,accumulation,N/A,1,0.3694344359466337,0.01290420032750115,,0.6705882352941177,0.0
76,76,accumulation,N/A,2,0.36557599796879126,0.00024238144345305204,,0.617283950617284,0.0
76,76,accumulation,N/A,3,0.3675670283959229,0.00013568253182483065,,0.4903846153846154,0.0
76,76,accumulation,N/A,4,0.32515967671570956,0.0006895606200459531,,0.3625730994152046,0.0
76,76,accumulation,N/A,5,0.35608598188253804,0.000798411698427011,,0.4477611940298507,0.0
76,76,accumulation,N/A,6,0.33278735522495184,0.01136607084708806,,0.34782608695652173,0.0
76,76,accumulation,N/A,7,0.3687616497710097,0.0008069233010795814,,0.5517241379310346,0.2857142857142857
76,76,refinement,0.5,0,0.2656845918613663,0.0,,0.3703703703703704,0.14285714285714285
76,76,refinement,0.5,1,0.24345781614386536,0.0,,0.3025210084033614,0.125
76,76,refinement,0.5,2,0.23941895033475188,0.0,,0.3065693430656934,0.125
76,76,refinement,0.5,3,0.22894049582479126,0.0,,0.3529411764705882,0.125
76,76,refinement,0.5,4,0.2635264663530166,0.0,,0.3259259259259259,0.125
76,76,refinement,0.5,5,0.2645605773989536,0.0,,0.3776223776223776,0.125
76,76,refinement,0.5,6,0.24698074270210232,0.0,,0.35384615384615387,0.0
76,76,refinement,0.5,7,0.27291999565266023,0.0,,0.36800000000000005,0.125
76,76,refinement,0.8,0,0.2656845918613663,0.0,,0.3703703703703704,0.14285714285714285
76,76,refinement,0.8,1,0.25433561172940083,0.0,,0.4210526315789474,0.0
76,76,refinement,0.8,2,0.2613537027322881,0.0,,0.43478260869565216,0.125
76,76,refinement,0.8,3,0.2743846262832971,0.012558283580805544,,0.32857142857142857,0.25
76,76,refinement,0.8,4,0.29467655350786304,0.0,,0.41935483870967744,0.25
76,76,refinement,0.8,5,0.24946352077515865,0.0,,0.34108527131782945,0.0
76,76,refinement,0.8,6,0.27741270687277897,0.0,,0.2711864406779661,0.125
76,76,refinement,0.8,7,0.25397115268563125,0.0,,0.27027027027027023,0.125
77,77,accumulation,N/A,0,0.29163362675889803,0.012477344303529427,,0.4466019417475728,0.0
77,77,accumulation,N/A,1,0.430504490685591,0.02169972400684016,,0.4938271604938272,0.2857142857142857
77,77,accumulation,N/A,2,0.40299398143037024,0.005178813344475693,,0.627906976744186,0.0
77,77,accumulation,N/A,3,0.36243656770946736,0.00019025922127465468,,0.5323741007194245,0.14285714285714285
77,77,accumulation,N/A,4,0.26932393620589734,0.013138305575669787,,0.5555555555555556,0.0
77,77,accumulation,N/A,5,0.33463184821466163,0.019147157868631862,,0.3586206896551724,0.0
77,77,accumulation,N/A,6,0.37973741762644203,0.004267458319889164,,0.6712328767123287,0.0
77,77,accumulation,N/A,7,0.35734518599975007,0.02757161346753298,,0.38926174496644295,0.14285714285714285
77,77,refinement,0.5,0,0.29163362675889803,0.012477344303529427,,0.4466019417475728,0.0
77,77,refinement,0.5,1,0.2840743787011977,0.01292435933394539,,0.4423076923076923,0.0
77,77,refinement,0.5,2,0.3127975264558536,0.0071247715867375746,,0.4339622641509434,0.0
77,77,refinement,0.5,3,0.28313012190595666,0.009283407445424779,,0.4554455445544554,0.0
77,77,refinement,0.5,4,0.27994816118807736,0.0065952103196589415,,0.411764705882353,0.0
77,77,refinement,0.5,5,0.2828273572951002,0.014820353442649396,,0.4466019417475728,0.0
77,77,refinement,0.5,6,0.2645731465173498,0.017844126666394153,,0.42857142857142855,0.0
77,77,refinement,0.5,7,0.2807725364702733,0.011660001640317483,,0.4166666666666667,0.14285714285714285
77,77,refinement,0.8,0,0.29163362675889803,0.012477344303529427,,0.4466019417475728,0.0
77,77,refinement,0.8,1,0.28533599730136217,0.017909417814479515,,0.40816326530612246,0.0
77,77,refinement,0.8,2,0.2979930239637996,0.009488433568911651,,0.5142857142857142,0.0
77,77,refinement,0.8,3,0.290187461684757,0.013815981572194973,,0.4646464646464647,0.0
77,77,refinement,0.8,4,0.28519160022360623,0.004693497924526974,,0.4150943396226415,0.14285714285714285
77,77,refinement,0.8,5,0.2864424565009362,0.005052136202364435,,0.42477876106194684,0.0
77,77,refinement,0.8,6,0.2929062903256883,0.02229603683642884,,0.44000000000000006,0.14285714285714285
77,77,refinement,0.8,7,0.28865102203449616,0.017430689570161886,,0.42477876106194684,0.0
78,78,accumulation,N/A,0,0.34564925687723236,0.532003980086773,,0.3333333333333333,0.0
78,78,accumulation,N/A,1,0.32430595609487417,0.020974565725946945,,0.05357142857142857,0.0
78,78,accumulation,N/A,2,0.3022179752123192,0.0,,0.3333333333333333,0.0
78,78,accumulation,N/A,3,0.384068246790688,0.05141473557804949,,0.6666666666666666,0.5
78,78,accumulation,N/A,4,0.24442746095425819,0.0,,0.4,0.0
78,78,accumulation,N/A,5,0.29545461701272685,0.020696828905626,,0.5,0.0
78,78,accumulation,N/A,6,0.38147163782623783,0.0,,0.5,0.3333333333333333
78,78,accumulation,N/A,7,0.32047530448272615,0.004877554889301191,,0.4,0.0
78,78,refinement,0.5,0,0.34564925687723236,0.532003980086773,,0.3333333333333333,0.0
78,78,refinement,0.5,1,0.3453259841645182,0.5301929463391063,,0.3333333333333333,0.0
78,78,refinement,0.5,2,0.38113368424199784,0.5309869345304861,,0.4,0.0
78,78,refinement,0.5,3,0.3806398138771825,0.5306646707372945,,0.4,0.0
78,78,refinement,0.5,4,0.34516849519513126,0.5314600734747256,,0.3333333333333333,0.0
78,78,refinement,0.5,5,0.37995792259843064,0.5306646707372945,,0.4,0.0
78,78,refinement,0.5,6,0.3448833297111096,0.5298716453000251,,0.3333333333333333,0.0
78,78,refinement,0.5,7,0.3441940088876403,0.5306646707372945,,0.3333333333333333,0.0
78,78,refinement,0.8,0,0.34564925687723236,0.532003980086773,,0.3333333333333333,0.0
78,78,refinement,0.8,1,0.3616429312399745,0.42974343262054915,,0.3333333333333333,0.0
78,78,refinement,0.8,2,0.44836593505566524,0.2021187041853865,,0.6666666666666666,0.0
78,78,refinement,0.8,3,0.3629272952501589,0.3802887251825178,,0.4,0.0
78,78,refinement,0.8,4,0.3214012531913619,0.3925295846322884,,0.28571428571428575,0.0
78,78,refinement,0.8,5,0.36457536267561397,0.40233259921333836,,0.4,0.0
78,78,refinement,0.8,6,0.4315397566348414,0.41174160336100263,,0.3333333333333333,0.0
78,78,refinement,0.8,7,0.3635907278545501,0.3955582050202926,,0.4,0.0
79,79,accumulation,N/A,0,0.46528832842383394,0.5151833409033252,,0.33333333333333337,0.25
79,79,accumulation,N/A,1,0.6409174575859147,0.6598569435950995,,0.6666666666666666,0.5
79,79,accumulation,N/A,2,0.6561880232865337,0.5402654522455372,,0.6666666666666666,0.5
79,79,accumulation,N/A,3,0.8218709129123826,0.5273436092753699,,1.0,1.0
79,79,accumulation,N/A,4,0.49242960878560327,0.3551181763626867,,0.4,0.3333333333333333
79,79,accumulation,N/A,5,0.7819959404047845,0.25900707346499724,,1.0,1.0
79,79,accumulation,N/A,6,0.8970318412008497,0.7740144515091125,,1.0,1.0
79,79,accumulation,N/A,7,0.7679735347271391,0.16370738884578534,,1.0,1.0
79,79,refinement,0.5,0,0.46528832842383394,0.5151833409033252,,0.33333333333333337,0.25
79,79,refinement,0.5,1,0.5884347952688714,0.5183813621981348,,0.6666666666666666,0.5
79,79,refinement,0.5,2,0.7873808119424964,0.510492101871921,,1.0,1.0
79,79,refinement,0.5,3,0.5636550432709697,0.5238161706397366,,0.5,0.5
79,79,refinement,0.5,4,0.7863573715156,0.5198215799169973,,1.0,1.0
79,79,refinement,0.5,5,0.7862897763388756,0.5190328553227707,,1.0,1.0
79,79,refinement,0.5,6,0.7872822107164787,0.5298088955231297,,1.0,1.0
79,79,refinement,0.5,7,0.7844310567216368,0.5055577346642351,,1.0,1.0
79,79,refinement,0.8,0,0.46528832842383394,0.5151833409033252,,0.33333333333333337,0.25
79,79,refinement,0.8,1,0.7786186411883192,0.40762661915979664,,1.0,1.0
79,79,refinement,0.8,2,0.5785508264312569,0.39851610210441335,,0.6666666666666666,0.5
79,79,refinement,0.8,3,0.7796200553484895,0.4014409150142344,,1.0,1.0
79,79,refinement,0.8,4,0.7829817128846543,0.41835373212513466,,1.0,1.0
79,79,refinement,0.8,5,0.5828932826538654,0.41358657979083585,,0.6666666666666666,0.5
79,79,refinement,0.8,6,0.6162255805125055,0.7255547582295223,,0.6666666666666666,0.5
79,79,refinement,0.8,7,0.8068866027608149,0.6802820443136753,,1.0,1.0
80,80,accumulation,N/A,0,0.48888682468677624,0.23219609905621733,,0.6666666666666666,0.5
80,80,accumulation,N/A,1,0.4868332842261949,0.004822828149941314,,0.5,0.5
80,80,accumulation,N/A,2,0.7005359977367022,0.0,,1.0,1.0
80,80,accumulation,N/A,3,0.3926324377792284,0.0,,0.4,0.0
80,80,accumulation,N/A,4,0.7133840739274684,0.06771050140644824,,1.0,1.0
80,80,accumulation,N/A,5,0.41468126606940087,0.0,,0.2857142857142857,0.3333333333333333
80,80,accumulation,N/A,6,0.5142292168746198,0.09321641444640814,,0.5,0.0
80,80,accumulation,N/A,7,0.4337422727679411,0.0,,0.33333333333333337,0.5
80,80,refinement,0.5,0,0.48888682468677624,0.23219609905621733,,0.6666666666666666,0.5
80,80,refinement,0.5,1,0.688218670849829,0.22890277997676617,,1.0,1.0
80,80,refinement,0.5,2,0.48880255821656976,0.23240747747117715,,0.6666666666666666,0.5
80,80,refinement,0.5,3,0.6890348293478937,0.23499781611345957,,1.0,1.0
80,80,refinement,0.5,4,0.6895118332418587,0.2395027777947743,,1.0,1.0
80,80,refinement,0.5,5,0.48904589666376774,0.23548003778778814,,0.6666666666666666,0.5
80,80,refinement,0.5,6,0.689522736481133,0.23974369406961565,,1.0,1.0
80,80,refinement,0.5,7,0.6892050236821002,0.23377496799656625,,1.0,1.0
80,80,refinement,0.8,0,0.48888682468677624,0.23219609905621733,,0.6666666666666666,0.5
80,80,refinement,0.8,1,0.46241721169811234,0.2245031078610603,,0.5,0.5
80,80,refinement,0.8,2,0.48170520245019993,0.2191176739675394,,0.6666666666666666,0.5
80,80,refinement,0.8,3,0.685853029019343,0.21300616640134667,,1.0,1.0
80,80,refinement,0.8,4,0.42467975230322264,0.11532953275000221,,0.33333333333333337,0.5
80,80,refinement,0.8,5,0.46979495456365217,0.10185207529813906,,0.6666666666666666,0.5
80,80,refinement,0.8,6,0.6646756653853568,0.09844180587214638,,1.0,1.0
80,80,refinement,0.8,7,0.4423539323064769,0.10454968480570333,,0.5,0.5
81,81,accumulation,N/A,0,0.39963077362310595,0.007740974506686554,,0.6557377049180327,0.25
81,81,accumulation,N/A,1,0.3922331429389366,0.024270208324981796,,0.4848484848484848,0.2857142857142857
81,81,accumulation,N/A,2,0.3847122335609642,0.06378871991703886,,0.58,0.0
81,81,accumulation,N/A,3,0.3669786523725615,0.0025698830629616656,,0.5853658536585367,0.0
81,81,accumulation,N/A,4,0.2746114804723732,0.018128392532956252,,0.43795620437956206,0.0
81,81,accumulation,N/A,5,0.36811181654891345,0.0018033584554495176,,0.4788732394366197,0.0
81,81,accumulation,N/A,6,0.3615182376042966,0.004630107759314465,,0.33999999999999997,0.14285714285714285
81,81,accumulation,N/A,7,0.35093285654865786,0.021272735982811798,,0.5111111111111112,0.0
81,81,refinement,0.5,0,0.39963077362310595,0.007740974506686554,,0.6557377049180327,0.25
81,81,refinement,0.5,1,0.3736125337433074,0.00715433591605044,,0.6178861788617885,0.14285714285714285
81,81,refinement,0.5,2,0.3985010284784296,0.00724304854711902,,0.6341463414634146,0.2857142857142857
81,81,refinement,0.5,3,0.37776238919643057,0.010663150276486693,,0.6101694915254238,0.14285714285714285
81,81,refinement,0.5,4,0.3900931703791482,0.018249405587906338,,0.5132743362831859,0.2857142857142857
81,81,refinement,0.5,5,0.3894153843077543,0.019015116726679288,,0.5045045045045046,0.14285714285714285
81,81,refinement,0.5,6,0.3707000137450538,0.017623590237002166,,0.543859649122807,0.0
81,81,refinement,0.5,7,0.39612096084799386,0.016084604404663288,,0.5714285714285714,0.14285714285714285
81,81,refinement,0.8,0,0.39963077362310595,0.007740974506686554,,0.6557377049180327,0.25
81,81,refinement,0.8,1,0.38049074219471285,0.007214509737706475,,0.6250000000000001,0.14285714285714285
81,81,refinement,0.8,2,0.37839966891869425,0.003734074502984128,,0.4444444444444445,0.2857142857142857
81,81,refinement,0.8,3,0.3666015707644253,0.012159928691685968,,0.4158415841584159,0.2857142857142857
81,81,refinement,0.8,4,0.37702048058827525,0.0052540452170514555,,0.47058823529411764,0.14285714285714285
81,81,refinement,0.8,5,0.30605098738426123,0.006749404864131757,,0.358974358974359,0.0
81,81,refinement,0.8,6,0.31100239912169825,0.005460896743250735,,0.3603603603603604,0.0
81,81,refinement,0.8,7,0.3354035537090281,0.00019693262336661988,,0.38095238095238093,0.0
82,82,accumulation,N/A,0,0.34664384732784737,7.216094555471992e-05,,0.43076923076923074,0.0
82,82,accumulation,N/A,1,0.3507493227933822,0.005010528691387476,,0.3333333333333333,0.14285714285714285
82,82,accumulation,N/A,2,0.475394803740337,0.02698008426258958,,0.7317073170731706,0.3333333333333333
82,82,accumulation,N/A,3,0.3039225295397067,0.002255366799244518,,0.31578947368421056,0.0
82,82,accumulation,N/A,4,0.39876596313135004,0.018699530760150233,,0.5161290322580645,0.2857142857142857
82,82,accumulation,N/A,5,0.43224503075322873,0.048760454230716246,,0.553191489361702,0.0
82,82,accumulation,N/A,6,0.3005518357901159,0.0041837230026458205,,0.3243243243243243,0.16666666666666666
82,82,accumulation,N/A,7,0.30940972353862767,0.005910398039703979,,0.3728813559322034,0.0
82,82,refinement,0.5,0,0.34664384732784737,7.216094555471992e-05,,0.43076923076923074,0.0
82,82,refinement,0.5,1,0.3731516757026877,0.0,,0.5,0.14285714285714285
82,82,refinement,0.5,2,0.3575145825204557,0.00017095327444068868,,0.5384615384615384,0.0
82,82,refinement,0.5,3,0.39866175747918986,0.00017587212305196305,,0.5423728813559321,0.3333333333333333
82,82,refinement,0.5,4,0.369567755042116,0.00016598048072276407,,0.5483870967741935,0.0
82,82,refinement,0.5,5,0.30128456797815717,0.00018016647011185038,,0.43076923076923074,0.0
82,82,refinement,0.5,6,0.346671956212701,0.00024033229433185495,,0.5000000000000001,0.14285714285714285
82,82,refinement,0.5,7,0.34587178900910004,0.0004807586009385449,,0.5245901639344263,0.0
82,82,refinement,0.8,0,0.34664384732784737,7.216094555471992e-05,,0.43076923076923074,0.0
82,82,refinement,0.8,1,0.34787397814065046,4.4276994933906754e-05,,0.5245901639344263,0.0
82,82,refinement,0.8,2,0.3102482048494881,0.011881152084415869,,0.43333333333333335,0.0
82,82,refinement,0.8,3,0.3733041509406768,0.011527559759853043,,0.4482758620689655,0.16666666666666666
82,82,refinement,0.8,4,0.336493194700927,0.01157019423286117,,0.5098039215686274,0.0
82,82,refinement,0.8,5,0.32598312926020945,0.009722354820738069,,0.4444444444444445,0.0
82,82,refinement,0.8,6,0.34127131761492197,0.004662991361446913,,0.553191489361702,0.0
82,82,refinement,0.8,7,0.37779131166813357,0.005532348724467212,,0.4444444444444445,0.16666666666666666
83,83,accumulation,N/A,0,0.46083233228295223,0.019537448203642113,,0.5918367346938775,0.0
83,83,accumulation,N/A,1,0.4783844403909427,0.05137080684267933,,0.3561643835616438,0.25
83,83,accumulation,N/A,2,0.4454587389504764,0.1634048863799771,,0.3934426229508197,0.0
83,83,accumulation,N/A,3,0.4585866040073481,0.02191167279414808,,0.56,0.0
83,83,accumulation,N/A,4,0.5840436722880397,0.08805032602151493,,0.6511627906976744,0.5
83,83,accumulation,N/A,5,0.5148117719463567,0.035924058859812875,,0.46153846153846156,0.25
83,83,accumulation,N/A,6,0.3955071279375599,0.0006720050612179579,,0.6578947368421053,0.0
83,83,accumulation,N/A,7,0.37968176835235823,0.01557896169107669,,0.5957446808510639,0.0
83,83,refinement,0.5,0,0.46083233228295223,0.019537448203642113,,0.5918367346938775,0.0
83,83,refinement,0.5,1,0.422228789085766,0.020289658403809602,,0.5208333333333333,0.0
83,83,refinement,0.5,2,0.44435383632788894,0.031502635236825616,,0.425531914893617,0.0
83,83,refinement,0.5,3,0.4472877969751755,0.034064195481690644,,0.4731182795698925,0.0
83,83,refinement,0.5,4,0.395245703814112,0.026530804440326627,,0.48936170212765956,0.0
83,83,refinement,0.5,5,0.40685386644965404,0.033230703231498654,,0.4137931034482759,0.0
83,83,refinement,0.5,6,0.4406408224505214,0.03010128728188045,,0.4545454545454546,0.0
83,83,refinement,0.5,7,0.43377715141576334,0.03385145069985633,,0.4000000000000001,0.0
83,83,refinement,0.8,0,0.46083233228295223,0.019537448203642113,,0.5918367346938775,0.0
83,83,refinement,0.8,1,0.4322451733826933,0.030880668195342527,,0.41558441558441556,0.0
83,83,refinement,0.8,2,0.3890244492494625,0.025538796325320506,,0.3448275862068965,0.0
83,83,refinement,0.8,3,0.43420715456083087,0.036434960593682675,,0.4634146341463415,0.0
83,83,refinement,0.8,4,0.43963751672140283,0.02511558832331385,,0.48837209302325585,0.0
83,83,refinement,0.8,5,0.4588347066564667,0.026676896440875723,,0.5098039215686275,0.0
83,83,refinement,0.8,6,0.41013897022754164,0.0389603277592625,,0.41463414634146345,0.0
83,83,refinement,0.8,7,0.4511884414348591,0.04651857366337426,,0.3939393939393939,0.25
84,84,accumulation,N/A,0,0.24511683343223262,0.04379164763826895,,0.08163265306122448,0.125
84,84,accumulation,N/A,1,0.18497855539050284,0.0028090079156752224,,0.12,0.0
84,84,accumulation,N/A,2,0.26700350493406916,0.0,,0.4878048780487805,0.0
84,84,accumulation,N/A,3,0.20497858370088978,0.004993057566956309,,0.042056074766355145,0.0
84,84,accumulation,N/A,4,0.2671115706832782,0.00915829505059807,,0.31428571428571433,0.125
84,84,accumulation,N/A,5,0.2028286840506089,0.0,,0.07692307692307691,0.125
84,84,accumulation,N/A,6,0.17936046000845063,0.0,,0.2807017543859649,0.0
84,84,accumulation,N/A,7,0.16755686366580985,0.0,,0.11764705882352941,0.0
84,84,refinement,0.5,0,0.24511683343223262,0.04379164763826895,,0.08163265306122448,0.125
84,84,refinement,0.5,1,0.2290774386253074,0.04339712829017643,,0.08,0.0
84,84,refinement,0.5,2,0.2330853825979163,0.04339712829017643,,0.08163265306122448,0.125
84,84,refinement,0.5,3,0.23655413047447535,0.04339712829017643,,0.08163265306122448,0.0
84,84,refinement,0.5,4,0.2194153915201808,0.089506577098489,,0.04166666666666667,0.0
84,84,refinement,0.5,5,0.21942684428830203,0.0903202732539298,,0.04166666666666667,0.0
84,84,refinement,0.5,6,0.22898098648669507,0.0455744498070288,,0.08163265306122448,0.0
84,84,refinement,0.5,7,0.24871898993072705,0.0455744498070288,,0.08163265306122448,0.125
84,84,refinement,0.8,0,0.24511683343223262,0.04379164763826895,,0.08163265306122448,0.125
84,84,refinement,0.8,1,0.2002081013345541,0.04962214971497154,,0.08163265306122448,0.0
84,84,refinement,0.8,2,0.18712322230788736,0.023654483852364485,,0.1568627450980392,0.0
84,84,refinement,0.8,3,0.17641745362909547,0.02719295280461342,,0.11764705882352941,0.0
84,84,refinement,0.8,4,0.17413556765831179,0.02711344124670519,,0.12,0.0
84,84,refinement,0.8,5,0.22110776512014246,0.027355525543550765,,0.12,0.125
84,84,refinement,0.8,6,0.18072319451289898,0.028558847781536893,,0.12,0.0
84,84,refinement,0.8,7,0.17838755998292422,0.026673642942025316,,0.12,0.0
85,85,accumulation,N/A,0,0.40542321610211196,0.15127694346319556,,0.13333333333333336,0.5
85,85,accumulation,N/A,1,0.4281507634644869,0.0032309471049222498,,0.8,0.0
85,85,accumulation,N/A,2,0.29690024962608075,0.07770028240361994,,0.4444444444444445,0.25
85,85,accumulation,N/A,3,0.3377857792589501,0.0,,0.5714285714285715,0.0
85,85,accumulation,N/A,4,0.3547516457717421,0.11031741064909587,,0.6666666666666666,0.0
85,85,accumulation,N/A,5,0.4627340601066393,0.14653447778738882,,0.8,0.5
85,85,accumulation,N/A,6,0.42913663837422356,0.08437208246069992,,0.5714285714285715,0.0
85,85,accumulation,N/A,7,0.2246448047938117,0.013681418117188805,,0.2666666666666667,0.0
85,85,refinement,0.5,0,0.40542321610211196,0.15127694346319556,,0.13333333333333336,0.5
85,85,refinement,0.5,1,0.41549169125271446,0.15115435859075768,,0.2,0.5
85,85,refinement,0.5,2,0.4102173767061755,0.1449033313047423,,0.16666666666666669,0.5
85,85,refinement,0.5,3,0.36833647264537933,0.14425644143284616,,0.22222222222222224,0.3333333333333333
85,85,refinement,0.5,4,0.3646008204356124,0.14387278068435455,,0.2,0.3333333333333333
85,85,refinement,0.5,5,0.3351086016605206,0.14869423133110726,,0.16666666666666669,0.25
85,85,refinement,0.5,6,0.4128498533092214,0.14869423133110726,,0.1818181818181818,0.5
85,85,refinement,0.5,7,0.43458637755347557,0.14318703757810336,,0.3333333333333333,0.5
85,85,refinement,0.8,0,0.40542321610211196,0.15127694346319556,,0.13333333333333336,0.5
85,85,refinement,0.8,1,0.4433770627412924,0.14417567074895316,,0.4,0.5
85,85,refinement,0.8,2,0.6096838346442444,0.14905546268199465,,0.5,1.0
85,85,refinement,0.8,3,0.38564968976261293,0.15688114127516878,,0.3333333333333333,0.3333333333333333
85,85,refinement,0.8,4,0.4461067713978927,0.15913131314064408,,0.4,0.5
85,85,refinement,0.8,5,0.4451037228651502,0.15354136027737833,,0.4,0.5
85,85,refinement,0.8,6,0.34336593806855675,0.16577292168463117,,0.22222222222222224,0.25
85,85,refinement,0.8,7,0.3794296348615541,0.17424347655215972,,0.28571428571428575,0.3333333333333333
86,86,accumulation,N/A,0,0.25677059784728845,0.020030806852328227,,0.346938775510204,0.0
86,86,accumulation,N/A,1,0.36989118443966496,0.0261886421257086,,0.41791044776119407,0.0
86,86,accumulation,N/A,2,0.3257286475456368,0.018064077652880043,,0.47727272727272724,0.0
86,86,accumulation,N/A,3,0.35858102666866953,0.02367180143291954,,0.4210526315789474,0.0
86,86,accumulation,N/A,4,0.3096814176047142,0.006987613672401734,,0.38532110091743116,0.0
86,86,accumulation,N/A,5,0.3442919868528673,0.034643008287286406,,0.37209302325581395,0.0
86,86,accumulation,N/A,6,0.21516329289100944,0.03038024033473088,,0.11320754716981131,0.0
86,86,accumulation,N/A,7,0.30628237190990226,0.04036135816325628,,0.2857142857142857,0.0
86,86,refinement,0.5,0,0.25677059784728845,0.020030806852328227,,0.346938775510204,0.0
86,86,refinement,0.5,1,0.28361201494520094,0.017706866966815834,,0.3725490196078432,0.0
86,86,refinement,0.5,2,0.25045131958232664,0.017766673645160432,,0.07392996108949416,0.0
86,86,refinement,0.5,3,0.21767094801233572,0.08256538534331673,,0.08333333333333333,0.0
86,86,refinement,0.5,4,0.23447258490744982,0.1636772122309835,,0.08333333333333333,0.0
86,86,refinement,0.5,5,0.2153795894359598,0.062154668508529735,,0.08333333333333333,0.0
86,86,refinement,0.5,6,0.2352667205497759,0.04856616296411603,,0.12,0.0
86,86,refinement,0.5,7,0.23618375959810467,0.07450597484508266,,0.08333333333333333,0.0
86,86,refinement,0.8,0,0.25677059784728845,0.020030806852328227,,0.346938775510204,0.0
86,86,refinement,0.8,1,0.23434126350404555,0.16776974226452715,,0.08333333333333333,0.0
86,86,refinement,0.8,2,0.2380537904399141,0.10759228187919458,,0.08333333333333333,0.0
86,86,refinement,0.8,3,0.2417339074538915,0.12609460481877424,,0.08333333333333333,0.0
86,86,refinement,0.8,4,0.23718832067024362,0.07027256255326134,,0.08333333333333333,0.0
86,86,refinement,0.8,5,0.2390739458713892,0.10256496086922606,,0.08333333333333333,0.0
86,86,refinement,0.8,6,0.23931818892680534,0.10215398075192947,,0.08333333333333333,0.0
86,86,refinement,0.8,7,0.23914330691425015,0.09827745107500546,,0.08333333333333333,0.0
87,87,accumulation,N/A,0,0.26684780496251775,0.10819106811969947,,0.3333333333333333,0.0
87,87,accumulation,N/A,1,0.39514096149009703,0.39110907805547473,,0.5714285714285715,0.0
87,87,accumulation,N/A,2,0.32395919846615684,0.154042957136774,,0.5714285714285715,0.0
87,87,accumulation,N/A,3,0.4103442192978671,0.5985847035089735,,0.28571428571428575,0.0
87,87,accumulation,N/A,4,0.3756675438220996,0.327150584109264,,0.5,0.0
87,87,accumulation,N/A,5,0.4948632817086266,0.14682375401059097,,0.75,0.0
87,87,accumulation,N/A,6,0.2935029121927778,0.14214793701941508,,0.19047619047619047,0.0
87,87,accumulation,N/A,7,0.40780495051825133,0.13165258026676666,,0.5454545454545454,0.4
87,87,refinement,0.5,0,0.26684780496251775,0.10819106811969947,,0.3333333333333333,0.0
87,87,refinement,0.5,1,0.266850605570557,0.11397643623569528,,0.3333333333333333,0.0
87,87,refinement,0.5,2,0.26668338092511673,0.11571134140534434,,0.3333333333333333,0.0
87,87,refinement,0.5,3,0.2694399312481568,0.12281265151460427,,0.3333333333333333,0.0
87,87,refinement,0.5,4,0.27060196748749,0.1364084550253431,,0.3333333333333333,0.0
87,87,refinement,0.5,5,0.2695725853605351,0.13232616402834807,,0.3333333333333333,0.0
87,87,refinement,0.5,6,0.2178064914015031,0.11980498366485888,,0.25,0.0
87,87,refinement,0.5,7,0.23857691672493936,0.146799443590625,,0.28571428571428575,0.0
87,87,refinement,0.8,0,0.26684780496251775,0.10819106811969947,,0.3333333333333333,0.0
87,87,refinement,0.8,1,0.27013172201955993,0.11765754506788137,,0.3333333333333333,0.0
87,87,refinement,0.8,2,0.2727058855032467,0.12543186549828203,,0.3333333333333333,0.0
87,87,refinement,0.8,3,0.231836815767419,0.1244603225779035,,0.25,0.0
87,87,refinement,0.8,4,0.27332897020303376,0.12407506384443065,,0.3333333333333333,0.0
87,87,refinement,0.8,5,0.2930293693633189,0.17069684023913084,,0.14285714285714288,0.0
87,87,refinement,0.8,6,0.24000304879508577,0.12980694939337092,,0.28571428571428575,0.0
87,87,refinement,0.8,7,0.2225650934420711,0.12496907098376853,,0.25,0.0
88,88,accumulation,N/A,0,0.4291101331932271,0.01078538439774376,,0.65625,0.25
88,88,accumulation,N/A,1,0.34606998878070216,0.028583417314724593,,0.5088757396449705,0.0
88,88,accumulation,N/A,2,0.3115555604294968,0.008845247750016896,,0.5063291139240507,0.0
88,88,accumulation,N/A,3,0.4015835652766102,0.0018286022664483123,,0.5,0.25
88,88,accumulation,N/A,4,0.35183340864992874,0.011003201321382083,,0.45679012345679015,0.0
88,88,accumulation,N/A,5,0.37458303566542794,0.05210653907773411,,0.3383084577114428,0.125
88,88,accumulation,N/A,6,0.3381405715994766,0.012930330269681519,,0.5205479452054794,0.125
88,88,accumulation,N/A,7,0.3753965927047285,0.01725699695362579,,0.6119402985074627,0.0
88,88,refinement,0.5,0,0.4291101331932271,0.01078538439774376,,0.65625,0.25
88,88,refinement,0.5,1,0.41258305467891326,0.008556557647822895,,0.7049180327868853,0.125
88,88,refinement,0.5,2,0.39258476895284494,0.007739608459086033,,0.6837606837606837,0.0
88,88,refinement,0.5,3,0.3856271678762897,0.007021598386135544,,0.634920634920635,0.0
88,88,refinement,0.5,4,0.41592875161804477,0.013024353473472215,,0.7307692307692308,0.125
88,88,refinement,0.5,5,0.39328354702496104,0.008837906573771995,,0.689655172413793,0.0
88,88,refinement,0.5,6,0.3939719062850904,0.009307116825929641,,0.7000000000000001,0.0
88,88,refinement,0.5,7,0.43319948401059793,0.014112088739878884,,0.7192982456140351,0.25
88,88,refinement,0.8,0,0.4291101331932271,0.01078538439774376,,0.65625,0.25
88,88,refinement,0.8,1,0.42196103939345586,0.009104493268350158,,0.5909090909090908,0.125
88,88,refinement,0.8,2,0.4233325185756669,0.01326176289333061,,0.6456692913385828,0.125
88,88,refinement,0.8,3,0.3891447577248875,0.0033313508267182198,,0.5789473684210527,0.0
88,88,refinement,0.8,4,0.37886433057896807,0.009344383575590327,,0.6285714285714287,0.0
88,88,refinement,0.8,5,0.4301789641907141,0.0409791671307164,,0.6868686868686867,0.125
88,88,refinement,0.8,6,0.37023881452639085,0.04147935748639408,,0.5217391304347827,0.0
88,88,refinement,0.8,7,0.371025726930286,0.019847528905555606,,0.5142857142857143,0.0
89,89,accumulation,N/A,0,0.4001945665750519,0.391941473417909,,0.33333333333333337,0.0
89,89,accumulation,N/A,1,0.76926688720194,0.34744785629941655,,1.0,1.0
89,89,accumulation,N/A,2,0.7551106502620314,0.4291214133029085,,1.0,1.0
89,89,accumulation,N/A,3,0.40027113766808003,0.07349314657290376,,0.25,0.25
89,89,accumulation,N/A,4,0.7932950040531717,0.4755541072335,,1.0,1.0
89,89,accumulation,N/A,5,0.504513418553391,0.10812778533018254,,0.6666666666666666,0.5
89,89,accumulation,N/A,6,0.6511823878994174,0.6181805488482707,,0.6666666666666666,0.5
89,89,accumulation,N/A,7,0.7971116158982944,0.45960806975944696,,1.0,1.0
89,89,refinement,0.5,0,0.4001945665750519,0.391941473417909,,0.33333333333333337,0.0
89,89,refinement,0.5,1,0.4997622941015557,0.39106524489562317,,0.5,0.0
89,89,refinement,0.5,2,0.499906818637713,0.3945259992752306,,0.5,0.0
89,89,refinement,0.5,3,0.4098664977028479,0.39367572772506787,,0.4,0.0
89,89,refinement,0.5,4,0.5023287116448326,0.4091380733224608,,0.5,0.0
89,89,refinement,0.5,5,0.37540755776000667,0.391941473417909,,0.33333333333333337,0.0
89,89,refinement,0.5,6,0.5009160773125356,0.39367572772506787,,0.5,0.0
89,89,refinement,0.5,7,0.5029231396056548,0.41007078272333014,,0.5,0.0
89,89,refinement,0.8,0,0.4001945665750519,0.391941473417909,,0.33333333333333337,0.0
89,89,refinement,0.8,1,0.5010216393578715,0.39207550999886637,,0.5,0.0
89,89,refinement,0.8,2,0.3725975520306999,0.41395604373937583,,0.2857142857142857,0.0
89,89,refinement,0.8,3,0.4179464161424752,0.43563945555429645,,0.4,0.0
89,89,refinement,0.8,4,0.41640197061347395,0.44098810781538933,,0.33333333333333337,0.0
89,89,refinement,0.8,5,0.5162228921656095,0.43456645196918686,,0.5,0.0
89,89,refinement,0.8,6,0.416310900884445,0.4347413180388395,,0.33333333333333337,0.0
89,89,refinement,0.8,7,0.5191111215729138,0.44862194760585217,,0.5,0.0
90,90,accumulation,N/A,0,0.3519867606575258,0.008314346224531772,,0.5128205128205128,0.0
90,90,accumulation,N/A,1,0.3315563808831643,0.016639751994243418,,0.3137254901960784,0.0
90,90,accumulation,N/A,2,0.40282888069201345,0.0341420841851267,,0.5116279069767441,0.14285714285714285
90,90,accumulation,N/A,3,0.34342196587797535,0.013468315903098509,,0.495049504950495,0.0
90,90,accumulation,N/A,4,0.34583008426335254,0.00959805280829304,,0.5454545454545454,0.0
90,90,accumulation,N/A,5,0.3478141696318703,0.013480824831663732,,0.3762376237623762,0.0
90,90,accumulation,N/A,6,0.2802105697142922,0.009180802797494654,,0.4761904761904762,0.0
90,90,accumulation,N/A,7,0.35884435290490835,0.004051824323409652,,0.4444444444444444,0.0
90,90,refinement,0.5,0,0.3519867606575258,0.008314346224531772,,0.5128205128205128,0.0
90,90,refinement,0.5,1,0.33936091938837043,0.004813119255909762,,0.5853658536585367,0.0
90,90,refinement,0.5,2,0.3508396402017445,0.0056365642106312895,,0.5822784810126582,0.0
90,90,refinement,0.5,3,0.38260878241914037,0.003442059794250096,,0.588235294117647,0.14285714285714285
90,90,refinement,0.5,4,0.3591128393728107,0.0041645882311445465,,0.5428571428571428,0.0
90,90,refinement,0.5,5,0.3105105133890929,0.0037536203207749344,,0.5066666666666667,0.0
90,90,refinement,0.5,6,0.3252910028738413,0.003412357137358996,,0.5384615384615384,0.0
90,90,refinement,0.5,7,0.36290671966612353,0.007511528225944015,,0.5,0.14285714285714285
90,90,refinement,0.8,0,0.3519867606575258,0.008314346224531772,,0.5128205128205128,0.0
90,90,refinement,0.8,1,0.3199096485155847,0.008559973018428502,,0.4285714285714286,0.125
90,90,refinement,0.8,2,0.3030666056958861,0.010421312081059628,,0.5294117647058824,0.0
90,90,refinement,0.8,3,0.31138905812351214,0.004582622997795062,,0.4666666666666666,0.0
90,90,refinement,0.8,4,0.3461337443660818,0.007923039327182564,,0.6486486486486487,0.0
90,90,refinement,0.8,5,0.35911993730717734,0.0017070380729278913,,0.44705882352941173,0.14285714285714285
90,90,refinement,0.8,6,0.3154758130280408,0.0019193839765363197,,0.4,0.0
90,90,refinement,0.8,7,0.27610790442302097,0.010920044209346266,,0.32558139534883723,0.0
91,91,accumulation,N/A,0,0.7004872712873075,0.7618957891894255,,0.5,1.0
91,91,accumulation,N/A,1,0.5471998356123982,0.7128888293150912,,0.2666666666666667,0.0
91,91,accumulation,N/A,2,0.5613241894956694,0.8813686148455208,,0.5,0.0
91,91,accumulation,N/A,3,0.4305405164193729,0.6089875945047307,,0.22222222222222224,0.25
91,91,accumulation,N/A,4,0.46660516834333454,0.40059285543619355,,0.6666666666666666,0.0
91,91,accumulation,N/A,5,0.7341925711566308,0.4233833009910518,,1.0,1.0
91,91,accumulation,N/A,6,0.5792273904852515,0.4803414132938475,,0.6666666666666666,0.0
91,91,accumulation,N/A,7,0.4251433513269882,0.6314176757241037,,0.25,0.0
91,91,refinement,0.5,0,0.7004872712873075,0.7618957891894255,,0.5,1.0
91,91,refinement,0.5,1,0.7070899866268718,0.8284317949707123,,0.5,1.0
91,91,refinement,0.5,2,0.5402289670924492,0.8065343362726242,,0.4,0.5
91,91,refinement,0.5,3,0.7050783330156332,0.8083065653006914,,0.5,1.0
91,91,refinement,0.5,4,0.7062284301813746,0.8169986999224257,,0.5,1.0
91,91,refinement,0.5,5,0.538085851235192,0.7889556587761372,,0.4,0.5
91,91,refinement,0.5,6,0.5319002755939253,0.8175258159787031,,0.3333333333333333,0.5
91,91,refinement,0.5,7,0.7070943727827184,0.826288337563231,,0.5,1.0
91,91,refinement,0.8,0,0.7004872712873075,0.7618957891894255,,0.5,1.0
91,91,refinement,0.8,1,0.7002124795229698,0.7578725891379494,,0.5,1.0
91,91,refinement,0.8,2,0.5219548012612004,0.7522334039868709,,0.28571428571428575,0.5
91,91,refinement,0.8,3,0.5789151699447983,0.7074404798135283,,0.6666666666666666,0.0
91,91,refinement,0.8,4,0.5798203709673532,0.6839482498686223,,0.6666666666666666,0.0
91,91,refinement,0.8,5,0.5789169279080139,0.6824098620477497,,0.6666666666666666,0.0
91,91,refinement,0.8,6,0.47964219313922785,0.7016663802719504,,0.5,0.0
91,91,refinement,0.8,7,0.5804145394350074,0.7029061815957526,,0.6666666666666666,0.0
92,92,accumulation,N/A,0,0.3573930655549251,0.00811697266936197,,0.5454545454545454,0.0
92,92,accumulation,N/A,1,0.3922577328329063,0.0009666210346137529,,0.6075949367088608,0.14285714285714285
92,92,accumulation,N/A,2,0.44089438409051823,0.008332940175680674,,0.6666666666666667,0.14285714285714285
92,92,accumulation,N/A,3,0.37993392316653807,0.013636567444321311,,0.5,0.2857142857142857
92,92,accumulation,N/A,4,0.3629953585139443,0.038625248611924984,,0.3103448275862069,0.0
92,92,accumulation,N/A,5,0.3092257109100448,0.007129266218768087,,0.4081632653061224,0.0
92,92,accumulation,N/A,6,0.3783829302115155,0.00625149049622811,,0.45161290322580644,0.0
92,92,accumulation,N/A,7,0.3171194957419338,0.01066079437530343,,0.3809523809523809,0.14285714285714285
92,92,refinement,0.5,0,0.3573930655549251,0.00811697266936197,,0.5454545454545454,0.0
92,92,refinement,0.5,1,0.3729794499426027,0.010950481360604563,,0.5,0.14285714285714285
92,92,refinement,0.5,2,0.3603072346866105,0.009774740740747538,,0.5434782608695652,0.0
92,92,refinement,0.5,3,0.4300812363372969,0.008798388142433026,,0.5747126436781609,0.2857142857142857
92,92,refinement,0.5,4,0.40606419990307024,0.010162879318667712,,0.5714285714285714,0.2857142857142857
92,92,refinement,0.5,5,0.4056377351238615,0.010372727838552802,,0.5822784810126583,0.2857142857142857
92,92,refinement,0.5,6,0.3825544935197567,0.010453254722661174,,0.55,0.14285714285714285
92,92,refinement,0.5,7,0.38315879468353387,0.010610064594814603,,0.547945205479452,0.14285714285714285
92,92,refinement,0.8,0,0.3573930655549251,0.00811697266936197,,0.5454545454545454,0.0
92,92,refinement,0.8,1,0.37609384792790945,0.0033805331215011826,,0.5238095238095238,0.14285714285714285
92,92,refinement,0.8,2,0.37980200007223086,0.003274289802200855,,0.5352112676056339,0.14285714285714285
92,92,refinement,0.8,3,0.35688830349131484,0.00014374805798884584,,0.46511627906976744,0.125
92,92,refinement,0.8,4,0.3548738718573684,0.0006961717393784327,,0.45238095238095233,0.0
92,92,refinement,0.8,5,0.34639461929984317,0.00279092683865391,,0.525,0.0
92,92,refinement,0.8,6,0.35760722549881613,0.0009961393882841295,,0.5194805194805195,0.0
92,92,refinement,0.8,7,0.32744944965057254,0.0005606457470487885,,0.40449438202247195,0.0
93,93,accumulation,N/A,0,0.6866755473540918,0.2394238661238666,,1.0,1.0
93,93,accumulation,N/A,1,0.5324979876108382,0.4952087468793364,,0.6666666666666666,0.0
93,93,accumulation,N/A,2,0.6308353649636066,0.04739493463940829,,1.0,1.0
93,93,accumulation,N/A,3,0.36550532087387066,0.06333107788419068,,0.2857142857142857,0.5
93,93,accumulation,N/A,4,0.3368928509629797,0.3740464009815363,,0.18181818181818182,0.0
93,93,accumulation,N/A,5,0.33465806622522504,0.07284593528502702,,0.5,0.0
93,93,accumulation,N/A,6,0.6987710668807083,0.5343197071384995,,1.0,1.0
93,93,accumulation,N/A,7,0.3116716743435962,0.266439287279428,,0.33333333333333337,0.0
93,93,refinement,0.5,0,0.6866755473540918,0.2394238661238666,,1.0,1.0
93,93,refinement,0.5,1,0.6862167488097615,0.2377393416496175,,1.0,1.0
93,93,refinement,0.5,2,0.48724458878240123,0.26959167609716694,,0.6666666666666666,0.5
93,93,refinement,0.5,3,0.6863137208123831,0.23797895748542064,,1.0,1.0
93,93,refinement,0.5,4,0.6863652972185705,0.23797895748542064,,1.0,1.0
93,93,refinement,0.5,5,0.45919212775764756,0.23820328255162612,,0.5,0.5
93,93,refinement,0.5,6,0.6842291446858675,0.23775505453254195,,1.0,1.0
93,93,refinement,0.5,7,0.6841391512372965,0.2394238661238666,,1.0,1.0
93,93,refinement,0.8,0,0.6866755473540918,0.2394238661238666,,1.0,1.0
93,93,refinement,0.8,1,0.476603534032666,0.17587437415050525,,0.6666666666666666,0.5
93,93,refinement,0.8,2,0.6734117265271398,0.1402473888101817,,1.0,1.0
93,93,refinement,0.8,3,0.6805546669361096,0.17992782408870744,,1.0,1.0
93,93,refinement,0.8,4,0.49220786880984346,0.2809212640599895,,0.6666666666666666,0.5
93,93,refinement,0.8,5,0.6821309150885022,0.18233058885886685,,1.0,1.0
93,93,refinement,0.8,6,0.4881810448707002,0.21480564320075624,,0.6666666666666666,0.5
93,93,refinement,0.8,7,0.6879568903094065,0.20432423518724563,,1.0,1.0
94,94,accumulation,N/A,0,0.39116351555793755,0.07836771553357369,,0.4807692307692307,0.14285714285714285
94,94,accumulation,N/A,1,0.3479952214039872,0.01533651536735574,,0.47368421052631576,0.0
94,94,accumulation,N/A,2,0.3347349873521234,0.005987463670696499,,0.651685393258427,0.0
94,94,accumulation,N/A,3,0.34237271714762024,0.053647820283728956,,0.38775510204081626,0.0
94,94,accumulation,N/A,4,0.41628397595209615,0.0218680368462441,,0.6888888888888888,0.14285714285714285
94,94,accumulation,N/A,5,0.4285004058135131,0.03567588892672747,,0.6115702479338844,0.2857142857142857
94,94,accumulation,N/A,6,0.34204652074157876,0.01339393563528879,,0.5,0.0
94,94,accumulation,N/A,7,0.4122512843225342,0.01717847251446427,,0.6436781609195402,0.2857142857142857
94,94,refinement,0.5,0,0.39116351555793755,0.07836771553357369,,0.4807692307692307,0.14285714285714285
94,94,refinement,0.5,1,0.387658015061674,0.051850908296023866,,0.48484848484848486,0.14285714285714285
94,94,refinement,0.5,2,0.38858756750274936,0.06518782668176837,,0.4752475247524752,0.14285714285714285
94,94,refinement,0.5,3,0.41214088841961954,0.0733535898920492,,0.49438202247191015,0.2857142857142857
94,94,refinement,0.5,4,0.370464187124505,0.07541627782910965,,0.5111111111111111,0.0
94,94,refinement,0.5,5,0.3671051240275534,0.09248154962934683,,0.4888888888888889,0.0
94,94,refinement,0.5,6,0.3995937014957765,0.06812653634617707,,0.5473684210526316,0.14285714285714285
94,94,refinement,0.5,7,0.38364662292871304,0.11021731801548715,,0.4269662921348315,0.14285714285714285
94,94,refinement,0.8,0,0.39116351555793755,0.07836771553357369,,0.4807692307692307,0.14285714285714285
94,94,refinement,0.8,1,0.3467351442727069,0.07149646078561181,,0.4466019417475728,0.0
94,94,refinement,0.8,2,0.37573338572027765,0.09346196056410914,,0.5,0.125
94,94,refinement,0.8,3,0.36276511255156185,0.08448589085422174,,0.47826086956521735,0.0
94,94,refinement,0.8,4,0.37504957263628336,0.06801488279087865,,0.5714285714285715,0.125
94,94,refinement,0.8,5,0.3635118306807419,0.0848886793346937,,0.48214285714285715,0.0
94,94,refinement,0.8,6,0.3635780266353012,0.06087148431007987,,0.58,0.0
94,94,refinement,0.8,7,0.3574862531006144,0.05080287493448698,,0.4571428571428571,0.0
95,95,accumulation,N/A,0,0.3934287326365471,0.05173070191315887,,0.38095238095238093,0.3333333333333333
95,95,accumulation,N/A,1,0.4298156246516094,0.26515585825492677,,0.20689655172413793,0.0
95,95,accumulation,N/A,2,0.34539124948335165,0.20214045175640524,,0.4,0.0
95,95,accumulation,N/A,3,0.38763324668748145,0.1110595282961715,,0.23076923076923075,0.0
95,95,accumulation,N/A,4,0.2560523185550955,0.0016678753639920033,,0.01744186046511628,0.0
95,95,accumulation,N/A,5,0.2794696994536545,0.19916640442907474,,0.10169491525423728,0.0
95,95,accumulation,N/A,6,0.30072580733837667,0.1368721249513917,,0.17647058823529416,0.0
95,95,accumulation,N/A,7,0.2913805057929456,0.25207955318158276,,0.16216216216216214,0.0
95,95,refinement,0.5,0,0.3934287326365471,0.05173070191315887,,0.38095238095238093,0.3333333333333333
95,95,refinement,0.5,1,0.5009746246955193,0.05505192615125903,,0.5714285714285715,0.5
95,95,refinement,0.5,2,0.5144493236909001,0.05516679929267569,,0.6666666666666666,0.5
95,95,refinement,0.5,3,0.4817502739197108,0.0563094325707513,,0.4210526315789474,0.5
95,95,refinement,0.5,4,0.44231867964953614,0.1520999387226729,,0.5454545454545454,0.3333333333333333
95,95,refinement,0.5,5,0.45810780991487293,0.11247775077621337,,0.7272727272727273,0.3333333333333333
95,95,refinement,0.5,6,0.520154294055851,0.053922438752512694,,0.6666666666666666,0.5
95,95,refinement,0.5,7,0.4306130571777152,0.05132971509484789,,0.6666666666666666,0.3333333333333333
95,95,refinement,0.8,0,0.3934287326365471,0.05173070191315887,,0.38095238095238093,0.3333333333333333
95,95,refinement,0.8,1,0.6257336850820854,0.15879370609045232,,0.75,1.0
95,95,refinement,0.8,2,0.5575774247503655,0.12015874083388658,,0.888888888888889,0.5
95,95,refinement,0.8,3,0.49877113159372133,0.06190272784330467,,0.5333333333333333,0.5
95,95,refinement,0.8,4,0.5009884803275346,0.10784270800368063,,0.5,0.5
95,95,refinement,0.8,5,0.508969866149769,0.10868881657838811,,0.5333333333333333,0.5
95,95,refinement,0.8,6,0.421369921657571,0.061499592631826444,,0.5333333333333333,0.3333333333333333
95,95,refinement,0.8,7,0.4122759043431796,0.06667363158489545,,0.4210526315789474,0.3333333333333333
96,96,accumulation,N/A,0,0.3484016577626138,0.1817478789795822,,0.3921568627450981,0.14285714285714285
96,96,accumulation,N/A,1,0.36774696231308407,0.0587117196340417,,0.2978723404255319,0.0
96,96,accumulation,N/A,2,0.38041173451486787,0.09974050067737997,,0.4,0.0
96,96,accumulation,N/A,3,0.33363058929412104,0.0482265102771481,,0.31884057971014496,0.0
96,96,accumulation,N/A,4,0.2906373427989106,0.04504261132484797,,0.32258064516129026,0.125
96,96,accumulation,N/A,5,0.360322379500725,0.0,,0.5,0.2857142857142857
96,96,accumulation,N/A,6,0.4110609244453014,0.056579020245418284,,0.6315789473684211,0.2857142857142857
96,96,accumulation,N/A,7,0.36360050518429765,0.09091664463711947,,0.5531914893617021,0.14285714285714285
96,96,refinement,0.5,0,0.3484016577626138,0.1817478789795822,,0.3921568627450981,0.14285714285714285
96,96,refinement,0.5,1,0.34058538560116236,0.3108858945215131,,0.33333333333333337,0.14285714285714285
96,96,refinement,0.5,2,0.3949031220661915,0.3036486129552925,,0.41379310344827586,0.42857142857142855
96,96,refinement,0.5,3,0.39346404663230733,0.1949576687448626,,0.5555555555555555,0.2857142857142857
96,96,refinement,0.5,4,0.3267600953032618,0.31057100694206,,0.4000000000000001,0.14285714285714285
96,96,refinement,0.5,5,0.37165493248858494,0.2671246897183696,,0.4666666666666667,0.2857142857142857
96,96,refinement,0.5,6,0.31314732869067996,0.3166073267249603,,0.4444444444444445,0.14285714285714285
96,96,refinement,0.5,7,0.33246356249950376,0.31041446794266236,,0.41379310344827586,0.2857142857142857
96,96,refinement,0.8,0,0.3484016577626138,0.1817478789795822,,0.3921568627450981,0.14285714285714285
96,96,refinement,0.8,1,0.39642124029294407,0.26759163550809767,,0.4117647058823529,0.5714285714285714
96,96,refinement,0.8,2,0.3789015179143243,0.1369482731278204,,0.5957446808510638,0.2857142857142857
96,96,refinement,0.8,3,0.3782300170323028,0.13433459549562698,,0.5306122448979592,0.2857142857142857
96,96,refinement,0.8,4,0.3811670051635905,0.12390317470051444,,0.5416666666666666,0.2857142857142857
96,96,refinement,0.8,5,0.3650909448089916,0.08650605676007564,,0.5306122448979592,0.2857142857142857
96,96,refinement,0.8,6,0.35368430891784913,0.08195863955303377,,0.509090909090909,0.2857142857142857
96,96,refinement,0.8,7,0.35152274525480864,0.09624995912321356,,0.48000000000000004,0.2857142857142857
97,97,accumulation,N/A,0,0.3182147341784809,0.19743785178236395,,0.0033726812816188873,0.3333333333333333
97,97,accumulation,N/A,1,0.44852023910607675,0.10134228736912014,,0.8,0.0
97,97,accumulation,N/A,2,0.4766205973484383,0.38344148901201835,,0.8,0.0
97,97,accumulation,N/A,3,0.37660144326192246,0.23264406112405397,,0.3076923076923077,0.0
97,97,accumulation,N/A,4,0.29190331736579567,0.10346145350805487,,0.125,0.0
97,97,accumulation,N/A,5,0.5246310624996168,0.2581888459132176,,0.8,0.5
97,97,accumulation,N/A,6,0.3695041478209787,0.28001010117030944,,0.13333333333333336,0.0
97,97,accumulation,N/A,7,0.508585885341414,0.2882717333244529,,0.8,0.0
97,97,refinement,0.5,0,0.3182147341784809,0.19743785178236395,,0.0033726812816188873,0.3333333333333333
97,97,refinement,0.5,1,0.6018007721884152,0.23469979353453227,,0.5,1.0
97,97,refinement,0.5,2,0.6020515374604183,0.23469979353453227,,0.5,1.0
97,97,refinement,0.5,3,0.6005648379859496,0.2339499762100563,,0.5,1.0
97,97,refinement,0.5,4,0.6017275043777692,0.23936460068076112,,0.5,1.0
97,97,refinement,0.5,5,0.43767818048091645,0.2515127962134259,,0.4,0.5
97,97,refinement,0.5,6,0.6015771362137151,0.23979847547271876,,0.5,1.0
97,97,refinement,0.5,7,0.6007016784180279,0.23703272654606614,,0.5,1.0
97,97,refinement,0.8,0,0.3182147341784809,0.19743785178236395,,0.0033726812816188873,0.3333333333333333
97,97,refinement,0.8,1,0.601166749752387,0.23060313128681648,,0.5,1.0
97,97,refinement,0.8,2,0.6120268891812902,0.10619855057141515,,1.0,1.0
97,97,refinement,0.8,3,0.348632744039996,0.10786009331477657,,0.5714285714285715,0.3333333333333333
97,97,refinement,0.8,4,0.6130334149385811,0.10399090593843775,,1.0,1.0
97,97,refinement,0.8,5,0.3369390907909935,0.1028405483308014,,0.5,0.0
97,97,refinement,0.8,6,0.44303617967984293,0.11876122147422626,,0.6666666666666666,0.0
97,97,refinement,0.8,7,0.35431291469783777,0.10142541059347412,,0.5714285714285715,0.3333333333333333
98,98,accumulation,N/A,0,0.3697935732642506,0.019728034290122796,,0.631578947368421,0.0
98,98,accumulation,N/A,1,0.4208876782636952,0.019773051678681278,,0.4807692307692308,0.16666666666666666
98,98,accumulation,N/A,2,0.395956832909136,0.02865452462454913,,0.47863247863247865,0.14285714285714285
98,98,accumulation,N/A,3,0.37131901130134204,0.01639693117764207,,0.5000000000000001,0.0
98,98,accumulation,N/A,4,0.3563640622045951,0.0064863428073642865,,0.41463414634146345,0.2857142857142857
98,98,accumulation,N/A,5,0.37823748565305754,0.06602931911130801,,0.4067796610169491,0.0
98,98,accumulation,N/A,6,0.3553869007349442,0.020684507844981697,,0.47863247863247865,0.0
98,98,accumulation,N/A,7,0.3906835631301022,0.009351380034034771,,0.5454545454545454,0.0
98,98,refinement,0.5,0,0.3697935732642506,0.019728034290122796,,0.631578947368421,0.0
98,98,refinement,0.5,1,0.3643506261817117,0.016859887950230756,,0.6557377049180327,0.0
98,98,refinement,0.5,2,0.43825001001834685,0.03056823501166032,,0.6666666666666665,0.16666666666666666
98,98,refinement,0.5,3,0.39696440311596526,0.015356960098863648,,0.7857142857142856,0.0
98,98,refinement,0.5,4,0.4912295007237512,0.019634346492443732,,0.7142857142857142,0.3333333333333333
98,98,refinement,0.5,5,0.409098890624932,0.016185553179386008,,0.7301587301587302,0.0
98,98,refinement,0.5,6,0.4409777089279907,0.018682703885882612,,0.7457627118644068,0.16666666666666666
98,98,refinement,0.5,7,0.43331760420137877,0.02245704831815207,,0.7,0.16666666666666666
98,98,refinement,0.8,0,0.3697935732642506,0.019728034290122796,,0.631578947368421,0.0
98,98,refinement,0.8,1,0.4403299973767335,0.018798582431474444,,0.5714285714285714,0.3333333333333333
98,98,refinement,0.8,2,0.3902327243989215,0.04285943941296868,,0.5675675675675677,0.16666666666666666
98,98,refinement,0.8,3,0.3330493820261592,0.023402014208116162,,0.5428571428571427,0.0
98,98,refinement,0.8,4,0.40756378911539975,0.01915345429367022,,0.6865671641791045,0.0
98,98,refinement,0.8,5,0.36664685421980947,0.017273775027409406,,0.6176470588235295,0.0
98,98,refinement,0.8,6,0.39191280399819206,0.02157467707986942,,0.5365853658536585,0.0
98,98,refinement,0.8,7,0.3764874847385655,0.043277935480541346,,0.4807692307692308,0.0
99,99,accumulation,N/A,0,0.39005690836912343,0.024216527761101548,,0.6122448979591837,0.2
99,99,accumulation,N/A,1,0.4850126723120515,0.07507646786396593,,0.5901639344262295,0.2
99,99,accumulation,N/A,2,0.5510616290848395,0.10621228967396079,,0.6666666666666666,0.4
99,99,accumulation,N/A,3,0.4387567672477347,0.06491989008217754,,0.5161290322580645,0.0
99,99,accumulation,N/A,4,0.4847584288381356,0.11904636572768568,,0.5294117647058824,0.2
99,99,accumulation,N/A,5,0.47973375222066816,0.07499325096488706,,0.5652173913043478,0.2
99,99,accumulation,N/A,6,0.49750749991913285,0.09750457715508748,,0.625,0.2
99,99,accumulation,N/A,7,0.42707388448646744,0.11492220751902038,,0.5454545454545454,0.0
99,99,refinement,0.5,0,0.39005690836912343,0.024216527761101548,,0.6122448979591837,0.2
99,99,refinement,0.5,1,0.3183616906105815,0.02730202722496905,,0.5490196078431372,0.0
99,99,refinement,0.5,2,0.3575945202880765,0.025072174332167522,,0.6521739130434783,0.0
99,99,refinement,0.5,3,0.375249551759565,0.02326388947306262,,0.6666666666666666,0.16666666666666666
99,99,refinement,0.5,4,0.367250278214457,0.025072174332167522,,0.5660377358490566,0.16666666666666666
99,99,refinement,0.5,5,0.4047569203698246,0.026691193674914064,,0.6086956521739131,0.2
99,99,refinement,0.5,6,0.43646111682816113,0.028554806565484515,,0.5,0.4
99,99,refinement,0.5,7,0.37630928967365385,0.02888685685522158,,0.49056603773584906,0.2
99,99,refinement,0.8,0,0.39005690836912343,0.024216527761101548,,0.6122448979591837,0.2
99,99,refinement,0.8,1,0.4125130112586018,0.023672790207841625,,0.6808510638297872,0.2
99,99,refinement,0.8,2,0.48616052146537037,0.024293801331811117,,0.5660377358490566,0.6
99,99,refinement,0.8,3,0.37221141010514514,0.026919669574940377,,0.5833333333333334,0.16666666666666666
99,99,refinement,0.8,4,0.4590422934492469,0.030249686199978334,,0.5714285714285715,0.4
99,99,refinement,0.8,5,0.4009853294940795,0.026645290781591707,,0.5714285714285714,0.2
99,99,refinement,0.8,6,0.38373245144256307,0.031906625862836845,,0.46808510638297873,0.2
99,99,refinement,0.8,7,0.45685707480882287,0.025764169887063055,,0.5957446808510638,0.4
100,100,accumulation,N/A,0,0.34435816759405224,0.08334035603253581,,0.2,0.0
100,100,accumulation,N/A,1,0.3414264594132729,0.0,,0.13793103448275862,0.25
100,100,accumulation,N/A,2,0.3612653083609263,0.0011918986298292123,,0.16393442622950818,0.25
100,100,accumulation,N/A,3,0.3448824167400498,0.07883202228814125,,0.19354838709677416,0.25
100,100,accumulation,N/A,4,0.38166738302674796,0.1684320966204543,,0.4444444444444444,0.5
100,100,accumulation,N/A,5,0.3671042234160257,0.0,,0.15384615384615388,0.25
100,100,accumulation,N/A,6,0.27520066933212917,0.038879034934860265,,0.11764705882352941,0.0
100,100,accumulation,N/A,7,0.39790754249452037,2.9987438917268863e-05,,0.42857142857142855,0.25
100,100,refinement,0.5,0,0.34435816759405224,0.08334035603253581,,0.2,0.0
100,100,refinement,0.5,1,0.34958782648910863,0.11393725381867409,,0.2285714285714286,0.0
100,100,refinement,0.5,2,0.37470812469008224,0.12147147911763109,,0.26666666666666666,0.0
100,100,refinement,0.5,3,0.35445402447476476,0.11047034172002844,,0.2,0.0
100,100,refinement,0.5,4,0.3846158456635679,0.11290076393248394,,0.20689655172413793,0.2
100,100,refinement,0.5,5,0.3950670716311243,0.11248375061248224,,0.2857142857142857,0.0
100,100,refinement,0.5,6,0.3828575656776971,0.1087654493257685,,0.20689655172413793,0.2
100,100,refinement,0.5,7,0.425434910154567,0.12928038605567835,,0.24,0.25
100,100,refinement,0.8,0,0.34435816759405224,0.08334035603253581,,0.2,0.0
100,100,refinement,0.8,1,0.38332651390707745,0.14998443665565486,,0.25,0.0
100,100,refinement,0.8,2,0.4033950154186305,0.0863038409458217,,0.37037037037037035,0.2
100,100,refinement,0.8,3,0.40664973254601794,0.17715667908524677,,0.4545454545454545,0.0
100,100,refinement,0.8,4,0.4417411438141496,0.1337485085310203,,0.4545454545454545,0.25
100,100,refinement,0.8,5,0.4059081818379977,0.10269323671346833,,0.4666666666666667,0.0
100,100,refinement,0.8,6,0.38558259722921967,0.15034049345007955,,0.2941176470588235,0.0
100,100,refinement,0.8,7,0.3843455977103931,0.10560381318775536,,0.36363636363636365,0.0
101,101,accumulation,N/A,0,0.4299319339133071,0.1890836750053146,,0.4,0.5
101,101,accumulation,N/A,1,0.6123896871079823,0.10150410492905486,,1.0,1.0
101,101,accumulation,N/A,2,0.29184213122701974,0.14795982872789123,,0.09999999999999999,0.0
101,101,accumulation,N/A,3,0.38367807917159086,0.1214859967339555,,0.6666666666666666,0.3333333333333333
101,101,accumulation,N/A,4,0.33211500475806965,0.18918056936230973,,0.5,0.0
101,101,accumulation,N/A,5,0.27303741321171576,0.20971712746571014,,0.05063291139240507,0.5
101,101,accumulation,N/A,6,0.6162931282847426,0.07579527026781567,,1.0,1.0
101,101,accumulation,N/A,7,0.19039692033900646,0.13222071657047987,,0.33333333333333337,0.0
101,101,refinement,0.5,0,0.4299319339133071,0.1890836750053146,,0.4,0.5
101,101,refinement,0.5,1,0.5945104111264665,0.19107291880520783,,0.5,1.0
101,101,refinement,0.5,2,0.5937808744325552,0.1910758588994481,,0.5,1.0
101,101,refinement,0.5,3,0.592898674699049,0.19179852791824437,,0.5,1.0
101,101,refinement,0.5,4,0.3375010637431466,0.12484878633080394,,0.3333333333333333,0.0
101,101,refinement,0.5,5,0.41279660963176623,0.1294088302834889,,0.3333333333333333,0.5
101,101,refinement,0.5,6,0.33133578595433344,0.12415693026391666,,0.28571428571428575,0.25
101,101,refinement,0.5,7,0.5885725745203378,0.12838560444780325,,0.5,1.0
101,101,refinement,0.8,0,0.4299319339133071,0.1890836750053146,,0.4,0.5
101,101,refinement,0.8,1,0.36206689513569046,0.18835065686673497,,0.28571428571428575,0.3333333333333333
101,101,refinement,0.8,2,0.42212473474304457,0.1925348781054232,,0.3333333333333333,0.5
101,101,refinement,0.8,3,0.3311484877418504,0.1936173692038855,,0.1111111111111111,0.3333333333333333
101,101,refinement,0.8,4,0.4066772286980748,0.10279845090347967,,0.3333333333333333,0.5
101,101,refinement,0.8,5,0.5995089248397633,0.21839084182183185,,0.5,1.0
101,101,refinement,0.8,6,0.4189273506689322,0.21303563764747488,,0.3333333333333333,0.5
101,101,refinement,0.8,7,0.25542916753666933,0.023569198757330004,,0.5714285714285715,0.0
102,102,accumulation,N/A,0,0.5060522675372683,0.14089252093332322,,0.6666666666666666,0.0
102,102,accumulation,N/A,1,0.3980925664482071,0.11226791777313765,,0.046511627906976744,0.3333333333333333
102,102,accumulation,N/A,2,0.7157892734047983,0.013705318175837864,,1.0,1.0
102,102,accumulation,N/A,3,0.6016606938896012,0.48246697496078106,,0.6666666666666666,0.5
102,102,accumulation,N/A,4,0.830313901225121,0.6379447830433462,,1.0,1.0
102,102,accumulation,N/A,5,0.35908755823634847,0.130436025509826,,0.11764705882352941,0.3333333333333333
102,102,accumulation,N/A,6,0.2802490903747016,0.004915771360823064,,0.33333333333333337,0.0
102,102,accumulation,N/A,7,0.24888662519622845,0.0,,0.05714285714285715,0.16666666666666666
102,102,refinement,0.5,0,0.5060522675372683,0.14089252093332322,,0.6666666666666666,0.0
102,102,refinement,0.5,1,0.502339261825243,0.08059487670897099,,0.6666666666666666,0.0
102,102,refinement,0.5,2,0.4017931523236889,0.0750535622890638,,0.5,0.0
102,102,refinement,0.5,3,0.5021445365494915,0.07629919853650376,,0.6666666666666666,0.0
102,102,refinement,0.5,4,0.387900458485144,0.07560149005484088,,0.4,0.0
102,102,refinement,0.5,5,0.502977249365423,0.07395142317626692,,0.6666666666666666,0.0
102,102,refinement,0.5,6,0.5027928595735791,0.07287267887534665,,0.6666666666666666,0.0
102,102,refinement,0.5,7,0.3451512115150476,0.07415317692231833,,0.2857142857142857,0.0
102,102,refinement,0.8,0,0.5060522675372683,0.14089252093332322,,0.6666666666666666,0.0
102,102,refinement,0.8,1,0.5048670168754261,0.06853780533617482,,0.6666666666666666,0.0
102,102,refinement,0.8,2,0.730417184847854,0.07390903094415707,,1.0,1.0
102,102,refinement,0.8,3,0.5285549343035278,0.05082808117501177,,0.6666666666666666,0.5
102,102,refinement,0.8,4,0.43821947786916354,0.04873686206907122,,0.4,0.3333333333333333
102,102,refinement,0.8,5,0.7309669953095599,0.05361651188085888,,1.0,1.0
102,102,refinement,0.8,6,0.7314316222381726,0.05653996979832161,,1.0,1.0
102,102,refinement,0.8,7,0.7313712842692388,0.05771322407987021,,1.0,1.0
103,103,accumulation,N/A,0,0.24988322121258663,0.1684526633396434,,0.23529411764705882,0.0
103,103,accumulation,N/A,1,0.32392265086397104,0.002663429351357865,,0.24742268041237114,0.2
103,103,accumulation,N/A,2,0.43520438160566133,0.07914565479959387,,0.3928571428571429,0.25
103,103,accumulation,N/A,3,0.3203950123527689,0.011577731666196155,,0.32352941176470584,0.16666666666666666
103,103,accumulation,N/A,4,0.3087656546533965,0.037974767688148496,,0.3809523809523809,0.16666666666666666
103,103,accumulation,N/A,5,0.3342709613236589,0.027860093472428783,,0.24175824175824176,0.0
103,103,accumulation,N/A,6,0.30799495737462085,0.026318719872411623,,0.22727272727272727,0.0
103,103,accumulation,N/A,7,0.2998370632776749,0.011499130563960376,,0.3225806451612903,0.0
103,103,refinement,0.5,0,0.24988322121258663,0.1684526633396434,,0.23529411764705882,0.0
103,103,refinement,0.5,1,0.26352035315293293,0.1820153232267423,,0.26666666666666666,0.0
103,103,refinement,0.5,2,0.26170339930106,0.18914336540390794,,0.25,0.0
103,103,refinement,0.5,3,0.33073794550505514,0.027222891967150078,,0.08540925266903915,0.25
103,103,refinement,0.5,4,0.28879402388890596,0.03341702123967162,,0.3188405797101449,0.0
103,103,refinement,0.5,5,0.28104747755364434,0.027949361090266047,,0.3859649122807018,0.0
103,103,refinement,0.5,6,0.30741934136450483,0.02686241052401481,,0.4150943396226415,0.0
103,103,refinement,0.5,7,0.32026971389045766,0.027770488654546704,,0.45454545454545453,0.0
103,103,refinement,0.8,0,0.24988322121258663,0.1684526633396434,,0.23529411764705882,0.0
103,103,refinement,0.8,1,0.26047180298666467,0.18703487214206516,,0.25,0.0
103,103,refinement,0.8,2,0.36077421168372176,0.052627715636639275,,0.6086956521739131,0.0
103,103,refinement,0.8,3,0.3170423253877471,0.03204249596125233,,0.2117647058823529,0.2
103,103,refinement,0.8,4,0.396793343007916,0.035770106778086175,,0.3846153846153846,0.25
103,103,refinement,0.8,5,0.3579482848693055,0.03473181090674801,,0.3333333333333333,0.3333333333333333
103,103,refinement,0.8,6,0.37863926890050187,0.034102276969973325,,0.16129032258064516,0.25
103,103,refinement,0.8,7,0.4001432816699786,0.03145253914712424,,0.25,0.25
104,104,accumulation,N/A,0,0.32763818337239425,0.0,,0.1,0.2
104,104,accumulation,N/A,1,0.32379064242638633,0.003116229611021924,,0.6666666666666667,0.25
104,104,accumulation,N/A,2,0.4312371225700581,0.039467165974476415,,0.7142857142857143,0.25
104,104,accumulation,N/A,3,0.2817239352747394,0.009051123463059961,,0.22727272727272727,0.2
104,104,accumulation,N/A,4,0.5298017448138208,0.00931516119824545,,0.6530612244897959,0.5
104,104,accumulation,N/A,5,0.3950483306663889,0.012327324779247346,,0.7317073170731708,0.25
104,104,accumulation,N/A,6,0.3693916029592423,0.00465778703348815,,0.409090909090909,0.25
104,104,accumulation,N/A,7,0.38374494081875654,0.025642267275517504,,0.39999999999999997,0.25
104,104,refinement,0.5,0,0.32763818337239425,0.0,,0.1,0.2
104,104,refinement,0.5,1,0.41834153163041077,0.0,,0.10526315789473684,0.5
104,104,refinement,0.5,2,0.3872237526780735,0.0,,0.1,0.4
104,104,refinement,0.5,3,0.3284381437159567,0.0,,0.10526315789473684,0.2
104,104,refinement,0.5,4,0.32905827472579574,0.0,,0.10526315789473684,0.2
104,104,refinement,0.5,5,0.3296309125497633,0.0,,0.10526315789473684,0.2
104,104,refinement,0.5,6,0.4212555838155221,0.0,,0.10526315789473684,0.5
104,104,refinement,0.5,7,0.34824102737191337,0.0,,0.1111111111111111,0.25
104,104,refinement,0.8,0,0.32763818337239425,0.0,,0.1,0.2
104,104,refinement,0.8,1,0.327789462898497,0.08488938811160544,,0.09523809523809523,0.16666666666666666
104,104,refinement,0.8,2,0.4147662837248214,0.027985934886017305,,0.45454545454545453,0.25
104,104,refinement,0.8,3,0.5305620342796511,0.013499942757383197,,0.7333333333333334,0.5
104,104,refinement,0.8,4,0.497748906712847,0.009452591673663831,,0.7741935483870968,0.4
104,104,refinement,0.8,5,0.5257790528543683,0.022321587847747952,,0.6923076923076924,0.5
104,104,refinement,0.8,6,0.566939175461078,0.019697186840852303,,0.7272727272727272,0.75
104,104,refinement,0.8,7,0.4734670155450235,0.018080534154313686,,0.6486486486486486,0.4
105,105,accumulation,N/A,0,0.3201629304791129,0.009222847155395857,,0.35200000000000004,0.0
105,105,accumulation,N/A,1,0.2699515232931926,0.006273537606917038,,0.42105263157894735,0.125
105,105,accumulation,N/A,2,0.34430246718995305,0.023671832937973494,,0.4102564102564102,0.14285714285714285
105,105,accumulation,N/A,3,0.32233325267919244,0.015670177923211702,,0.39999999999999997,0.0
105,105,accumulation,N/A,4,0.2998780034832394,0.012779351207883054,,0.3636363636363636,0.0
105,105,accumulation,N/A,5,0.3466791756969645,0.015262790865460571,,0.3370786516853933,0.25
105,105,accumulation,N/A,6,0.3216417121387196,0.018332277132034912,,0.42105263157894735,0.125
105,105,accumulation,N/A,7,0.2328597340355623,0.010338776616644606,,0.375,0.0
105,105,refinement,0.5,0,0.3201629304791129,0.009222847155395857,,0.35200000000000004,0.0
105,105,refinement,0.5,1,0.314525035754431,0.005515534931718377,,0.3384615384615384,0.0
105,105,refinement,0.5,2,0.3306791869057376,0.017847694019027555,,0.4285714285714286,0.0
105,105,refinement,0.5,3,0.32987755210738534,0.017294482862644817,,0.41237113402061853,0.0
105,105,refinement,0.5,4,0.34655167613246707,0.019677428242756263,,0.3958333333333333,0.125
105,105,refinement,0.5,5,0.3471961222138713,0.007944327689669578,,0.441860465116279,0.0
105,105,refinement,0.5,6,0.36889622062776495,0.007816933112247628,,0.45454545454545453,0.14285714285714285
105,105,refinement,0.5,7,0.3498972716537086,0.008278243751943143,,0.4318181818181818,0.0
105,105,refinement,0.8,0,0.3201629304791129,0.009222847155395857,,0.35200000000000004,0.0
105,105,refinement,0.8,1,0.3383672123635822,0.019128161295319798,,0.3684210526315789,0.0
105,105,refinement,0.8,2,0.3519683346814617,0.01621401681483005,,0.4782608695652174,0.0
105,105,refinement,0.8,3,0.34917492057782795,0.017712351301359675,,0.4761904761904761,0.0
105,105,refinement,0.8,4,0.33341360032249323,0.025726989119731293,,0.3392857142857143,0.0
105,105,refinement,0.8,5,0.3223038812027461,0.022805907982716478,,0.3883495145631068,0.0
105,105,refinement,0.8,6,0.33389812675944336,0.0012850004324093378,,0.3414634146341463,0.125
105,105,refinement,0.8,7,0.31530084185010737,0.014311744174377288,,0.3275862068965517,0.0
106,106,accumulation,N/A,0,0.4948095005412233,0.08120224479714164,,0.5,0.5
106,106,accumulation,N/A,1,0.4859593065592476,0.07839990924796265,,0.7272727272727272,0.5
106,106,accumulation,N/A,2,0.437096746080965,0.23699597539676479,,0.5714285714285715,0.0
106,106,accumulation,N/A,3,0.3723071005710267,0.024831315806456897,,0.2105263157894737,0.0
106,106,accumulation,N/A,4,0.4170929729476376,0.08541124858378835,,0.5714285714285715,0.0
106,106,accumulation,N/A,5,0.42504149094595073,0.0,,0.5714285714285715,0.0
106,106,accumulation,N/A,6,0.37265518656926966,0.09042232769558312,,0.33333333333333337,0.0
106,106,accumulation,N/A,7,0.47303293202302504,0.06147129937385465,,0.5,0.5
106,106,refinement,0.5,0,0.4948095005412233,0.08120224479714164,,0.5,0.5
106,106,refinement,0.5,1,0.40291939584012126,0.05572089793671251,,0.5,0.3333333333333333
106,106,refinement,0.5,2,0.314901302181205,0.16613578599623197,,0.16666666666666666,0.25
106,106,refinement,0.5,3,0.31360516340240163,0.16633129078732584,,0.15384615384615385,0.25
106,106,refinement,0.5,4,0.2898600193384884,0.1718031389288557,,0.15384615384615385,0.0
106,106,refinement,0.5,5,0.3458969872664214,0.16419256047175362,,0.20000000000000004,0.3333333333333333
106,106,refinement,0.5,6,0.26335747121271225,0.08310023350590187,,0.2857142857142857,0.0
106,106,refinement,0.5,7,0.2707296796460109,0.04137614153706754,,0.24242424242424243,0.0
106,106,refinement,0.8,0,0.4948095005412233,0.08120224479714164,,0.5,0.5
106,106,refinement,0.8,1,0.2946258839767173,0.08512487730125368,,0.15384615384615385,0.0
106,106,refinement,0.8,2,0.27289639999441945,0.08731004120449151,,0.4000000000000001,0.0
106,106,refinement,0.8,3,0.39186647071242187,0.07994108312991208,,0.5714285714285715,0.5
106,106,refinement,0.8,4,0.3866041339151569,0.08031500818231281,,0.5714285714285715,0.5
106,106,refinement,0.8,5,0.40925930519004083,0.07441750315423569,,0.4444444444444445,0.3333333333333333
106,106,refinement,0.8,6,0.29037076661957845,0.09032690783588676,,0.1818181818181818,0.25
106,106,refinement,0.8,7,0.3047768974794002,0.1975388058433962,,0.28571428571428575,0.0
107,107,accumulation,N/A,0,0.46493144144194254,0.12040332595665244,,0.33333333333333337,0.5
107,107,accumulation,N/A,1,0.770709473913634,0.19243328785998032,,1.0,1.0
107,107,accumulation,N/A,2,0.4706326344841698,0.0,,0.5,0.5
107,107,accumulation,N/A,3,0.4472553073155202,0.0,,0.5,0.5
107,107,accumulation,N/A,4,0.5280021402594173,0.5236902907422887,,0.4,0.3333333333333333
107,107,accumulation,N/A,5,0.72802283291807,0.18188535203097317,,1.0,1.0
107,107,accumulation,N/A,6,0.8021488199588627,0.6195323494732036,,1.0,1.0
107,107,accumulation,N/A,7,0.8344917342786974,0.5346215522830636,,1.0,1.0
107,107,refinement,0.5,0,0.46493144144194254,0.12040332595665244,,0.33333333333333337,0.5
107,107,refinement,0.5,1,0.5032118175667109,0.0,,0.6666666666666666,0.5
107,107,refinement,0.5,2,0.5024883037973046,0.0,,0.6666666666666666,0.5
107,107,refinement,0.5,3,0.7029073650869684,0.0,,1.0,1.0
107,107,refinement,0.5,4,0.4270425743379975,0.0,,0.5,0.3333333333333333
107,107,refinement,0.5,5,0.70225260664785,0.0,,1.0,1.0
107,107,refinement,0.5,6,0.7034125045523305,0.0,,1.0,1.0
107,107,refinement,0.5,7,0.7033973680319014,0.0,,1.0,1.0
107,107,refinement,0.8,0,0.46493144144194254,0.12040332595665244,,0.33333333333333337,0.5
107,107,refinement,0.8,1,0.5001319799667981,0.0,,0.6666666666666666,0.5
107,107,refinement,0.8,2,0.49933534732309626,0.0,,0.6666666666666666,0.5
107,107,refinement,0.8,3,0.4253973263701323,0.0,,0.5,0.3333333333333333
107,107,refinement,0.8,4,0.699336906110757,0.0,,1.0,1.0
107,107,refinement,0.8,5,0.5019889574181655,0.0,,0.6666666666666666,0.5
107,107,refinement,0.8,6,0.7011914353621145,0.0,,1.0,1.0
107,107,refinement,0.8,7,0.7022568707797293,0.0,,1.0,1.0
108,108,accumulation,N/A,0,0.3686360746602215,0.23234468455655963,,0.6666666666666666,0.0
108,108,accumulation,N/A,1,0.2281923304311227,0.1648863903433602,,0.15384615384615385,0.0
108,108,accumulation,N/A,2,0.2703725483627363,0.25485654803496055,,0.10256410256410257,0.16666666666666666
108,108,accumulation,N/A,3,0.2785152155818883,0.36543440632013097,,0.08695652173913042,0.0
108,108,accumulation,N/A,4,0.2089990578691162,0.12787980091523843,,0.09523809523809523,0.0
108,108,accumulation,N/A,5,0.20410253728052907,0.07270943033621198,,0.16,0.0
108,108,accumulation,N/A,6,0.288441690701453,0.060599356266136134,,0.4,0.0
108,108,accumulation,N/A,7,0.26804541569023727,0.27202879970745314,,0.03448275862068965,0.0
108,108,refinement,0.5,0,0.3686360746602215,0.23234468455655963,,0.6666666666666666,0.0
108,108,refinement,0.5,1,0.31279652028564886,0.23205361673523994,,0.5,0.0
108,108,refinement,0.5,2,0.4519597596620506,0.21824836128878933,,0.8,0.0
108,108,refinement,0.5,3,0.2983392764059152,0.21732520215262824,,0.4444444444444445,0.0
108,108,refinement,0.5,4,0.35686820771839267,0.2176754206320225,,0.6666666666666666,0.0
108,108,refinement,0.5,5,0.4520535902562988,0.21718447326802898,,0.8,0.0
108,108,refinement,0.5,6,0.45161646863005406,0.21581710976777613,,0.8,0.0
108,108,refinement,0.5,7,0.4522746030508024,0.21284916968103776,,0.8,0.0
108,108,refinement,0.8,0,0.3686360746602215,0.23234468455655963,,0.6666666666666666,0.0
108,108,refinement,0.8,1,0.24654451674954564,0.21413390767328952,,0.19999999999999998,0.0
108,108,refinement,0.8,2,0.2523140275561832,0.23429341291212255,,0.2666666666666667,0.0
108,108,refinement,0.8,3,0.29466642781191454,0.21846293114516935,,0.4,0.0
108,108,refinement,0.8,4,0.33019967713108556,0.21851262305606445,,0.4,0.25
108,108,refinement,0.8,5,0.30488199059417964,0.21550005146098872,,0.33333333333333337,0.2
108,108,refinement,0.8,6,0.26707251246664965,0.21559397540681943,,0.2857142857142857,0.0
108,108,refinement,0.8,7,0.2468322178400883,0.2534113617044492,,0.23529411764705882,0.0
109,109,accumulation,N/A,0,0.27828923843847003,0.061968335920125274,,0.0816326530612245,0.0
109,109,accumulation,N/A,1,0.33034049154531214,0.05173711295355935,,0.3829787234042553,0.0
109,109,accumulation,N/A,2,0.2247217511434934,0.0,,0.19047619047619047,0.0
109,109,accumulation,N/A,3,0.4327061877505166,0.060134896592942126,,0.4583333333333333,0.3333333333333333
109,109,accumulation,N/A,4,0.2358640231543241,0.0738345331758363,,0.2448979591836735,0.0
109,109,accumulation,N/A,5,0.21956346495170387,0.03536306075710636,,0.125,0.0
109,109,accumulation,N/A,6,0.36893745340550055,0.30611655929110065,,0.08888888888888889,0.16666666666666666
109,109,accumulation,N/A,7,0.2959438126396816,0.22992151358074767,,0.15,0.16666666666666666
109,109,refinement,0.5,0,0.27828923843847003,0.061968335920125274,,0.0816326530612245,0.0
109,109,refinement,0.5,1,0.2730061680729072,0.040351709908084434,,0.125,0.0
109,109,refinement,0.5,2,0.27676296293271274,0.05217376401694063,,0.08888888888888889,0.16666666666666666
109,109,refinement,0.5,3,0.28648206025472245,0.038301302269697,,0.11111111111111113,0.0
109,109,refinement,0.5,4,0.2867084869373199,0.0297067686442902,,0.14285714285714288,0.0
109,109,refinement,0.5,5,0.26693669089979477,0.0297067686442902,,0.14035087719298245,0.16666666666666666
109,109,refinement,0.5,6,0.2920176126432808,0.038590427849238794,,0.12765957446808512,0.16666666666666666
109,109,refinement,0.5,7,0.2625731251140412,0.029394554430940405,,0.17391304347826086,0.16666666666666666
109,109,refinement,0.8,0,0.27828923843847003,0.061968335920125274,,0.0816326530612245,0.0
109,109,refinement,0.8,1,0.27873963161727167,0.04301293921255827,,0.13636363636363638,0.16666666666666666
109,109,refinement,0.8,2,0.2571497450353845,0.02694105100055781,,0.16,0.16666666666666666
109,109,refinement,0.8,3,0.3325245907289944,0.011577799094621793,,0.34615384615384615,0.0
109,109,refinement,0.8,4,0.2654862177249059,0.03866722199083708,,0.21276595744680854,0.16666666666666666
109,109,refinement,0.8,5,0.27396670664530387,0.06484288783821547,,0.12765957446808512,0.16666666666666666
109,109,refinement,0.8,6,0.2920514890316503,0.0010030983070576608,,0.35294117647058826,0.16666666666666666
109,109,refinement,0.8,7,0.23657033059510987,0.0001407905265217884,,0.17857142857142858,0.0
110,110,accumulation,N/A,0,0.3373248287629989,0.03684091870435322,,0.39252336448598124,0.0
110,110,accumulation,N/A,1,0.343777303791465,0.049362527079459526,,0.4395604395604395,0.0
110,110,accumulation,N/A,2,0.32261991594047496,0.017955400720849227,,0.40860215053763443,0.0
110,110,accumulation,N/A,3,0.3584100993282202,0.004818510187354198,,0.4999999999999999,0.2857142857142857
110,110,accumulation,N/A,4,0.3319967040504404,0.018696005091930423,,0.5384615384615385,0.0
110,110,accumulation,N/A,5,0.3547419817527854,0.030364732942723283,,0.5205479452054794,0.14285714285714285
110,110,accumulation,N/A,6,0.3898943972411375,0.049580248490368635,,0.5454545454545454,0.3333333333333333
110,110,accumulation,N/A,7,0.34532532071450994,0.003563492067746987,,0.43678160919540227,0.0
110,110,refinement,0.5,0,0.3373248287629989,0.03684091870435322,,0.39252336448598124,0.0
110,110,refinement,0.5,1,0.3424183757972412,0.03811271833540377,,0.4615384615384615,0.0
110,110,refinement,0.5,2,0.34410813634005194,0.03524480830379391,,0.4772727272727273,0.0
110,110,refinement,0.5,3,0.345518737209323,0.04382576340785726,,0.4772727272727273,0.0
110,110,refinement,0.5,4,0.34634915050133136,0.04526771676061808,,0.48275862068965514,0.0
110,110,refinement,0.5,5,0.3455815087550319,0.04602383529634159,,0.4878048780487806,0.0
110,110,refinement,0.5,6,0.339177856285752,0.04414415494987919,,0.4347826086956522,0.0
110,110,refinement,0.5,7,0.3448233310797732,0.049580774590011,,0.47619047619047616,0.0
110,110,refinement,0.8,0,0.3373248287629989,0.03684091870435322,,0.39252336448598124,0.0
110,110,refinement,0.8,1,0.3388335460279083,0.04083025403205743,,0.5057471264367815,0.0
110,110,refinement,0.8,2,0.36323787695373627,0.04138499961735233,,0.5176470588235293,0.0
110,110,refinement,0.8,3,0.3502747438605765,0.042881750119005975,,0.4444444444444445,0.0
110,110,refinement,0.8,4,0.38639508093051644,0.042711798116038716,,0.5411764705882353,0.2857142857142857
110,110,refinement,0.8,5,0.3657168634177702,0.04078280328526215,,0.5542168674698795,0.0
110,110,refinement,0.8,6,0.34673303103701913,0.040810507383702045,,0.5054945054945055,0.125
110,110,refinement,0.8,7,0.3715967528898306,0.04502862496598137,,0.6,0.0
111,111,accumulation,N/A,0,0.35044781667124,0.0047645668948433,,0.5714285714285714,0.125
111,111,accumulation,N/A,1,0.3524334965335687,0.009206965712358408,,0.4324324324324324,0.14285714285714285
111,111,accumulation,N/A,2,0.4050432524208578,4.3685773843969026e-05,,0.6538461538461539,0.14285714285714285
111,111,accumulation,N/A,3,0.46714821113800076,0.047494234570003534,,0.5,0.2857142857142857
111,111,accumulation,N/A,4,0.33923785213338153,0.012805096295539942,,0.47058823529411764,0.0
111,111,accumulation,N/A,5,0.3446371961155714,0.025122973364644797,,0.5373134328358208,0.0
111,111,accumulation,N/A,6,0.36403397285895367,0.022373822242185936,,0.47368421052631576,0.0
111,111,accumulation,N/A,7,0.35609051994368734,0.003044778124298201,,0.5194805194805195,0.14285714285714285
111,111,refinement,0.5,0,0.35044781667124,0.0047645668948433,,0.5714285714285714,0.125
111,111,refinement,0.5,1,0.31027405837722444,0.001920779085007475,,0.5161290322580646,0.125
111,111,refinement,0.5,2,0.34913748263363925,0.0015094789510962951,,0.4666666666666667,0.375
111,111,refinement,0.5,3,0.31174322776061,0.0015707101481670783,,0.4923076923076923,0.125
111,111,refinement,0.5,4,0.31919206560370883,0.0013669622102854828,,0.5428571428571429,0.125
111,111,refinement,0.5,5,0.3081520090259206,0.0019944825501027465,,0.5373134328358208,0.0
111,111,refinement,0.5,6,0.34743426997570154,0.0022183043290117553,,0.6060606060606061,0.125
111,111,refinement,0.5,7,0.2952381282391479,0.0049106770247298315,,0.47619047619047616,0.0
111,111,refinement,0.8,0,0.35044781667124,0.0047645668948433,,0.5714285714285714,0.125
111,111,refinement,0.8,1,0.3556732910879854,0.007601155173525093,,0.47826086956521746,0.14285714285714285
111,111,refinement,0.8,2,0.35107467084290833,0.005527563430047934,,0.5507246376811594,0.0
111,111,refinement,0.8,3,0.3735044446323548,0.0036310544614513965,,0.5151515151515151,0.14285714285714285
111,111,refinement,0.8,4,0.3491207973705018,0.003544270990529607,,0.4918032786885246,0.25
111,111,refinement,0.8,5,0.37074641725942004,0.004239384885160718,,0.5625,0.2857142857142857
111,111,refinement,0.8,6,0.3478563484063494,0.0035200642379676255,,0.4927536231884058,0.14285714285714285
111,111,refinement,0.8,7,0.3282659056522772,0.004108393829785446,,0.46875000000000006,0.125
112,112,accumulation,N/A,0,0.35347412681534185,0.023466226100144885,,0.47706422018348627,0.125
112,112,accumulation,N/A,1,0.3523198065305677,0.0025394977969426225,,0.5647058823529413,0.125
112,112,accumulation,N/A,2,0.3659158528201122,0.02075930379999847,,0.6067415730337079,0.0
112,112,accumulation,N/A,3,0.35604343286001283,0.0032585906631707284,,0.674698795180723,0.0
112,112,accumulation,N/A,4,0.3466172195167797,0.0004130895153635434,,0.5306122448979591,0.125
112,112,accumulation,N/A,5,0.3178378971228655,0.012763584700969777,,0.5098039215686275,0.0
112,112,accumulation,N/A,6,0.3531467453626733,0.002792148871751287,,0.43971631205673756,0.125
112,112,accumulation,N/A,7,0.35703180220393266,0.0016311563196029037,,0.5476190476190477,0.0
112,112,refinement,0.5,0,0.35347412681534185,0.023466226100144885,,0.47706422018348627,0.125
112,112,refinement,0.5,1,0.31652332007797573,0.03267197949884096,,0.4375,0.0
112,112,refinement,0.5,2,0.3144892956293714,0.02554629443178876,,0.5,0.0
112,112,refinement,0.5,3,0.32073975923578557,0.025558802497430092,,0.5263157894736843,0.0
112,112,refinement,0.5,4,0.35370828676117627,0.021750867729315566,,0.5094339622641509,0.125
112,112,refinement,0.5,5,0.3335399924092516,0.023563007916552147,,0.4693877551020408,0.0
112,112,refinement,0.5,6,0.3809340562879433,0.027479434571049944,,0.5348837209302325,0.14285714285714285
112,112,refinement,0.5,7,0.3527046019053156,0.02880441216139148,,0.5106382978723403,0.0
112,112,refinement,0.8,0,0.35347412681534185,0.023466226100144885,,0.47706422018348627,0.125
112,112,refinement,0.8,1,0.3572188204009593,0.02632678370479702,,0.5252525252525252,0.0
112,112,refinement,0.8,2,0.43043629013290585,0.020915724937882504,,0.5909090909090908,0.2857142857142857
112,112,refinement,0.8,3,0.33484661082904404,0.01500771193115096,,0.5384615384615383,0.0
112,112,refinement,0.8,4,0.36733989768996256,0.012850391011840464,,0.6419753086419753,0.125
112,112,refinement,0.8,5,0.4413798792944815,0.013275903161332106,,0.6829268292682927,0.2857142857142857
112,112,refinement,0.8,6,0.364387951979928,0.021954574690191492,,0.5789473684210527,0.0
112,112,refinement,0.8,7,0.39746431407707955,0.031406530055621676,,0.631578947368421,0.14285714285714285
113,113,accumulation,N/A,0,0.30779957033310773,0.06940214080584797,,0.30303030303030304,0.0
113,113,accumulation,N/A,1,0.3525429040575325,0.04608459950546625,,0.4,0.0
113,113,accumulation,N/A,2,0.438026244321265,0.02297618096988546,,0.6666666666666666,0.0
113,113,accumulation,N/A,3,0.34358000570764247,0.021731638552217044,,0.4583333333333333,0.0
113,113,accumulation,N/A,4,0.39413751893133286,0.02335995150585896,,0.6122448979591837,0.0
113,113,accumulation,N/A,5,0.35457150043037305,0.027872932220758272,,0.5263157894736842,0.0
113,113,accumulation,N/A,6,0.4017650477868369,0.04820497125558893,,0.7234042553191489,0.0
113,113,accumulation,N/A,7,0.4114877262871377,0.030205595087108406,,0.7843137254901961,0.2
113,113,refinement,0.5,0,0.30779957033310773,0.06940214080584797,,0.30303030303030304,0.0
113,113,refinement,0.5,1,0.3844995056873008,0.06916339037927835,,0.30303030303030304,0.5
113,113,refinement,0.5,2,0.2914924381937466,0.08645423797409794,,0.23529411764705882,0.0
113,113,refinement,0.5,3,0.316156565694959,0.08615784621589688,,0.23529411764705882,0.2
113,113,refinement,0.5,4,0.38019490683392476,0.05781175232079619,,0.36363636363636365,0.25
113,113,refinement,0.5,5,0.3874397727183676,0.04321117914675666,,0.42105263157894735,0.4
113,113,refinement,0.5,6,0.386777605278343,0.049384204739150464,,0.37837837837837834,0.25
113,113,refinement,0.5,7,0.3166435121310378,0.04099270840026268,,0.37209302325581395,0.0
113,113,refinement,0.8,0,0.30779957033310773,0.06940214080584797,,0.30303030303030304,0.0
113,113,refinement,0.8,1,0.37816399197574097,0.030366146924581897,,0.5238095238095238,0.0
113,113,refinement,0.8,2,0.33593562647580383,0.04384618710012098,,0.42105263157894735,0.0
113,113,refinement,0.8,3,0.45141242050940095,0.04430229888356337,,0.47058823529411764,0.5
113,113,refinement,0.8,4,0.3975501263481802,0.047151952418460756,,0.4,0.25
113,113,refinement,0.8,5,0.41627727543958226,0.048774657506272016,,0.4,0.25
113,113,refinement,0.8,6,0.34723344801271067,0.03557625253288079,,0.4390243902439024,0.0
113,113,refinement,0.8,7,0.3899905379584189,0.03762201261168278,,0.4,0.0
114,114,accumulation,N/A,0,0.3737671570733672,0.015927232318662228,,0.5510204081632653,0.0
114,114,accumulation,N/A,1,0.38874636223466336,0.08296928005402938,,0.3453237410071942,0.0
114,114,accumulation,N/A,2,0.35482214174537974,0.05071976402034959,,0.373134328358209,0.0
114,114,accumulation,N/A,3,0.32002314507469243,0.050371278618131836,,0.4464285714285715,0.0
114,114,accumulation,N/A,4,0.3635260068931532,0.014302129827587334,,0.39999999999999997,0.0
114,114,accumulation,N/A,5,0.32727856997516974,0.04309366702447758,,0.4444444444444444,0.0
114,114,accumulation,N/A,6,0.33343569388459693,0.0050087498843388225,,0.43243243243243246,0.0
114,114,accumulation,N/A,7,0.3072510268729935,0.03953650773176291,,0.45454545454545453,0.0
114,114,refinement,0.5,0,0.3737671570733672,0.015927232318662228,,0.5510204081632653,0.0
114,114,refinement,0.5,1,0.3903719638829217,0.02094570976136545,,0.5434782608695653,0.0
114,114,refinement,0.5,2,0.40738653808592384,0.01673557730751045,,0.5263157894736842,0.14285714285714285
114,114,refinement,0.5,3,0.38837851364761217,0.029859105469488646,,0.5411764705882353,0.0
114,114,refinement,0.5,4,0.3905634278674615,0.028194060128763927,,0.5416666666666667,0.0
114,114,refinement,0.5,5,0.4118559222635065,0.028532014721905356,,0.5306122448979592,0.0
114,114,refinement,0.5,6,0.38623612403206337,0.030263808267953888,,0.4905660377358491,0.0
114,114,refinement,0.5,7,0.3900469847512506,0.022539993396808598,,0.5416666666666667,0.0
114,114,refinement,0.8,0,0.3737671570733672,0.015927232318662228,,0.5510204081632653,0.0
114,114,refinement,0.8,1,0.36443183641961036,0.025489896944997596,,0.5045045045045045,0.0
114,114,refinement,0.8,2,0.41454255556032804,0.026655496181384544,,0.5934065934065934,0.0
114,114,refinement,0.8,3,0.39607101031836567,0.03012301335987209,,0.45714285714285713,0.0
114,114,refinement,0.8,4,0.3647405795280032,0.012735015644527307,,0.4950495049504951,0.0
114,114,refinement,0.8,5,0.39417340340172624,0.03808811974586511,,0.5681818181818182,0.125
114,114,refinement,0.8,6,0.40318823442624385,0.02344916790528326,,0.5,0.0
114,114,refinement,0.8,7,0.401387937313583,0.020656936189754678,,0.46153846153846156,0.0
115,115,accumulation,N/A,0,0.29101675183109715,0.0,,0.25806451612903225,0.0
115,115,accumulation,N/A,1,0.17482780479380516,0.1957263046631421,,0.16666666666666666,0.0
115,115,accumulation,N/A,2,0.41431107327393046,0.17843401202910772,,0.2857142857142857,0.3333333333333333
115,115,accumulation,N/A,3,0.32455985004464927,0.018425233111721992,,0.28571428571428575,0.4
115,115,accumulation,N/A,4,0.46063978620310514,0.4524248024230131,,0.4,0.4
115,115,accumulation,N/A,5,0.3710625034624697,3.11559306131549e-05,,0.37499999999999994,0.0
115,115,accumulation,N/A,6,0.42884985717741086,0.17622644021861186,,0.2608695652173913,0.25
115,115,accumulation,N/A,7,0.18264752273073945,0.0,,0.14285714285714288,0.0
115,115,refinement,0.5,0,0.29101675183109715,0.0,,0.25806451612903225,0.0
115,115,refinement,0.5,1,0.2571674884016872,0.014519791026369272,,0.25806451612903225,0.0
115,115,refinement,0.5,2,0.25335856258224254,0.0,,0.28571428571428575,0.0
115,115,refinement,0.5,3,0.23477144455841167,0.0152526337060787,,0.28571428571428575,0.0
115,115,refinement,0.5,4,0.2360034275406653,0.0,,0.2962962962962963,0.0
115,115,refinement,0.5,5,0.2590928031653021,0.0,,0.30769230769230765,0.0
115,115,refinement,0.5,6,0.24159939335272476,0.0,,0.19512195121951217,0.0
115,115,refinement,0.5,7,0.24418712253434896,0.01589214683448619,,0.21052631578947367,0.0
115,115,refinement,0.8,0,0.29101675183109715,0.0,,0.25806451612903225,0.0
115,115,refinement,0.8,1,0.280632795606015,0.0007106964088472318,,0.2727272727272727,0.0
115,115,refinement,0.8,2,0.3261718766143305,0.0,,0.3478260869565218,0.25
115,115,refinement,0.8,3,0.2717637198895802,0.004473707097203608,,0.18604651162790697,0.2
115,115,refinement,0.8,4,0.4194243884072666,0.0,,0.20689655172413793,0.6666666666666666
115,115,refinement,0.8,5,0.2939049585227505,0.0,,0.14285714285714288,0.25
115,115,refinement,0.8,6,0.2521848921328926,0.0,,0.13793103448275862,0.0
115,115,refinement,0.8,7,0.3775595957631669,0.0,,0.3333333333333333,0.3333333333333333
116,116,accumulation,N/A,0,0.3942246766203448,0.06528804348931189,,0.4666666666666666,0.0
116,116,accumulation,N/A,1,0.4435720467402925,0.09999480268295868,,0.4782608695652174,0.0
116,116,accumulation,N/A,2,0.3874417649847153,0.0381517490187093,,0.3928571428571429,0.0
116,116,accumulation,N/A,3,0.3895141620646546,0.14220327691329526,,0.45833333333333326,0.0
116,116,accumulation,N/A,4,0.3782744854449728,0.07966571527902863,,0.47058823529411764,0.0
116,116,accumulation,N/A,5,0.5061413151531899,0.10501788979145732,,0.41379310344827586,0.16666666666666666
116,116,accumulation,N/A,6,0.35601893983890937,0.047568624981671546,,0.3,0.14285714285714285
116,116,accumulation,N/A,7,0.37660192546581645,0.046721346674110015,,0.39999999999999997,0.0
116,116,refinement,0.5,0,0.3942246766203448,0.06528804348931189,,0.4666666666666666,0.0
116,116,refinement,0.5,1,0.42586339609074836,0.06781465972682478,,0.3768115942028985,0.16666666666666666
116,116,refinement,0.5,2,0.38445475210916624,0.06252779704807206,,0.39436619718309857,0.0
116,116,refinement,0.5,3,0.40482968133360514,0.06367740009769081,,0.42424242424242425,0.0
116,116,refinement,0.5,4,0.43392828873038336,0.06296218924577882,,0.459016393442623,0.16666666666666666
116,116,refinement,0.5,5,0.4066431964704089,0.06288821299345958,,0.43750000000000006,0.14285714285714285
116,116,refinement,0.5,6,0.42713726279451475,0.058190933529081376,,0.39999999999999997,0.16666666666666666
116,116,refinement,0.5,7,0.3914930680127373,0.058262117117256484,,0.35000000000000003,0.0
116,116,refinement,0.8,0,0.3942246766203448,0.06528804348931189,,0.4666666666666666,0.0
116,116,refinement,0.8,1,0.43310852651281045,0.04452361180380195,,0.5,0.16666666666666666
116,116,refinement,0.8,2,0.42605685583649344,0.04229396601747949,,0.45833333333333326,0.16666666666666666
116,116,refinement,0.8,3,0.4227903211141545,0.07420882333274184,,0.5625000000000001,0.16666666666666666
116,116,refinement,0.8,4,0.4812871694317057,0.06055729416519651,,0.5625000000000001,0.3333333333333333
116,116,refinement,0.8,5,0.38880579899857637,0.053499585027028645,,0.5294117647058824,0.0
116,116,refinement,0.8,6,0.4727525806882094,0.07596094882396473,,0.45161290322580644,0.16666666666666666
116,116,refinement,0.8,7,0.3674754871986202,0.09818398772712453,,0.33333333333333337,0.0
117,117,accumulation,N/A,0,0.36935099633945523,0.0798847389443351,,0.24489795918367344,0.0
117,117,accumulation,N/A,1,0.4192095252398281,0.0002539719867843198,,0.5333333333333333,0.16666666666666666
117,117,accumulation,N/A,2,0.34495701306010207,0.020754556930850297,,0.5853658536585366,0.0
117,117,accumulation,N/A,3,0.28550185975826603,0.249387710023114,,0.1739130434782609,0.16666666666666666
117,117,accumulation,N/A,4,0.40987264424565284,0.020620312509922273,,0.6,0.16666666666666666
117,117,accumulation,N/A,5,0.5087157411728638,0.0694460084491017,,0.5625,0.42857142857142855
117,117,accumulation,N/A,6,0.3861930884043644,0.01633645960279159,,0.5909090909090909,0.0
117,117,accumulation,N/A,7,0.48619249889054394,0.030767619460851565,,0.7999999999999999,0.5
117,117,refinement,0.5,0,0.36935099633945523,0.0798847389443351,,0.24489795918367344,0.0
117,117,refinement,0.5,1,0.36930583423444696,0.05812108345691377,,0.2745098039215686,0.0
117,117,refinement,0.5,2,0.332016801282527,0.07983496553245016,,0.21052631578947367,0.0
117,117,refinement,0.5,3,0.3334553675733896,0.0961093453208087,,0.17241379310344826,0.0
117,117,refinement,0.5,4,0.35402314581929084,0.08187359481937753,,0.15625,0.16666666666666666
117,117,refinement,0.5,5,0.33004835039706076,0.08257888386243167,,0.136986301369863,0.0
117,117,refinement,0.5,6,0.3371997662100966,0.08271343425782557,,0.20408163265306123,0.0
117,117,refinement,0.5,7,0.3284410787714493,0.059177445592691266,,0.16470588235294117,0.0
117,117,refinement,0.8,0,0.36935099633945523,0.0798847389443351,,0.24489795918367344,0.0
117,117,refinement,0.8,1,0.3723083736882442,0.05057792830926678,,0.3076923076923077,0.0
117,117,refinement,0.8,2,0.3874803383760948,0.04020449919166116,,0.24137931034482757,0.16666666666666666
117,117,refinement,0.8,3,0.37245400260276973,0.052509385291560885,,0.3111111111111111,0.16666666666666666
117,117,refinement,0.8,4,0.44405014831835227,0.04519876031741221,,0.32653061224489793,0.3333333333333333
117,117,refinement,0.8,5,0.3916418498053815,0.045347881545783904,,0.32653061224489793,0.16666666666666666
117,117,refinement,0.8,6,0.3449639348597918,0.05094033408490117,,0.36842105263157887,0.0
117,117,refinement,0.8,7,0.34639903003071104,0.04177591300161716,,0.35555555555555557,0.0
118,118,accumulation,N/A,0,0.39938011231729126,0.011988357562888867,,0.7850467289719626,0.125
118,118,accumulation,N/A,1,0.39148141603522657,0.022822552055832983,,0.7722772277227723,0.0
118,118,accumulation,N/A,2,0.3646379909792196,0.01097148500499905,,0.5975609756097561,0.0
118,118,accumulation,N/A,3,0.4283043365396966,0.05139821107000922,,0.66,0.2857142857142857
118,118,accumulation,N/A,4,0.35710916836717604,0.011729097305240103,,0.5714285714285714,0.0
118,118,accumulation,N/A,5,0.4018207050136706,0.0201512065980368,,0.6206896551724138,0.0
118,118,accumulation,N/A,6,0.42693929910066025,0.019566398171595837,,0.6357615894039735,0.14285714285714285
118,118,accumulation,N/A,7,0.3814313508346531,0.016588025294347053,,0.7647058823529412,0.0
118,118,refinement,0.5,0,0.39938011231729126,0.011988357562888867,,0.7850467289719626,0.125
118,118,refinement,0.5,1,0.42425528259376516,0.020172099897775245,,0.7889908256880733,0.2857142857142857
118,118,refinement,0.5,2,0.4159229217207081,0.02041887984536429,,0.7843137254901961,0.2857142857142857
118,118,refinement,0.5,3,0.3972165408497519,0.020583655625169436,,0.7428571428571429,0.14285714285714285
118,118,refinement,0.5,4,0.41945756496159875,0.012335048733472576,,0.8037383177570094,0.2857142857142857
118,118,refinement,0.5,5,0.44288218931931533,0.014941414217155996,,0.8333333333333334,0.42857142857142855
118,118,refinement,0.5,6,0.4118113347575979,0.019760347776933605,,0.7368421052631579,0.2857142857142857
118,118,refinement,0.5,7,0.38529730174325244,0.022317857934816228,,0.7096774193548387,0.14285714285714285
118,118,refinement,0.8,0,0.39938011231729126,0.011988357562888867,,0.7850467289719626,0.125
118,118,refinement,0.8,1,0.34674745203441454,0.020906181753238978,,0.5714285714285715,0.14285714285714285
118,118,refinement,0.8,2,0.3550480286264327,0.017080565624402168,,0.6153846153846154,0.14285714285714285
118,118,refinement,0.8,3,0.3703198515175035,0.015498451257981131,,0.6666666666666667,0.0
118,118,refinement,0.8,4,0.37994163391543356,0.015653654310641283,,0.6666666666666667,0.0
118,118,refinement,0.8,5,0.371174222328572,0.006797355953129978,,0.7241379310344827,0.0
118,118,refinement,0.8,6,0.35771088334050427,0.019367431698254816,,0.6481481481481481,0.14285714285714285
118,118,refinement,0.8,7,0.35225636486529105,0.0377489545900158,,0.5660377358490566,0.0
119,119,accumulation,N/A,0,0.30903524674456306,0.08057404757469913,,0.2222222222222222,0.25
119,119,accumulation,N/A,1,0.3234722338328293,0.0798553159431666,,0.28571428571428575,0.2
119,119,accumulation,N/A,2,0.28531766103013934,0.043017226592876205,,0.31578947368421056,0.0
119,119,accumulation,N/A,3,0.2598075059725331,0.057652793470187265,,0.2857142857142857,0.16666666666666666
119,119,accumulation,N/A,4,0.2675123222069694,0.04353134842547004,,0.22000000000000003,0.16666666666666666
119,119,accumulation,N/A,5,0.29014164015753535,0.10049990790711748,,0.04020100502512563,0.16666666666666666
119,119,accumulation,N/A,6,0.24659854753143368,0.05352160640476447,,0.19354838709677422,0.0
119,119,accumulation,N/A,7,0.3076737061135833,7.96703202560416e-06,,0.25210084033613445,0.3333333333333333
119,119,refinement,0.5,0,0.30903524674456306,0.08057404757469913,,0.2222222222222222,0.25
119,119,refinement,0.5,1,0.34726213611289464,0.05472684608300832,,0.31578947368421056,0.25
119,119,refinement,0.5,2,0.3082424189619412,0.05704597775374592,,0.3,0.0
119,119,refinement,0.5,3,0.2680115523496398,0.08368787117761266,,0.2105263157894737,0.0
119,119,refinement,0.5,4,0.3603734918380647,0.03961324398839926,,0.4,0.25
119,119,refinement,0.5,5,0.2925238394231755,0.07843507012470033,,0.2105263157894737,0.2
119,119,refinement,0.5,6,0.2932527095831697,0.07843507012470033,,0.2105263157894737,0.2
119,119,refinement,0.5,7,0.31022639481258807,0.07843507012470033,,0.2222222222222222,0.25
119,119,refinement,0.8,0,0.30903524674456306,0.08057404757469913,,0.2222222222222222,0.25
119,119,refinement,0.8,1,0.29938763943740754,0.12351726755971583,,0.11764705882352941,0.0
119,119,refinement,0.8,2,0.26363383491041453,0.0,,0.19047619047619044,0.2
119,119,refinement,0.8,3,0.28462402403578946,0.11215276978847565,,0.10526315789473685,0.0
119,119,refinement,0.8,4,0.31832620551685353,0.13247435291510157,,0.10526315789473685,0.2
119,119,refinement,0.8,5,0.32161064005692847,0.19436374192657233,,0.10526315789473685,0.2
119,119,refinement,0.8,6,0.2844798228253771,0.10455912082249193,,0.10526315789473685,0.0
119,119,refinement,0.8,7,0.2952668796884647,0.11801892697585023,,0.11764705882352941,0.0
120,120,accumulation,N/A,0,0.46395003392008294,0.04368465427612653,,0.711864406779661,0.25
120,120,accumulation,N/A,1,0.33556344072054567,0.0012907499665813912,,0.44444444444444453,0.0
120,120,accumulation,N/A,2,0.32532565771976296,0.011544358466025015,,0.4,0.0
120,120,accumulation,N/A,3,0.3346430577609151,0.03563650912395842,,0.617283950617284,0.0
120,120,accumulation,N/A,4,0.3679481680929644,0.03642152022525439,,0.6031746031746031,0.0
120,120,accumulation,N/A,5,0.4051359066108914,0.00017189984171902918,,0.5925925925925926,0.25
120,120,accumulation,N/A,6,0.4021738321243476,0.027123799893519745,,0.6363636363636365,0.2
120,120,accumulation,N/A,7,0.39967632929069397,0.024748357314981345,,0.5747126436781609,0.0
120,120,refinement,0.5,0,0.46395003392008294,0.04368465427612653,,0.711864406779661,0.25
120,120,refinement,0.5,1,0.4218608462020772,0.03755849535097336,,0.6984126984126985,0.2
120,120,refinement,0.5,2,0.46129040370715274,0.057297317409681595,,0.6181818181818182,0.25
120,120,refinement,0.5,3,0.4114548690744983,0.06437994225454266,,0.5357142857142857,0.2
120,120,refinement,0.5,4,0.4063073387452696,0.03992013559052537,,0.75,0.16666666666666666
120,120,refinement,0.5,5,0.417016481648627,0.0494586402009033,,0.6229508196721311,0.2
120,120,refinement,0.5,6,0.4158458872244766,0.057673996929493744,,0.5964912280701754,0.2
120,120,refinement,0.5,7,0.41007729406206117,0.07712293478019908,,0.5263157894736842,0.2
120,120,refinement,0.8,0,0.46395003392008294,0.04368465427612653,,0.711864406779661,0.25
120,120,refinement,0.8,1,0.3592035733746785,0.07619700660836712,,0.40625,0.0
120,120,refinement,0.8,2,0.4459550358122323,0.03762400421705273,,0.5614035087719298,0.25
120,120,refinement,0.8,3,0.409311676226993,0.04297242677440497,,0.6000000000000001,0.2
120,120,refinement,0.8,4,0.4186539992341582,0.06630053558429462,,0.6101694915254238,0.25
120,120,refinement,0.8,5,0.38590841370497314,0.06150875595970648,,0.5806451612903226,0.0
120,120,refinement,0.8,6,0.4200884007962713,0.06315165439130166,,0.5423728813559323,0.25
120,120,refinement,0.8,7,0.41517093417855,0.0629719779290429,,0.5806451612903226,0.25
121,121,accumulation,N/A,0,0.39715248712703144,0.012045413113036333,,0.6369426751592356,0.16666666666666666
121,121,accumulation,N/A,1,0.3217522470479312,0.02271768042636166,,0.48,0.0
121,121,accumulation,N/A,2,0.36551573097695583,0.00997347053073739,,0.547008547008547,0.0
121,121,accumulation,N/A,3,0.3550253369374489,0.010247450053732529,,0.5362318840579711,0.0
121,121,accumulation,N/A,4,0.3515981129017427,0.01202886935290763,,0.3731343283582089,0.16666666666666666
121,121,accumulation,N/A,5,0.43665215723927364,0.01256049763718409,,0.5333333333333333,0.3333333333333333
121,121,accumulation,N/A,6,0.3597585726797951,0.0049058693704481975,,0.5573770491803278,0.0
121,121,accumulation,N/A,7,0.35183663017813593,0.0,,0.5565217391304348,0.0
121,121,refinement,0.5,0,0.39715248712703144,0.012045413113036333,,0.6369426751592356,0.16666666666666666
121,121,refinement,0.5,1,0.32584840759964306,0.01306737545700741,,0.5277777777777777,0.0
121,121,refinement,0.5,2,0.36308810505325073,0.010371975221992381,,0.6277372262773722,0.14285714285714285
121,121,refinement,0.5,3,0.3456187193925118,0.01120867753571827,,0.6013986013986014,0.0
121,121,refinement,0.5,4,0.33893023293349467,0.003707862140204158,,0.5833333333333334,0.0
121,121,refinement,0.5,5,0.345651711133327,0.006236964111953359,,0.6081081081081082,0.0
121,121,refinement,0.5,6,0.3381241237688319,0.003968829996503228,,0.5954198473282443,0.0
121,121,refinement,0.5,7,0.3600036108364314,0.0032163754971773592,,0.647887323943662,0.0
121,121,refinement,0.8,0,0.39715248712703144,0.012045413113036333,,0.6369426751592356,0.16666666666666666
121,121,refinement,0.8,1,0.32556795842874614,0.0031708692304427705,,0.5757575757575757,0.0
121,121,refinement,0.8,2,0.3588183110210498,0.0,,0.4626865671641791,0.16666666666666666
121,121,refinement,0.8,3,0.3710825867531613,0.0036586452535627857,,0.6376811594202898,0.0
121,121,refinement,0.8,4,0.33422621806708647,0.0029723668438308513,,0.5128205128205128,0.0
121,121,refinement,0.8,5,0.3184078692402995,0.002024441654128646,,0.5616438356164384,0.0
121,121,refinement,0.8,6,0.31747311409451723,0.0029046124530447046,,0.5428571428571428,0.0
121,121,refinement,0.8,7,0.30753045514980515,0.004306783322342863,,0.5314685314685313,0.0
122,122,accumulation,N/A,0,0.30929819930814106,0.012127765519006614,,0.5100671140939598,0.0
122,122,accumulation,N/A,1,0.31539495244870386,0.010019653965824634,,0.48598130841121495,0.0
122,122,accumulation,N/A,2,0.32750024163159924,0.01142319850769974,,0.5094339622641509,0.2857142857142857
122,122,accumulation,N/A,3,0.344873992676597,0.0014398365408799785,,0.6153846153846154,0.0
122,122,accumulation,N/A,4,0.3463367143935406,0.001855875254029751,,0.43478260869565216,0.125
122,122,accumulation,N/A,5,0.3328804518547458,0.018197912700828645,,0.35294117647058826,0.14285714285714285
122,122,accumulation,N/A,6,0.33893071678627773,0.00663624929340682,,0.3716814159292035,0.0
122,122,accumulation,N/A,7,0.3562530392472132,0.01403779004804497,,0.5230769230769231,0.0
122,122,refinement,0.5,0,0.30929819930814106,0.012127765519006614,,0.5100671140939598,0.0
122,122,refinement,0.5,1,0.2897549313116379,0.005930803722167642,,0.4964539007092198,0.0
122,122,refinement,0.5,2,0.33235872267206956,0.013685873887361186,,0.5343511450381679,0.0
122,122,refinement,0.5,3,0.3069521926720187,0.004270450685364664,,0.5428571428571428,0.0
122,122,refinement,0.5,4,0.3066405256177756,0.004824738840466409,,0.5147058823529411,0.0
122,122,refinement,0.5,5,0.3166150748032205,0.011550053084155893,,0.5734265734265733,0.0
122,122,refinement,0.5,6,0.3199126309392683,0.006779112168455055,,0.5734265734265733,0.0
122,122,refinement,0.5,7,0.3198381394248398,0.01388999387051093,,0.5522388059701493,0.0
122,122,refinement,0.8,0,0.30929819930814106,0.012127765519006614,,0.5100671140939598,0.0
122,122,refinement,0.8,1,0.31542971584591367,0.0004778780421753339,,0.5,0.0
122,122,refinement,0.8,2,0.29756751545135396,0.0012231923279663048,,0.4356435643564357,0.0
122,122,refinement,0.8,3,0.3204134707344274,0.0020636859135153914,,0.47457627118644063,0.0
122,122,refinement,0.8,4,0.2856697193494825,0.001412452673611865,,0.5217391304347826,0.0
122,122,refinement,0.8,5,0.2915101370109568,0.003132985271900382,,0.4590163934426229,0.0
122,122,refinement,0.8,6,0.30391498488068913,0.01060849520974126,,0.5084745762711864,0.0
122,122,refinement,0.8,7,0.3595071498870076,0.006881962783714059,,0.5535714285714286,0.16666666666666666
123,123,accumulation,N/A,0,0.27674262616138223,0.0,,0.3,0.2
123,123,accumulation,N/A,1,0.3013145766466192,0.10358943310582465,,0.1951219512195122,0.2
123,123,accumulation,N/A,2,0.35019924748663916,0.11861082447734075,,0.26315789473684204,0.0
123,123,accumulation,N/A,3,0.3413744310106501,0.04265429971245893,,0.28571428571428564,0.2
123,123,accumulation,N/A,4,0.2534127874930536,0.0,,0.47368421052631576,0.0
123,123,accumulation,N/A,5,0.2867041918388438,0.04928436402916554,,0.28571428571428564,0.16666666666666666
123,123,accumulation,N/A,6,0.10654358725346674,0.0,,0.14285714285714285,0.0
123,123,accumulation,N/A,7,0.29251195906498717,0.06224562131614918,,0.3125,0.0
123,123,refinement,0.5,0,0.27674262616138223,0.0,,0.3,0.2
123,123,refinement,0.5,1,0.278454661320921,0.0,,0.26086956521739135,0.2
123,123,refinement,0.5,2,0.2717174478571621,0.0,,0.4827586206896552,0.2
123,123,refinement,0.5,3,0.3621180819995025,0.00043640295480541926,,0.5714285714285715,0.25
123,123,refinement,0.5,4,0.29998380269749164,0.01175405331986008,,0.3809523809523809,0.2
123,123,refinement,0.5,5,0.3247627964734409,0.0014518790611795717,,0.5714285714285715,0.25
123,123,refinement,0.5,6,0.3599710597531742,0.0002756165765364664,,0.6666666666666667,0.25
123,123,refinement,0.5,7,0.3169293490467573,0.0007375564059829668,,0.6,0.0
123,123,refinement,0.8,0,0.27674262616138223,0.0,,0.3,0.2
123,123,refinement,0.8,1,0.29540062674315143,0.013874887222595085,,0.36,0.2857142857142857
123,123,refinement,0.8,2,0.3655968175235679,0.03958757225862925,,0.2580645161290323,0.4
123,123,refinement,0.8,3,0.3222860504461458,0.03868329508297693,,0.21739130434782605,0.16666666666666666
123,123,refinement,0.8,4,0.3112264754292874,0.025566530630197582,,0.3181818181818182,0.2
123,123,refinement,0.8,5,0.2643110852209771,0.008529138560985548,,0.5,0.0
123,123,refinement,0.8,6,0.31615349345239036,0.03240815077893212,,0.2448979591836735,0.0
123,123,refinement,0.8,7,0.2596869732422831,0.021036877198532897,,0.4,0.0
124,124,accumulation,N/A,0,0.34379321154429754,0.2081391457361959,,0.2162162162162162,0.16666666666666666
124,124,accumulation,N/A,1,0.3708533148269439,0.014841529411244678,,0.3302752293577982,0.0
124,124,accumulation,N/A,2,0.27356478794193506,0.06778759647194682,,0.2127659574468085,0.0
124,124,accumulation,N/A,3,0.38373860732731857,0.010625281537097598,,0.380952380952381,0.16666666666666666
124,124,accumulation,N/A,4,0.3706837640558699,0.12568785224546253,,0.25,0.2
124,124,accumulation,N/A,5,0.4056318752771306,0.04659470140594167,,0.44943820224719105,0.16666666666666666
124,124,accumulation,N/A,6,0.3377986855626413,0.010658929275640362,,0.3870967741935484,0.0
124,124,accumulation,N/A,7,0.45913273884277295,0.04117513036276525,,0.5301204819277108,0.2
124,124,refinement,0.5,0,0.34379321154429754,0.2081391457361959,,0.2162162162162162,0.16666666666666666
124,124,refinement,0.5,1,0.42400176732469236,0.0937235207399857,,0.30769230769230765,0.4
124,124,refinement,0.5,2,0.3383079478058115,0.2773495487386583,,0.1714285714285714,0.2
124,124,refinement,0.5,3,0.30363949731615003,0.2065986447104762,,0.16666666666666666,0.0
124,124,refinement,0.5,4,0.301293683243155,0.18674624447491364,,0.16216216216216214,0.0
124,124,refinement,0.5,5,0.3028527269569972,0.18852233352104553,,0.16666666666666666,0.0
124,124,refinement,0.5,6,0.3077455230431226,0.27464211787453424,,0.16666666666666666,0.0
124,124,refinement,0.5,7,0.3101848177059469,0.283882961560951,,0.17647058823529413,0.0
124,124,refinement,0.8,0,0.34379321154429754,0.2081391457361959,,0.2162162162162162,0.16666666666666666
124,124,refinement,0.8,1,0.3903481089974307,0.06996707051950772,,0.5,0.2
124,124,refinement,0.8,2,0.3570601282331798,0.05755400739388893,,0.4615384615384615,0.0
124,124,refinement,0.8,3,0.3600901488416449,0.03045630871413473,,0.59375,0.0
124,124,refinement,0.8,4,0.363925025018793,0.06192083768999056,,0.4912280701754386,0.0
124,124,refinement,0.8,5,0.3639629757676174,0.02865836507143733,,0.606060606060606,0.0
124,124,refinement,0.8,6,0.3233847290207721,0.031290561264676865,,0.4931506849315069,0.0
124,124,refinement,0.8,7,0.3381556744223299,0.03812599961843455,,0.6216216216216216,0.0
125,125,accumulation,N/A,0,0.5508366313357564,0.14942522432230387,,0.33333333333333337,0.5
125,125,accumulation,N/A,1,0.45359012403864185,0.4854101954856007,,0.4,0.25
125,125,accumulation,N/A,2,0.460794675107237,0.1741313044320607,,0.33333333333333337,0.3333333333333333
125,125,accumulation,N/A,3,0.3870484413363625,0.19019718851524403,,0.19999999999999998,0.3333333333333333
125,125,accumulation,N/A,4,0.3548648621022647,0.4957831820847598,,0.13333333333333333,0.0
125,125,accumulation,N/A,5,0.3349377590945115,0.14447311338508273,,0.11764705882352941,0.0
125,125,accumulation,N/A,6,0.3241054207557895,0.17881508662759832,,0.09523809523809523,0.16666666666666666
125,125,accumulation,N/A,7,0.5956987390369449,0.5440292957240113,,0.33333333333333337,0.5
125,125,refinement,0.5,0,0.5508366313357564,0.14942522432230387,,0.33333333333333337,0.5
125,125,refinement,0.5,1,0.5927078483725382,0.14092445460627093,,0.6666666666666666,0.5
125,125,refinement,0.5,2,0.5406242740158762,0.13133749119462645,,0.33333333333333337,0.5
125,125,refinement,0.5,3,0.4313356144498298,0.13098694626133994,,0.4444444444444445,0.0
125,125,refinement,0.5,4,0.5674369547142051,0.13158202820605294,,0.5,0.5
125,125,refinement,0.5,5,0.5421960311589251,0.13895772392124126,,0.33333333333333337,0.5
125,125,refinement,0.5,6,0.5355272606837033,0.1311741554919391,,0.3076923076923077,0.5
125,125,refinement,0.5,7,0.5359869850232897,0.12201487477936904,,0.33333333333333337,0.5
125,125,refinement,0.8,0,0.5508366313357564,0.14942522432230387,,0.33333333333333337,0.5
125,125,refinement,0.8,1,0.49036258038883385,0.18400301425383228,,0.4444444444444445,0.3333333333333333
125,125,refinement,0.8,2,0.5969500159028858,0.212634416395713,,0.6666666666666666,0.5
125,125,refinement,0.8,3,0.5559976756335041,0.16473595054287837,,0.4,0.5
125,125,refinement,0.8,4,0.44850741451787157,0.16426798706967205,,0.1904761904761905,0.0
125,125,refinement,0.8,5,0.5363310635327955,0.1529380478474661,,0.2857142857142857,0.5
125,125,refinement,0.8,6,0.5473615987393307,0.1527836988554536,,0.4,0.5
125,125,refinement,0.8,7,0.5768643645028101,0.16437243351127967,,0.5714285714285715,0.5
126,126,accumulation,N/A,0,0.32708951699337036,0.0,,0.6666666666666667,0.0
126,126,accumulation,N/A,1,0.40349703149206684,0.04331660729403144,,0.5937499999999999,0.14285714285714285
126,126,accumulation,N/A,2,0.3704458520353907,0.022104750219190564,,0.4848484848484849,0.0
126,126,accumulation,N/A,3,0.36896073690985054,0.005447777366250927,,0.6835443037974683,0.0
126,126,accumulation,N/A,4,0.34445581483570065,0.04255989911727629,,0.3278688524590164,0.0
126,126,accumulation,N/A,5,0.3953782667111234,0.03812865190033974,,0.5565217391304348,0.0
126,126,accumulation,N/A,6,0.39405861064233094,0.0033877573159938955,,0.49572649572649574,0.0
126,126,accumulation,N/A,7,0.354041096959914,0.0,,0.5054945054945054,0.16666666666666666
126,126,refinement,0.5,0,0.32708951699337036,0.0,,0.6666666666666667,0.0
126,126,refinement,0.5,1,0.39305614081748824,0.0,,0.7529411764705882,0.16666666666666666
126,126,refinement,0.5,2,0.4239044791176684,0.0,,0.8148148148148148,0.3333333333333333
126,126,refinement,0.5,3,0.36696531802193644,0.0,,0.7605633802816902,0.0
126,126,refinement,0.5,4,0.33854117528681754,3.827500809017422e-05,,0.7826086956521738,0.0
126,126,refinement,0.5,5,0.3046033061511482,4.361012053837459e-05,,0.75,0.0
126,126,refinement,0.5,6,0.3006966744974085,0.0,,0.6956521739130435,0.0
126,126,refinement,0.5,7,0.3607032681392893,0.0,,0.78125,0.16666666666666666
126,126,refinement,0.8,0,0.32708951699337036,0.0,,0.6666666666666667,0.0
126,126,refinement,0.8,1,0.4233911737488199,0.0,,0.8,0.42857142857142855
126,126,refinement,0.8,2,0.38505472691545717,0.0,,0.6575342465753425,0.16666666666666666
126,126,refinement,0.8,3,0.30719027748224575,0.0,,0.6153846153846153,0.0
126,126,refinement,0.8,4,0.3918990753507314,0.0,,0.7368421052631577,0.16666666666666666
126,126,refinement,0.8,5,0.40754741548254236,0.0,,0.696969696969697,0.3333333333333333
126,126,refinement,0.8,6,0.3276422988749314,0.0,,0.6933333333333334,0.0
126,126,refinement,0.8,7,0.3044244830431154,0.000973353997429839,,0.6229508196721312,0.0
127,127,accumulation,N/A,0,0.36562337478899376,0.013887953386024679,,0.53125,0.0
127,127,accumulation,N/A,1,0.27763864488477896,0.06818889592509671,,0.5277777777777778,0.14285714285714285
127,127,accumulation,N/A,2,0.2556328770217801,0.030067234064139563,,0.5915492957746479,0.0
127,127,accumulation,N/A,3,0.3750363343130054,0.01905748862136581,,0.5238095238095238,0.16666666666666666
127,127,accumulation,N/A,4,0.3878587945169065,0.03818116734678224,,0.5263157894736842,0.14285714285714285
127,127,accumulation,N/A,5,0.4710274868197897,0.039452736235369025,,0.5454545454545455,0.16666666666666666
127,127,accumulation,N/A,6,0.37455231600871763,0.03908094677561204,,0.5063291139240507,0.16666666666666666
127,127,accumulation,N/A,7,0.3273298608782715,0.018639956742722123,,0.4857142857142857,0.0
127,127,refinement,0.5,0,0.36562337478899376,0.013887953386024679,,0.53125,0.0
127,127,refinement,0.5,1,0.3827595535337446,0.015723400172992237,,0.5172413793103449,0.16666666666666666
127,127,refinement,0.5,2,0.3844905179811791,0.01585192362885286,,0.5454545454545455,0.16666666666666666
127,127,refinement,0.5,3,0.38138261645640587,0.019147380756953714,,0.5263157894736842,0.16666666666666666
127,127,refinement,0.5,4,0.38745230526168184,0.016892555389466195,,0.5454545454545455,0.16666666666666666
127,127,refinement,0.5,5,0.3924038475333969,0.01694111636076514,,0.5555555555555556,0.16666666666666666
127,127,refinement,0.5,6,0.38519323854153864,0.01790217739777856,,0.5283018867924528,0.16666666666666666
127,127,refinement,0.5,7,0.39442109313094015,0.018869239697533673,,0.5925925925925927,0.16666666666666666
127,127,refinement,0.8,0,0.36562337478899376,0.013887953386024679,,0.53125,0.0
127,127,refinement,0.8,1,0.3800635921989103,0.013805200467376518,,0.5454545454545455,0.16666666666666666
127,127,refinement,0.8,2,0.38673980147328874,0.01758700165704469,,0.5172413793103449,0.16666666666666666
127,127,refinement,0.8,3,0.38438725403564084,0.025990803382327884,,0.489795918367347,0.16666666666666666
127,127,refinement,0.8,4,0.44089687324503,0.027334593848953172,,0.5283018867924528,0.3333333333333333
127,127,refinement,0.8,5,0.38739620244409745,0.018435291713181094,,0.5925925925925927,0.16666666666666666
127,127,refinement,0.8,6,0.38993719867791143,0.02417983037084879,,0.56,0.16666666666666666
127,127,refinement,0.8,7,0.42912191614401396,0.019871084091218405,,0.6031746031746031,0.16666666666666666
128,128,accumulation,N/A,0,0.35422787924394994,0.001899574146705916,,0.5617977528089887,0.16666666666666666
128,128,accumulation,N/A,1,0.31079189693038317,0.02689745150167154,,0.588235294117647,0.0
128,128,accumulation,N/A,2,0.36858496953339154,0.019021851937062666,,0.7777777777777778,0.0
128,128,accumulation,N/A,3,0.3384932004245971,0.004386478497894249,,0.5555555555555557,0.0
128,128,accumulation,N/A,4,0.30511486052690195,0.02491705068782825,,0.43609022556390975,0.0
128,128,accumulation,N/A,5,0.3121414644739622,0.034565878728947015,,0.5321100917431193,0.16666666666666666
128,128,accumulation,N/A,6,0.33888221634340976,0.0011376910253077992,,0.54320987654321,0.0
128,128,accumulation,N/A,7,0.3640845281291033,0.0030572910023334045,,0.5346534653465347,0.0
128,128,refinement,0.5,0,0.35422787924394994,0.001899574146705916,,0.5617977528089887,0.16666666666666666
128,128,refinement,0.5,1,0.346090636011802,0.00046242277001749,,0.5199999999999999,0.16666666666666666
128,128,refinement,0.5,2,0.33177543602868115,0.0005827757382453845,,0.5185185185185186,0.0
128,128,refinement,0.5,3,0.35234214510083595,0.0004850762070120476,,0.5853658536585366,0.16666666666666666
128,128,refinement,0.5,4,0.34670728966798536,0.0005487356513612216,,0.5301204819277109,0.16666666666666666
128,128,refinement,0.5,5,0.3452269891969713,0.0005920013469493183,,0.5063291139240507,0.16666666666666666
128,128,refinement,0.5,6,0.35053343011142546,0.0005790164117450052,,0.5333333333333332,0.16666666666666666
128,128,refinement,0.5,7,0.35443708863601,0.0005901513427401018,,0.5633802816901409,0.16666666666666666
128,128,refinement,0.8,0,0.35422787924394994,0.001899574146705916,,0.5617977528089887,0.16666666666666666
128,128,refinement,0.8,1,0.3559816263109201,0.000433544135808194,,0.5111111111111111,0.16666666666666666
128,128,refinement,0.8,2,0.36351655252866655,0.0016871521536529239,,0.5641025641025642,0.16666666666666666
128,128,refinement,0.8,3,0.34873455093643524,0.0004641216931982412,,0.48,0.0
128,128,refinement,0.8,4,0.35065601062247,0.0005245836536304591,,0.4722222222222222,0.0
128,128,refinement,0.8,5,0.3189537160092546,0.004412777507872587,,0.59375,0.0
128,128,refinement,0.8,6,0.3885564763396886,0.008232528092243847,,0.6545454545454545,0.0
128,128,refinement,0.8,7,0.391886180367089,0.010794713805486604,,0.6206896551724139,0.0
129,129,accumulation,N/A,0,0.19568019218969193,0.0,,0.17543859649122806,0.0
129,129,accumulation,N/A,1,0.21430467049563262,0.0,,0.2857142857142857,0.0
129,129,accumulation,N/A,2,0.23043651911977486,0.00623243927504942,,0.4444444444444444,0.125
129,129,accumulation,N/A,3,0.24176355876219227,0.01032959632148235,,0.1724137931034483,0.0
129,129,accumulation,N/A,4,0.26193405387915286,0.006731542184157622,,0.4166666666666667,0.125
129,129,accumulation,N/A,5,0.2946815335390158,0.0,,0.5060240963855422,0.125
129,129,accumulation,N/A,6,0.3042680793188558,0.0037554020887244576,,0.3384615384615385,0.125
129,129,accumulation,N/A,7,0.2338936085037915,0.0036188304315370803,,0.38095238095238093,0.0
129,129,refinement,0.5,0,0.19568019218969193,0.0,,0.17543859649122806,0.0
129,129,refinement,0.5,1,0.21806526003863758,0.0,,0.2068965517241379,0.0
129,129,refinement,0.5,2,0.22102666238284174,0.0,,0.2711864406779661,0.0
129,129,refinement,0.5,3,0.2245796984838771,0.0,,0.24137931034482762,0.0
129,129,refinement,0.5,4,0.19345609226465332,0.0,,0.17857142857142855,0.0
129,129,refinement,0.5,5,0.19343295858002013,0.0,,0.17857142857142855,0.0
129,129,refinement,0.5,6,0.22599594138318024,0.0,,0.3,0.0
129,129,refinement,0.5,7,0.24439478582380575,0.0,,0.24137931034482762,0.0
129,129,refinement,0.8,0,0.19568019218969193,0.0,,0.17543859649122806,0.0
129,129,refinement,0.8,1,0.21793386519017965,0.0,,0.23333333333333334,0.0
129,129,refinement,0.8,2,0.18977113109827615,0.0,,0.17857142857142855,0.0
129,129,refinement,0.8,3,0.18492899186633083,0.0,,0.21052631578947367,0.0
129,129,refinement,0.8,4,0.21075078340817477,0.0,,0.26666666666666666,0.0
129,129,refinement,0.8,5,0.21505683203109455,0.0,,0.23728813559322037,0.0
129,129,refinement,0.8,6,0.17591730896977253,0.0,,0.17543859649122806,0.0
129,129,refinement,0.8,7,0.17845784858590194,0.0,,0.1694915254237288,0.0
130,130,accumulation,N/A,0,0.24714863639438753,0.1072213541960401,,0.011214953271028037,0.0
130,130,accumulation,N/A,1,0.6685371256317838,0.34622641716380076,,1.0,1.0
130,130,accumulation,N/A,2,0.41599915924227865,0.31761278254040054,,0.5,0.25
130,130,accumulation,N/A,3,0.3764677842332685,0.23473959328779226,,0.6666666666666666,0.0
130,130,accumulation,N/A,4,0.5390569680699934,0.8336345301904813,,0.5,0.0
130,130,accumulation,N/A,5,0.22639305958754452,0.1184895617570811,,0.30769230769230765,0.0
130,130,accumulation,N/A,6,0.2845978344999844,0.23553823853936764,,0.21052631578947367,0.25
130,130,accumulation,N/A,7,0.24888542743599376,0.28955203006965713,,0.06896551724137931,0.0
130,130,refinement,0.5,0,0.24714863639438753,0.1072213541960401,,0.011214953271028037,0.0
130,130,refinement,0.5,1,0.3016461200007159,0.19890190194359203,,0.42857142857142855,0.0
130,130,refinement,0.5,2,0.2583378978643629,0.1094214113320439,,0.33333333333333337,0.0
130,130,refinement,0.5,3,0.26855057779678204,0.19796142687916443,,0.4615384615384615,0.0
130,130,refinement,0.5,4,0.42434383906494344,0.19882638921819004,,0.7499999999999999,0.0
130,130,refinement,0.5,5,0.3363879228031438,0.19722450422569646,,0.6666666666666666,0.0
130,130,refinement,0.5,6,0.42105764847085675,0.18818171915872128,,0.6666666666666666,0.0
130,130,refinement,0.5,7,0.4220425960100237,0.18470781074794793,,0.7499999999999999,0.0
130,130,refinement,0.8,0,0.24714863639438753,0.1072213541960401,,0.011214953271028037,0.0
130,130,refinement,0.8,1,0.31198907487579824,0.22721656446127333,,0.6666666666666666,0.0
130,130,refinement,0.8,2,0.2892664631194567,0.23726187705606386,,0.5,0.0
130,130,refinement,0.8,3,0.25039425898286927,0.2797324630586306,,0.3,0.0
130,130,refinement,0.8,4,0.354578256766506,0.2627955329892965,,0.7499999999999999,0.0
130,130,refinement,0.8,5,0.44168371558784236,0.23150445155912905,,0.8571428571428571,0.0
130,130,refinement,0.8,6,0.4403195377108842,0.21913673147606408,,0.8571428571428571,0.0
130,130,refinement,0.8,7,0.4439167332808251,0.23907445484486592,,0.8571428571428571,0.0
131,131,accumulation,N/A,0,0.2702709652410174,0.09833334388387018,,0.20689655172413796,0.0
131,131,accumulation,N/A,1,0.2939473311763293,0.00537124724110143,,0.192,0.0
131,131,accumulation,N/A,2,0.38327307206111283,0.13595833004663163,,0.4897959183673469,0.14285714285714285
131,131,accumulation,N/A,3,0.29039245278536174,0.01624496467139471,,0.30000000000000004,0.0
131,131,accumulation,N/A,4,0.2954185225111373,0.031123017568652593,,0.4827586206896552,0.16666666666666666
131,131,accumulation,N/A,5,0.38951719061820056,0.1059095995102632,,0.31746031746031744,0.14285714285714285
131,131,accumulation,N/A,6,0.3043468628990153,0.024988214818539203,,0.2784810126582279,0.0
131,131,accumulation,N/A,7,0.3224317919232086,0.1100492400829299,,0.2716049382716049,0.0
131,131,refinement,0.5,0,0.2702709652410174,0.09833334388387018,,0.20689655172413796,0.0
131,131,refinement,0.5,1,0.327178045485112,0.05973542818692411,,0.2941176470588235,0.16666666666666666
131,131,refinement,0.5,2,0.2647042787445327,0.04916667194193509,,0.3529411764705882,0.0
131,131,refinement,0.5,3,0.3360693139531708,0.07359069759514972,,0.2758620689655172,0.16666666666666666
131,131,refinement,0.5,4,0.3058425637070353,0.09847508602746603,,0.22222222222222224,0.16666666666666666
131,131,refinement,0.5,5,0.30980034290482655,0.09994907291364778,,0.25,0.16666666666666666
131,131,refinement,0.5,6,0.32000665958946406,0.13316837214375393,,0.13333333333333333,0.16666666666666666
131,131,refinement,0.5,7,0.2831687724843995,0.0890104768743465,,0.23076923076923075,0.0
131,131,refinement,0.8,0,0.2702709652410174,0.09833334388387018,,0.20689655172413796,0.0
131,131,refinement,0.8,1,0.3191703036731047,0.04587548340100169,,0.35000000000000003,0.16666666666666666
131,131,refinement,0.8,2,0.32266058736387554,0.04032543681236368,,0.3783783783783784,0.16666666666666666
131,131,refinement,0.8,3,0.3041341571782441,0.07457563739248498,,0.32,0.14285714285714285
131,131,refinement,0.8,4,0.3180382962596981,0.05776916525266694,,0.4,0.16666666666666666
131,131,refinement,0.8,5,0.30171023811263886,0.03598800868875513,,0.41025641025641024,0.16666666666666666
131,131,refinement,0.8,6,0.2994477088569829,0.0009648090514271971,,0.34285714285714286,0.14285714285714285
131,131,refinement,0.8,7,0.308444012185835,0.07329791973239472,,0.30769230769230765,0.16666666666666666
132,132,accumulation,N/A,0,0.440693029838314,0.4239084605255478,,0.5,0.0
132,132,accumulation,N/A,1,0.6423424923989961,0.6046989075984044,,0.6666666666666666,0.0
132,132,accumulation,N/A,2,0.4809160915073136,0.48645112465839707,,0.5,0.0
132,132,accumulation,N/A,3,0.4643507140862206,0.6974585847899794,,0.33333333333333337,0.0
132,132,accumulation,N/A,4,0.5392869318348295,0.5840391839720268,,0.5,0.0
132,132,accumulation,N/A,5,0.3709644697978247,0.6297280719689223,,0.125,0.0
132,132,accumulation,N/A,6,0.2896001424430529,0.37956095132586987,,0.028169014084507043,0.0
132,132,accumulation,N/A,7,0.42642646941242235,0.6398891966759009,,0.33333333333333337,0.0
132,132,refinement,0.5,0,0.440693029838314,0.4239084605255478,,0.5,0.0
132,132,refinement,0.5,1,0.40113969023837015,0.4239084605255478,,0.4,0.0
132,132,refinement,0.5,2,0.5420103009959085,0.42204546153596106,,0.6666666666666666,0.0
132,132,refinement,0.5,3,0.5198230405864764,0.43484776971048333,,0.5,0.0
132,132,refinement,0.5,4,0.5187314778745201,0.42409971082252884,,0.5,0.0
132,132,refinement,0.5,5,0.519382430229206,0.42465657613184066,,0.5,0.0
132,132,refinement,0.5,6,0.5451818908428365,0.42652077821920437,,0.6666666666666666,0.0
132,132,refinement,0.5,7,0.4460733581173112,0.42894438740710344,,0.5,0.0
132,132,refinement,0.8,0,0.440693029838314,0.4239084605255478,,0.5,0.0
132,132,refinement,0.8,1,0.5541938137346362,0.4843947676915402,,0.6666666666666666,0.0
132,132,refinement,0.8,2,0.5550312848816346,0.5019074499716166,,0.6666666666666666,0.0
132,132,refinement,0.8,3,0.45374042792972485,0.49244308398699105,,0.5,0.0
132,132,refinement,0.8,4,0.5500623986708788,0.46296153549680114,,0.6666666666666666,0.0
132,132,refinement,0.8,5,0.4466141732239194,0.4481547522559035,,0.5,0.0
132,132,refinement,0.8,6,0.4463332438263673,0.4631906174932886,,0.5,0.0
132,132,refinement,0.8,7,0.5468901756360728,0.4605591965674954,,0.6666666666666666,0.0
133,133,accumulation,N/A,0,0.4191164666132511,0.600873516776404,,0.28571428571428575,0.0
133,133,accumulation,N/A,1,0.4808786500449389,0.3769650674342487,,0.3333333333333333,0.0
133,133,accumulation,N/A,2,0.39134203775901255,0.277928522231597,,0.3333333333333333,0.0
133,133,accumulation,N/A,3,0.4392570398324575,0.26796068984670407,,0.16216216216216214,0.3333333333333333
133,133,accumulation,N/A,4,0.5229164418275655,0.28822939480733795,,0.2608695652173913,0.3333333333333333
133,133,accumulation,N/A,5,0.3673947897847697,0.22097453445203552,,0.2857142857142857,0.0
133,133,accumulation,N/A,6,0.5581847163864944,0.32784850792657444,,0.5,0.5
133,133,accumulation,N/A,7,0.41022074592601254,0.2757498977424786,,0.2857142857142857,0.0
133,133,refinement,0.5,0,0.4191164666132511,0.600873516776404,,0.28571428571428575,0.0
133,133,refinement,0.5,1,0.42032973329176115,0.6113869410387212,,0.28571428571428575,0.0
133,133,refinement,0.5,2,0.42385326777533994,0.645591306340813,,0.28571428571428575,0.0
133,133,refinement,0.5,3,0.43221243963226225,0.32277510984746227,,0.4444444444444445,0.25
133,133,refinement,0.5,4,0.4028416969630925,0.6140455212379271,,0.25,0.0
133,133,refinement,0.5,5,0.41738579987266344,0.5830720435747868,,0.28571428571428575,0.0
133,133,refinement,0.5,6,0.41166306738965197,0.5786512484597809,,0.25,0.0
133,133,refinement,0.5,7,0.46198752799315623,0.5785919367307736,,0.25,0.0
133,133,refinement,0.8,0,0.4191164666132511,0.600873516776404,,0.28571428571428575,0.0
133,133,refinement,0.8,1,0.3942289568280738,0.5775769929770601,,0.22222222222222224,0.0
133,133,refinement,0.8,2,0.3939632164288185,0.5809110712111809,,0.22222222222222224,0.0
133,133,refinement,0.8,3,0.4071984717897011,0.5655192762820032,,0.28571428571428575,0.0
133,133,refinement,0.8,4,0.4696558901551035,0.5653499059032864,,0.28571428571428575,0.0
133,133,refinement,0.8,5,0.42905360329373454,0.5905139120973052,,0.3333333333333333,0.0
133,133,refinement,0.8,6,0.493349067831909,0.29582439604641486,,0.5714285714285715,0.3333333333333333
133,133,refinement,0.8,7,0.44214124214975137,0.594129646754455,,0.25,0.0
134,134,accumulation,N/A,0,0.516764141533799,0.28399536972571093,,0.6666666666666666,0.0
134,134,accumulation,N/A,1,0.6172201003898556,0.5929375339827365,,0.6666666666666666,0.0
134,134,accumulation,N/A,2,0.6907278222733426,0.49294375605069635,,0.5,1.0
134,134,accumulation,N/A,3,0.6000524919393685,0.28177953615519435,,0.8,0.5
134,134,accumulation,N/A,4,0.46234760150479715,0.48908516074722885,,0.3333333333333333,0.0
134,134,accumulation,N/A,5,0.4683742637969194,0.17641880870156704,,0.8,0.0
134,134,accumulation,N/A,6,0.468910077088673,0.17176534230348078,,0.4,0.0
134,134,accumulation,N/A,7,0.5597207615248605,0.7850573095857343,,0.5,0.0
134,134,refinement,0.5,0,0.516764141533799,0.28399536972571093,,0.6666666666666666,0.0
134,134,refinement,0.5,1,0.4003065581345834,0.2676960192833049,,0.5,0.0
134,134,refinement,0.5,2,0.5043943135633713,0.3147401043047479,,0.6666666666666666,0.0
134,134,refinement,0.5,3,0.5000847964972837,0.27400903198295606,,0.6666666666666666,0.0
134,134,refinement,0.5,4,0.4997862207624821,0.2758604443612193,,0.6666666666666666,0.0
134,134,refinement,0.5,5,0.5040038575586746,0.31264183694271636,,0.6666666666666666,0.0
134,134,refinement,0.5,6,0.3519691987951493,0.29425114065196784,,0.3333333333333333,0.0
134,134,refinement,0.5,7,0.5035330129576316,0.3133523865721315,,0.6666666666666666,0.0
134,134,refinement,0.8,0,0.516764141533799,0.28399536972571093,,0.6666666666666666,0.0
134,134,refinement,0.8,1,0.5015313111870983,0.2625708541391664,,0.6666666666666666,0.0
134,134,refinement,0.8,2,0.6328804630784093,0.260458536409016,,0.5,1.0
134,134,refinement,0.8,3,0.6228754699463848,0.2193270228579004,,0.5,1.0
134,134,refinement,0.8,4,0.4615316143041197,0.10423929473461505,,0.8,0.5
134,134,refinement,0.8,5,0.5002192514213187,0.1708841524402449,,0.6666666666666666,0.0
134,134,refinement,0.8,6,0.4690627286573077,0.0842830466118136,,0.8,0.5
134,134,refinement,0.8,7,0.6491233457622425,0.0650222729191302,,1.0,1.0
135,135,accumulation,N/A,0,0.37218008417308585,0.3364837146912503,,0.01652892561983471,0.0
135,135,accumulation,N/A,1,0.4551810303524685,0.1439674942756805,,0.6666666666666666,0.0
135,135,accumulation,N/A,2,0.33066166784114853,0.12362676557831444,,0.22222222222222224,0.0
135,135,accumulation,N/A,3,0.2904018540493676,0.16441066203522356,,0.013793103448275862,0.0
135,135,accumulation,N/A,4,0.6208585642216673,0.20519210391363502,,0.5,1.0
135,135,accumulation,N/A,5,0.36115448457970445,0.12353926083085742,,0.5714285714285715,0.0
135,135,accumulation,N/A,6,0.3653069069680578,0.27384013978907273,,0.6666666666666666,0.0
135,135,accumulation,N/A,7,0.31802589492053834,0.07940875362294673,,0.3076923076923077,0.2
135,135,refinement,0.5,0,0.37218008417308585,0.3364837146912503,,0.01652892561983471,0.0
135,135,refinement,0.5,1,0.45281323862715794,0.5539071933758848,,0.4,0.0
135,135,refinement,0.5,2,0.5928004793401449,0.561147810282759,,0.6666666666666666,0.0
135,135,refinement,0.5,3,0.5932994768098321,0.5625866508219458,,0.6666666666666666,0.0
135,135,refinement,0.5,4,0.5931333931256996,0.564839572192514,,0.6666666666666666,0.0
135,135,refinement,0.5,5,0.5930964775217323,0.564839572192514,,0.6666666666666666,0.0
135,135,refinement,0.5,6,0.5922184572935396,0.557503993332871,,0.6666666666666666,0.0
135,135,refinement,0.5,7,0.5931181100041056,0.564839572192514,,0.6666666666666666,0.0
135,135,refinement,0.8,0,0.37218008417308585,0.3364837146912503,,0.01652892561983471,0.0
135,135,refinement,0.8,1,0.5933021204163205,0.5549985145573387,,0.6666666666666666,0.0
135,135,refinement,0.8,2,0.5886375563559789,0.5360028860028861,,0.6666666666666666,0.0
135,135,refinement,0.8,3,0.4727489499224079,0.5431495911495912,,0.4,0.0
135,135,refinement,0.8,4,0.5861306500901092,0.5385937950937958,,0.6666666666666666,0.0
135,135,refinement,0.8,5,0.5942217356014456,0.5666596932565056,,0.6666666666666666,0.0
135,135,refinement,0.8,6,0.4283120782666286,0.5792372373215435,,0.22222222222222224,0.0
135,135,refinement,0.8,7,0.5969933076948909,0.5852204824309365,,0.6666666666666666,0.0
136,136,accumulation,N/A,0,0.37165382623210563,0.0,,0.5000000000000001,0.25
136,136,accumulation,N/A,1,0.30430914131654574,0.013740406601019866,,0.3880597014925373,0.0
136,136,accumulation,N/A,2,0.3743361264421315,0.022565755222898137,,0.5000000000000001,0.0
136,136,accumulation,N/A,3,0.340350949877035,0.0011120499600709114,,0.5599999999999999,0.0
136,136,accumulation,N/A,4,0.32262404103767306,0.012410335912813502,,0.4827586206896553,0.0
136,136,accumulation,N/A,5,0.295633113765849,0.007237717835294371,,0.43137254901960786,0.2
136,136,accumulation,N/A,6,0.2205601526978177,0.012748304859994656,,0.37142857142857144,0.0
136,136,accumulation,N/A,7,0.35716488439190885,0.02186773306807561,,0.39436619718309857,0.25
136,136,refinement,0.5,0,0.37165382623210563,0.0,,0.5000000000000001,0.25
136,136,refinement,0.5,1,0.36055043814338356,0.0,,0.44,0.4
136,136,refinement,0.5,2,0.3370189587501906,0.0,,0.5365853658536585,0.0
136,136,refinement,0.5,3,0.3763883800526638,0.0,,0.5365853658536585,0.25
136,136,refinement,0.5,4,0.3548085388497003,0.0,,0.37499999999999994,0.25
136,136,refinement,0.5,5,0.3201148909757653,0.0,,0.4210526315789474,0.25
136,136,refinement,0.5,6,0.37817621920327393,0.0,,0.4848484848484848,0.25
136,136,refinement,0.5,7,0.306998677314132,0.0,,0.47368421052631576,0.0
136,136,refinement,0.8,0,0.37165382623210563,0.0,,0.5000000000000001,0.25
136,136,refinement,0.8,1,0.3012961353873107,0.0,,0.4444444444444444,0.16666666666666666
136,136,refinement,0.8,2,0.2806160058721331,0.0013826157673631394,,0.5641025641025641,0.0
136,136,refinement,0.8,3,0.29295943675707614,0.003074703781751201,,0.5555555555555556,0.0
136,136,refinement,0.8,4,0.271237596155564,0.008872989107121802,,0.33333333333333337,0.16666666666666666
136,136,refinement,0.8,5,0.33952164261641415,0.0023763185149727364,,0.46153846153846156,0.16666666666666666
136,136,refinement,0.8,6,0.2935424979565785,0.001403449251839918,,0.4680851063829787,0.0
136,136,refinement,0.8,7,0.3666555904996206,0.0025537283824342274,,0.5098039215686274,0.2
137,137,accumulation,N/A,0,0.26695770830763543,0.02464106331234151,,0.2857142857142857,0.0
137,137,accumulation,N/A,1,0.15754151178329645,0.0,,0.0014466546112115734,0.0
137,137,accumulation,N/A,2,0.2512385299916269,0.0,,0.23076923076923075,0.0
137,137,accumulation,N/A,3,0.2398748390374626,0.0,,0.11428571428571427,0.0
137,137,accumulation,N/A,4,0.3123032159712399,0.012606386758201499,,0.3636363636363636,0.0
137,137,accumulation,N/A,5,0.2725041380325149,0.0,,0.125,0.0
137,137,accumulation,N/A,6,0.2922838743579982,0.0,,0.35714285714285715,0.25
137,137,accumulation,N/A,7,0.24552084674871588,0.04135449139806249,,0.0851063829787234,0.0
137,137,refinement,0.5,0,0.26695770830763543,0.02464106331234151,,0.2857142857142857,0.0
137,137,refinement,0.5,1,0.25723981205294133,0.019594569185358533,,0.2857142857142857,0.0
137,137,refinement,0.5,2,0.22927286051532722,0.019900216892829396,,0.26666666666666666,0.0
137,137,refinement,0.5,3,0.236122368672944,0.10560320367424816,,0.26666666666666666,0.0
137,137,refinement,0.5,4,0.21151922027113917,0.10611329056119292,,0.23529411764705882,0.0
137,137,refinement,0.5,5,0.26351527621614934,0.1005361743286051,,0.2857142857142857,0.0
137,137,refinement,0.5,6,0.26390038020155304,0.10259885135294355,,0.2857142857142857,0.0
137,137,refinement,0.5,7,0.23606606884619125,0.10285723801858429,,0.26666666666666666,0.0
137,137,refinement,0.8,0,0.26695770830763543,0.02464106331234151,,0.2857142857142857,0.0
137,137,refinement,0.8,1,0.25584541722436105,0.026147581061880434,,0.26666666666666666,0.0
137,137,refinement,0.8,2,0.26351637232671354,0.01926766860917671,,0.2857142857142857,0.0
137,137,refinement,0.8,3,0.25694415372096924,0.01564197679771001,,0.2857142857142857,0.0
137,137,refinement,0.8,4,0.26447012809304726,0.024144121671079575,,0.2857142857142857,0.0
137,137,refinement,0.8,5,0.25328518050075866,0.012814038105602542,,0.2857142857142857,0.0
137,137,refinement,0.8,6,0.24424458284466483,0.008653026011605868,,0.4,0.0
137,137,refinement,0.8,7,0.2551565902444399,0.01390644080412095,,0.2857142857142857,0.0
138,138,accumulation,N/A,0,0.36677219315134146,0.010233850104726144,,0.6000000000000001,0.0
138,138,accumulation,N/A,1,0.40684583163170907,0.026027720618053658,,0.6016260162601627,0.14285714285714285
138,138,accumulation,N/A,2,0.3650244608099099,0.023426169699763737,,0.5740740740740742,0.0
138,138,accumulation,N/A,3,0.36028794433121647,0.012473918973309267,,0.5950413223140496,0.0
138,138,accumulation,N/A,4,0.3752582330810725,0.004602872652974674,,0.523489932885906,0.0
138,138,accumulation,N/A,5,0.31923564164453094,0.023449340259673778,,0.4821428571428571,0.0
138,138,accumulation,N/A,6,0.396438540595797,0.012037766101165765,,0.4742268041237113,0.14285714285714285
138,138,accumulation,N/A,7,0.3717620258376116,0.004491009783900456,,0.6422018348623854,0.125
138,138,refinement,0.5,0,0.36677219315134146,0.010233850104726144,,0.6000000000000001,0.0
138,138,refinement,0.5,1,0.36184751276725813,0.0044138991577582064,,0.5689655172413792,0.0
138,138,refinement,0.5,2,0.361877463558121,0.006805086350768734,,0.5454545454545454,0.0
138,138,refinement,0.5,3,0.38495362951738166,0.007978547158366435,,0.5818181818181819,0.14285714285714285
138,138,refinement,0.5,4,0.3839836095487207,0.006256114438405728,,0.5636363636363636,0.14285714285714285
138,138,refinement,0.5,5,0.3665096395109474,0.00654693219985935,,0.5714285714285714,0.125
138,138,refinement,0.5,6,0.35376899764342296,0.0047854962445008165,,0.4651162790697675,0.125
138,138,refinement,0.5,7,0.405485986326864,0.0031701661471306443,,0.578125,0.25
138,138,refinement,0.8,0,0.36677219315134146,0.010233850104726144,,0.6000000000000001,0.0
138,138,refinement,0.8,1,0.37143619892064966,0.005953059610487747,,0.5,0.14285714285714285
138,138,refinement,0.8,2,0.3514245662546284,0.006440925971597937,,0.5192307692307693,0.0
138,138,refinement,0.8,3,0.3490600689648245,0.005708171109661015,,0.5263157894736842,0.0
138,138,refinement,0.8,4,0.3704839245235707,0.004391909484470249,,0.5166666666666667,0.14285714285714285
138,138,refinement,0.8,5,0.3279810780785416,0.003765198335501493,,0.5581395348837209,0.0
138,138,refinement,0.8,6,0.35442866172991194,0.006662645464092111,,0.4909090909090909,0.125
138,138,refinement,0.8,7,0.3617224620772489,0.010095687468201947,,0.5,0.0
139,139,accumulation,N/A,0,0.3560239106384333,0.006404480147212886,,0.5952380952380952,0.0
139,139,accumulation,N/A,1,0.41436671862234037,0.041099465810180646,,0.5806451612903226,0.0
139,139,accumulation,N/A,2,0.4133849834465688,0.006363505511518465,,0.5523809523809524,0.14285714285714285
139,139,accumulation,N/A,3,0.4084559233473455,0.030878067445861856,,0.6399999999999999,0.14285714285714285
139,139,accumulation,N/A,4,0.33932934331774667,0.004152251765784108,,0.509090909090909,0.0
139,139,accumulation,N/A,5,0.40094172741765555,0.026603853523541537,,0.6172839506172839,0.2857142857142857
139,139,accumulation,N/A,6,0.33349739881420176,0.0,,0.40298507462686567,0.2857142857142857
139,139,accumulation,N/A,7,0.3937094531359392,0.017483566420305595,,0.5454545454545455,0.0
139,139,refinement,0.5,0,0.3560239106384333,0.006404480147212886,,0.5952380952380952,0.0
139,139,refinement,0.5,1,0.33395821125566655,0.008184521639429258,,0.5526315789473685,0.0
139,139,refinement,0.5,2,0.33443423637500397,0.008825829847604256,,0.5789473684210527,0.0
139,139,refinement,0.5,3,0.3264499001370423,0.013508265011055193,,0.5432098765432098,0.0
139,139,refinement,0.5,4,0.33109605218132654,0.009680454774464577,,0.5316455696202531,0.0
139,139,refinement,0.5,5,0.3370593694769603,0.007644647195785279,,0.6216216216216216,0.0
139,139,refinement,0.5,6,0.3329319604217014,0.00918211897668872,,0.5633802816901409,0.0
139,139,refinement,0.5,7,0.3505968056205371,0.011031150104523152,,0.5714285714285715,0.0
139,139,refinement,0.8,0,0.3560239106384333,0.006404480147212886,,0.5952380952380952,0.0
139,139,refinement,0.8,1,0.3241921948997941,0.016815037555240303,,0.5111111111111111,0.0
139,139,refinement,0.8,2,0.3666351844930709,0.006519112268559091,,0.6190476190476191,0.0
139,139,refinement,0.8,3,0.3096775626867718,0.024591568507858385,,0.5316455696202531,0.0
139,139,refinement,0.8,4,0.36713205278761724,0.018239084290521672,,0.6,0.0
139,139,refinement,0.8,5,0.31646165370615437,0.027031721194437287,,0.5569620253164557,0.0
139,139,refinement,0.8,6,0.3361561487374347,0.020049157698110085,,0.5333333333333333,0.14285714285714285
139,139,refinement,0.8,7,0.3341825957096702,0.01398641090905364,,0.5208333333333334,0.0
140,140,accumulation,N/A,0,0.33421349391501115,0.02921679510718187,,0.4324324324324324,0.0
140,140,accumulation,N/A,1,0.38414282136815187,0.016410221857649374,,0.5263157894736842,0.14285714285714285
140,140,accumulation,N/A,2,0.37116392890319816,0.06987049953686554,,0.46153846153846156,0.125
140,140,accumulation,N/A,3,0.37512990383324674,0.014336278399753644,,0.5319148936170214,0.14285714285714285
140,140,accumulation,N/A,4,0.3621138660702159,0.02337024848495091,,0.6046511627906975,0.125
140,140,accumulation,N/A,5,0.3399717557794555,0.0,,0.5151515151515151,0.14285714285714285
140,140,accumulation,N/A,6,0.30985996981962316,0.03450308431467154,,0.5681818181818181,0.0
140,140,accumulation,N/A,7,0.3156174550790879,0.0,,0.5054945054945056,0.14285714285714285
140,140,refinement,0.5,0,0.33421349391501115,0.02921679510718187,,0.4324324324324324,0.0
140,140,refinement,0.5,1,0.3551860295517853,0.023663101329478155,,0.5588235294117646,0.0
140,140,refinement,0.5,2,0.37342651680255284,0.025541687820579338,,0.4931506849315069,0.14285714285714285
140,140,refinement,0.5,3,0.35484050768272707,0.027006048613537014,,0.53125,0.0
140,140,refinement,0.5,4,0.3704347001467129,0.010346403563374115,,0.5588235294117646,0.14285714285714285
140,140,refinement,0.5,5,0.3919572232596814,0.023074910869120915,,0.5074626865671642,0.14285714285714285
140,140,refinement,0.5,6,0.3547986655969154,0.021652498563854386,,0.5538461538461538,0.0
140,140,refinement,0.5,7,0.34738234795343625,0.024821057412082775,,0.5161290322580646,0.0
140,140,refinement,0.8,0,0.33421349391501115,0.02921679510718187,,0.4324324324324324,0.0
140,140,refinement,0.8,1,0.36365967433623203,0.01788745261401887,,0.5070422535211268,0.14285714285714285
140,140,refinement,0.8,2,0.33435837142122377,0.023979248428234318,,0.45161290322580644,0.0
140,140,refinement,0.8,3,0.3725341340239288,0.033205581671218086,,0.5,0.14285714285714285
140,140,refinement,0.8,4,0.3492277384085456,0.021134458073136575,,0.5090909090909091,0.0
140,140,refinement,0.8,5,0.37628650066031655,0.01621829689263122,,0.5573770491803278,0.14285714285714285
140,140,refinement,0.8,6,0.35781331260452626,0.015226714771945322,,0.5454545454545454,0.0
140,140,refinement,0.8,7,0.3719062482586112,0.006653293642388892,,0.5277777777777778,0.0
141,141,accumulation,N/A,0,0.6521143754048336,0.29974309651425274,,1.0,1.0
141,141,accumulation,N/A,1,0.8552619237032889,0.7563637315622198,,1.0,1.0
141,141,accumulation,N/A,2,0.6606262726259338,0.2537333048777325,,1.0,1.0
141,141,accumulation,N/A,3,0.4028352206119239,0.5831839974470837,,0.4444444444444445,0.0
141,141,accumulation,N/A,4,0.40802273097062836,0.35703174778002755,,0.3636363636363636,0.0
141,141,accumulation,N/A,5,0.47737777800436654,0.23477724857402832,,0.8,0.5
141,141,accumulation,N/A,6,0.3216874776194569,0.31808720993637973,,0.33333333333333337,0.2
141,141,accumulation,N/A,7,0.44509691878623503,0.40439359802893715,,0.4,0.5
141,141,refinement,0.5,0,0.6521143754048336,0.29974309651425274,,1.0,1.0
141,141,refinement,0.5,1,0.6828715301441781,0.45945749869581787,,1.0,1.0
141,141,refinement,0.5,2,0.4831109873901354,0.4599381654738717,,0.6666666666666666,0.5
141,141,refinement,0.5,3,0.46727878235600195,0.45768146840324175,,0.5714285714285715,0.5
141,141,refinement,0.5,4,0.5049500693115426,0.4674303460366321,,0.8,0.5
141,141,refinement,0.5,5,0.6836309539904232,0.4530447676653965,,1.0,1.0
141,141,refinement,0.5,6,0.47046329112570984,0.4532764879004457,,0.5714285714285715,0.5
141,141,refinement,0.5,7,0.4335250640791747,0.4514869099920865,,0.6666666666666666,0.3333333333333333
141,141,refinement,0.8,0,0.6521143754048336,0.29974309651425274,,1.0,1.0
141,141,refinement,0.8,1,0.687834921191165,0.4866221911307351,,1.0,1.0
141,141,refinement,0.8,2,0.38551667726850875,0.4774015462962574,,0.5,0.25
141,141,refinement,0.8,3,0.5049638032128266,0.458898175545949,,0.8,0.5
141,141,refinement,0.8,4,0.3956372353677338,0.4683482410861814,,0.5714285714285715,0.25
141,141,refinement,0.8,5,0.37381684860548586,0.4550909977563465,,0.4444444444444445,0.25
141,141,refinement,0.8,6,0.4296701839911372,0.4465592533396812,,0.6666666666666666,0.3333333333333333
141,141,refinement,0.8,7,0.67785523241194,0.42330139516903204,,1.0,1.0
142,142,accumulation,N/A,0,0.2242974682765984,0.0,,0.0026666666666666666,0.0
142,142,accumulation,N/A,1,0.7930688177187735,0.25028694978518384,,1.0,1.0
142,142,accumulation,N/A,2,0.7051678479078023,0.006348521065427795,,1.0,1.0
142,142,accumulation,N/A,3,0.7846203104695387,0.23190400541404502,,1.0,1.0
142,142,accumulation,N/A,4,0.6031988209159981,0.4417056937359976,,0.6666666666666666,0.5
142,142,accumulation,N/A,5,0.3214008938836153,0.2743845284766905,,0.18181818181818182,0.0
142,142,accumulation,N/A,6,0.7631752982688038,0.5410502341672556,,1.0,1.0
142,142,accumulation,N/A,7,0.51830091226336,0.17670753569031808,,0.6666666666666666,0.5
142,142,refinement,0.5,0,0.2242974682765984,0.0,,0.0026666666666666666,0.0
142,142,refinement,0.5,1,0.3218186743592455,0.39298201932648913,,0.07407407407407407,0.0
142,142,refinement,0.5,2,0.329685911526839,0.4435357471161086,,0.06666666666666667,0.0
142,142,refinement,0.5,3,0.336515003070255,0.4435357471161086,,0.08333333333333333,0.0
142,142,refinement,0.5,4,0.33704441453510414,0.4356422086591502,,0.1,0.0
142,142,refinement,0.5,5,0.3382339555183478,0.4356422086591502,,0.10526315789473684,0.0
142,142,refinement,0.5,6,0.34014873385544103,0.430023506751935,,0.125,0.0
142,142,refinement,0.5,7,0.3927295554371174,0.4311432061115856,,0.2222222222222222,0.25
142,142,refinement,0.8,0,0.2242974682765984,0.0,,0.0026666666666666666,0.0
142,142,refinement,0.8,1,0.3326147211607072,0.34385377875440404,,0.1111111111111111,0.0
142,142,refinement,0.8,2,0.39788972257071653,0.28208898717196046,,0.18181818181818182,0.3333333333333333
142,142,refinement,0.8,3,0.4272650772313098,0.3472841619145161,,0.33333333333333337,0.3333333333333333
142,142,refinement,0.8,4,0.3839322649300948,0.2861294711079302,,0.25,0.25
142,142,refinement,0.8,5,0.486621281001421,0.3379764118615672,,0.4,0.5
142,142,refinement,0.8,6,0.5224305545103561,0.2945996738036001,,0.6666666666666666,0.5
142,142,refinement,0.8,7,0.5231014149649749,0.29886063674039354,,0.6666666666666666,0.5
143,143,accumulation,N/A,0,0.3491012463044028,0.01837911779797938,,0.5714285714285714,0.0
143,143,accumulation,N/A,1,0.3870241262576627,0.04402613073017016,,0.6190476190476191,0.0
143,143,accumulation,N/A,2,0.35093012225689735,0.051168513467702965,,0.2162162162162162,0.3333333333333333
143,143,accumulation,N/A,3,0.47069358552296103,0.02312929257042673,,0.4210526315789473,0.5
143,143,accumulation,N/A,4,0.4096591237058111,0.04138250040065432,,0.5555555555555556,0.0
143,143,accumulation,N/A,5,0.4372787570431709,0.016169246663256462,,0.6666666666666667,0.0
143,143,accumulation,N/A,6,0.45392042969588864,0.05281185299745433,,0.5957446808510638,0.0
143,143,accumulation,N/A,7,0.40240971240009465,0.02033292572246187,,0.4363636363636364,0.3333333333333333
143,143,refinement,0.5,0,0.3491012463044028,0.01837911779797938,,0.5714285714285714,0.0
143,143,refinement,0.5,1,0.35788205233559395,0.015928580212395443,,0.5777777777777777,0.0
143,143,refinement,0.5,2,0.4813260182591285,0.01787402161420788,,0.5714285714285714,0.5
143,143,refinement,0.5,3,0.40754062040393724,0.018052110882209007,,0.5853658536585366,0.0
143,143,refinement,0.5,4,0.4186909280857858,0.018052110882209007,,0.6486486486486486,0.0
143,143,refinement,0.5,5,0.4063713501105931,0.022830436101771656,,0.5714285714285714,0.0
143,143,refinement,0.5,6,0.41825757806111075,0.01729047377570469,,0.6341463414634146,0.0
143,143,refinement,0.5,7,0.41974800991841715,0.020105951268699254,,0.6666666666666665,0.0
143,143,refinement,0.8,0,0.3491012463044028,0.01837911779797938,,0.5714285714285714,0.0
143,143,refinement,0.8,1,0.3732488801297311,0.02850821686564991,,0.358974358974359,0.0
143,143,refinement,0.8,2,0.4036990532699736,0.03393412460145813,,0.5714285714285714,0.0
143,143,refinement,0.8,3,0.4278869202398877,0.015961942166132257,,0.7222222222222223,0.0
143,143,refinement,0.8,4,0.44306320378578723,0.0213588321944233,,0.7647058823529411,0.0
143,143,refinement,0.8,5,0.36793855882196747,0.024847117441630595,,0.5853658536585366,0.0
143,143,refinement,0.8,6,0.4300951662265898,0.021120005220837644,,0.6842105263157896,0.0
143,143,refinement,0.8,7,0.37062813421829305,0.06622230887102368,,0.5777777777777777,0.0
144,144,accumulation,N/A,0,0.6677679704870811,0.17146138159306118,,1.0,1.0
144,144,accumulation,N/A,1,0.3481114684591412,0.27553747053365035,,0.4,0.0
144,144,accumulation,N/A,2,0.4605557780969046,0.2318470661017149,,0.6666666666666666,0.0
144,144,accumulation,N/A,3,0.35555834095932826,0.25541991858849183,,0.33333333333333337,0.0
144,144,accumulation,N/A,4,0.31334447325772136,0.30446501882902816,,0.07692307692307693,0.0
144,144,accumulation,N/A,5,0.2991074898980262,0.24371803592981497,,0.2857142857142857,0.0
144,144,accumulation,N/A,6,0.3606692431248529,0.2800572310756062,,0.0909090909090909,0.0
144,144,accumulation,N/A,7,0.34029294970730206,0.34444053984859074,,0.19999999999999998,0.0
144,144,refinement,0.5,0,0.6677679704870811,0.17146138159306118,,1.0,1.0
144,144,refinement,0.5,1,0.6521360349317566,0.016696218648211733,,1.0,1.0
144,144,refinement,0.5,2,0.6518624147620795,0.016599950714308944,,1.0,1.0
144,144,refinement,0.5,3,0.6505315112707961,0.01632033768444728,,1.0,1.0
144,144,refinement,0.5,4,0.6507410501737182,0.021091363549567557,,1.0,1.0
144,144,refinement,0.5,5,0.45291315698378704,0.01632033768444728,,0.6666666666666666,0.5
144,144,refinement,0.5,6,0.42754301229950065,0.01712180778433507,,0.5,0.5
144,144,refinement,0.5,7,0.6536975600363849,0.01632033768444728,,1.0,1.0
144,144,refinement,0.8,0,0.6677679704870811,0.17146138159306118,,1.0,1.0
144,144,refinement,0.8,1,0.3524146543174136,0.013018542745875054,,0.5,0.0
144,144,refinement,0.8,2,0.33859696223094576,0.0217917785035753,,0.4,0.25
144,144,refinement,0.8,3,0.41579023755676525,0.0230408134909343,,0.4,0.5
144,144,refinement,0.8,4,0.6645165169453177,0.12368492352441639,,1.0,1.0
144,144,refinement,0.8,5,0.3646215120545857,0.021025744475500315,,0.4,0.3333333333333333
144,144,refinement,0.8,6,0.6540920733675317,0.029759774918456935,,1.0,1.0
144,144,refinement,0.8,7,0.3658665126447734,0.18492674773999923,,0.5,0.0
145,145,accumulation,N/A,0,0.32944596229439543,0.0014846265793992577,,0.5241379310344828,0.0
145,145,accumulation,N/A,1,0.3763810268502773,0.006863431172203674,,0.4512195121951219,0.14285714285714285
145,145,accumulation,N/A,2,0.40246959902047375,0.0098053028373248,,0.5777777777777778,0.0
145,145,accumulation,N/A,3,0.3985497952167188,0.0015743264865410857,,0.631578947368421,0.0
145,145,accumulation,N/A,4,0.39234470010400135,0.0006311032010237457,,0.7339449541284404,0.14285714285714285
145,145,accumulation,N/A,5,0.3720696781494214,0.011239080944178996,,0.5714285714285715,0.0
145,145,accumulation,N/A,6,0.35480426943474797,0.013508002808748299,,0.29565217391304344,0.0
145,145,accumulation,N/A,7,0.40093659142383486,0.006825570380146198,,0.7878787878787878,0.0
145,145,refinement,0.5,0,0.32944596229439543,0.0014846265793992577,,0.5241379310344828,0.0
145,145,refinement,0.5,1,0.3177286061833429,0.0011103760627257713,,0.4390243902439025,0.0
145,145,refinement,0.5,2,0.32351482061993303,0.0009705647148276643,,0.49673202614379086,0.0
145,145,refinement,0.5,3,0.3276055279419485,0.002745849381755001,,0.496551724137931,0.0
145,145,refinement,0.5,4,0.3313418528538181,0.0004002547993923924,,0.578125,0.0
145,145,refinement,0.5,5,0.3301476913171182,0.0002001413960512636,,0.5735294117647058,0.0
145,145,refinement,0.5,6,0.3495582265055054,0.0006044301049399394,,0.5481481481481483,0.0
145,145,refinement,0.5,7,0.3226405457678629,0.0032859053544450107,,0.5179856115107914,0.0
145,145,refinement,0.8,0,0.32944596229439543,0.0014846265793992577,,0.5241379310344828,0.0
145,145,refinement,0.8,1,0.35498628068070226,8.652766502960938e-05,,0.46258503401360546,0.14285714285714285
145,145,refinement,0.8,2,0.33627515167725597,0.0,,0.4689655172413793,0.0
145,145,refinement,0.8,3,0.3317659753087159,1.5314319317436336e-05,,0.5157232704402516,0.0
145,145,refinement,0.8,4,0.4007616140617527,0.0001857419593900527,,0.5588235294117647,0.16666666666666666
145,145,refinement,0.8,5,0.38049765026322635,0.00026240029210119553,,0.5874125874125875,0.14285714285714285
145,145,refinement,0.8,6,0.3592794704683138,0.003182437440974828,,0.6122448979591837,0.0
145,145,refinement,0.8,7,0.35469585274353627,0.000576808452066052,,0.543046357615894,0.0
146,146,accumulation,N/A,0,0.28077438686777056,0.15096950754925287,,0.09523809523809523,0.0
146,146,accumulation,N/A,1,0.3853429399245264,0.012112472963229943,,0.7142857142857143,0.16666666666666666
146,146,accumulation,N/A,2,0.34653427353296384,0.04878246310020971,,0.5833333333333334,0.0
146,146,accumulation,N/A,3,0.29955326028713175,0.21419828641370892,,0.3076923076923077,0.0
146,146,accumulation,N/A,4,0.34240147180632297,0.060808756460930535,,0.5333333333333333,0.25
146,146,accumulation,N/A,5,0.36570499810816415,0.0,,0.5185185185185185,0.0
146,146,accumulation,N/A,6,0.3384777731265185,0.0,,0.3,0.0
146,146,accumulation,N/A,7,0.3321981102350402,0.12761355443403025,,0.4705882352941177,0.0
146,146,refinement,0.5,0,0.28077438686777056,0.15096950754925287,,0.09523809523809523,0.0
146,146,refinement,0.5,1,0.2647686147825623,0.05061617613952123,,0.17021276595744683,0.0
146,146,refinement,0.5,2,0.2750421562667772,0.05078985365715687,,0.08121827411167513,0.16666666666666666
146,146,refinement,0.5,3,0.27890865171438683,0.04520633828615063,,0.12280701754385966,0.0
146,146,refinement,0.5,4,0.25748312170678334,0.040697641882071464,,0.07999999999999999,0.14285714285714285
146,146,refinement,0.5,5,0.29170092647312446,0.08780689900083251,,0.0502092050209205,0.0
146,146,refinement,0.5,6,0.3030422425336802,0.046220031489324936,,0.024324324324324326,0.2857142857142857
146,146,refinement,0.5,7,0.310795310810662,0.04970788723286981,,0.45000000000000007,0.0
146,146,refinement,0.8,0,0.28077438686777056,0.15096950754925287,,0.09523809523809523,0.0
146,146,refinement,0.8,1,0.260610728302075,0.047577199271511945,,0.07999999999999999,0.0
146,146,refinement,0.8,2,0.22618763725779373,0.032080261988517794,,0.020224719101123594,0.0
146,146,refinement,0.8,3,0.3195479240346082,0.040055646832970776,,0.19047619047619047,0.0
146,146,refinement,0.8,4,0.35072974433474075,0.04399793356085042,,0.34146341463414637,0.0
146,146,refinement,0.8,5,0.3362130579612095,0.03141279070661249,,0.24999999999999997,0.0
146,146,refinement,0.8,6,0.37414945641217395,0.03929881637175217,,0.2903225806451613,0.25
146,146,refinement,0.8,7,0.35478833493659023,0.03757476215259049,,0.20618556701030924,0.25
147,147,accumulation,N/A,0,0.4311533269610491,0.21270757177527327,,0.6666666666666666,0.3333333333333333
147,147,accumulation,N/A,1,0.430472415597452,0.2510286483368583,,0.6666666666666666,0.0
147,147,accumulation,N/A,2,0.4366331836169065,0.529606544604597,,0.4,0.0
147,147,accumulation,N/A,3,0.5949316458783942,0.6614096965387228,,0.6666666666666666,0.0
147,147,accumulation,N/A,4,0.44148268458666,0.4605372682557699,,0.3333333333333333,0.3333333333333333
147,147,accumulation,N/A,5,0.4235768627868462,0.3126647365858677,,0.6666666666666666,0.0
147,147,accumulation,N/A,6,0.668625154905285,0.3738897504581983,,0.5,1.0
147,147,accumulation,N/A,7,0.6552271891045484,0.3068614148508795,,0.5,1.0
147,147,refinement,0.5,0,0.4311533269610491,0.21270757177527327,,0.6666666666666666,0.3333333333333333
147,147,refinement,0.5,1,0.43114957554492883,0.21706907545948692,,0.6666666666666666,0.3333333333333333
147,147,refinement,0.5,2,0.6819908832892609,0.2295358649789029,,1.0,1.0
147,147,refinement,0.5,3,0.6810389955891325,0.2151898734177211,,1.0,1.0
147,147,refinement,0.5,4,0.48130983314465536,0.21369549929676468,,0.6666666666666666,0.5
147,147,refinement,0.5,5,0.5023316674321148,0.2199806610407872,,0.8,0.5
147,147,refinement,0.5,6,0.6811467831599343,0.2194428110137926,,1.0,1.0
147,147,refinement,0.5,7,0.48071059983420567,0.21919510562170152,,0.6666666666666666,0.5
147,147,refinement,0.8,0,0.4311533269610491,0.21270757177527327,,0.6666666666666666,0.3333333333333333
147,147,refinement,0.8,1,0.45240154575671804,0.5113413576388992,,0.28571428571428575,0.3333333333333333
147,147,refinement,0.8,2,0.5213534082124406,0.5141039973886461,,0.4,0.5
147,147,refinement,0.8,3,0.5100470084193697,0.25164696282143184,,0.8,0.5
147,147,refinement,0.8,4,0.4407747122411924,0.2704132987646789,,0.6666666666666666,0.3333333333333333
147,147,refinement,0.8,5,0.3598518945544366,0.272885709044212,,0.33333333333333337,0.2
147,147,refinement,0.8,6,0.41912264225633344,0.3360536972488903,,0.5714285714285715,0.25
147,147,refinement,0.8,7,0.5156268832168748,0.3335693842022951,,0.6666666666666666,0.5
148,148,accumulation,N/A,0,0.29548570025308524,0.06405738678363884,,0.32432432432432434,0.14285714285714285
148,148,accumulation,N/A,1,0.35537274252355816,0.02273215730065281,,0.42424242424242425,0.3333333333333333
148,148,accumulation,N/A,2,0.36893031137742854,0.04451967313246446,,0.3783783783783784,0.0
148,148,accumulation,N/A,3,0.3860979755208098,0.018452523225378582,,0.5882352941176471,0.3333333333333333
148,148,accumulation,N/A,4,0.4429974337645796,0.040366210059523115,,0.6037735849056604,0.3333333333333333
148,148,accumulation,N/A,5,0.3443721391216781,8.86177149834927e-05,,0.4102564102564102,0.2857142857142857
148,148,accumulation,N/A,6,0.39627887144781454,0.018503242465839027,,0.5217391304347826,0.25
148,148,accumulation,N/A,7,0.26970074542166567,0.044997079780975044,,0.39024390243902435,0.16666666666666666
148,148,refinement,0.5,0,0.29548570025308524,0.06405738678363884,,0.32432432432432434,0.14285714285714285
148,148,refinement,0.5,1,0.3624340030609446,0.054115781114729776,,0.4117647058823529,0.2857142857142857
148,148,refinement,0.5,2,0.33857802567062445,0.06018251898744676,,0.34285714285714286,0.2857142857142857
148,148,refinement,0.5,3,0.33999138900920084,0.045317855760215665,,0.4210526315789474,0.14285714285714285
148,148,refinement,0.5,4,0.3375039332124814,0.06160093669111453,,0.2926829268292683,0.2857142857142857
148,148,refinement,0.5,5,0.3237483645237925,0.05795794380013563,,0.3076923076923077,0.14285714285714285
148,148,refinement,0.5,6,0.30914175706400526,0.06989303680999201,,0.29411764705882354,0.16666666666666666
148,148,refinement,0.5,7,0.392326675206883,0.050039727024544144,,0.3783783783783784,0.3333333333333333
148,148,refinement,0.8,0,0.29548570025308524,0.06405738678363884,,0.32432432432432434,0.14285714285714285
148,148,refinement,0.8,1,0.30396259110208595,0.03302852864460463,,0.3076923076923077,0.14285714285714285
148,148,refinement,0.8,2,0.3515312719186838,0.05277540536084886,,0.3111111111111111,0.2857142857142857
148,148,refinement,0.8,3,0.3685383749769593,0.04755179507357743,,0.4,0.2857142857142857
148,148,refinement,0.8,4,0.34287479696766515,0.061920259680853386,,0.27906976744186046,0.2857142857142857
148,148,refinement,0.8,5,0.32049335559440867,0.07420219609595399,,0.22727272727272727,0.2857142857142857
148,148,refinement,0.8,6,0.3266292395224408,0.06889990931412604,,0.25,0.2857142857142857
148,148,refinement,0.8,7,0.3802837828486349,0.039544614700938986,,0.4090909090909091,0.2857142857142857
149,149,accumulation,N/A,0,0.40995959209293603,0.015581454547067308,,0.4782608695652174,0.0
149,149,accumulation,N/A,1,0.2801893591271897,0.0,,0.07407407407407407,0.0
149,149,accumulation,N/A,2,0.3775096901398335,0.07610983622827482,,0.07692307692307693,0.5
149,149,accumulation,N/A,3,0.4949037150970962,0.5592654855812761,,0.07692307692307693,0.5
149,149,accumulation,N/A,4,0.32167811530488677,0.0,,0.4736842105263159,0.0
149,149,accumulation,N/A,5,0.4145713117667691,0.0,,0.07407407407407407,0.5
149,149,accumulation,N/A,6,0.3530031788466186,0.03280264386516459,,0.07692307692307693,0.5
149,149,accumulation,N/A,7,0.27680206425200266,0.0,,0.13793103448275862,0.0
149,149,refinement,0.5,0,0.40995959209293603,0.015581454547067308,,0.4782608695652174,0.0
149,149,refinement,0.5,1,0.3240577411178968,0.14433533957293923,,0.07999999999999999,0.0
149,149,refinement,0.5,2,0.3282732552882558,0.17559696007257594,,0.07999999999999999,0.0
149,149,refinement,0.5,3,0.38386011605661036,0.11632584335773984,,0.15384615384615385,0.0
149,149,refinement,0.5,4,0.3333949609644593,0.22939622653552913,,0.07999999999999999,0.0
149,149,refinement,0.5,5,0.3346219707430134,0.23643022451638976,,0.07999999999999999,0.0
149,149,refinement,0.5,6,0.3341266514007234,0.23643022451638976,,0.07999999999999999,0.0
149,149,refinement,0.5,7,0.3341449836809783,0.23301295611900585,,0.07999999999999999,0.0
149,149,refinement,0.8,0,0.40995959209293603,0.015581454547067308,,0.4782608695652174,0.0
149,149,refinement,0.8,1,0.3334390658361477,0.22386332285870017,,0.07999999999999999,0.0
149,149,refinement,0.8,2,0.34338719405808055,0.3255447807206926,,0.07999999999999999,0.0
149,149,refinement,0.8,3,0.32975592287898686,0.20415664207065048,,0.07999999999999999,0.0
149,149,refinement,0.8,4,0.3276301291560141,0.19417204657624046,,0.07999999999999999,0.0
149,149,refinement,0.8,5,0.3354336365613209,0.2060995716966569,,0.07999999999999999,0.0
149,149,refinement,0.8,6,0.334216884903766,0.20412278483148966,,0.07999999999999999,0.0
149,149,refinement,0.8,7,0.3346519649082079,0.20469601097738943,,0.07999999999999999,0.0
150,150,accumulation,N/A,0,0.40246090124817885,0.19382970155574863,,0.4081632653061224,0.2
150,150,accumulation,N/A,1,0.3306976463403103,0.09190508096978982,,0.41860465116279066,0.0
150,150,accumulation,N/A,2,0.3146760933172355,0.03138871588940459,,0.5,0.16666666666666666
150,150,accumulation,N/A,3,0.4716987112304392,0.13491454396487296,,0.75,0.25
150,150,accumulation,N/A,4,0.508807203670828,0.36086328489608827,,0.339622641509434,0.2
150,150,accumulation,N/A,5,0.3703150348654081,0.0867714335766367,,0.3174603174603175,0.16666666666666666
150,150,accumulation,N/A,6,0.405154508272014,0.053914980128028464,,0.8181818181818182,0.5
150,150,accumulation,N/A,7,0.4691041585370492,0.15278116097166558,,0.3448275862068966,0.4
150,150,refinement,0.5,0,0.40246090124817885,0.19382970155574863,,0.4081632653061224,0.2
150,150,refinement,0.5,1,0.4154888761759643,0.185647031545898,,0.5,0.2
150,150,refinement,0.5,2,0.3703433201179951,0.1869039782240957,,0.39215686274509803,0.0
150,150,refinement,0.5,3,0.41047008902484416,0.18094147664623206,,0.4651162790697675,0.2
150,150,refinement,0.5,4,0.4334741425478693,0.18825128071882888,,0.4255319148936171,0.4
150,150,refinement,0.5,5,0.39251897783854883,0.18343097165626795,,0.3571428571428571,0.2
150,150,refinement,0.5,6,0.3944019857310015,0.18718532119071002,,0.3636363636363636,0.2
150,150,refinement,0.5,7,0.37649648719194556,0.18883842763506903,,0.37735849056603776,0.16666666666666666
150,150,refinement,0.8,0,0.40246090124817885,0.19382970155574863,,0.4081632653061224,0.2
150,150,refinement,0.8,1,0.4099970368147305,0.1611487964559674,,0.45454545454545453,0.2
150,150,refinement,0.8,2,0.4325152491139721,0.30311928343514555,,0.5,0.2
150,150,refinement,0.8,3,0.4211171590162052,0.21794528124067075,,0.5128205128205129,0.2
150,150,refinement,0.8,4,0.38663990943232696,0.23218814444535418,,0.5,0.0
150,150,refinement,0.8,5,0.39655034416546525,0.19797927129467416,,0.4390243902439024,0.2
150,150,refinement,0.8,6,0.41699052920945423,0.2930627161495161,,0.5161290322580645,0.2
150,150,refinement,0.8,7,0.4528790059280321,0.22894842717323938,,0.5,0.4
151,151,accumulation,N/A,0,0.4966792031763374,0.0,,0.6666666666666666,0.0
151,151,accumulation,N/A,1,0.42080277839841573,0.0,,0.4,0.0
151,151,accumulation,N/A,2,0.4531018373675124,0.29586665947967533,,0.5,0.0
151,151,accumulation,N/A,3,0.2564731804739533,0.1372962536782189,,0.125,0.0
151,151,accumulation,N/A,4,0.2730361174624052,0.0,,0.4,0.0
151,151,accumulation,N/A,5,0.42069529449366877,0.0,,0.6666666666666666,0.0
151,151,accumulation,N/A,6,0.346504923196678,0.0,,0.4,0.0
151,151,accumulation,N/A,7,0.18703661150787437,0.0,,0.33333333333333337,0.0
151,151,refinement,0.5,0,0.4966792031763374,0.0,,0.6666666666666666,0.0
151,151,refinement,0.5,1,0.497680092145279,0.0,,0.6666666666666666,0.0
151,151,refinement,0.5,2,0.4980520645473364,0.0,,0.6666666666666666,0.0
151,151,refinement,0.5,3,0.4001425994971507,0.0,,0.5,0.0
151,151,refinement,0.5,4,0.5008151518076621,0.0,,0.6666666666666666,0.0
151,151,refinement,0.5,5,0.501355860385855,0.0,,0.6666666666666666,0.0
151,151,refinement,0.5,6,0.7035387028871198,0.0,,1.0,1.0
151,151,refinement,0.5,7,0.7026856678122505,0.0,,1.0,1.0
151,151,refinement,0.8,0,0.4966792031763374,0.0,,0.6666666666666666,0.0
151,151,refinement,0.8,1,0.49726957671907257,0.0,,0.6666666666666666,0.0
151,151,refinement,0.8,2,0.5116236102314407,0.0,,0.6666666666666666,0.0
151,151,refinement,0.8,3,0.7099780093628593,0.0,,1.0,1.0
151,151,refinement,0.8,4,0.7098292484277703,0.0,,1.0,1.0
151,151,refinement,0.8,5,0.5098343649866612,0.0,,0.6666666666666666,0.5
151,151,refinement,0.8,6,0.7115312262339447,0.0,,1.0,1.0
151,151,refinement,0.8,7,0.7138876012482992,0.0,,1.0,1.0
152,152,accumulation,N/A,0,0.3529702234668265,0.3603935533885843,,0.16666666666666669,0.0
152,152,accumulation,N/A,1,0.481121135488624,0.2336899719288014,,0.33333333333333337,0.5
152,152,accumulation,N/A,2,0.5203567559784947,0.13532995392312608,,0.4615384615384615,0.5
152,152,accumulation,N/A,3,0.40466414733404726,0.3265387233855229,,0.30769230769230765,0.0
152,152,accumulation,N/A,4,0.3865193866582992,0.45270227827898163,,0.18181818181818182,0.0
152,152,accumulation,N/A,5,0.363285105780092,0.2645592651864936,,0.23529411764705882,0.25
152,152,accumulation,N/A,6,0.427169820453951,0.19028754961122793,,0.28571428571428564,0.2
152,152,accumulation,N/A,7,0.38057981324606927,0.4851870016764336,,0.18181818181818182,0.0
152,152,refinement,0.5,0,0.3529702234668265,0.3603935533885843,,0.16666666666666669,0.0
152,152,refinement,0.5,1,0.3803746779137812,0.36362890369985024,,0.18181818181818182,0.0
152,152,refinement,0.5,2,0.3295562005424135,0.12623385123186417,,0.16666666666666669,0.0
152,152,refinement,0.5,3,0.35829698423952144,0.1288234227435798,,0.18181818181818182,0.0
152,152,refinement,0.5,4,0.3584090355684319,0.1288234227435798,,0.18181818181818182,0.0
152,152,refinement,0.5,5,0.3311780704645012,0.1288234227435798,,0.16666666666666669,0.0
152,152,refinement,0.5,6,0.43122992183983966,0.1288234227435798,,0.16666666666666669,0.0
152,152,refinement,0.5,7,0.3132549685034903,0.03220585568589495,,0.47058823529411764,0.0
152,152,refinement,0.8,0,0.3529702234668265,0.3603935533885843,,0.16666666666666669,0.0
152,152,refinement,0.8,1,0.38357601081105563,0.3980610893312566,,0.18181818181818182,0.0
152,152,refinement,0.8,2,0.3568994985319909,0.16332866003360544,,0.18181818181818182,0.0
152,152,refinement,0.8,3,0.3293050315753385,0.16180023790431763,,0.16666666666666669,0.0
152,152,refinement,0.8,4,0.3542906648248778,0.13795767216181806,,0.18181818181818182,0.0
152,152,refinement,0.8,5,0.3540605443577066,0.13796424176242805,,0.18181818181818182,0.0
152,152,refinement,0.8,6,0.3545936183375082,0.4249295539008894,,0.15384615384615383,0.0
152,152,refinement,0.8,7,0.40053875002828776,0.40019878326480224,,0.15384615384615383,0.0
153,153,accumulation,N/A,0,0.36363742851061054,0.004600674663890842,,0.6382978723404256,0.125
153,153,accumulation,N/A,1,0.33702158273614397,0.010315598448957653,,0.5846153846153845,0.14285714285714285
153,153,accumulation,N/A,2,0.3736325071471126,0.013671261835398737,,0.6615384615384615,0.125
153,153,accumulation,N/A,3,0.36575785846854797,0.00994003339621385,,0.5882352941176471,0.14285714285714285
153,153,accumulation,N/A,4,0.31815477823428384,0.0070061077866074165,,0.5350318471337581,0.0
153,153,accumulation,N/A,5,0.3495217012696066,0.0009678516055466541,,0.672566371681416,0.125
153,153,accumulation,N/A,6,0.46120077957410976,0.006326823295409431,,0.6405228758169935,0.2857142857142857
153,153,accumulation,N/A,7,0.29104636160733066,0.029693994064225765,,0.12853470437017997,0.0
153,153,refinement,0.5,0,0.36363742851061054,0.004600674663890842,,0.6382978723404256,0.125
153,153,refinement,0.5,1,0.3379993491133885,0.021653963337023525,,0.5359477124183006,0.0
153,153,refinement,0.5,2,0.377345826595838,0.012077264387502715,,0.525,0.125
153,153,refinement,0.5,3,0.34680764852531915,0.02193106293989176,,0.48780487804878053,0.0
153,153,refinement,0.5,4,0.3268641601411171,0.011041724286676134,,0.481283422459893,0.0
153,153,refinement,0.5,5,0.33244721923569204,0.014973210329035178,,0.41414141414141414,0.0
153,153,refinement,0.5,6,0.3366286250844342,0.013017403937199532,,0.4468085106382979,0.0
153,153,refinement,0.5,7,0.32997617118514966,0.026470300700151893,,0.37383177570093457,0.0
153,153,refinement,0.8,0,0.36363742851061054,0.004600674663890842,,0.6382978723404256,0.125
153,153,refinement,0.8,1,0.33850246495983516,0.02592922858483847,,0.4205128205128206,0.0
153,153,refinement,0.8,2,0.35352250955089637,0.014128036763329598,,0.4186046511627907,0.0
153,153,refinement,0.8,3,0.34386601557063,0.015061712593692147,,0.5161290322580645,0.0
153,153,refinement,0.8,4,0.3904490070897501,0.008535429183225193,,0.5656565656565657,0.125
153,153,refinement,0.8,5,0.35846744744797254,0.006637018622021766,,0.6499999999999999,0.0
153,153,refinement,0.8,6,0.35173483306726,0.014389038622035851,,0.5477707006369427,0.125
153,153,refinement,0.8,7,0.3585396561655957,0.0064210050448297055,,0.6357615894039734,0.0
154,154,accumulation,N/A,0,0.4435435130701536,0.124977591184232,,0.6666666666666665,0.4
154,154,accumulation,N/A,1,0.3984285467428095,0.0481016648766962,,0.4,0.2
154,154,accumulation,N/A,2,0.5012452884607745,0.37461596328080893,,0.21621621621621623,0.25
154,154,accumulation,N/A,3,0.3859052524170119,0.12344147214854916,,0.2857142857142857,0.0
154,154,accumulation,N/A,4,0.4887796658252858,0.2022800912506984,,0.2380952380952381,0.25
154,154,accumulation,N/A,5,0.5108692447716433,0.20317570684125474,,0.47619047619047616,0.4
154,154,accumulation,N/A,6,0.5542810165055578,0.2883606303310933,,0.6153846153846154,0.25
154,154,accumulation,N/A,7,0.4675333706483625,0.17731083358945693,,0.47619047619047616,0.4
154,154,refinement,0.5,0,0.4435435130701536,0.124977591184232,,0.6666666666666665,0.4
154,154,refinement,0.5,1,0.414159662277346,0.19098679298156107,,0.5714285714285715,0.25
154,154,refinement,0.5,2,0.3572361688137743,0.07278447534125836,,0.5,0.0
154,154,refinement,0.5,3,0.4332040035668928,0.19447061421324685,,0.4444444444444445,0.25
154,154,refinement,0.5,4,0.4148690718390295,0.19408897919176477,,0.5714285714285715,0.25
154,154,refinement,0.5,5,0.36684350323335624,0.19797319546814604,,0.4000000000000001,0.2
154,154,refinement,0.5,6,0.3516817113008721,0.19610255990854014,,0.4000000000000001,0.0
154,154,refinement,0.5,7,0.4796499586434847,0.19971267271653323,,0.5,0.5
154,154,refinement,0.8,0,0.4435435130701536,0.124977591184232,,0.6666666666666665,0.4
154,154,refinement,0.8,1,0.31454461421962515,0.07169406691798014,,0.09756097560975609,0.0
154,154,refinement,0.8,2,0.29839245430122974,0.13604565370178537,,0.08108108108108109,0.0
154,154,refinement,0.8,3,0.283056510956948,0.055341239386385625,,0.056603773584905655,0.0
154,154,refinement,0.8,4,0.4198874111912265,0.26447316724068337,,0.19512195121951217,0.4
154,154,refinement,0.8,5,0.4402663926369303,0.28434267844827393,,0.3076923076923077,0.4
154,154,refinement,0.8,6,0.44776350353613603,0.24293325715527217,,0.4,0.4
154,154,refinement,0.8,7,0.36900331294118494,0.26489090622377626,,0.24242424242424243,0.2
155,155,accumulation,N/A,0,0.30812315292523024,0.12421266627025852,,0.4444444444444445,0.0
155,155,accumulation,N/A,1,0.35628294431744106,0.15716177712434765,,0.5714285714285715,0.0
155,155,accumulation,N/A,2,0.3957623308530389,0.303625030736467,,0.30769230769230765,0.2
155,155,accumulation,N/A,3,0.29863239387992724,0.0,,0.46153846153846156,0.0
155,155,accumulation,N/A,4,0.34015400881027363,0.0424389115565189,,0.5454545454545454,0.0
155,155,accumulation,N/A,5,0.40146101673255535,0.08015546049439562,,0.27272727272727276,0.3333333333333333
155,155,accumulation,N/A,6,0.2915173396173749,0.27677013694293096,,0.4444444444444445,0.0
155,155,accumulation,N/A,7,0.35440237597993035,0.08477939134209023,,0.4,0.0
155,155,refinement,0.5,0,0.30812315292523024,0.12421266627025852,,0.4444444444444445,0.0
155,155,refinement,0.5,1,0.3428902970904669,0.11979397293122501,,0.5,0.0
155,155,refinement,0.5,2,0.4030892694890796,0.2650825229266035,,0.4,0.25
155,155,refinement,0.5,3,0.40644625177387467,0.11750427506586637,,0.6,0.25
155,155,refinement,0.5,4,0.3576395665777273,0.26985789720386316,,0.5,0.0
155,155,refinement,0.5,5,0.35462989038284354,0.22577633296678953,,0.5,0.0
155,155,refinement,0.5,6,0.3492882668730398,0.1734221006360179,,0.5,0.0
155,155,refinement,0.5,7,0.3873384467420744,0.22030583649190855,,0.4,0.0
155,155,refinement,0.8,0,0.30812315292523024,0.12421266627025852,,0.4444444444444445,0.0
155,155,refinement,0.8,1,0.3269688309185746,0.07792781366922978,,0.39999999999999997,0.2
155,155,refinement,0.8,2,0.2555185416463662,0.0,,0.3529411764705882,0.0
155,155,refinement,0.8,3,0.3305513410605907,0.04025279209765419,,0.30769230769230765,0.2
155,155,refinement,0.8,4,0.31557163977197433,0.01981969459416957,,0.5,0.0
155,155,refinement,0.8,5,0.32643611668943817,0.020304756296335467,,0.5714285714285715,0.0
155,155,refinement,0.8,6,0.32711836161373414,0.021336436580145883,,0.5714285714285715,0.0
155,155,refinement,0.8,7,0.3274396794500054,0.02062948381715381,,0.5714285714285715,0.0
156,156,accumulation,N/A,0,0.33916576849086943,0.007155469896363593,,0.47619047619047616,0.0
156,156,accumulation,N/A,1,0.35778110105626226,0.007298978775717245,,0.4460431654676259,0.14285714285714285
156,156,accumulation,N/A,2,0.39349227697530337,0.008156178237681205,,0.6491228070175439,0.0
156,156,accumulation,N/A,3,0.42762042277035794,0.012909366340610675,,0.6504065040650406,0.16666666666666666
156,156,accumulation,N/A,4,0.4471153827760562,0.018359851356057066,,0.7083333333333334,0.2857142857142857
156,156,accumulation,N/A,5,0.426770989478524,0.021000424329088014,,0.6788990825688075,0.0
156,156,accumulation,N/A,6,0.4347663108964359,0.011757148350520644,,0.6052631578947368,0.16666666666666666
156,156,accumulation,N/A,7,0.4260134633318988,0.029261321139342097,,0.5714285714285715,0.16666666666666666
156,156,refinement,0.5,0,0.33916576849086943,0.007155469896363593,,0.47619047619047616,0.0
156,156,refinement,0.5,1,0.3617096040174164,0.008752973821384801,,0.495049504950495,0.0
156,156,refinement,0.5,2,0.347072111516065,0.006727505602466667,,0.4146341463414634,0.0
156,156,refinement,0.5,3,0.30495964447553764,0.0032415757570530028,,0.3023255813953488,0.0
156,156,refinement,0.5,4,0.3521911231474282,0.0012411077709179425,,0.26666666666666666,0.2857142857142857
156,156,refinement,0.5,5,0.30994346739574946,0.0,,0.30379746835443033,0.0
156,156,refinement,0.5,6,0.31035256776722553,0.0014899915645866285,,0.31707317073170727,0.0
156,156,refinement,0.5,7,0.3549021581794003,0.0042088919014659784,,0.31707317073170727,0.2857142857142857
156,156,refinement,0.8,0,0.33916576849086943,0.007155469896363593,,0.47619047619047616,0.0
156,156,refinement,0.8,1,0.3921973886870808,0.005720027827162408,,0.48936170212765956,0.42857142857142855
156,156,refinement,0.8,2,0.32078244898008945,0.00415542274266718,,0.391304347826087,0.0
156,156,refinement,0.8,3,0.3745690449423787,0.004293465883375276,,0.17500000000000004,0.3333333333333333
156,156,refinement,0.8,4,0.345863645358212,0.0037005580709488606,,0.18181818181818182,0.16666666666666666
156,156,refinement,0.8,5,0.33136128619238864,0.00015068091619524325,,0.273972602739726,0.0
156,156,refinement,0.8,6,0.3206878928542213,0.0,,0.2222222222222222,0.16666666666666666
156,156,refinement,0.8,7,0.30869233112231154,0.0,,0.3055555555555556,0.14285714285714285
157,157,accumulation,N/A,0,0.5542647795441054,0.0,,0.6666666666666666,1.0
157,157,accumulation,N/A,1,0.3105621725187244,0.20327234422841114,,0.5,0.0
157,157,accumulation,N/A,2,0.39565629391101287,0.02282470116112913,,0.8,0.0
157,157,accumulation,N/A,3,0.2724890588366816,0.0,,0.5,0.0
157,157,accumulation,N/A,4,0.20878074234128077,0.06595201080781148,,0.14285714285714288,0.0
157,157,accumulation,N/A,5,0.33180009579265407,0.09555074976492466,,0.7499999999999999,0.3333333333333333
157,157,accumulation,N/A,6,0.1476578533122545,0.0,,0.15384615384615383,0.0
157,157,accumulation,N/A,7,0.30878702878459874,0.06794621517522897,,0.4,0.0
157,157,refinement,0.5,0,0.5542647795441054,0.0,,0.6666666666666666,1.0
157,157,refinement,0.5,1,0.5560413729689359,0.0,,0.6666666666666666,1.0
157,157,refinement,0.5,2,0.3917152310388885,0.0,,0.5714285714285715,0.5
157,157,refinement,0.5,3,0.32270835660598235,0.0,,0.4444444444444444,0.3333333333333333
157,157,refinement,0.5,4,0.28147018461324347,0.0,,0.5,0.0
157,157,refinement,0.5,5,0.2690764261190318,0.0,,0.5,0.0
157,157,refinement,0.5,6,0.28149024534676803,0.0,,0.5,0.0
157,157,refinement,0.5,7,0.33138624650146514,0.0,,0.6666666666666666,0.0
157,157,refinement,0.8,0,0.5542647795441054,0.0,,0.6666666666666666,1.0
157,157,refinement,0.8,1,0.23939550811429872,0.0,,0.36363636363636365,0.0
157,157,refinement,0.8,2,0.3052412362437147,0.0,,0.5,0.0
157,157,refinement,0.8,3,0.3907220422303339,0.0,,0.5714285714285715,0.0
157,157,refinement,0.8,4,0.30156352991914054,0.0,,0.30769230769230765,0.3333333333333333
157,157,refinement,0.8,5,0.24125647785155482,0.0,,0.3,0.0
157,157,refinement,0.8,6,0.36136654139761815,0.0,,0.36363636363636365,0.5
157,157,refinement,0.8,7,0.5541675824020558,0.0,,0.6666666666666666,1.0
158,158,accumulation,N/A,0,0.4151565268296825,0.3320182247175398,,0.18181818181818182,0.0
158,158,accumulation,N/A,1,0.27845164782700943,0.0,,0.13793103448275862,0.0
158,158,accumulation,N/A,2,0.27629719643261624,0.023140240820257434,,0.0909090909090909,0.0
158,158,accumulation,N/A,3,0.25113031235626593,0.0,,0.12903225806451613,0.0
158,158,accumulation,N/A,4,0.2888226888799044,0.042098968215854654,,0.5714285714285715,0.0
158,158,accumulation,N/A,5,0.24529738298068296,0.0,,0.0023823704586063135,0.0
158,158,accumulation,N/A,6,0.31252871395357645,0.13785014542620525,,0.5,0.0
158,158,accumulation,N/A,7,0.2952045201167465,0.0,,0.07500000000000001,0.25
158,158,refinement,0.5,0,0.4151565268296825,0.3320182247175398,,0.18181818181818182,0.0
158,158,refinement,0.5,1,0.4083010003138885,0.3321290392397057,,0.13333333333333333,0.0
158,158,refinement,0.5,2,0.41571537392967384,0.3315812180971238,,0.18181818181818182,0.0
158,158,refinement,0.5,3,0.5006805499237126,0.3315812180971238,,0.25,0.5
158,158,refinement,0.5,4,0.41991049721670615,0.33666067440080205,,0.2,0.0
158,158,refinement,0.5,5,0.41627678617509867,0.32970675479827954,,0.18181818181818182,0.0
158,158,refinement,0.5,6,0.4097746031491803,0.32492300208961317,,0.14285714285714288,0.0
158,158,refinement,0.5,7,0.41199523127224663,0.32739203026485614,,0.15384615384615383,0.0
158,158,refinement,0.8,0,0.4151565268296825,0.3320182247175398,,0.18181818181818182,0.0
158,158,refinement,0.8,1,0.3293359853629586,0.32886674541981664,,0.125,0.0
158,158,refinement,0.8,2,0.35275205831140866,0.3282242536495044,,0.28571428571428575,0.0
158,158,refinement,0.8,3,0.3227556123297607,0.3344507531118008,,0.25,0.0
158,158,refinement,0.8,4,0.3533491397919065,0.33188703923969276,,0.1111111111111111,0.0
158,158,refinement,0.8,5,0.35517101446685906,0.3443592664614738,,0.28571428571428575,0.0
158,158,refinement,0.8,6,0.3560307895251257,0.3363084190598008,,0.28571428571428575,0.0
158,158,refinement,0.8,7,0.36669160027014447,0.3496116279451859,,0.18181818181818182,0.0
159,159,accumulation,N/A,0,0.5724489028786457,0.41083531300201365,,0.6666666666666666,0.5
159,159,accumulation,N/A,1,0.5134999631215682,0.7439697416623058,,0.33333333333333337,0.0
159,159,accumulation,N/A,2,0.3996416626298322,0.5614977606160878,,0.2857142857142857,0.0
159,159,accumulation,N/A,3,0.5489596694681156,0.4859996415789491,,0.6666666666666666,0.0
159,159,accumulation,N/A,4,0.49033528940312343,0.3248423857560557,,0.5,0.5
159,159,accumulation,N/A,5,0.488741623525577,0.7847826944731944,,0.2857142857142857,0.25
159,159,accumulation,N/A,6,0.5679989646397143,0.7913742448848672,,0.5,0.3333333333333333
159,159,accumulation,N/A,7,0.772380841358023,0.5187349010394734,,1.0,1.0
159,159,refinement,0.5,0,0.5724489028786457,0.41083531300201365,,0.6666666666666666,0.5
159,159,refinement,0.5,1,0.771173774174525,0.39739476135049856,,1.0,1.0
159,159,refinement,0.5,2,0.5711180398349345,0.3960396374319836,,0.6666666666666666,0.5
159,159,refinement,0.5,3,0.5712397962354601,0.3960396374319836,,0.6666666666666666,0.5
159,159,refinement,0.5,4,0.4959603859712761,0.3952089517710228,,0.5,0.3333333333333333
159,159,refinement,0.5,5,0.5702712217027867,0.3960396374319836,,0.6666666666666666,0.5
159,159,refinement,0.5,6,0.5706288144222645,0.39814152722278506,,0.6666666666666666,0.5
159,159,refinement,0.5,7,0.7700818865830406,0.4002434170135866,,1.0,1.0
159,159,refinement,0.8,0,0.5724489028786457,0.41083531300201365,,0.6666666666666666,0.5
159,159,refinement,0.8,1,0.7713588543102214,0.39529405766619985,,1.0,1.0
159,159,refinement,0.8,2,0.5715299574031298,0.39183585785038055,,0.6666666666666666,0.5
159,159,refinement,0.8,3,0.5702118148533148,0.39183585785038055,,0.6666666666666666,0.5
159,159,refinement,0.8,4,0.5729138841084825,0.37792447478431757,,0.6666666666666666,0.5
159,159,refinement,0.8,5,0.547450541154703,0.37792447478431757,,0.5,0.5
159,159,refinement,0.8,6,0.5716338224944899,0.3779244747843176,,0.6666666666666666,0.5
159,159,refinement,0.8,7,0.7710439021780485,0.37600607643515865,,1.0,1.0
160,160,accumulation,N/A,0,0.2576779047136644,0.10158159198068174,,0.22222222222222224,0.0
160,160,accumulation,N/A,1,0.25363175735090526,0.008310399733597594,,0.21052631578947367,0.0
160,160,accumulation,N/A,2,0.33103284018134244,0.000270156510637779,,0.4117647058823529,0.0
160,160,accumulation,N/A,3,0.278596249542969,0.03133778476977711,,0.49056603773584906,0.0
160,160,accumulation,N/A,4,0.28987716803161945,0.000814541598517375,,0.3333333333333333,0.0
160,160,accumulation,N/A,5,0.23120540769576775,0.0027740571080207836,,0.4166666666666667,0.0
160,160,accumulation,N/A,6,0.27609665589787236,0.00364418693189856,,0.41269841269841273,0.0
160,160,accumulation,N/A,7,0.3149992090647524,0.0,,0.2388059701492537,0.2
160,160,refinement,0.5,0,0.2576779047136644,0.10158159198068174,,0.22222222222222224,0.0
160,160,refinement,0.5,1,0.2605256277676213,0.13837175768759571,,0.21428571428571427,0.0
160,160,refinement,0.5,2,0.24763106131566004,0.10163752031238334,,0.21428571428571427,0.0
160,160,refinement,0.5,3,0.2560151843287322,0.07649851145873848,,0.23076923076923073,0.0
160,160,refinement,0.5,4,0.291097623263201,0.07506237271141392,,0.3076923076923077,0.0
160,160,refinement,0.5,5,0.2861693044004726,0.08287779443416113,,0.2857142857142857,0.0
160,160,refinement,0.5,6,0.24689554940105327,0.11150446703608813,,0.2,0.0
160,160,refinement,0.5,7,0.2574315231882012,0.11086417781325493,,0.21428571428571427,0.0
160,160,refinement,0.8,0,0.2576779047136644,0.10158159198068174,,0.22222222222222224,0.0
160,160,refinement,0.8,1,0.2522627806441345,0.055089475371856274,,0.22222222222222224,0.0
160,160,refinement,0.8,2,0.2515871196494289,0.06565374244211887,,0.20689655172413796,0.0
160,160,refinement,0.8,3,0.23310851092770818,0.012854816141781503,,0.18181818181818182,0.0
160,160,refinement,0.8,4,0.23484721593080304,0.02375474207764064,,0.17647058823529413,0.0
160,160,refinement,0.8,5,0.2693838353631338,0.014009607102702692,,0.24,0.0
160,160,refinement,0.8,6,0.25413294516536056,0.015465297184927377,,0.2962962962962963,0.0
160,160,refinement,0.8,7,0.2457972333048663,0.03963828103038195,,0.16666666666666666,0.0
161,161,accumulation,N/A,0,0.3285302853064176,0.005242476482668095,,0.6782608695652174,0.0
161,161,accumulation,N/A,1,0.22430461789225103,0.013313747534392628,,0.6732673267326733,0.0
161,161,accumulation,N/A,2,0.3049700492658068,0.04351365309061434,,0.4678362573099416,0.0
161,161,accumulation,N/A,3,0.36364251232147055,0.0074080453752824035,,0.6614173228346456,0.0
161,161,accumulation,N/A,4,0.3545516582812275,0.0102364448988586,,0.5528455284552846,0.0
161,161,accumulation,N/A,5,0.35718770083800927,0.004574672040961326,,0.5531914893617021,0.0
161,161,accumulation,N/A,6,0.3462903197054877,0.007629814280730697,,0.4324324324324324,0.25
161,161,accumulation,N/A,7,0.3514512543449036,0.0080608661888132,,0.5785123966942148,0.0
161,161,refinement,0.5,0,0.3285302853064176,0.005242476482668095,,0.6782608695652174,0.0
161,161,refinement,0.5,1,0.3266567665054897,0.006001246326899533,,0.6542056074766356,0.0
161,161,refinement,0.5,2,0.33841337735960714,0.0039923155073287855,,0.6206896551724138,0.0
161,161,refinement,0.5,3,0.3248564122577225,0.00665520989186902,,0.6428571428571429,0.0
161,161,refinement,0.5,4,0.36694223697891715,0.004556222346562967,,0.6601941747572815,0.125
161,161,refinement,0.5,5,0.3721844285235155,0.005742242737282018,,0.7272727272727272,0.14285714285714285
161,161,refinement,0.5,6,0.32838462912647,0.006388642039879185,,0.6601941747572815,0.0
161,161,refinement,0.5,7,0.3735137754373135,0.004910478567894601,,0.7083333333333334,0.125
161,161,refinement,0.8,0,0.3285302853064176,0.005242476482668095,,0.6782608695652174,0.0
161,161,refinement,0.8,1,0.3593579680927827,0.013823942349727012,,0.4786324786324786,0.25
161,161,refinement,0.8,2,0.3404936869766606,0.004504023185577422,,0.4697986577181208,0.125
161,161,refinement,0.8,3,0.3097890158899357,0.01749308890975803,,0.43356643356643354,0.0
161,161,refinement,0.8,4,0.309590347289464,0.00785800867685135,,0.5794392523364486,0.0
161,161,refinement,0.8,5,0.32364596794117145,0.003555751317690759,,0.5405405405405405,0.0
161,161,refinement,0.8,6,0.3616475909521766,0.020457837465938093,,0.4657534246575342,0.14285714285714285
161,161,refinement,0.8,7,0.3239367235395506,0.02004347066669531,,0.5161290322580645,0.0
162,162,accumulation,N/A,0,0.5862889002716407,0.5054018155684614,,0.6666666666666666,0.0
162,162,accumulation,N/A,1,0.5510566862007356,0.7586777249701441,,0.4,0.0
162,162,accumulation,N/A,2,0.567078072289193,0.355447837862583,,0.6666666666666666,0.5
162,162,accumulation,N/A,3,0.5438501349533417,0.3914805745716645,,0.5,0.3333333333333333
162,162,accumulation,N/A,4,0.5396969897023038,0.3903194937131876,,0.5,0.3333333333333333
162,162,accumulation,N/A,5,0.6892738159387969,0.902652887827013,,0.6666666666666666,0.5
162,162,accumulation,N/A,6,0.6017787042077896,0.33096305963773415,,0.6666666666666666,0.5
162,162,accumulation,N/A,7,0.5166444791617971,0.0,,0.5,0.0
162,162,refinement,0.5,0,0.5862889002716407,0.5054018155684614,,0.6666666666666666,0.0
162,162,refinement,0.5,1,0.5849227204146208,0.5054018155684614,,0.6666666666666666,0.0
162,162,refinement,0.5,2,0.48487375390740317,0.5184708293042856,,0.5,0.0
162,162,refinement,0.5,3,0.482147411566042,0.4903254454553654,,0.5,0.0
162,162,refinement,0.5,4,0.5825834692306627,0.48996640205862546,,0.6666666666666666,0.0
162,162,refinement,0.5,5,0.5813950060053766,0.49168827733567444,,0.6666666666666666,0.0
162,162,refinement,0.5,6,0.5813346073305261,0.49168827733567444,,0.6666666666666666,0.0
162,162,refinement,0.5,7,0.5813135690767983,0.5031800622689006,,0.6666666666666666,0.0
162,162,refinement,0.8,0,0.5862889002716407,0.5054018155684614,,0.6666666666666666,0.0
162,162,refinement,0.8,1,0.513475282651726,0.562085710963179,,0.33333333333333337,0.3333333333333333
162,162,refinement,0.8,2,0.8152896705992608,0.5608090884427575,,1.0,1.0
162,162,refinement,0.8,3,0.8115644497315637,0.5611464077856032,,1.0,1.0
162,162,refinement,0.8,4,0.8099105297632541,0.5545210815108725,,1.0,1.0
162,162,refinement,0.8,5,0.8084152588066202,0.5352209753076009,,1.0,1.0
162,162,refinement,0.8,6,0.8091767732805628,0.551881368476536,,1.0,1.0
162,162,refinement,0.8,7,0.6078623533801386,0.5404403214289816,,0.6666666666666666,0.5
163,163,accumulation,N/A,0,0.5444153819974573,0.5469091903719913,,0.6666666666666666,0.0
163,163,accumulation,N/A,1,0.505684983093525,0.5508867396378127,,0.17391304347826084,0.5
163,163,accumulation,N/A,2,0.4208617106039491,0.5304784145470417,,0.16666666666666669,0.0
163,163,accumulation,N/A,3,0.39140503242184654,0.4733747799998794,,0.19999999999999998,0.0
163,163,accumulation,N/A,4,0.7561408360648183,0.6319562227943754,,1.0,1.0
163,163,accumulation,N/A,5,0.3992011211656288,0.4620336163093806,,0.5,0.0
163,163,accumulation,N/A,6,0.5577791768113516,0.5409732280225948,,0.6666666666666666,0.5
163,163,accumulation,N/A,7,0.40182602829649355,0.59239683693621,,0.33333333333333337,0.0
163,163,refinement,0.5,0,0.5444153819974573,0.5469091903719913,,0.6666666666666666,0.0
163,163,refinement,0.5,1,0.4193903408887586,0.5495396454582939,,0.3333333333333333,0.0
163,163,refinement,0.5,2,0.5442035390170924,0.5495396454582939,,0.6666666666666666,0.0
163,163,refinement,0.5,3,0.5442156004556858,0.5495396454582939,,0.6666666666666666,0.0
163,163,refinement,0.5,4,0.5448945609202881,0.5564843772415576,,0.6666666666666666,0.0
163,163,refinement,0.5,5,0.4449523714838557,0.5552640167651512,,0.5,0.0
163,163,refinement,0.5,6,0.4060616841178556,0.5622213295842539,,0.4,0.0
163,163,refinement,0.5,7,0.4308278525820666,0.5622213295842539,,0.4,0.0
163,163,refinement,0.8,0,0.5444153819974573,0.5469091903719913,,0.6666666666666666,0.0
163,163,refinement,0.8,1,0.5444813497998504,0.5337317549706931,,0.6666666666666666,0.0
163,163,refinement,0.8,2,0.4301308005953436,0.3826673230803057,,0.5,0.0
163,163,refinement,0.8,3,0.5310842001250868,0.38085732837579306,,0.6666666666666666,0.0
163,163,refinement,0.8,4,0.5306973792249269,0.3730917905293976,,0.6666666666666666,0.0
163,163,refinement,0.8,5,0.4289350227870117,0.37571451810482986,,0.5,0.0
163,163,refinement,0.8,6,0.5289104407963292,0.3537140053763289,,0.6666666666666666,0.0
163,163,refinement,0.8,7,0.5319370979822323,0.3764047393728225,,0.6666666666666666,0.0
164,164,accumulation,N/A,0,0.14828993842421956,0.0004980927716465685,,0.1935483870967742,0.0
164,164,accumulation,N/A,1,0.3457814361230652,0.055236413199563274,,0.45454545454545453,0.0
164,164,accumulation,N/A,2,0.37880629764781903,0.0,,0.6,0.25
164,164,accumulation,N/A,3,0.3209172834384515,0.010577315311685903,,0.5217391304347826,0.25
164,164,accumulation,N/A,4,0.2813259856249199,0.0,,0.6,0.0
164,164,accumulation,N/A,5,0.46750659177860815,0.04018776770276999,,0.631578947368421,0.3333333333333333
164,164,accumulation,N/A,6,0.20342319966502492,0.09413999444614736,,0.4210526315789474,0.0
164,164,accumulation,N/A,7,0.3716660732733196,0.07326360857467865,,0.47058823529411764,0.4
164,164,refinement,0.5,0,0.14828993842421956,0.0004980927716465685,,0.1935483870967742,0.0
164,164,refinement,0.5,1,0.14250852584118143,0.00041064450843968846,,0.16666666666666669,0.0
164,164,refinement,0.5,2,0.1548711199767637,0.0,,0.19999999999999998,0.0
164,164,refinement,0.5,3,0.1372927192540014,0.0,,0.18518518518518517,0.0
164,164,refinement,0.5,4,0.13766147834125675,0.009672450597279251,,0.1724137931034483,0.0
164,164,refinement,0.5,5,0.14150598131450165,0.0,,0.2173913043478261,0.0
164,164,refinement,0.5,6,0.19782663020587324,0.0,,0.21428571428571427,0.16666666666666666
164,164,refinement,0.5,7,0.18291726818157453,0.0,,0.1904761904761905,0.14285714285714285
164,164,refinement,0.8,0,0.14828993842421956,0.0004980927716465685,,0.1935483870967742,0.0
164,164,refinement,0.8,1,0.22447489049469288,0.002117847113300506,,0.27118644067796605,0.16666666666666666
164,164,refinement,0.8,2,0.1653925876502904,0.0,,0.23529411764705882,0.0
164,164,refinement,0.8,3,0.23476868001329435,0.006377118713745751,,0.30303030303030304,0.2
164,164,refinement,0.8,4,0.22465908856220226,0.0,,0.3076923076923077,0.16666666666666666
164,164,refinement,0.8,5,0.20289096467597525,0.0008450042694684282,,0.29411764705882354,0.0
164,164,refinement,0.8,6,0.22865468924015311,0.0,,0.4615384615384615,0.14285714285714285
164,164,refinement,0.8,7,0.2075057468806878,0.004325713753637528,,0.37499999999999994,0.0
165,165,accumulation,N/A,0,0.3321315877673572,0.08380104482101135,,0.4137931034482759,0.0
165,165,accumulation,N/A,1,0.3855476316491187,0.05093418542747825,,0.5945945945945946,0.2
165,165,accumulation,N/A,2,0.3817280633382192,0.05343106932876152,,0.5098039215686275,0.3333333333333333
165,165,accumulation,N/A,3,0.5209141755140636,0.15369770519030568,,0.689655172413793,0.2
165,165,accumulation,N/A,4,0.48674164534839093,0.10056034046432219,,0.6250000000000001,0.2
165,165,accumulation,N/A,5,0.3906463614804384,0.19019335052722236,,0.5333333333333333,0.0
165,165,accumulation,N/A,6,0.4545715994638858,0.1658853120248188,,0.4186046511627907,0.2
165,165,accumulation,N/A,7,0.3734366786405926,0.0893427121469371,,0.36734693877551017,0.0
165,165,refinement,0.5,0,0.3321315877673572,0.08380104482101135,,0.4137931034482759,0.0
165,165,refinement,0.5,1,0.31573870856453823,0.1281350946291059,,0.3703703703703704,0.0
165,165,refinement,0.5,2,0.3404734919946966,0.08531832164238395,,0.4444444444444445,0.16666666666666666
165,165,refinement,0.5,3,0.32070139146680116,0.13046306729267507,,0.41666666666666663,0.0
165,165,refinement,0.5,4,0.36022916913791647,0.0848282412618273,,0.4615384615384615,0.2
165,165,refinement,0.5,5,0.3525378967623525,0.08216206151778947,,0.39999999999999997,0.2
165,165,refinement,0.5,6,0.36091031444688315,0.105778210689914,,0.5,0.2
165,165,refinement,0.5,7,0.30909610947049354,0.12849782900620643,,0.35714285714285715,0.0
165,165,refinement,0.8,0,0.3321315877673572,0.08380104482101135,,0.4137931034482759,0.0
165,165,refinement,0.8,1,0.36331933645378744,0.016223498765837858,,0.4242424242424242,0.2
165,165,refinement,0.8,2,0.3671477829828598,0.0,,0.5,0.3333333333333333
165,165,refinement,0.8,3,0.35715334380428454,0.008782330694513266,,0.4571428571428571,0.2
165,165,refinement,0.8,4,0.3812044223269837,0.09489039090720984,,0.4666666666666667,0.2
165,165,refinement,0.8,5,0.3784838362233327,0.010181954547500422,,0.5517241379310344,0.2
165,165,refinement,0.8,6,0.3536024894251053,0.01014444173658982,,0.4571428571428571,0.2
165,165,refinement,0.8,7,0.33217966934465615,0.00012758398453693,,0.45161290322580644,0.2
166,166,accumulation,N/A,0,0.341555156817387,0.15302477303072232,,0.5,0.0
166,166,accumulation,N/A,1,0.3933636121306042,0.08674698587360305,,0.6666666666666666,0.3333333333333333
166,166,accumulation,N/A,2,0.4013664853597302,0.17509720340492144,,0.5,0.0
166,166,accumulation,N/A,3,0.44815706713192305,0.19372197810738837,,0.8,0.0
166,166,accumulation,N/A,4,0.28764003691344575,0.07984308886830449,,0.4444444444444445,0.0
166,166,accumulation,N/A,5,0.3510523309589904,0.22960096426109194,,0.25,0.0
166,166,accumulation,N/A,6,0.3224546396320026,0.4119075401913033,,0.22222222222222224,0.0
166,166,accumulation,N/A,7,0.25087087708065414,0.08855397824605521,,0.3076923076923077,0.0
166,166,refinement,0.5,0,0.341555156817387,0.15302477303072232,,0.5,0.0
166,166,refinement,0.5,1,0.4047374424956319,0.15653753699210005,,0.6666666666666666,0.0
166,166,refinement,0.5,2,0.4999369733915444,0.15848071265305477,,0.8,0.0
166,166,refinement,0.5,3,0.3651177493073109,0.16239530711027728,,0.5714285714285715,0.0
166,166,refinement,0.5,4,0.3654376183259632,0.16203754962720207,,0.5714285714285715,0.0
166,166,refinement,0.5,5,0.4050982606909697,0.16548465747964308,,0.6666666666666666,0.0
166,166,refinement,0.5,6,0.40518008501766933,0.1632702618391177,,0.6666666666666666,0.0
166,166,refinement,0.5,7,0.47985966617855136,0.16542899104347966,,0.6666666666666666,0.0
166,166,refinement,0.8,0,0.341555156817387,0.15302477303072232,,0.5,0.0
166,166,refinement,0.8,1,0.5014888317047121,0.16932537443044404,,0.8,0.0
166,166,refinement,0.8,2,0.4186863548540555,0.15843017462125947,,0.6666666666666666,0.0
166,166,refinement,0.8,3,0.44821006405897523,0.15914031731007977,,0.6666666666666666,0.3333333333333333
166,166,refinement,0.8,4,0.5195209479432832,0.160158676456061,,0.8,0.0
166,166,refinement,0.8,5,0.5077647311519009,0.162859304277582,,0.6666666666666666,0.0
166,166,refinement,0.8,6,0.5306287231270996,0.16022717784915397,,0.8,0.0
166,166,refinement,0.8,7,0.4338145960069325,0.14521438662221717,,0.6666666666666666,0.0
167,167,accumulation,N/A,0,0.25750521877103305,0.04939249402064711,,0.27956989247311825,0.16666666666666666
167,167,accumulation,N/A,1,0.3085080880209892,0.03129133620174185,,0.37931034482758624,0.2
167,167,accumulation,N/A,2,0.39034660220890494,0.026225710060107765,,0.7407407407407408,0.25
167,167,accumulation,N/A,3,0.3535774078798849,0.0,,0.43478260869565216,0.2857142857142857
167,167,accumulation,N/A,4,0.30092269370625757,0.08504262138960599,,0.6046511627906977,0.16666666666666666
167,167,accumulation,N/A,5,0.28639223388728446,0.046301681531365865,,0.4333333333333333,0.14285714285714285
167,167,accumulation,N/A,6,0.32409407665075335,0.002008665649991768,,0.5,0.16666666666666666
167,167,accumulation,N/A,7,0.2582934286143218,0.04242094755829182,,0.5,0.0
167,167,refinement,0.5,0,0.25750521877103305,0.04939249402064711,,0.27956989247311825,0.16666666666666666
167,167,refinement,0.5,1,0.2703648553746853,0.04940051916199861,,0.34285714285714286,0.2
167,167,refinement,0.5,2,0.2585270876941462,0.04016078525179683,,0.423076923076923,0.0
167,167,refinement,0.5,3,0.29775803960808583,0.03500923328695409,,0.5,0.2
167,167,refinement,0.5,4,0.27107346246856556,0.06032549785250129,,0.4705882352941177,0.0
167,167,refinement,0.5,5,0.2924438523122863,0.03705021159283651,,0.631578947368421,0.0
167,167,refinement,0.5,6,0.3230561314116678,0.04312987641106273,,0.65,0.0
167,167,refinement,0.5,7,0.31833593957479567,0.04929939354838607,,0.6341463414634146,0.0
167,167,refinement,0.8,0,0.25750521877103305,0.04939249402064711,,0.27956989247311825,0.16666666666666666
167,167,refinement,0.8,1,0.23349794270566615,0.027515611817649843,,0.36923076923076925,0.0
167,167,refinement,0.8,2,0.28813663944205875,0.037662687803712624,,0.4897959183673469,0.0
167,167,refinement,0.8,3,0.2580564263512456,0.03676893182381447,,0.5128205128205129,0.0
167,167,refinement,0.8,4,0.2567847445102561,0.03913519890435139,,0.4324324324324324,0.0
167,167,refinement,0.8,5,0.233684048696749,0.04522226458252244,,0.4117647058823529,0.0
167,167,refinement,0.8,6,0.2484980072364662,0.04565591518722888,,0.3181818181818182,0.0
167,167,refinement,0.8,7,0.19184205382452144,0.04563705994681182,,0.3181818181818182,0.0
