eval_idx,dataset_idx,method,noise_strength,n_povs,unified_score,mean_bbox_iou,mean_camera_similarity,detection_f1,count_accuracy
0,0,accumulation,N/A,0,0.3571954567915113,0.07489690298883026,,0.39999999999999997,0.2
0,0,accumulation,N/A,1,0.38023887291267067,0.09348504177241035,,0.2622950819672132,0.2
0,0,accumulation,N/A,2,0.31105873836822456,0.02701961630373303,,0.3636363636363636,0.16666666666666666
0,0,accumulation,N/A,3,0.37241649426124146,0.08768980754476467,,0.16842105263157894,0.0
0,0,accumulation,N/A,4,0.4538515875983199,0.18297415708085868,,0.19999999999999998,0.25
0,0,accumulation,N/A,5,0.36805559113107683,0.018753203155477176,,0.4736842105263158,0.0
0,0,accumulation,N/A,6,0.37514411542074555,0.16115648676236588,,0.27118644067796616,0.0
0,0,accumulation,N/A,7,0.31419298509716265,0.08497089605949412,,0.3636363636363636,0.0
0,0,refinement,0.5,0,0.3571954567915113,0.07489690298883026,,0.39999999999999997,0.2
0,0,refinement,0.5,1,0.4330418274091083,0.07442715673779764,,0.39999999999999997,0.5
0,0,refinement,0.5,2,0.36364999442094326,0.06835246580038624,,0.4545454545454546,0.0
0,0,refinement,0.5,3,0.4080660413849403,0.07321167734418363,,0.5,0.25
0,0,refinement,0.5,4,0.36641076077923357,0.07420482385830969,,0.4761904761904762,0.0
0,0,refinement,0.5,5,0.36046011055877014,0.07255719440691866,,0.43478260869565216,0.0
0,0,refinement,0.5,6,0.4082223213044025,0.0770519319056176,,0.4761904761904762,0.25
0,0,refinement,0.5,7,0.34905545583779773,0.07177706014961291,,0.3448275862068966,0.0
0,0,refinement,0.8,0,0.3571954567915113,0.07489690298883026,,0.39999999999999997,0.2
0,0,refinement,0.8,1,0.3371329159847626,0.049466827167077544,,0.30769230769230765,0.0
0,0,refinement,0.8,2,0.375639611588634,0.05192702298121163,,0.3243243243243243,0.25
0,0,refinement,0.8,3,0.38534043510257027,0.01460372276069431,,0.5,0.25
0,0,refinement,0.8,4,0.3925097632004102,0.05683475936951594,,0.4444444444444444,0.25
0,0,refinement,0.8,5,0.35652996524568176,0.06455725951585467,,0.41379310344827586,0.0
0,0,refinement,0.8,6,0.3792180924961416,0.00946040453669552,,0.37500000000000006,0.25
0,0,refinement,0.8,7,0.3690451125263251,0.0068307044808924786,,0.3902439024390244,0.25
1,1,accumulation,N/A,0,0.25646130281476065,0.0,,0.28571428571428575,0.0
1,1,accumulation,N/A,1,0.22046521247400283,0.17469908664261857,,0.11764705882352941,0.0
1,1,accumulation,N/A,2,0.24007628192439306,0.0,,0.125,0.0
1,1,accumulation,N/A,3,0.2739937832812065,0.00887227112437109,,0.25,0.0
1,1,accumulation,N/A,4,0.4098998173856062,0.04668904065003966,,0.5714285714285715,0.0
1,1,accumulation,N/A,5,0.36024616146981336,0.43338513134248746,,0.5714285714285715,0.0
1,1,accumulation,N/A,6,0.41520699137026373,0.31497943998433525,,0.3333333333333333,0.0
1,1,accumulation,N/A,7,0.6632344558581275,0.1104780374559405,,1.0,1.0
1,1,refinement,0.5,0,0.25646130281476065,0.0,,0.28571428571428575,0.0
1,1,refinement,0.5,1,0.2698827681899344,0.0,,0.13333333333333336,0.0
1,1,refinement,0.5,2,0.27521938482067526,0.0,,0.16666666666666669,0.0
1,1,refinement,0.5,3,0.2740331653708302,0.0,,0.1111111111111111,0.0
1,1,refinement,0.5,4,0.2413619661037339,0.0,,0.1111111111111111,0.0
1,1,refinement,0.5,5,0.33727555795288,0.0,,0.08695652173913042,0.5
1,1,refinement,0.5,6,0.24276436452902375,0.0,,0.11764705882352941,0.0
1,1,refinement,0.5,7,0.2878461723170338,0.0,,0.25,0.0
1,1,refinement,0.8,0,0.25646130281476065,0.0,,0.28571428571428575,0.0
1,1,refinement,0.8,1,0.2838149782126018,0.0,,0.22222222222222224,0.0
1,1,refinement,0.8,2,0.2547019485440385,0.0,,0.2,0.0
1,1,refinement,0.8,3,0.3566382195155752,0.0,,0.2,0.5
1,1,refinement,0.8,4,0.27459009117116134,0.0,,0.15384615384615385,0.0
1,1,refinement,0.8,5,0.42604233407371483,0.0,,0.6666666666666666,0.0
1,1,refinement,0.8,6,0.32626917914504805,0.0,,0.5,0.0
1,1,refinement,0.8,7,0.3261256585572252,0.0,,0.5,0.0
2,2,accumulation,N/A,0,0.20527333726173103,0.0,,0.3333333333333333,0.0
2,2,accumulation,N/A,1,0.2261484355469479,0.15916336210248033,,0.061538461538461535,0.0
2,2,accumulation,N/A,2,0.19289333066818815,0.018338507299101886,,0.0068376068376068385,0.0
2,2,accumulation,N/A,3,0.3172102700651195,0.06319754963353978,,0.4285714285714285,0.25
2,2,accumulation,N/A,4,0.300185949258186,0.2298785537947271,,0.36363636363636365,0.0
2,2,accumulation,N/A,5,0.2659446134948712,0.11693860317988157,,0.30769230769230765,0.0
2,2,accumulation,N/A,6,0.24097277401193146,0.025131422738234054,,0.36363636363636365,0.0
2,2,accumulation,N/A,7,0.33749654781771915,0.05573300260720801,,0.6153846153846153,0.2
2,2,refinement,0.5,0,0.20527333726173103,0.0,,0.3333333333333333,0.0
2,2,refinement,0.5,1,0.29654947057020264,0.2346724559734324,,0.36363636363636365,0.25
2,2,refinement,0.5,2,0.3102863236040593,0.2473751793709131,,0.4444444444444445,0.25
2,2,refinement,0.5,3,0.30901771949020296,0.23623858139197132,,0.4444444444444445,0.25
2,2,refinement,0.5,4,0.40404951418484863,0.2473751793709131,,0.5714285714285715,0.5
2,2,refinement,0.5,5,0.27681777477667147,0.0,,0.6666666666666665,0.0
2,2,refinement,0.5,6,0.2602831250922201,0.2553517421834346,,0.26666666666666666,0.0
2,2,refinement,0.5,7,0.2564806853085541,0.23920368303022635,,0.3333333333333333,0.0
2,2,refinement,0.8,0,0.20527333726173103,0.0,,0.3333333333333333,0.0
2,2,refinement,0.8,1,0.34149707747056496,0.23890060586765555,,0.5,0.3333333333333333
2,2,refinement,0.8,2,0.33718222472181036,0.2719748107323257,,0.4444444444444445,0.3333333333333333
2,2,refinement,0.8,3,0.408357756905805,0.2701610008526918,,0.5714285714285715,0.5
2,2,refinement,0.8,4,0.423921812481599,0.35608492963855887,,0.5714285714285715,0.5
2,2,refinement,0.8,5,0.4227475178448995,0.319838019048734,,0.5714285714285715,0.5
2,2,refinement,0.8,6,0.2849769009969678,0.3218703477403303,,0.23529411764705882,0.0
2,2,refinement,0.8,7,0.30107876868353695,0.22481440155061305,,0.46153846153846156,0.0
3,3,accumulation,N/A,0,0.28939784445798394,2.0017738525841015e-05,,0.25,0.0
3,3,accumulation,N/A,1,0.29201306024093876,0.007546301628913825,,0.43902439024390244,0.25
3,3,accumulation,N/A,2,0.26635943987144856,0.007355706906283469,,0.3137254901960784,0.2
3,3,accumulation,N/A,3,0.28938113728916903,0.016767003274683178,,0.46511627906976755,0.0
3,3,accumulation,N/A,4,0.21865095279446886,0.0,,0.11764705882352941,0.0
3,3,accumulation,N/A,5,0.23622246584522744,1.2041343424519029e-05,,0.19672131147540986,0.0
3,3,accumulation,N/A,6,0.4326480471853493,0.007220768177583877,,0.5714285714285714,0.5
3,3,accumulation,N/A,7,0.2725995151517054,0.007713912827823065,,0.5333333333333333,0.0
3,3,refinement,0.5,0,0.28939784445798394,2.0017738525841015e-05,,0.25,0.0
3,3,refinement,0.5,1,0.3157895784561021,0.0,,0.3,0.0
3,3,refinement,0.5,2,0.2510132532462651,0.0,,0.125,0.0
3,3,refinement,0.5,3,0.31504584957284215,0.0,,0.23529411764705882,0.5
3,3,refinement,0.5,4,0.22500671500416852,0.0,,0.11764705882352941,0.0
3,3,refinement,0.5,5,0.25120642391174,0.0,,0.125,0.0
3,3,refinement,0.5,6,0.25105025288330113,0.0,,0.125,0.0
3,3,refinement,0.5,7,0.2511915747855485,0.0,,0.125,0.0
3,3,refinement,0.8,0,0.28939784445798394,2.0017738525841015e-05,,0.25,0.0
3,3,refinement,0.8,1,0.24923771411585827,0.0,,0.125,0.0
3,3,refinement,0.8,2,0.2497883652498321,0.0,,0.125,0.0
3,3,refinement,0.8,3,0.25092681306058146,0.0,,0.125,0.0
3,3,refinement,0.8,4,0.30706937117352806,0.0,,0.2,0.3333333333333333
3,3,refinement,0.8,5,0.2506446541443514,0.0,,0.125,0.0
3,3,refinement,0.8,6,0.308483704712756,0.0,,0.23529411764705882,0.0
3,3,refinement,0.8,7,0.3172584135537371,0.0,,0.23529411764705882,0.0
4,4,accumulation,N/A,0,0.33657369849032626,0.1179912719619624,,0.18181818181818182,0.0
4,4,accumulation,N/A,1,0.27097775708458516,0.06255179833451122,,0.23529411764705882,0.0
4,4,accumulation,N/A,2,0.3850676777354324,0.23062538184489403,,0.16666666666666669,0.5
4,4,accumulation,N/A,3,0.26760307317497356,0.21954660373239182,,0.15384615384615383,0.0
4,4,accumulation,N/A,4,0.37837153241796573,0.03771262469689589,,0.7058823529411764,0.0
4,4,accumulation,N/A,5,0.2849491200945632,0.061496768813841945,,0.16666666666666666,0.25
4,4,accumulation,N/A,6,0.2423824349274099,0.0,,0.4255319148936171,0.0
4,4,accumulation,N/A,7,0.4125644948737174,0.13668938290803834,,0.28571428571428575,0.0
4,4,refinement,0.5,0,0.33657369849032626,0.1179912719619624,,0.18181818181818182,0.0
4,4,refinement,0.5,1,0.3360290806378765,0.11488764178750557,,0.18181818181818182,0.0
4,4,refinement,0.5,2,0.3095340764634771,0.11737858953616133,,0.16666666666666669,0.0
4,4,refinement,0.5,3,0.3372522109611663,0.11660889781451443,,0.18181818181818182,0.0
4,4,refinement,0.5,4,0.3370403716103707,0.11644083203642985,,0.18181818181818182,0.0
4,4,refinement,0.5,5,0.30840391692019403,0.11962753627477073,,0.15384615384615383,0.0
4,4,refinement,0.5,6,0.38807661829273227,0.061410061378961135,,0.33333333333333337,0.0
4,4,refinement,0.5,7,0.310379344764432,0.11962753627477073,,0.16666666666666669,0.0
4,4,refinement,0.8,0,0.33657369849032626,0.1179912719619624,,0.18181818181818182,0.0
4,4,refinement,0.8,1,0.33460838990489716,0.12062223733423987,,0.18181818181818182,0.0
4,4,refinement,0.8,2,0.3390783379563055,0.43197790966340777,,0.16666666666666669,0.0
4,4,refinement,0.8,3,0.3354889088388364,0.10944925119395225,,0.18181818181818182,0.0
4,4,refinement,0.8,4,0.306784700861719,0.10963053598173444,,0.16666666666666669,0.0
4,4,refinement,0.8,5,0.33239047024999313,0.10069780310711368,,0.18181818181818182,0.0
4,4,refinement,0.8,6,0.33174270118352167,0.09571189022238179,,0.18181818181818182,0.0
4,4,refinement,0.8,7,0.3369101927806919,0.09557317945639487,,0.18181818181818182,0.0
5,5,accumulation,N/A,0,0.42157950993173243,0.0358909574650671,,0.5070422535211268,0.125
5,5,accumulation,N/A,1,0.38793185137321495,0.00726570365185516,,0.5747126436781609,0.125
5,5,accumulation,N/A,2,0.4646504353703792,0.03838030155048697,,0.675,0.375
5,5,accumulation,N/A,3,0.4496263655285457,0.02765523303544916,,0.5178571428571428,0.375
5,5,accumulation,N/A,4,0.43544836649635793,0.09023799610311121,,0.5039370078740157,0.125
5,5,accumulation,N/A,5,0.38237831046516024,0.06451186308663405,,0.35365853658536583,0.0
5,5,accumulation,N/A,6,0.3580635557493805,0.041686753670850736,,0.36601307189542476,0.125
5,5,accumulation,N/A,7,0.3581919827758613,0.008753149010572035,,0.5684210526315789,0.0
5,5,refinement,0.5,0,0.42157950993173243,0.0358909574650671,,0.5070422535211268,0.125
5,5,refinement,0.5,1,0.4201290053290439,0.03497538897723426,,0.4918032786885246,0.125
5,5,refinement,0.5,2,0.4144316311114292,0.036924716850819016,,0.48484848484848486,0.125
5,5,refinement,0.5,3,0.43012930687871553,0.042491308006456466,,0.45161290322580644,0.25
5,5,refinement,0.5,4,0.4109710471081909,0.03715741051227055,,0.463768115942029,0.125
5,5,refinement,0.5,5,0.41092887249604554,0.033542693829592386,,0.5142857142857142,0.125
5,5,refinement,0.5,6,0.4157844635062878,0.03365365527561074,,0.5373134328358209,0.125
5,5,refinement,0.5,7,0.4227891050110335,0.03593817459928212,,0.4931506849315069,0.25
5,5,refinement,0.8,0,0.42157950993173243,0.0358909574650671,,0.5070422535211268,0.125
5,5,refinement,0.8,1,0.4021038174159031,0.024198722174589956,,0.5,0.0
5,5,refinement,0.8,2,0.39431710688584515,0.04109619489324778,,0.38571428571428573,0.125
5,5,refinement,0.8,3,0.3369736811300983,0.04255846389913924,,0.41904761904761906,0.0
5,5,refinement,0.8,4,0.3712210873216042,0.04638872175791641,,0.5,0.0
5,5,refinement,0.8,5,0.34509183436085933,0.043527778695987,,0.5057471264367817,0.0
5,5,refinement,0.8,6,0.3944396552597077,0.02378381988900916,,0.47619047619047616,0.125
5,5,refinement,0.8,7,0.44131874974289353,0.039271321893716106,,0.5252525252525252,0.375
6,6,accumulation,N/A,0,0.3494103973893887,0.15356057547562524,,0.4,0.0
6,6,accumulation,N/A,1,0.2847142428010448,0.15062684921746428,,0.28571428571428575,0.0
6,6,accumulation,N/A,2,0.6449582686447547,0.01744084291626634,,1.0,1.0
6,6,accumulation,N/A,3,0.39331455254360703,0.09292206201248032,,0.5714285714285715,0.5
6,6,accumulation,N/A,4,0.45285382864476054,0.2808136618038959,,0.5,0.0
6,6,accumulation,N/A,5,0.2832015572751776,0.0960757238543094,,0.30769230769230765,0.16666666666666666
6,6,accumulation,N/A,6,0.4601937432747378,0.3476148078550659,,0.5,0.0
6,6,accumulation,N/A,7,0.46461324847722263,0.30755510827717436,,0.5,0.0
6,6,refinement,0.5,0,0.3494103973893887,0.15356057547562524,,0.4,0.0
6,6,refinement,0.5,1,0.4410018525380949,0.1699269468326671,,0.5,0.0
6,6,refinement,0.5,2,0.3142684754568955,0.15356057547562524,,0.3333333333333333,0.0
6,6,refinement,0.5,3,0.28696897474296607,0.1699269468326671,,0.2222222222222222,0.0
6,6,refinement,0.5,4,0.31447631724014957,0.15356057547562524,,0.3333333333333333,0.0
6,6,refinement,0.5,5,0.44118417765413687,0.1699269468326671,,0.5,0.0
6,6,refinement,0.5,6,0.3324320964639051,0.15328521310461418,,0.28571428571428575,0.0
6,6,refinement,0.5,7,0.31026680717701305,0.1692540385258675,,0.28571428571428575,0.0
6,6,refinement,0.8,0,0.3494103973893887,0.15356057547562524,,0.4,0.0
6,6,refinement,0.8,1,0.4406932695562009,0.16793908198565866,,0.5,0.0
6,6,refinement,0.8,2,0.40969024601316123,0.16595121713865024,,0.28571428571428575,0.5
6,6,refinement,0.8,3,0.3512528850086505,0.1622981141605088,,0.4,0.0
6,6,refinement,0.8,4,0.3413206211552581,0.16461782827969795,,0.3333333333333333,0.0
6,6,refinement,0.8,5,0.31979997052680287,0.08031311453308061,,0.5714285714285715,0.0
6,6,refinement,0.8,6,0.3141085189346656,0.17783656560778893,,0.28571428571428575,0.0
6,6,refinement,0.8,7,0.31398397804404354,0.1796270475865277,,0.28571428571428575,0.0
7,7,accumulation,N/A,0,0.2104692994066531,5.282948519641354e-06,,0.10344827586206898,0.14285714285714285
7,7,accumulation,N/A,1,0.3124263700368051,0.032415064268670954,,0.1992337164750958,0.0
7,7,accumulation,N/A,2,0.254888699916062,0.006813636206361274,,0.20689655172413793,0.125
7,7,accumulation,N/A,3,0.2802219746667769,0.011760655146677236,,0.18181818181818182,0.0
7,7,accumulation,N/A,4,0.2629287739790547,0.017490483282821687,,0.24444444444444446,0.0
7,7,accumulation,N/A,5,0.283154277789404,0.0008209433656551369,,0.3150684931506849,0.0
7,7,accumulation,N/A,6,0.30197415731279015,0.014688781780582146,,0.21052631578947367,0.0
7,7,accumulation,N/A,7,0.26122858648951686,0.0017676987055068687,,0.19047619047619047,0.125
7,7,refinement,0.5,0,0.2104692994066531,5.282948519641354e-06,,0.10344827586206898,0.14285714285714285
7,7,refinement,0.5,1,0.23999681969916925,3.1697691117848124e-06,,0.17857142857142858,0.0
7,7,refinement,0.5,2,0.24780792594475703,2.2730522371068885e-06,,0.20437956204379562,0.0
7,7,refinement,0.5,3,0.24535678574141087,0.013222051224958793,,0.16541353383458646,0.0
7,7,refinement,0.5,4,0.247480554575834,0.014372934400743671,,0.16058394160583941,0.0
7,7,refinement,0.5,5,0.23170870076331035,0.015830079178083187,,0.15503875968992248,0.0
7,7,refinement,0.5,6,0.24342485156707216,0.014180214242572752,,0.16993464052287582,0.0
7,7,refinement,0.5,7,0.27533997755171136,0.020868326552105663,,0.13664596273291926,0.14285714285714285
7,7,refinement,0.8,0,0.2104692994066531,5.282948519641354e-06,,0.10344827586206898,0.14285714285714285
7,7,refinement,0.8,1,0.261233069876962,0.01274078415880265,,0.1732283464566929,0.0
7,7,refinement,0.8,2,0.263667230133504,0.0030438279716349316,,0.09999999999999999,0.0
7,7,refinement,0.8,3,0.2910095096438222,0.0033209340923193893,,0.19689119170984457,0.14285714285714285
7,7,refinement,0.8,4,0.3040092449473261,0.0029432135514029126,,0.23021582733812948,0.2857142857142857
7,7,refinement,0.8,5,0.2727069463477432,0.0011845376775356435,,0.2602739726027397,0.0
7,7,refinement,0.8,6,0.32440798954042005,0.007702136536039505,,0.3178807947019868,0.14285714285714285
7,7,refinement,0.8,7,0.2764069844146986,0.0,,0.27210884353741494,0.0
8,8,accumulation,N/A,0,0.28196521730333407,0.013455023284862694,,0.21739130434782608,0.16666666666666666
8,8,accumulation,N/A,1,0.30715979185464715,0.04250687958399237,,0.13333333333333333,0.0
8,8,accumulation,N/A,2,0.3590732513734397,0.02945394670306433,,0.32098765432098764,0.16666666666666666
8,8,accumulation,N/A,3,0.32340972030287307,0.021799512666890175,,0.1679389312977099,0.0
8,8,accumulation,N/A,4,0.3412557737715368,0.03271051620188382,,0.16901408450704225,0.0
8,8,accumulation,N/A,5,0.3343761602374268,0.06990247443881578,,0.27272727272727276,0.0
8,8,accumulation,N/A,6,0.26732588481232655,0.02809535433832916,,0.3050847457627119,0.0
8,8,accumulation,N/A,7,0.29342538196540824,0.002318254456526297,,0.20408163265306123,0.0
8,8,refinement,0.5,0,0.28196521730333407,0.013455023284862694,,0.21739130434782608,0.16666666666666666
8,8,refinement,0.5,1,0.31202992708044747,0.009342211108555706,,0.2545454545454546,0.16666666666666666
8,8,refinement,0.5,2,0.28294316635906747,0.013164107391244406,,0.1724137931034483,0.0
8,8,refinement,0.5,3,0.3027995504453535,0.011042966305974594,,0.19607843137254904,0.16666666666666666
8,8,refinement,0.5,4,0.30660700362144133,0.012466478826217169,,0.22222222222222224,0.16666666666666666
8,8,refinement,0.5,5,0.2587435946796346,0.012614374337671017,,0.23255813953488372,0.0
8,8,refinement,0.5,6,0.3257499494728341,0.008691826024665365,,0.3333333333333333,0.16666666666666666
8,8,refinement,0.5,7,0.28844117646503853,0.011941124304880847,,0.2631578947368421,0.16666666666666666
8,8,refinement,0.8,0,0.28196521730333407,0.013455023284862694,,0.21739130434782608,0.16666666666666666
8,8,refinement,0.8,1,0.2611962693527777,0.0104263633046393,,0.1935483870967742,0.0
8,8,refinement,0.8,2,0.30928588182614436,0.012558961906294575,,0.17721518987341772,0.2857142857142857
8,8,refinement,0.8,3,0.3506514182842878,0.04288882964638494,,0.20168067226890754,0.14285714285714285
8,8,refinement,0.8,4,0.32327816438157875,0.006425617073905341,,0.20952380952380958,0.3333333333333333
8,8,refinement,0.8,5,0.3469489008468798,0.04154365798528765,,0.23300970873786406,0.3333333333333333
8,8,refinement,0.8,6,0.31250244993083875,0.004572590705111014,,0.23076923076923078,0.0
8,8,refinement,0.8,7,0.3126934023139285,0.00963236007078396,,0.22448979591836737,0.16666666666666666
9,9,accumulation,N/A,0,0.3899636728075927,0.20370972112357122,,0.6666666666666666,0.0
9,9,accumulation,N/A,1,0.3785631541102954,0.10730640860140117,,0.6666666666666666,0.0
9,9,accumulation,N/A,2,0.4407088878338383,0.2639342656795738,,0.5,0.0
9,9,accumulation,N/A,3,0.3936460935037241,0.2860561527758587,,0.4444444444444445,0.0
9,9,accumulation,N/A,4,0.6854982761113892,0.07344120638742296,,1.0,1.0
9,9,accumulation,N/A,5,0.3724396283026344,0.15115122274182036,,0.4444444444444445,0.0
9,9,accumulation,N/A,6,0.31439413721696774,0.21646099723804896,,0.4444444444444445,0.0
9,9,accumulation,N/A,7,0.5300745917371023,0.3591995632940002,,0.8,0.5
9,9,refinement,0.5,0,0.3899636728075927,0.20370972112357122,,0.6666666666666666,0.0
9,9,refinement,0.5,1,0.344616910772646,0.11071941167344314,,0.4444444444444445,0.0
9,9,refinement,0.5,2,0.342448592968989,0.0772033488422927,,0.4444444444444445,0.0
9,9,refinement,0.5,3,0.3304747781769175,0.11688673581142422,,0.33333333333333337,0.0
9,9,refinement,0.5,4,0.3128317550824346,0.07292615500061443,,0.4,0.0
9,9,refinement,0.5,5,0.3752388091194995,0.0880479664054241,,0.6666666666666666,0.0
9,9,refinement,0.5,6,0.3773658114421787,0.12208990288487954,,0.6666666666666666,0.0
9,9,refinement,0.5,7,0.29431481545694926,0.08007090179929212,,0.4,0.0
9,9,refinement,0.8,0,0.3899636728075927,0.20370972112357122,,0.6666666666666666,0.0
9,9,refinement,0.8,1,0.47386625831071705,0.15287694662311627,,0.8,0.0
9,9,refinement,0.8,2,0.28592054322796845,0.23201277403533804,,0.14285714285714288,0.0
9,9,refinement,0.8,3,0.293348118011765,0.10779433297280376,,0.3636363636363636,0.0
9,9,refinement,0.8,4,0.29266801029987044,0.11396684829100351,,0.3636363636363636,0.0
9,9,refinement,0.8,5,0.3824882862742316,0.24074318521038945,,0.4,0.3333333333333333
9,9,refinement,0.8,6,0.44547944343983736,0.13456046017818157,,0.5,0.0
9,9,refinement,0.8,7,0.39353082162600134,0.23683776458719075,,0.5714285714285715,0.0
10,10,accumulation,N/A,0,0.33659911786604685,0.4323318950017974,,0.22222222222222224,0.0
10,10,accumulation,N/A,1,0.3895555593017175,0.27232256021813844,,0.5,0.0
10,10,accumulation,N/A,2,0.38752959014689337,0.5043678538104986,,0.4,0.0
10,10,accumulation,N/A,3,0.29560702853459314,0.1559781186071037,,0.25,0.25
10,10,accumulation,N/A,4,0.4323164484521216,0.3955036461374143,,0.3333333333333333,0.3333333333333333
10,10,accumulation,N/A,5,0.30748222850659684,0.23506829570090193,,0.4,0.0
10,10,accumulation,N/A,6,0.2171364673693142,0.0,,0.0,0.0
10,10,accumulation,N/A,7,0.583844304029584,0.10676921977960964,,0.5,1.0
10,10,refinement,0.5,0,0.33659911786604685,0.4323318950017974,,0.22222222222222224,0.0
10,10,refinement,0.5,1,0.47511351001258295,0.4274394375130637,,0.4,0.5
10,10,refinement,0.5,2,0.6401365273440688,0.4255481125683158,,0.5,1.0
10,10,refinement,0.5,3,0.4635901161117282,0.40607148515223446,,0.3333333333333333,0.5
10,10,refinement,0.5,4,0.45271332233773126,0.4332990613015917,,0.25,0.0
10,10,refinement,0.5,5,0.635797726405869,0.38384819707334006,,0.5,1.0
10,10,refinement,0.5,6,0.47088705063923036,0.3846993017231701,,0.4,0.5
10,10,refinement,0.5,7,0.4728503075167395,0.41347177877688696,,0.4,0.5
10,10,refinement,0.8,0,0.33659911786604685,0.4323318950017974,,0.22222222222222224,0.0
10,10,refinement,0.8,1,0.6376072400389736,0.4089646229584642,,0.5,1.0
10,10,refinement,0.8,2,0.6399875146574683,0.4069738662303514,,0.5,1.0
10,10,refinement,0.8,3,0.45575942717633827,0.3749910605929262,,0.28571428571428575,0.5
10,10,refinement,0.8,4,0.6384948684199897,0.37053658695510566,,0.5,1.0
10,10,refinement,0.8,5,0.4753431374464193,0.3780745507146375,,0.4,0.5
10,10,refinement,0.8,6,0.48186973057267724,0.42531226956080403,,0.4,0.5
10,10,refinement,0.8,7,0.6475363054229563,0.42052493472016506,,0.5,1.0
11,11,accumulation,N/A,0,0.282173357782484,0.02713496847461857,,0.48275862068965514,0.125
11,11,accumulation,N/A,1,0.3834079799824842,0.0018788846045177435,,0.5081967213114754,0.0
11,11,accumulation,N/A,2,0.34161663975259215,0.0077184449782394275,,0.4318181818181818,0.0
11,11,accumulation,N/A,3,0.37777877519019126,0.018115665820042842,,0.5920000000000001,0.0
11,11,accumulation,N/A,4,0.3763713510725447,0.0018294609815484783,,0.5245901639344263,0.0
11,11,accumulation,N/A,5,0.2993596515083088,0.017921940783507055,,0.3050847457627119,0.0
11,11,accumulation,N/A,6,0.33901888439780187,4.863255259424042e-05,,0.4233576642335766,0.0
11,11,accumulation,N/A,7,0.39527364706338386,0.00232701651798989,,0.4892086330935252,0.0
11,11,refinement,0.5,0,0.282173357782484,0.02713496847461857,,0.48275862068965514,0.125
11,11,refinement,0.5,1,0.29873617698178473,0.057307144500167134,,0.5084745762711864,0.14285714285714285
11,11,refinement,0.5,2,0.2513951855683026,0.035643045852019224,,0.53125,0.0
11,11,refinement,0.5,3,0.2393923423234091,0.057969199841172304,,0.49275362318840576,0.0
11,11,refinement,0.5,4,0.2322542535756561,0.0370505976312767,,0.4594594594594595,0.0
11,11,refinement,0.5,5,0.2907020124252463,0.02166585787753665,,0.5373134328358208,0.0
11,11,refinement,0.5,6,0.31029650014134424,0.021781151624907725,,0.5066666666666666,0.0
11,11,refinement,0.5,7,0.3078221248594883,0.023659067569512072,,0.48717948717948717,0.0
11,11,refinement,0.8,0,0.282173357782484,0.02713496847461857,,0.48275862068965514,0.125
11,11,refinement,0.8,1,0.30502086375509785,0.015100706158289682,,0.5384615384615385,0.0
11,11,refinement,0.8,2,0.30354267356347414,0.02379713613410345,,0.525,0.125
11,11,refinement,0.8,3,0.2771456860006746,0.011557118207746766,,0.46511627906976744,0.0
11,11,refinement,0.8,4,0.28200780275755066,0.021287629947400494,,0.44155844155844154,0.0
11,11,refinement,0.8,5,0.28385854922599496,0.013512750682258637,,0.5633802816901409,0.0
11,11,refinement,0.8,6,0.2693831193630889,0.009839335213524189,,0.48101265822784817,0.0
11,11,refinement,0.8,7,0.2980367731478698,0.02135714234376525,,0.46153846153846156,0.0
12,12,accumulation,N/A,0,0.2982085606285883,0.013688812824675154,,0.5614035087719298,0.14285714285714285
12,12,accumulation,N/A,1,0.27461709004174323,0.00856138799716886,,0.4516129032258065,0.0
12,12,accumulation,N/A,2,0.3582618922910902,0.004803408207106264,,0.5773195876288659,0.0
12,12,accumulation,N/A,3,0.30999564865016893,0.0013284916818813999,,0.5309734513274337,0.125
12,12,accumulation,N/A,4,0.2945066464654956,0.009084982876182071,,0.4689655172413793,0.0
12,12,accumulation,N/A,5,0.27173849508379566,0.0006259937649291298,,0.49645390070921985,0.0
12,12,accumulation,N/A,6,0.35688473589280606,0.0018504613340046307,,0.6336633663366337,0.125
12,12,accumulation,N/A,7,0.3276112606222161,0.0,,0.5636363636363637,0.0
12,12,refinement,0.5,0,0.2982085606285883,0.013688812824675154,,0.5614035087719298,0.14285714285714285
12,12,refinement,0.5,1,0.3128328911428615,0.009164232693497962,,0.509090909090909,0.16666666666666666
12,12,refinement,0.5,2,0.35542932682709377,0.006829614574167817,,0.6896551724137931,0.3333333333333333
12,12,refinement,0.5,3,0.35625863061283264,0.010360002663962432,,0.6301369863013699,0.0
12,12,refinement,0.5,4,0.36683160994003,0.005074886663371078,,0.7058823529411765,0.14285714285714285
12,12,refinement,0.5,5,0.3454427851036178,0.004413470350144111,,0.6756756756756757,0.0
12,12,refinement,0.5,6,0.37330228343649496,0.006568907582223813,,0.6388888888888888,0.2857142857142857
12,12,refinement,0.5,7,0.41816073152833233,0.0070628265725564895,,0.7058823529411765,0.3333333333333333
12,12,refinement,0.8,0,0.2982085606285883,0.013688812824675154,,0.5614035087719298,0.14285714285714285
12,12,refinement,0.8,1,0.3231826053843068,0.0073556714009605706,,0.6410256410256411,0.0
12,12,refinement,0.8,2,0.3404045714376639,0.005214418653598242,,0.627906976744186,0.14285714285714285
12,12,refinement,0.8,3,0.3093828348768073,0.007680841816831056,,0.5416666666666666,0.0
12,12,refinement,0.8,4,0.3142695572482963,0.004144543366892429,,0.6206896551724139,0.0
12,12,refinement,0.8,5,0.37665222362070716,0.00356322028229326,,0.7407407407407408,0.14285714285714285
12,12,refinement,0.8,6,0.3165462558178487,0.0029979774740751808,,0.6749999999999999,0.0
12,12,refinement,0.8,7,0.29828660473894514,0.00011173586639452101,,0.5376344086021505,0.0
13,13,accumulation,N/A,0,0.43066606955764164,0.08624818452324504,,0.4,0.0
13,13,accumulation,N/A,1,0.3966435094734687,0.3258910433824813,,0.5714285714285715,0.0
13,13,accumulation,N/A,2,0.2244883757944715,0.0011631230250628924,,0.1142857142857143,0.0
13,13,accumulation,N/A,3,0.48312350308295315,0.11612620282227894,,0.8,0.5
13,13,accumulation,N/A,4,0.2446436330363213,0.1551000654133178,,0.0851063829787234,0.0
13,13,accumulation,N/A,5,0.4837559099378569,0.09077934812236903,,0.8,0.5
13,13,accumulation,N/A,6,0.6235186038647043,0.033208542224179835,,1.0,1.0
13,13,accumulation,N/A,7,0.29406755981373994,0.2191333781435701,,0.25,0.0
13,13,refinement,0.5,0,0.43066606955764164,0.08624818452324504,,0.4,0.0
13,13,refinement,0.5,1,0.43073747756266073,0.08922225985163272,,0.4,0.0
13,13,refinement,0.5,2,0.4300249903896873,0.0823590090938148,,0.4,0.0
13,13,refinement,0.5,3,0.4298678470773074,0.0823590090938148,,0.4,0.0
13,13,refinement,0.5,4,0.42998179391283603,0.08579063447272377,,0.4,0.0
13,13,refinement,0.5,5,0.31273928250839333,0.0886503222884813,,0.28571428571428575,0.0
13,13,refinement,0.5,6,0.34499797665302606,0.08510430939694205,,0.3333333333333333,0.0
13,13,refinement,0.5,7,0.3456490543116659,0.0886503222884813,,0.3333333333333333,0.0
13,13,refinement,0.8,0,0.43066606955764164,0.08624818452324504,,0.4,0.0
13,13,refinement,0.8,1,0.4344129758865987,0.1750128943243565,,0.4,0.0
13,13,refinement,0.8,2,0.43694379671585826,0.19012013944763828,,0.4,0.0
13,13,refinement,0.8,3,0.4346236395283824,0.1793596198043078,,0.4,0.0
13,13,refinement,0.8,4,0.4158249165127102,0.3139607858997135,,0.3333333333333333,0.0
13,13,refinement,0.8,5,0.41401587803443096,0.3241731417282625,,0.3333333333333333,0.0
13,13,refinement,0.8,6,0.4962531995477243,0.3107982929489089,,0.4,0.0
13,13,refinement,0.8,7,0.40290567934681576,0.30689902696524657,,0.28571428571428575,0.0
14,14,accumulation,N/A,0,0.33171567728979756,0.08876809816937864,,0.1276595744680851,0.0
14,14,accumulation,N/A,1,0.3620518462818367,0.15352541891622815,,0.18181818181818182,0.0
14,14,accumulation,N/A,2,0.3323572123394371,0.06791153509183384,,0.25,0.0
14,14,accumulation,N/A,3,0.32685675923143565,0.042059802733240045,,0.30303030303030304,0.2
14,14,accumulation,N/A,4,0.33218649220187474,0.11461912826321077,,0.3333333333333333,0.0
14,14,accumulation,N/A,5,0.33258203818771936,0.047681685931041884,,0.27586206896551724,0.0
14,14,accumulation,N/A,6,0.3242741745597586,0.0649903878611873,,0.25,0.0
14,14,accumulation,N/A,7,0.353955521544484,0.04690785332306937,,0.5,0.0
14,14,refinement,0.5,0,0.33171567728979756,0.08876809816937864,,0.1276595744680851,0.0
14,14,refinement,0.5,1,0.30367642726754135,0.08876809816937864,,0.15384615384615383,0.0
14,14,refinement,0.5,2,0.32367639579437607,0.1550599929273053,,0.09090909090909091,0.0
14,14,refinement,0.5,3,0.34701302912287135,0.14630685456066786,,0.11764705882352941,0.0
14,14,refinement,0.5,4,0.4430997094759717,0.15905514409541485,,0.1,0.3333333333333333
14,14,refinement,0.5,5,0.3623248008481019,0.28987446076975976,,0.058823529411764705,0.0
14,14,refinement,0.5,6,0.3640975647672716,0.2886545594164943,,0.07142857142857142,0.0
14,14,refinement,0.5,7,0.36454981567729744,0.2886545594164943,,0.07407407407407408,0.0
14,14,refinement,0.8,0,0.33171567728979756,0.08876809816937864,,0.1276595744680851,0.0
14,14,refinement,0.8,1,0.3875859198567271,0.3144896951894141,,0.046511627906976744,0.0
14,14,refinement,0.8,2,0.38247008469422183,0.2760154623520401,,0.037037037037037035,0.0
14,14,refinement,0.8,3,0.38262843628939847,0.27993261940141656,,0.03571428571428571,0.0
14,14,refinement,0.8,4,0.3453375429573888,0.1623829056974092,,0.05882352941176471,0.0
14,14,refinement,0.8,5,0.46395801473454473,0.13581646085763915,,0.1111111111111111,0.3333333333333333
14,14,refinement,0.8,6,0.3697013915866437,0.3320658197834788,,0.1111111111111111,0.0
14,14,refinement,0.8,7,0.3788956243226505,0.32912068665954364,,0.025,0.0
15,15,accumulation,N/A,0,0.2849311228572474,0.0160490243144513,,0.12727272727272726,0.2
15,15,accumulation,N/A,1,0.3006569899646846,0.0,,0.29850746268656714,0.0
15,15,accumulation,N/A,2,0.41987433989835343,0.0022717676646931678,,0.4166666666666667,0.4
15,15,accumulation,N/A,3,0.35121467024381003,0.02241547005355707,,0.3157894736842105,0.16666666666666666
15,15,accumulation,N/A,4,0.29556498780519797,0.01362396878422052,,0.325,0.0
15,15,accumulation,N/A,5,0.2769543413026947,0.004153018745979167,,0.29411764705882354,0.0
15,15,accumulation,N/A,6,0.2797651827280907,0.0,,0.15428571428571428,0.0
15,15,accumulation,N/A,7,0.3351178934020561,0.011645106888137158,,0.34375,0.0
15,15,refinement,0.5,0,0.2849311228572474,0.0160490243144513,,0.12727272727272726,0.2
15,15,refinement,0.5,1,0.25259896667037773,0.06715835815031833,,0.21818181818181817,0.2
15,15,refinement,0.5,2,0.23111162216249387,0.09815766641347266,,0.21428571428571427,0.0
15,15,refinement,0.5,3,0.22912907890587458,0.08287720643504512,,0.21428571428571427,0.0
15,15,refinement,0.5,4,0.2531182572202624,0.0713857029803434,,0.21818181818181817,0.2
15,15,refinement,0.5,5,0.25041030196090935,0.05829292651703101,,0.27586206896551724,0.0
15,15,refinement,0.5,6,0.2508631574613436,0.0275903005202443,,0.21818181818181817,0.2
15,15,refinement,0.5,7,0.2669165004592322,0.07776768049346411,,0.21052631578947367,0.16666666666666666
15,15,refinement,0.8,0,0.2849311228572474,0.0160490243144513,,0.12727272727272726,0.2
15,15,refinement,0.8,1,0.2867789316362384,0.05297610698087522,,0.29508196721311475,0.0
15,15,refinement,0.8,2,0.22473292747864118,0.058181531856912695,,0.24561403508771928,0.0
15,15,refinement,0.8,3,0.2512375748256775,0.04683054795579883,,0.24561403508771928,0.0
15,15,refinement,0.8,4,0.2583880833219867,0.04399045012621313,,0.27586206896551724,0.0
15,15,refinement,0.8,5,0.26706734706748836,0.03172767896116298,,0.3125,0.0
15,15,refinement,0.8,6,0.2876081380764162,0.02619479303931571,,0.3384615384615385,0.0
15,15,refinement,0.8,7,0.25060947595486854,0.03397222498842051,,0.2711864406779661,0.0
16,16,accumulation,N/A,0,0.3748434202227131,0.09554952098415892,,0.20512820512820512,0.0
16,16,accumulation,N/A,1,0.3090683469146968,0.03980231570568073,,0.1951219512195122,0.0
16,16,accumulation,N/A,2,0.26996499353769077,0.06469774329394373,,0.17391304347826084,0.0
16,16,accumulation,N/A,3,0.31709670916036,0.03384306064743793,,0.13559322033898305,0.0
16,16,accumulation,N/A,4,0.3152141255836909,0.1752249339646853,,0.16,0.0
16,16,accumulation,N/A,5,0.3112855252982203,0.1103500427410848,,0.2857142857142857,0.0
16,16,accumulation,N/A,6,0.4257914405692783,0.13529420066832543,,0.2285714285714286,0.0
16,16,accumulation,N/A,7,0.47363716423867774,0.08832392773027434,,0.3636363636363636,0.5
16,16,refinement,0.5,0,0.3748434202227131,0.09554952098415892,,0.20512820512820512,0.0
16,16,refinement,0.5,1,0.3829384194939825,0.09495361302458005,,0.25806451612903225,0.0
16,16,refinement,0.5,2,0.4552538835587985,0.08738507609437349,,0.25,0.5
16,16,refinement,0.5,3,0.406636643998136,0.12561867319260034,,0.4,0.0
16,16,refinement,0.5,4,0.3352327949697997,0.11744886800242921,,0.2857142857142857,0.0
16,16,refinement,0.5,5,0.4711134445431029,0.125187343861084,,0.33333333333333337,0.5
16,16,refinement,0.5,6,0.46306359163579747,0.11700362584073308,,0.2424242424242424,0.5
16,16,refinement,0.5,7,0.4609672710025096,0.11877229562507413,,0.23529411764705882,0.5
16,16,refinement,0.8,0,0.3748434202227131,0.09554952098415892,,0.20512820512820512,0.0
16,16,refinement,0.8,1,0.38378698988295845,0.1817053228615836,,0.1702127659574468,0.0
16,16,refinement,0.8,2,0.39822558039665357,0.15482091132896889,,0.2857142857142857,0.3333333333333333
16,16,refinement,0.8,3,0.348702178331302,0.18104937644995941,,0.23529411764705882,0.0
16,16,refinement,0.8,4,0.44871310415080634,0.08380033437111425,,0.13793103448275862,0.5
16,16,refinement,0.8,5,0.4519374626530952,0.07959468502606826,,0.15384615384615385,0.5
16,16,refinement,0.8,6,0.37543605832311155,0.09585505423252846,,0.12903225806451613,0.0
16,16,refinement,0.8,7,0.3633163583074358,0.09824275110675848,,0.09195402298850576,0.3333333333333333
17,17,accumulation,N/A,0,0.278257491520959,0.009550843597293355,,0.4761904761904763,0.0
17,17,accumulation,N/A,1,0.3821805321644763,0.009854484189399737,,0.45508982035928147,0.14285714285714285
17,17,accumulation,N/A,2,0.3933759509983165,0.0006430050528331755,,0.460431654676259,0.2857142857142857
17,17,accumulation,N/A,3,0.302811999719521,0.0037328501590858593,,0.32335329341317365,0.0
17,17,accumulation,N/A,4,0.36232155491901064,0.0029955410953715067,,0.42,0.0
17,17,accumulation,N/A,5,0.3392693209437293,0.002808981588796034,,0.30769230769230765,0.14285714285714285
17,17,accumulation,N/A,6,0.3517521527671556,0.009977291834721385,,0.3669724770642202,0.125
17,17,accumulation,N/A,7,0.38303483872231536,0.022523272928115897,,0.4161073825503355,0.125
17,17,refinement,0.5,0,0.278257491520959,0.009550843597293355,,0.4761904761904763,0.0
17,17,refinement,0.5,1,0.29286694522584034,0.015435203370762018,,0.3448275862068965,0.14285714285714285
17,17,refinement,0.5,2,0.3316048067889829,0.00873577964968185,,0.5151515151515151,0.14285714285714285
17,17,refinement,0.5,3,0.3237731712531017,0.009095984804609209,,0.47761194029850745,0.14285714285714285
17,17,refinement,0.5,4,0.3051678898394801,0.00825045855803286,,0.5373134328358209,0.0
17,17,refinement,0.5,5,0.3129502376596147,0.008365110921612419,,0.5714285714285714,0.14285714285714285
17,17,refinement,0.5,6,0.2635726490713754,0.008365110921612419,,0.5405405405405406,0.0
17,17,refinement,0.5,7,0.2994225185234325,0.009841306966602846,,0.5074626865671642,0.14285714285714285
17,17,refinement,0.8,0,0.278257491520959,0.009550843597293355,,0.4761904761904763,0.0
17,17,refinement,0.8,1,0.35347383776480756,0.004766023083490074,,0.6170212765957447,0.125
17,17,refinement,0.8,2,0.3502168653900106,0.004327052012280554,,0.625,0.0
17,17,refinement,0.8,3,0.37114735543370236,0.0021183251878848855,,0.513888888888889,0.14285714285714285
17,17,refinement,0.8,4,0.38481067926856266,0.0020625797882037043,,0.6229508196721312,0.14285714285714285
17,17,refinement,0.8,5,0.33126460762251747,0.002177167554215021,,0.5142857142857143,0.0
17,17,refinement,0.8,6,0.3599995062913,0.002305236233874728,,0.5271317829457364,0.14285714285714285
17,17,refinement,0.8,7,0.36346161238435076,0.0024529970691333954,,0.5666666666666667,0.0
18,18,accumulation,N/A,0,0.2328136921389154,0.0,,0.22222222222222224,0.16666666666666666
18,18,accumulation,N/A,1,0.3126041994552816,0.0,,0.3188405797101449,0.0
18,18,accumulation,N/A,2,0.24453563563946046,0.0,,0.1592920353982301,0.0
18,18,accumulation,N/A,3,0.31983411599750433,0.0024851221373915345,,0.27956989247311825,0.125
18,18,accumulation,N/A,4,0.3206198273305379,8.438121862651064e-05,,0.5116279069767441,0.125
18,18,accumulation,N/A,5,0.28664022695966884,0.0,,0.5384615384615384,0.16666666666666666
18,18,accumulation,N/A,6,0.3084668578312312,0.0014919748810111237,,0.34146341463414637,0.0
18,18,accumulation,N/A,7,0.3363288822917503,0.005569996434877373,,0.3829787234042553,0.25
18,18,refinement,0.5,0,0.2328136921389154,0.0,,0.22222222222222224,0.16666666666666666
18,18,refinement,0.5,1,0.21397861064915322,0.0,,0.23529411764705882,0.0
18,18,refinement,0.5,2,0.3445822758137017,0.0,,0.2727272727272727,0.3333333333333333
18,18,refinement,0.5,3,0.2896049102799188,0.0,,0.4799999999999999,0.0
18,18,refinement,0.5,4,0.25648440797430355,0.0,,0.38095238095238093,0.0
18,18,refinement,0.5,5,0.2863025654107577,0.0,,0.29629629629629634,0.14285714285714285
18,18,refinement,0.5,6,0.2251861442286622,0.0,,0.19999999999999998,0.0
18,18,refinement,0.5,7,0.22719667891226009,0.0,,0.21428571428571427,0.0
18,18,refinement,0.8,0,0.2328136921389154,0.0,,0.22222222222222224,0.16666666666666666
18,18,refinement,0.8,1,0.22710972335151078,0.0,,0.10526315789473682,0.14285714285714285
18,18,refinement,0.8,2,0.29734149503543567,0.0,,0.3,0.42857142857142855
18,18,refinement,0.8,3,0.24216663117077136,0.00011510235085687056,,0.30769230769230765,0.0
18,18,refinement,0.8,4,0.20622299743650463,0.0,,0.1935483870967742,0.0
18,18,refinement,0.8,5,0.22672364447453697,0.0,,0.1764705882352941,0.0
18,18,refinement,0.8,6,0.2460398041712636,0.0,,0.3333333333333333,0.0
18,18,refinement,0.8,7,0.3116053988006717,0.0,,0.4,0.14285714285714285
19,19,accumulation,N/A,0,0.24659392179479173,0.02287547189412443,,0.4324324324324324,0.0
19,19,accumulation,N/A,1,0.3476792404348281,0.011367097612040343,,0.4519230769230769,0.0
19,19,accumulation,N/A,2,0.3337609997480414,0.0012152006296460237,,0.4790419161676646,0.14285714285714285
19,19,accumulation,N/A,3,0.3605185573281927,0.0011149408535726165,,0.4742268041237114,0.14285714285714285
19,19,accumulation,N/A,4,0.3714928272111263,0.0021942439268507023,,0.74,0.14285714285714285
19,19,accumulation,N/A,5,0.3368605174814344,0.021409622161747785,,0.42931937172774864,0.14285714285714285
19,19,accumulation,N/A,6,0.3234948554459619,0.008171267686410544,,0.5060240963855421,0.0
19,19,accumulation,N/A,7,0.33667003962305503,0.018384010214282546,,0.4717948717948718,0.0
19,19,refinement,0.5,0,0.24659392179479173,0.02287547189412443,,0.4324324324324324,0.0
19,19,refinement,0.5,1,0.24650950321138,0.0062517111253382026,,0.4269662921348315,0.0
19,19,refinement,0.5,2,0.265440274546868,0.0003646023812723735,,0.5,0.0
19,19,refinement,0.5,3,0.2658222729177527,6.916081378823256e-05,,0.5,0.0
19,19,refinement,0.5,4,0.24965224397148006,0.0008858893699851647,,0.5227272727272727,0.0
19,19,refinement,0.5,5,0.26556148535894564,0.001493728128060845,,0.5679012345679013,0.0
19,19,refinement,0.5,6,0.2689761108239318,0.007847014283489728,,0.5411764705882353,0.0
19,19,refinement,0.5,7,0.2505427396901394,0.008465453325199481,,0.48484848484848486,0.0
19,19,refinement,0.8,0,0.24659392179479173,0.02287547189412443,,0.4324324324324324,0.0
19,19,refinement,0.8,1,0.2424947481247632,0.0,,0.495049504950495,0.0
19,19,refinement,0.8,2,0.3112446463366952,0.0019007298425994103,,0.6218487394957983,0.0
19,19,refinement,0.8,3,0.30260152531694107,0.0017453298515127435,,0.5982905982905983,0.0
19,19,refinement,0.8,4,0.2867310524988077,0.00667197404791073,,0.5765765765765766,0.0
19,19,refinement,0.8,5,0.30315097712398414,0.009888249064738036,,0.5641025641025642,0.0
19,19,refinement,0.8,6,0.27782104763252735,0.02657908685654776,,0.4999999999999999,0.0
19,19,refinement,0.8,7,0.2642861213875401,0.021335744242765697,,0.4366197183098592,0.0
20,20,accumulation,N/A,0,0.35561539563151434,5.884494290669322e-05,,0.4,0.14285714285714285
20,20,accumulation,N/A,1,0.36117294528363864,0.006206992683135295,,0.48226950354609927,0.0
20,20,accumulation,N/A,2,0.3636181759353696,0.009553290799756406,,0.5066666666666667,0.0
20,20,accumulation,N/A,3,0.3751946054880163,0.0052456993355749285,,0.48175182481751827,0.0
20,20,accumulation,N/A,4,0.3708336446277987,0.015302599493873503,,0.5357142857142857,0.0
20,20,accumulation,N/A,5,0.34167615518479394,0.004713139184006377,,0.35555555555555557,0.0
20,20,accumulation,N/A,6,0.3368769455253081,0.0020802554219888857,,0.42857142857142855,0.0
20,20,accumulation,N/A,7,0.39840982655239515,0.015503510481566465,,0.5439999999999999,0.0
20,20,refinement,0.5,0,0.35561539563151434,5.884494290669322e-05,,0.4,0.14285714285714285
20,20,refinement,0.5,1,0.33967545197519833,5.131648608636861e-05,,0.459016393442623,0.14285714285714285
20,20,refinement,0.5,2,0.337178314289635,0.0016787936275908853,,0.4067796610169491,0.14285714285714285
20,20,refinement,0.5,3,0.34305694645086765,5.547324107821316e-05,,0.43333333333333335,0.14285714285714285
20,20,refinement,0.5,4,0.28585995537544845,7.372084373837683e-05,,0.3448275862068966,0.0
20,20,refinement,0.5,5,0.2809443991210526,9.058917239037834e-05,,0.2962962962962963,0.0
20,20,refinement,0.5,6,0.31328084002677203,6.03927815935855e-05,,0.4067796610169491,0.14285714285714285
20,20,refinement,0.5,7,0.30424764369108476,5.255291655353968e-05,,0.4666666666666667,0.0
20,20,refinement,0.8,0,0.35561539563151434,5.884494290669322e-05,,0.4,0.14285714285714285
20,20,refinement,0.8,1,0.37671024172638806,0.008513601582142517,,0.3809523809523809,0.14285714285714285
20,20,refinement,0.8,2,0.3639571879162745,0.0005347024682648059,,0.4166666666666667,0.14285714285714285
20,20,refinement,0.8,3,0.34181946396430246,0.011261252870524794,,0.37837837837837834,0.0
20,20,refinement,0.8,4,0.356130621755705,0.010127350876876171,,0.4878048780487805,0.0
20,20,refinement,0.8,5,0.3403041169672777,8.655094429306921e-05,,0.3703703703703704,0.0
20,20,refinement,0.8,6,0.3803100649012465,0.008189188622691744,,0.3762376237623763,0.14285714285714285
20,20,refinement,0.8,7,0.30762687950604073,0.0,,0.27848101265822783,0.0
21,21,accumulation,N/A,0,0.19815780721108261,0.03184616169459508,,0.1176470588235294,0.0
21,21,accumulation,N/A,1,0.26464532110912126,0.057722580281094504,,0.3333333333333333,0.0
21,21,accumulation,N/A,2,0.45185199415451927,0.13374997450802734,,0.37735849056603776,0.4
21,21,accumulation,N/A,3,0.20888390430460396,0.11464763010363066,,0.05263157894736842,0.0
21,21,accumulation,N/A,4,0.3237674338268084,0.05222450472351947,,0.21052631578947367,0.0
21,21,accumulation,N/A,5,0.3389726847374171,0.045941331248065195,,0.27586206896551724,0.0
21,21,accumulation,N/A,6,0.19339452600339432,0.0005096264087572465,,0.09195402298850576,0.14285714285714285
21,21,accumulation,N/A,7,0.26682861637043176,0.09321671003567562,,0.12030075187969926,0.0
21,21,refinement,0.5,0,0.19815780721108261,0.03184616169459508,,0.1176470588235294,0.0
21,21,refinement,0.5,1,0.16254745895300132,0.04459925337311116,,0.08108108108108107,0.0
21,21,refinement,0.5,2,0.196012745010348,0.0012920371474741546,,0.08264462809917356,0.0
21,21,refinement,0.5,3,0.20559832443200007,0.001469049922896109,,0.125,0.0
21,21,refinement,0.5,4,0.20321213818278636,0.006291761973862208,,0.1081081081081081,0.125
21,21,refinement,0.5,5,0.191618135348408,0.004158708146770336,,0.1509433962264151,0.0
21,21,refinement,0.5,6,0.21463200074738106,0.0007414898776353157,,0.11678832116788321,0.14285714285714285
21,21,refinement,0.5,7,0.1976528391079696,0.021366488938758147,,0.13461538461538458,0.0
21,21,refinement,0.8,0,0.19815780721108261,0.03184616169459508,,0.1176470588235294,0.0
21,21,refinement,0.8,1,0.2134291310553602,0.028277022189510004,,0.10204081632653061,0.14285714285714285
21,21,refinement,0.8,2,0.1825843152840319,0.03344944002983337,,0.06611570247933883,0.0
21,21,refinement,0.8,3,0.19567115074910474,0.00037302273569510627,,0.1037037037037037,0.0
21,21,refinement,0.8,4,0.20708638864796214,0.032600146637339275,,0.10638297872340424,0.0
21,21,refinement,0.8,5,0.18568852992252127,0.034906604515897784,,0.12048192771084336,0.0
21,21,refinement,0.8,6,0.1721725567131103,0.04027910384794741,,0.0898876404494382,0.0
21,21,refinement,0.8,7,0.17549398967267849,0.08242228411193692,,0.06557377049180328,0.0
22,22,accumulation,N/A,0,0.2847478375105116,0.009912458251385314,,0.2921348314606742,0.0
22,22,accumulation,N/A,1,0.27726945494503386,0.003211495441357948,,0.1730769230769231,0.0
22,22,accumulation,N/A,2,0.3548371300826315,0.015341884267250359,,0.24615384615384614,0.0
22,22,accumulation,N/A,3,0.35277074655944607,0.006725473741901603,,0.3219512195121952,0.0
22,22,accumulation,N/A,4,0.3371925330394951,0.020517876697262717,,0.34444444444444444,0.0
22,22,accumulation,N/A,5,0.32401248836387203,0.00813875518950118,,0.2517006802721088,0.14285714285714285
22,22,accumulation,N/A,6,0.3221754191927667,0.010035532385689768,,0.21153846153846156,0.0
22,22,accumulation,N/A,7,0.34902711408141124,0.02099064778473369,,0.2986425339366516,0.14285714285714285
22,22,refinement,0.5,0,0.2847478375105116,0.009912458251385314,,0.2921348314606742,0.0
22,22,refinement,0.5,1,0.2824004653056868,0.000271134346923366,,0.24489795918367346,0.0
22,22,refinement,0.5,2,0.2889079361705508,6.312027995967612e-05,,0.24242424242424243,0.0
22,22,refinement,0.5,3,0.2571704725995522,0.004146164701868827,,0.24778761061946902,0.0
22,22,refinement,0.5,4,0.2695792711484996,0.008077304387144059,,0.26000000000000006,0.0
22,22,refinement,0.5,5,0.3219132579491076,0.005526330875041565,,0.35185185185185186,0.125
22,22,refinement,0.5,6,0.30286458780212877,0.01346956144132356,,0.3529411764705882,0.0
22,22,refinement,0.5,7,0.35096084919177484,0.0033676586675637737,,0.411214953271028,0.25
22,22,refinement,0.8,0,0.2847478375105116,0.009912458251385314,,0.2921348314606742,0.0
22,22,refinement,0.8,1,0.27070357488228564,0.0004986919720923488,,0.3157894736842105,0.0
22,22,refinement,0.8,2,0.31724068234025093,0.007570663291479829,,0.36363636363636365,0.125
22,22,refinement,0.8,3,0.34018699797636737,0.0033043427579165893,,0.4503311258278146,0.0
22,22,refinement,0.8,4,0.3608050820241495,0.00559488654398483,,0.4050632911392405,0.14285714285714285
22,22,refinement,0.8,5,0.3233495234853556,0.013538669141073913,,0.4166666666666667,0.0
22,22,refinement,0.8,6,0.3483561243517067,0.009475133587195598,,0.35668789808917195,0.25
22,22,refinement,0.8,7,0.3181969021174306,0.0,,0.35294117647058826,0.125
23,23,accumulation,N/A,0,0.3140944739818547,0.03159909377121913,,0.326530612244898,0.0
23,23,accumulation,N/A,1,0.3995503590332454,0.0573596775971292,,0.32911392405063294,0.0
23,23,accumulation,N/A,2,0.3051652421409897,0.027362159471172216,,0.325,0.0
23,23,accumulation,N/A,3,0.328134209627414,0.021621179355219112,,0.42857142857142855,0.0
23,23,accumulation,N/A,4,0.3474589375423061,0.07938319412953233,,0.3529411764705882,0.0
23,23,accumulation,N/A,5,0.3225042171745606,0.04079763707176616,,0.1780821917808219,0.0
23,23,accumulation,N/A,6,0.35296709031384005,0.03595467403407329,,0.4197530864197531,0.0
23,23,accumulation,N/A,7,0.28751058555523124,0.016322973582100553,,0.379746835443038,0.0
23,23,refinement,0.5,0,0.3140944739818547,0.03159909377121913,,0.326530612244898,0.0
23,23,refinement,0.5,1,0.3164202054372294,0.03596185478608855,,0.2978723404255319,0.0
23,23,refinement,0.5,2,0.3149248709707014,0.03335166486775482,,0.34782608695652173,0.0
23,23,refinement,0.5,3,0.33556629791512055,0.030476960885181766,,0.45,0.0
23,23,refinement,0.5,4,0.3089864839219451,0.03143148470327586,,0.3076923076923077,0.0
23,23,refinement,0.5,5,0.3192519129709654,0.0421630300854682,,0.3181818181818182,0.0
23,23,refinement,0.5,6,0.31116076089969147,0.030987669075634564,,0.3018867924528302,0.0
23,23,refinement,0.5,7,0.3093624951685684,0.0352664973883779,,0.24561403508771928,0.0
23,23,refinement,0.8,0,0.3140944739818547,0.03159909377121913,,0.326530612244898,0.0
23,23,refinement,0.8,1,0.3329965865783101,0.025710715724665656,,0.28571428571428575,0.0
23,23,refinement,0.8,2,0.3110469259446422,0.029280271728241825,,0.2962962962962963,0.0
23,23,refinement,0.8,3,0.3122910947714978,0.03364486344304215,,0.25,0.0
23,23,refinement,0.8,4,0.32559353488758624,0.03881932008089475,,0.21739130434782608,0.0
23,23,refinement,0.8,5,0.30982468152983306,0.03975576957801733,,0.23880597014925375,0.0
23,23,refinement,0.8,6,0.3112046324215726,0.04060214544723173,,0.2758620689655173,0.0
23,23,refinement,0.8,7,0.31532354275250507,0.04369146122303037,,0.29508196721311475,0.0
24,24,accumulation,N/A,0,0.5184072211345482,0.6821308539300318,,0.05555555555555556,0.5
24,24,accumulation,N/A,1,0.4853066837356612,0.28685755533088675,,0.6666666666666666,0.5
24,24,accumulation,N/A,2,0.3861428710420798,0.415746583141806,,0.2857142857142857,0.0
24,24,accumulation,N/A,3,0.4909304493099235,0.21314205479280313,,0.6666666666666666,0.0
24,24,accumulation,N/A,4,0.7054629070886971,0.3165299123812199,,1.0,1.0
24,24,accumulation,N/A,5,0.4523518995503081,0.4037667973633297,,0.5,0.0
24,24,accumulation,N/A,6,0.40913998740353863,0.5319988535417534,,0.4,0.0
24,24,accumulation,N/A,7,0.5249032286639218,0.32537744319555734,,0.6666666666666666,0.5
24,24,refinement,0.5,0,0.5184072211345482,0.6821308539300318,,0.05555555555555556,0.5
24,24,refinement,0.5,1,0.5607083583686451,0.6838589381319573,,0.33333333333333337,0.5
24,24,refinement,0.5,2,0.6021378784121715,0.5936517740370427,,0.6666666666666666,0.5
24,24,refinement,0.5,3,0.5399151177422076,0.5925595479587028,,0.25,0.5
24,24,refinement,0.5,4,0.5132393804220514,0.5916426323037902,,0.4,0.3333333333333333
24,24,refinement,0.5,5,0.512047453502678,0.5820350634941919,,0.4,0.3333333333333333
24,24,refinement,0.5,6,0.5165592640960972,0.4770255578134158,,0.5,0.3333333333333333
24,24,refinement,0.5,7,0.5671103936560917,0.4764328974888503,,0.5,0.5
24,24,refinement,0.8,0,0.5184072211345482,0.6821308539300318,,0.05555555555555556,0.5
24,24,refinement,0.8,1,0.7900137911801702,0.46543064683870067,,1.0,1.0
24,24,refinement,0.8,2,0.5648581954161671,0.46462953625524844,,0.5,0.5
24,24,refinement,0.8,3,0.7933056635275644,0.4807524321351261,,1.0,1.0
24,24,refinement,0.8,4,0.7935681910451667,0.4800881950871958,,1.0,1.0
24,24,refinement,0.8,5,0.5937821834226438,0.4815442458009236,,0.6666666666666666,0.5
24,24,refinement,0.8,6,0.594048437228461,0.4798287826313388,,0.6666666666666666,0.5
24,24,refinement,0.8,7,0.7933245744458739,0.475586316814091,,1.0,1.0
25,25,accumulation,N/A,0,0.1841724658738419,0.009458588184408605,,0.29090909090909095,0.0
25,25,accumulation,N/A,1,0.3169389267455116,0.044509104548603386,,0.3361344537815126,0.0
25,25,accumulation,N/A,2,0.2542755895477805,0.000588282381788029,,0.3838383838383838,0.0
25,25,accumulation,N/A,3,0.2903156533620742,0.010638516642195606,,0.4966442953020134,0.0
25,25,accumulation,N/A,4,0.2911582079293938,0.01203773148651785,,0.39520958083832336,0.0
25,25,accumulation,N/A,5,0.2943148188362776,0.018093054433747684,,0.33962264150943394,0.125
25,25,accumulation,N/A,6,0.29144874335923465,0.02337873475106926,,0.3893805309734514,0.0
25,25,accumulation,N/A,7,0.27534359341212467,0.008020404078033632,,0.3118279569892473,0.0
25,25,refinement,0.5,0,0.1841724658738419,0.009458588184408605,,0.29090909090909095,0.0
25,25,refinement,0.5,1,0.18098805700258724,0.01025000940266518,,0.24,0.14285714285714285
25,25,refinement,0.5,2,0.22070239052358442,0.00833406701739285,,0.3076923076923077,0.2857142857142857
25,25,refinement,0.5,3,0.1958743704405551,0.007642602910183683,,0.3018867924528301,0.14285714285714285
25,25,refinement,0.5,4,0.17334377084444114,0.010956594172246995,,0.2456140350877193,0.14285714285714285
25,25,refinement,0.5,5,0.17401618835240276,0.010964701429442465,,0.2692307692307692,0.14285714285714285
25,25,refinement,0.5,6,0.2193911316623529,0.009535126610509396,,0.28070175438596495,0.2857142857142857
25,25,refinement,0.5,7,0.17784447800031716,0.009797422177049106,,0.25925925925925924,0.14285714285714285
25,25,refinement,0.8,0,0.1841724658738419,0.009458588184408605,,0.29090909090909095,0.0
25,25,refinement,0.8,1,0.1677819202147685,0.007763927465155844,,0.31746031746031744,0.0
25,25,refinement,0.8,2,0.16296849286974213,0.005421081405252812,,0.25,0.0
25,25,refinement,0.8,3,0.17129529664180213,0.009793318081934989,,0.2637362637362637,0.0
25,25,refinement,0.8,4,0.2025065470189509,0.018164372798019347,,0.26168224299065423,0.0
25,25,refinement,0.8,5,0.19505548506431902,0.017015940745997764,,0.32608695652173914,0.0
25,25,refinement,0.8,6,0.19160239656049205,0.015700740269102422,,0.2558139534883721,0.0
25,25,refinement,0.8,7,0.16723537546992298,0.007493790338598947,,0.29473684210526313,0.0
26,26,accumulation,N/A,0,0.39682194680941024,0.006192987162526642,,0.5454545454545455,0.2
26,26,accumulation,N/A,1,0.1978451922559319,0.0,,0.04887983706720977,0.0
26,26,accumulation,N/A,2,0.25501261447919155,0.0,,0.19047619047619047,0.16666666666666666
26,26,accumulation,N/A,3,0.19185464639751895,0.00018206880562863443,,0.08450704225352113,0.0
26,26,accumulation,N/A,4,0.2532341348478291,0.01172570654578094,,0.24175824175824173,0.16666666666666666
26,26,accumulation,N/A,5,0.2812794816340819,0.00018068904539876918,,0.18604651162790697,0.16666666666666666
26,26,accumulation,N/A,6,0.24662527371293483,0.03980113878219838,,0.2777777777777778,0.0
26,26,accumulation,N/A,7,0.26451753631246255,0.0,,0.24096385542168672,0.0
26,26,refinement,0.5,0,0.39682194680941024,0.006192987162526642,,0.5454545454545455,0.2
26,26,refinement,0.5,1,0.38051871300396156,0.0015003118013533693,,0.4864864864864864,0.16666666666666666
26,26,refinement,0.5,2,0.3002860978684534,0.0,,0.2564102564102564,0.0
26,26,refinement,0.5,3,0.3760264068494206,0.0019484118032456032,,0.38888888888888884,0.2
26,26,refinement,0.5,4,0.3462356827179441,0.00020515452557834653,,0.35294117647058826,0.0
26,26,refinement,0.5,5,0.3931911071279283,0.007212222194116506,,0.4666666666666667,0.0
26,26,refinement,0.5,6,0.33133281555305993,0.0,,0.3157894736842105,0.0
26,26,refinement,0.5,7,0.37751434330559597,0.001716108109142919,,0.48484848484848486,0.2
26,26,refinement,0.8,0,0.39682194680941024,0.006192987162526642,,0.5454545454545455,0.2
26,26,refinement,0.8,1,0.3429139182190271,0.008627174038589017,,0.44444444444444436,0.0
26,26,refinement,0.8,2,0.35364635936205063,0.0011432518765248445,,0.48979591836734687,0.0
26,26,refinement,0.8,3,0.4090673155873787,0.006569317594409868,,0.5416666666666666,0.0
26,26,refinement,0.8,4,0.3708728415630208,0.0006747832031612496,,0.5263157894736842,0.0
26,26,refinement,0.8,5,0.4342479654753245,0.0015877160885546975,,0.6857142857142857,0.0
26,26,refinement,0.8,6,0.4060516655822922,0.0009560496109455431,,0.6666666666666666,0.0
26,26,refinement,0.8,7,0.48681543823550294,0.004369557816051982,,0.48780487804878053,0.5
27,27,accumulation,N/A,0,0.17509400835503008,0.0,,0.3225806451612903,0.16666666666666666
27,27,accumulation,N/A,1,0.3558351589929051,0.08258258232842938,,0.3137254901960784,0.14285714285714285
27,27,accumulation,N/A,2,0.3530389107806522,0.004146696385618778,,0.42857142857142855,0.0
27,27,accumulation,N/A,3,0.27310777846823253,0.012496757461280431,,0.23999999999999996,0.0
27,27,accumulation,N/A,4,0.3446602341140869,0.007230269984495788,,0.3,0.3333333333333333
27,27,accumulation,N/A,5,0.3112096776445736,0.0025755385416880417,,0.2553191489361702,0.3333333333333333
27,27,accumulation,N/A,6,0.3925807254112298,0.02278184985705862,,0.5517241379310346,0.0
27,27,accumulation,N/A,7,0.38140846317434074,0.016624648356683504,,0.4489795918367347,0.16666666666666666
27,27,refinement,0.5,0,0.17509400835503008,0.0,,0.3225806451612903,0.16666666666666666
27,27,refinement,0.5,1,0.1765053196167889,0.0,,0.3333333333333333,0.0
27,27,refinement,0.5,2,0.20631339372788424,0.0,,0.3636363636363637,0.16666666666666666
27,27,refinement,0.5,3,0.2029519822836374,0.0,,0.34285714285714286,0.16666666666666666
27,27,refinement,0.5,4,0.20014594236086736,0.0,,0.4888888888888889,0.0
27,27,refinement,0.5,5,0.180790961361814,0.0,,0.36,0.0
27,27,refinement,0.5,6,0.17172241038002203,0.0,,0.41860465116279066,0.0
27,27,refinement,0.5,7,0.22872142208091262,0.0,,0.5128205128205129,0.16666666666666666
27,27,refinement,0.8,0,0.17509400835503008,0.0,,0.3225806451612903,0.16666666666666666
27,27,refinement,0.8,1,0.13792209278781015,0.0,,0.2424242424242424,0.0
27,27,refinement,0.8,2,0.1483150423520286,0.0,,0.31250000000000006,0.0
27,27,refinement,0.8,3,0.2116939517177561,0.00010188552973956916,,0.39999999999999997,0.3333333333333333
27,27,refinement,0.8,4,0.1960498631115722,0.0,,0.4615384615384615,0.0
27,27,refinement,0.8,5,0.2653232688560382,0.00017332270553449327,,0.42424242424242425,0.5
27,27,refinement,0.8,6,0.18011201217367667,0.00020135189350692,,0.3870967741935484,0.2
27,27,refinement,0.8,7,0.18347418264767107,0.00022855144988602255,,0.41379310344827586,0.2
28,28,accumulation,N/A,0,0.3206439273202189,0.0,,0.3333333333333333,0.0
28,28,accumulation,N/A,1,0.1664585321080406,0.0,,0.16666666666666669,0.0
28,28,accumulation,N/A,2,0.30595711618125254,0.028350117109940728,,0.3076923076923077,0.0
28,28,accumulation,N/A,3,0.2541986179063876,0.0,,0.01932367149758454,0.0
28,28,accumulation,N/A,4,0.2615622478848671,0.0,,0.015873015873015872,0.0
28,28,accumulation,N/A,5,0.34360328546334423,0.06024486034682162,,0.5714285714285715,0.0
28,28,accumulation,N/A,6,0.29719502432424516,0.0,,0.21052631578947367,0.25
28,28,accumulation,N/A,7,0.2142540533214718,0.08319283524298943,,0.15384615384615385,0.0
28,28,refinement,0.5,0,0.3206439273202189,0.0,,0.3333333333333333,0.0
28,28,refinement,0.5,1,0.278579661334816,0.0,,0.22222222222222224,0.0
28,28,refinement,0.5,2,0.40595389474535215,0.0,,0.4,0.5
28,28,refinement,0.5,3,0.40565606925789854,0.0,,0.4,0.5
28,28,refinement,0.5,4,0.40552946837437365,0.0,,0.4,0.5
28,28,refinement,0.5,5,0.39594008221117416,0.0,,0.3333333333333333,0.5
28,28,refinement,0.5,6,0.40561126901799455,0.0,,0.4,0.0
28,28,refinement,0.5,7,0.40529248978413557,0.0,,0.4,0.0
28,28,refinement,0.8,0,0.3206439273202189,0.0,,0.3333333333333333,0.0
28,28,refinement,0.8,1,0.5696261131037295,0.0,,0.5,1.0
28,28,refinement,0.8,2,0.570710396356053,0.0,,0.5,1.0
28,28,refinement,0.8,3,0.5803101150075266,0.0,,0.5,1.0
28,28,refinement,0.8,4,0.4149015059594482,0.0,,0.4,0.5
28,28,refinement,0.8,5,0.5790123687907756,0.0,,0.5,1.0
28,28,refinement,0.8,6,0.5781612691280276,0.0,,0.5,1.0
28,28,refinement,0.8,7,0.4117131412762314,0.0,,0.4,0.5
29,29,accumulation,N/A,0,0.43851696722467504,0.14188873834512308,,0.5263157894736842,0.25
29,29,accumulation,N/A,1,0.2956196777926545,0.06885663062899361,,0.17777777777777776,0.16666666666666666
29,29,accumulation,N/A,2,0.37109828597468764,0.16152988000858323,,0.22222222222222224,0.0
29,29,accumulation,N/A,3,0.2511984504303903,0.21871901532239926,,0.15999999999999998,0.16666666666666666
29,29,accumulation,N/A,4,0.5218544857992962,0.1910271449370357,,0.761904761904762,0.25
29,29,accumulation,N/A,5,0.3958405350427154,0.145784908048437,,0.25,0.25
29,29,accumulation,N/A,6,0.36239080652476935,0.07597333320611253,,0.48484848484848486,0.0
29,29,accumulation,N/A,7,0.4321573516538519,0.20470436978302725,,0.38095238095238093,0.2
29,29,refinement,0.5,0,0.43851696722467504,0.14188873834512308,,0.5263157894736842,0.25
29,29,refinement,0.5,1,0.5427175056746947,0.14359469319367377,,0.5882352941176471,0.6666666666666666
29,29,refinement,0.5,2,0.6256893849779966,0.12045804143125476,,0.75,1.0
29,29,refinement,0.5,3,0.45219542214752595,0.10280726905832406,,0.6363636363636364,0.25
29,29,refinement,0.5,4,0.5405548462764052,0.1188693308329607,,0.7058823529411765,0.75
29,29,refinement,0.5,5,0.5656686638140268,0.10163235662342876,,0.7368421052631579,0.6666666666666666
29,29,refinement,0.5,6,0.49080012163645936,0.10282488262138641,,0.608695652173913,0.5
29,29,refinement,0.5,7,0.5145172756821523,0.10293820286999263,,0.7000000000000001,0.3333333333333333
29,29,refinement,0.8,0,0.43851696722467504,0.14188873834512308,,0.5263157894736842,0.25
29,29,refinement,0.8,1,0.450051829487507,0.10544316520784858,,0.6363636363636364,0.25
29,29,refinement,0.8,2,0.4040864674699475,0.14847837921381787,,0.45454545454545453,0.2
29,29,refinement,0.8,3,0.43445995053993836,0.1002820728746184,,0.48275862068965514,0.25
29,29,refinement,0.8,4,0.43235810455165474,0.09787715479144109,,0.48275862068965514,0.0
29,29,refinement,0.8,5,0.4108015349488515,0.1016556177551855,,0.358974358974359,0.25
29,29,refinement,0.8,6,0.3703988414252934,0.09986377894519613,,0.2424242424242424,0.2
29,29,refinement,0.8,7,0.3993274106798035,0.07343783267752628,,0.4666666666666667,0.0
30,30,accumulation,N/A,0,0.4048911462899453,0.008475435771773787,,0.3829787234042553,0.4
30,30,accumulation,N/A,1,0.3076556569623302,0.008860236719100311,,0.25,0.0
30,30,accumulation,N/A,2,0.2983318901429328,0.002994426059525279,,0.2641509433962264,0.0
30,30,accumulation,N/A,3,0.23396150815833522,0.015962825624387368,,0.25806451612903225,0.0
30,30,accumulation,N/A,4,0.3685256557203452,0.06186700773062892,,0.4583333333333333,0.0
30,30,accumulation,N/A,5,0.2349470693957721,0.006998527709647396,,0.22764227642276422,0.0
30,30,accumulation,N/A,6,0.28715687580113397,0.03513846675799982,,0.2777777777777778,0.0
30,30,accumulation,N/A,7,0.25670584648313144,0.01699944911287266,,0.27522935779816515,0.0
30,30,refinement,0.5,0,0.4048911462899453,0.008475435771773787,,0.3829787234042553,0.4
30,30,refinement,0.5,1,0.34165015881047867,0.00883913410293095,,0.39999999999999997,0.0
30,30,refinement,0.5,2,0.3534150214073896,0.00831190142978945,,0.4444444444444445,0.16666666666666666
30,30,refinement,0.5,3,0.39240398224344863,0.00723201881148896,,0.55,0.2
30,30,refinement,0.5,4,0.34978584477853825,0.007741670317753489,,0.4444444444444445,0.0
30,30,refinement,0.5,5,0.2864617414744711,0.010877584811817297,,0.3076923076923077,0.0
30,30,refinement,0.5,6,0.33757895881172095,0.006629350577198213,,0.3478260869565218,0.0
30,30,refinement,0.5,7,0.31605810955889446,0.013493487654923813,,0.2571428571428572,0.0
30,30,refinement,0.8,0,0.4048911462899453,0.008475435771773787,,0.3829787234042553,0.4
30,30,refinement,0.8,1,0.3778962619639742,0.010564936169014017,,0.45714285714285713,0.2
30,30,refinement,0.8,2,0.3327905143285937,0.011599632244125364,,0.29629629629629634,0.0
30,30,refinement,0.8,3,0.33858670640364685,0.008870468859325865,,0.3859649122807018,0.0
30,30,refinement,0.8,4,0.35592500667525695,0.009130667727152115,,0.3225806451612903,0.2
30,30,refinement,0.8,5,0.3304464760540715,0.010697209996542422,,0.30508474576271183,0.16666666666666666
30,30,refinement,0.8,6,0.302716753200145,0.021535527877352318,,0.31884057971014496,0.0
30,30,refinement,0.8,7,0.31817402842232706,0.011530858994578182,,0.29508196721311475,0.16666666666666666
31,31,accumulation,N/A,0,0.23934564265946445,0.000941990763747442,,0.3421052631578948,0.0
31,31,accumulation,N/A,1,0.358467712317507,0.002994823898490846,,0.4039408866995074,0.125
31,31,accumulation,N/A,2,0.3337516798414445,0.0,,0.5112781954887218,0.0
31,31,accumulation,N/A,3,0.33787813056971294,0.0,,0.44594594594594594,0.125
31,31,accumulation,N/A,4,0.3736671487697345,0.002815492423809418,,0.4848484848484849,0.0
31,31,accumulation,N/A,5,0.3312784783785137,0.007203712682935453,,0.43575418994413406,0.0
31,31,accumulation,N/A,6,0.36064352567230273,0.003933900787098602,,0.5945945945945945,0.0
31,31,accumulation,N/A,7,0.3357264082966777,0.00021381565479780312,,0.4458598726114649,0.0
31,31,refinement,0.5,0,0.23934564265946445,0.000941990763747442,,0.3421052631578948,0.0
31,31,refinement,0.5,1,0.2366307738656914,0.0005025462772293706,,0.36585365853658536,0.0
31,31,refinement,0.5,2,0.27456360093803184,0.00048604080980859125,,0.34782608695652173,0.0
31,31,refinement,0.5,3,0.27995158313833657,0.00039941643137893874,,0.4,0.125
31,31,refinement,0.5,4,0.24389119801377845,0.00044351528577190946,,0.3870967741935484,0.0
31,31,refinement,0.5,5,0.23361534378647175,0.0004989546964933981,,0.29357798165137616,0.0
31,31,refinement,0.5,6,0.254173229151516,0.0004199067394694794,,0.319327731092437,0.0
31,31,refinement,0.5,7,0.25416451143601715,0.00044323489166222824,,0.3214285714285714,0.0
31,31,refinement,0.8,0,0.23934564265946445,0.000941990763747442,,0.3421052631578948,0.0
31,31,refinement,0.8,1,0.26649532812609866,0.006547604505495325,,0.4255319148936171,0.0
31,31,refinement,0.8,2,0.26627993987335885,0.0034091514581636095,,0.34188034188034183,0.0
31,31,refinement,0.8,3,0.28326311034617335,0.00011928461562877337,,0.3609022556390977,0.125
31,31,refinement,0.8,4,0.296065447192047,0.0,,0.40944881889763785,0.0
31,31,refinement,0.8,5,0.30021575775900233,0.00157507487060213,,0.4296296296296296,0.0
31,31,refinement,0.8,6,0.2735212667628858,0.0014263006565084274,,0.3841059602649006,0.0
31,31,refinement,0.8,7,0.2675707656938197,0.0026398858788292926,,0.33093525179856115,0.0
32,32,accumulation,N/A,0,0.2060095605014745,0.025269389391765252,,0.19718309859154928,0.0
32,32,accumulation,N/A,1,0.32912317448305944,0.011555602386586561,,0.42735042735042733,0.0
32,32,accumulation,N/A,2,0.33147495431181884,0.0035318862270916776,,0.43333333333333324,0.14285714285714285
32,32,accumulation,N/A,3,0.33183507714744453,0.012208938400250178,,0.32,0.0
32,32,accumulation,N/A,4,0.34695392378256096,0.0530891929293646,,0.30872483221476504,0.125
32,32,accumulation,N/A,5,0.352394954245462,0.03301265642266534,,0.4482758620689656,0.0
32,32,accumulation,N/A,6,0.33607373807864255,0.0474577196111247,,0.2659574468085106,0.0
32,32,accumulation,N/A,7,0.3481437884449394,0.02285932669028162,,0.37606837606837606,0.0
32,32,refinement,0.5,0,0.2060095605014745,0.025269389391765252,,0.19718309859154928,0.0
32,32,refinement,0.5,1,0.22530282948685232,0.03058449290347371,,0.15384615384615383,0.0
32,32,refinement,0.5,2,0.24508945072672478,0.024784849111065252,,0.16494845360824742,0.0
32,32,refinement,0.5,3,0.2850387085997123,0.019475613022356494,,0.17886178861788615,0.0
32,32,refinement,0.5,4,0.26196170534675917,0.02067217845359904,,0.15254237288135591,0.14285714285714285
32,32,refinement,0.5,5,0.251230267617019,0.017468359776902965,,0.18604651162790695,0.0
32,32,refinement,0.5,6,0.29807411169539483,0.015750959218921567,,0.22388059701492535,0.14285714285714285
32,32,refinement,0.5,7,0.3007518188847368,0.008409952804690542,,0.25668449197860965,0.0
32,32,refinement,0.8,0,0.2060095605014745,0.025269389391765252,,0.19718309859154928,0.0
32,32,refinement,0.8,1,0.27298325014286623,0.012033681049937323,,0.24793388429752067,0.0
32,32,refinement,0.8,2,0.3101778559722808,0.011606025620640328,,0.22598870056497175,0.0
32,32,refinement,0.8,3,0.3149924460586456,0.00882325774394632,,0.2702702702702703,0.0
32,32,refinement,0.8,4,0.3136484097328536,0.011820382083515013,,0.20175438596491227,0.0
32,32,refinement,0.8,5,0.28577130319468513,0.010118461898296733,,0.19123505976095617,0.0
32,32,refinement,0.8,6,0.2768141364821227,0.010055611282857512,,0.23300970873786403,0.0
32,32,refinement,0.8,7,0.2780984183950402,0.008630505310158777,,0.23963133640552997,0.0
33,33,accumulation,N/A,0,0.19219879335425477,0.0,,0.0,0.0
33,33,accumulation,N/A,1,0.20474842551192196,0.0,,0.04444444444444444,0.16666666666666666
33,33,accumulation,N/A,2,0.3863755546538765,0.6013956893517238,,0.15384615384615385,0.0
33,33,accumulation,N/A,3,0.23745385087935997,0.060792370294736865,,0.11764705882352941,0.0
33,33,accumulation,N/A,4,0.3077079556625398,0.047336031960526416,,0.15384615384615385,0.0
33,33,accumulation,N/A,5,0.42777198141806755,0.16722904517015458,,0.2857142857142857,0.0
33,33,accumulation,N/A,6,0.3536839023647398,0.3522257396789657,,0.14285714285714285,0.0
33,33,accumulation,N/A,7,0.18038391770775053,0.06132893316161322,,0.016129032258064516,0.0
33,33,refinement,0.5,0,0.19219879335425477,0.0,,0.0,0.0
33,33,refinement,0.5,1,0.19236598047922882,0.0,,0.0,0.0
33,33,refinement,0.5,2,0.19297642414985056,0.0,,0.0,0.0
33,33,refinement,0.5,3,0.19302920963879638,0.0,,0.0,0.0
33,33,refinement,0.5,4,0.19344239339360209,0.0,,0.0,0.0
33,33,refinement,0.5,5,0.19439091912411274,0.0,,0.0,0.0
33,33,refinement,0.5,6,0.21794224981680133,0.0,,0.15384615384615385,0.0
33,33,refinement,0.5,7,0.19605811087018238,0.0,,0.0,0.0
33,33,refinement,0.8,0,0.19219879335425477,0.0,,0.0,0.0
33,33,refinement,0.8,1,0.19450079720366403,0.0,,0.0,0.0
33,33,refinement,0.8,2,0.19643968381480065,0.0,,0.0,0.0
33,33,refinement,0.8,3,0.2457845041831225,0.0,,0.0,0.0
33,33,refinement,0.8,4,0.1958882779594897,0.0,,0.0,0.0
33,33,refinement,0.8,5,0.19587334407740473,0.0,,0.0,0.0
33,33,refinement,0.8,6,0.326466672176467,0.0,,0.13333333333333333,0.0
33,33,refinement,0.8,7,0.2517152305283934,0.0,,0.09523809523809525,0.0
34,34,accumulation,N/A,0,0.2930200445165338,0.0,,0.3055555555555555,0.0
34,34,accumulation,N/A,1,0.33482504649194283,0.007598266508677494,,0.5179856115107913,0.0
34,34,accumulation,N/A,2,0.27648838773174494,0.0,,0.34188034188034183,0.0
34,34,accumulation,N/A,3,0.33458808400052253,0.004071352864389849,,0.47368421052631576,0.0
34,34,accumulation,N/A,4,0.34389981755464866,0.025689798274905765,,0.5344827586206897,0.0
34,34,accumulation,N/A,5,0.34307736142103407,0.0028928683207126277,,0.512,0.0
34,34,accumulation,N/A,6,0.332968147698151,0.0019985254577511106,,0.4857142857142857,0.14285714285714285
34,34,accumulation,N/A,7,0.3800666839504331,0.013655071236344673,,0.5714285714285714,0.16666666666666666
34,34,refinement,0.5,0,0.2930200445165338,0.0,,0.3055555555555555,0.0
34,34,refinement,0.5,1,0.29885446293103046,0.0,,0.32835820895522383,0.0
34,34,refinement,0.5,2,0.2882543918172118,0.0,,0.3095238095238095,0.0
34,34,refinement,0.5,3,0.2922570760454005,0.0,,0.3095238095238095,0.0
34,34,refinement,0.5,4,0.28677448969608377,0.0,,0.2921348314606742,0.0
34,34,refinement,0.5,5,0.313642970445333,0.0008669129438860437,,0.2888888888888889,0.0
34,34,refinement,0.5,6,0.34274745015007235,0.0029214759123418832,,0.3614457831325301,0.0
34,34,refinement,0.5,7,0.3163736992142675,0.0013596232465698604,,0.23255813953488375,0.0
34,34,refinement,0.8,0,0.2930200445165338,0.0,,0.3055555555555555,0.0
34,34,refinement,0.8,1,0.31738135519106936,0.0,,0.31111111111111117,0.0
34,34,refinement,0.8,2,0.3395500857830811,0.0,,0.4235294117647059,0.0
34,34,refinement,0.8,3,0.2776617735126417,0.0,,0.22222222222222224,0.0
34,34,refinement,0.8,4,0.2834881470817769,0.0,,0.3018867924528301,0.0
34,34,refinement,0.8,5,0.3032060427785899,0.0,,0.27586206896551724,0.0
34,34,refinement,0.8,6,0.3011238333313003,0.0,,0.3505154639175257,0.0
34,34,refinement,0.8,7,0.3389586030889087,0.0,,0.3883495145631068,0.0
35,35,accumulation,N/A,0,0.5021155327541874,0.3198145496975357,,0.6666666666666666,0.0
35,35,accumulation,N/A,1,0.4588502856880957,0.0,,0.6666666666666666,0.0
35,35,accumulation,N/A,2,0.34758458408773374,0.12871084650160164,,0.5714285714285715,0.0
35,35,accumulation,N/A,3,0.6410944696183403,0.6439454401616267,,0.6666666666666666,0.0
35,35,accumulation,N/A,4,0.4095212145011544,0.414764352995094,,0.5,0.0
35,35,accumulation,N/A,5,0.28872222780549783,0.1881397187222558,,0.07407407407407407,0.0
35,35,accumulation,N/A,6,0.34145829886659834,0.5298351197698389,,0.2,0.0
35,35,accumulation,N/A,7,0.3586209484793824,0.32614217310887195,,0.3333333333333333,0.0
35,35,refinement,0.5,0,0.5021155327541874,0.3198145496975357,,0.6666666666666666,0.0
35,35,refinement,0.5,1,0.5021094243692695,0.32047440735934885,,0.6666666666666666,0.0
35,35,refinement,0.5,2,0.40188444221783926,0.32047440735934885,,0.5,0.0
35,35,refinement,0.5,3,0.5017995744585546,0.3207283812668414,,0.6666666666666666,0.0
35,35,refinement,0.5,4,0.40225837060085745,0.31940477149389535,,0.5,0.0
35,35,refinement,0.5,5,0.3619412174524692,0.31965987323444706,,0.4,0.0
35,35,refinement,0.5,6,0.5021457978193029,0.31965987323444706,,0.6666666666666666,0.0
35,35,refinement,0.5,7,0.5023302526659407,0.31965987323444706,,0.6666666666666666,0.0
35,35,refinement,0.8,0,0.5021155327541874,0.3198145496975357,,0.6666666666666666,0.0
35,35,refinement,0.8,1,0.5019760477649499,0.31848093944814737,,0.6666666666666666,0.0
35,35,refinement,0.8,2,0.502107383019696,0.32810058812413406,,0.6666666666666666,0.0
35,35,refinement,0.8,3,0.5029984819804165,0.3293630707458655,,0.6666666666666666,0.0
35,35,refinement,0.8,4,0.5081773320704015,0.3419494831840125,,0.6666666666666666,0.0
35,35,refinement,0.8,5,0.5064290318406087,0.3298037191398089,,0.6666666666666666,0.0
35,35,refinement,0.8,6,0.5079473681883351,0.3310555563935635,,0.6666666666666666,0.0
35,35,refinement,0.8,7,0.506437438804522,0.3218917363174524,,0.6666666666666666,0.0
36,36,accumulation,N/A,0,0.3771984445232417,0.03137411670962823,,0.606060606060606,0.2857142857142857
36,36,accumulation,N/A,1,0.32635469009797335,0.012808090934834666,,0.3508771929824561,0.0
36,36,accumulation,N/A,2,0.2999444117827941,0.0016240503311650155,,0.22580645161290325,0.0
36,36,accumulation,N/A,3,0.3278947648827026,0.0017494418930968513,,0.2641509433962264,0.0
36,36,accumulation,N/A,4,0.33078493005880405,0.039383554930288216,,0.22310756972111553,0.0
36,36,accumulation,N/A,5,0.33706709609434404,0.026182896962307026,,0.17445482866043613,0.0
36,36,accumulation,N/A,6,0.3292457666118866,0.023972653356789303,,0.2857142857142857,0.0
36,36,accumulation,N/A,7,0.3241645264882114,0.008029281844451758,,0.27860696517412936,0.0
36,36,refinement,0.5,0,0.3771984445232417,0.03137411670962823,,0.606060606060606,0.2857142857142857
36,36,refinement,0.5,1,0.3326747700916732,0.003385704650002936,,0.6578947368421053,0.0
36,36,refinement,0.5,2,0.3364029596231438,0.00370653785743511,,0.6666666666666667,0.0
36,36,refinement,0.5,3,0.34198206082204197,0.013691868703483169,,0.7058823529411765,0.0
36,36,refinement,0.5,4,0.3289951037326526,0.02658388213557394,,0.611111111111111,0.0
36,36,refinement,0.5,5,0.33834408644882297,0.0018817000865779,,0.6865671641791045,0.0
36,36,refinement,0.5,6,0.34349784528549165,0.004808820696524051,,0.7567567567567568,0.0
36,36,refinement,0.5,7,0.35884494312137444,0.005708296934153126,,0.7222222222222222,0.14285714285714285
36,36,refinement,0.8,0,0.3771984445232417,0.03137411670962823,,0.606060606060606,0.2857142857142857
36,36,refinement,0.8,1,0.32227549012178497,0.000470066302723674,,0.4731182795698924,0.14285714285714285
36,36,refinement,0.8,2,0.29721458992304445,0.000242250501350375,,0.42975206611570255,0.0
36,36,refinement,0.8,3,0.2923903636034524,0.0035561303819006593,,0.4193548387096774,0.0
36,36,refinement,0.8,4,0.29992078133644984,0.007634449678029867,,0.2929936305732484,0.14285714285714285
36,36,refinement,0.8,5,0.28454764497576207,0.0008646142936338522,,0.34285714285714286,0.0
36,36,refinement,0.8,6,0.284134932515798,0.013983509439297685,,0.27544910179640714,0.0
36,36,refinement,0.8,7,0.30700247934869274,0.006486978734330145,,0.31395348837209297,0.14285714285714285
37,37,accumulation,N/A,0,0.33025209457979077,0.2678151838482601,,0.09523809523809525,0.2
37,37,accumulation,N/A,1,0.414532413779922,0.03742401936316993,,0.7142857142857143,0.5
37,37,accumulation,N/A,2,0.45752053090654937,0.056966515238405846,,0.7499999999999999,0.3333333333333333
37,37,accumulation,N/A,3,0.36979512299695394,0.06656979447172887,,0.4666666666666667,0.2
37,37,accumulation,N/A,4,0.380782251200508,0.018860842342164168,,0.7,0.3333333333333333
37,37,accumulation,N/A,5,0.32654026105971895,0.045251538583832025,,0.3414634146341463,0.2
37,37,accumulation,N/A,6,0.3292139313702788,0.07351074372005953,,0.4081632653061224,0.0
37,37,accumulation,N/A,7,0.38175647920056643,0.06043708351402364,,0.6956521739130435,0.25
37,37,refinement,0.5,0,0.33025209457979077,0.2678151838482601,,0.09523809523809525,0.2
37,37,refinement,0.5,1,0.32891638596241507,0.2781328701575965,,0.08695652173913043,0.0
37,37,refinement,0.5,2,0.2814742289974193,0.29460267112826927,,0.11764705882352941,0.0
37,37,refinement,0.5,3,0.28686072661205053,0.2736833002151021,,0.08333333333333333,0.0
37,37,refinement,0.5,4,0.2960687869240344,0.27710434146779095,,0.07142857142857142,0.0
37,37,refinement,0.5,5,0.2828525153846301,0.06992985076857723,,0.23529411764705882,0.16666666666666666
37,37,refinement,0.5,6,0.29301472944218765,0.09258094357794855,,0.16666666666666669,0.16666666666666666
37,37,refinement,0.5,7,0.22863762648752547,0.0003914186390724301,,0.13793103448275862,0.0
37,37,refinement,0.8,0,0.33025209457979077,0.2678151838482601,,0.09523809523809525,0.2
37,37,refinement,0.8,1,0.3788549326204924,0.1276136079962673,,0.25000000000000006,0.25
37,37,refinement,0.8,2,0.36335752462631227,0.16021033477706148,,0.3636363636363636,0.25
37,37,refinement,0.8,3,0.33146168360497597,0.15839281082857942,,0.4000000000000001,0.0
37,37,refinement,0.8,4,0.34114846362330836,0.12144096782544556,,0.37037037037037035,0.0
37,37,refinement,0.8,5,0.3702613453932335,0.15098245816649056,,0.4000000000000001,0.25
37,37,refinement,0.8,6,0.28098540496516966,0.11979062357937272,,0.23076923076923073,0.0
37,37,refinement,0.8,7,0.35993440934747567,0.10121935547291096,,0.6,0.0
38,38,accumulation,N/A,0,0.21845678399625584,0.13640777223103337,,0.2105263157894737,0.0
38,38,accumulation,N/A,1,0.18281014048485905,0.16916377655062775,,0.26666666666666666,0.0
38,38,accumulation,N/A,2,0.2804210135380423,0.15405685098215996,,0.25,0.0
38,38,accumulation,N/A,3,0.2649413240136721,0.0886602667026062,,0.3,0.25
38,38,accumulation,N/A,4,0.14475416255496398,0.12697570935797434,,0.23529411764705882,0.0
38,38,accumulation,N/A,5,0.16038686207898312,0.00011311357511011365,,0.3846153846153846,0.2
38,38,accumulation,N/A,6,0.11438381860949683,0.023256849813369118,,0.125,0.16666666666666666
38,38,accumulation,N/A,7,0.1866709032703171,0.056629734164866156,,0.2,0.0
38,38,refinement,0.5,0,0.21845678399625584,0.13640777223103337,,0.2105263157894737,0.0
38,38,refinement,0.5,1,0.26843253828012614,0.13671336387687336,,0.36363636363636365,0.0
38,38,refinement,0.5,2,0.24128949449267084,0.13849006896519012,,0.2857142857142857,0.0
38,38,refinement,0.5,3,0.2563367746172187,0.13818650085907253,,0.2857142857142857,0.0
38,38,refinement,0.5,4,0.23870926919504148,0.13818702723878926,,0.26666666666666666,0.0
38,38,refinement,0.5,5,0.24642379890694738,0.09114224258458224,,0.3529411764705882,0.0
38,38,refinement,0.5,6,0.24700725787498634,0.09233303517104308,,0.375,0.0
38,38,refinement,0.5,7,0.264877419113905,0.13818601210971918,,0.3333333333333333,0.0
38,38,refinement,0.8,0,0.21845678399625584,0.13640777223103337,,0.2105263157894737,0.0
38,38,refinement,0.8,1,0.26342323710308607,0.05767969947065645,,0.2857142857142857,0.0
38,38,refinement,0.8,2,0.2441455924933401,0.04338313230394096,,0.25,0.0
38,38,refinement,0.8,3,0.23610852576051533,0.04102504365603777,,0.26666666666666666,0.0
38,38,refinement,0.8,4,0.2563585878057085,0.040986976657206346,,0.125,0.0
38,38,refinement,0.8,5,0.2250188000255543,0.04311629897418806,,0.15384615384615385,0.0
38,38,refinement,0.8,6,0.2298429260325378,0.1191321024567178,,0.16,0.0
38,38,refinement,0.8,7,0.20290013742118068,0.021559196765614345,,0.2222222222222222,0.0
39,39,accumulation,N/A,0,0.2406875349566307,0.0,,0.0,0.0
39,39,accumulation,N/A,1,0.2193834801614285,0.0,,0.0,0.0
39,39,accumulation,N/A,2,0.34498728749256435,0.0,,0.4,0.3333333333333333
39,39,accumulation,N/A,3,0.26597999816421597,0.05802779315533214,,0.18181818181818182,0.0
39,39,accumulation,N/A,4,0.19388042627363739,0.15058471195894407,,0.03508771929824561,0.0
39,39,accumulation,N/A,5,0.6561578794191965,0.0,,1.0,1.0
39,39,accumulation,N/A,6,0.24470868461860976,0.0,,0.11764705882352941,0.0
39,39,accumulation,N/A,7,0.4418528771622936,0.0,,0.5,0.0
39,39,refinement,0.5,0,0.2406875349566307,0.0,,0.0,0.0
39,39,refinement,0.5,1,0.3186788857344848,0.0,,0.5,0.0
39,39,refinement,0.5,2,0.23357267148721628,0.0,,0.19999999999999998,0.0
39,39,refinement,0.5,3,0.22361509327231843,0.0,,0.16666666666666669,0.0
39,39,refinement,0.5,4,0.26568603780504507,0.0,,0.0,0.25
39,39,refinement,0.5,5,0.240593575236405,0.0,,0.0,0.16666666666666666
39,39,refinement,0.5,6,0.23339965678562574,0.0,,0.0,0.14285714285714285
39,39,refinement,0.5,7,0.2504972592173708,0.0,,0.0,0.2
39,39,refinement,0.8,0,0.2406875349566307,0.0,,0.0,0.0
39,39,refinement,0.8,1,0.29133723409308543,0.0,,0.0,0.3333333333333333
39,39,refinement,0.8,2,0.21907919821427213,0.0,,0.19999999999999998,0.0
39,39,refinement,0.8,3,0.1858367022334066,0.0,,0.10526315789473684,0.0
39,39,refinement,0.8,4,0.20086196363722425,0.0,,0.13333333333333333,0.0
39,39,refinement,0.8,5,0.25411424094640894,0.0,,0.13333333333333333,0.0
39,39,refinement,0.8,6,0.22696644499271446,0.0,,0.2222222222222222,0.0
39,39,refinement,0.8,7,0.19756305128628346,0.0,,0.15384615384615385,0.0
40,40,accumulation,N/A,0,0.23839604874121284,0.0,,0.0,0.0
40,40,accumulation,N/A,1,0.47910062572427237,0.28881656818679874,,0.5,0.0
40,40,accumulation,N/A,2,0.5340710178092443,0.26268646230943915,,0.6666666666666666,0.0
40,40,accumulation,N/A,3,0.3314971508732629,0.4349185808260544,,0.19999999999999998,0.0
40,40,accumulation,N/A,4,0.49443115160017986,0.215980001717889,,0.6666666666666666,0.0
40,40,accumulation,N/A,5,0.45532909788153364,0.5121327364122098,,0.4,0.0
40,40,accumulation,N/A,6,0.3892278309467602,0.21207090768957107,,0.19999999999999998,0.3333333333333333
40,40,accumulation,N/A,7,0.7589996010414928,0.5434079164545562,,1.0,1.0
40,40,refinement,0.5,0,0.23839604874121284,0.0,,0.0,0.0
40,40,refinement,0.5,1,0.23886244510026244,0.0,,0.0,0.0
40,40,refinement,0.5,2,0.23897171445314713,0.0,,0.0,0.0
40,40,refinement,0.5,3,0.23844534949811425,0.0,,0.0,0.0
40,40,refinement,0.5,4,0.23860898877290507,0.0,,0.0,0.0
40,40,refinement,0.5,5,0.23811956341345736,0.0,,0.0,0.0
40,40,refinement,0.5,6,0.2382191417856077,0.0,,0.0,0.0
40,40,refinement,0.5,7,0.23815013620159836,0.0,,0.0,0.0
40,40,refinement,0.8,0,0.23839604874121284,0.0,,0.0,0.0
40,40,refinement,0.8,1,0.2386187429755653,0.0,,0.0,0.0
40,40,refinement,0.8,2,0.4909842809461744,0.26253992791557684,,0.4,0.5
40,40,refinement,0.8,3,0.5293649784173,0.2048005338502925,,0.6666666666666666,0.5
40,40,refinement,0.8,4,0.7352284596648938,0.23225401177982208,,1.0,1.0
40,40,refinement,0.8,5,0.5366129671438078,0.23661833190932963,,0.6666666666666666,0.5
40,40,refinement,0.8,6,0.7354447594252818,0.22303790368245824,,1.0,1.0
40,40,refinement,0.8,7,0.7393877540218785,0.25399836588279634,,1.0,1.0
41,41,accumulation,N/A,0,0.3009134636223907,0.0348961483899474,,0.20168067226890754,0.14285714285714285
41,41,accumulation,N/A,1,0.2970072048853605,0.009121068470009255,,0.21052631578947367,0.0
41,41,accumulation,N/A,2,0.27165869308104995,0.016878616625896146,,0.20512820512820512,0.0
41,41,accumulation,N/A,3,0.2716184043647716,0.0,,0.188034188034188,0.0
41,41,accumulation,N/A,4,0.28830521037090706,0.007496954142207626,,0.22916666666666666,0.0
41,41,accumulation,N/A,5,0.28894265288450177,0.03697429427072139,,0.228310502283105,0.0
41,41,accumulation,N/A,6,0.2959464524565105,0.006332992462516077,,0.23841059602649006,0.0
41,41,accumulation,N/A,7,0.30111850736999013,0.005372731754947998,,0.1554054054054054,0.125
41,41,refinement,0.5,0,0.3009134636223907,0.0348961483899474,,0.20168067226890754,0.14285714285714285
41,41,refinement,0.5,1,0.28924654925950105,0.027309521454198984,,0.15384615384615385,0.14285714285714285
41,41,refinement,0.5,2,0.2460462879855112,0.019750356532470672,,0.15517241379310345,0.14285714285714285
41,41,refinement,0.5,3,0.24714213081832542,0.020037870383597552,,0.2247191011235955,0.14285714285714285
41,41,refinement,0.5,4,0.20371335973726756,0.019030955419700537,,0.21052631578947364,0.0
41,41,refinement,0.5,5,0.2785840819759898,0.018424181622672755,,0.3157894736842105,0.14285714285714285
41,41,refinement,0.5,6,0.25493318954171235,0.01605889912904705,,0.2888888888888889,0.0
41,41,refinement,0.5,7,0.2622562768225951,0.022059015798465968,,0.23931623931623933,0.0
41,41,refinement,0.8,0,0.3009134636223907,0.0348961483899474,,0.20168067226890754,0.14285714285714285
41,41,refinement,0.8,1,0.27314351805002524,0.017541599838572616,,0.15757575757575756,0.0
41,41,refinement,0.8,2,0.267685778601942,0.0057928487416623545,,0.15384615384615385,0.0
41,41,refinement,0.8,3,0.24960533240806698,0.016432653627496997,,0.11214953271028036,0.0
41,41,refinement,0.8,4,0.25312051855871653,0.0018479514231701636,,0.15116279069767444,0.0
41,41,refinement,0.8,5,0.23544342995880788,0.0014826020661467447,,0.12435233160621761,0.0
41,41,refinement,0.8,6,0.24787905404053606,0.018614857213616696,,0.14150943396226415,0.0
41,41,refinement,0.8,7,0.23578629047974045,0.023142640603356062,,0.15555555555555553,0.0
42,42,accumulation,N/A,0,0.3953429248430501,0.0,,0.25,0.25
42,42,accumulation,N/A,1,0.2912983790650093,0.0031017367402104822,,0.6046511627906976,0.0
42,42,accumulation,N/A,2,0.2956701456219262,0.009266938289523612,,0.3010752688172043,0.0
42,42,accumulation,N/A,3,0.3410419045708652,0.0002581504033309761,,0.28571428571428564,0.0
42,42,accumulation,N/A,4,0.37809985648254185,0.01138873187294208,,0.5652173913043479,0.2
42,42,accumulation,N/A,5,0.3852330006084529,0.0,,0.4666666666666667,0.3333333333333333
42,42,accumulation,N/A,6,0.34681350123092247,0.0,,0.625,0.0
42,42,accumulation,N/A,7,0.29539134812449586,0.0032628950215746835,,0.456140350877193,0.0
42,42,refinement,0.5,0,0.3953429248430501,0.0,,0.25,0.25
42,42,refinement,0.5,1,0.42188439549920315,0.0,,0.17857142857142858,0.5
42,42,refinement,0.5,2,0.3570251448986199,0.0,,0.2173913043478261,0.2
42,42,refinement,0.5,3,0.2855137470727961,0.06481677471248092,,0.25,0.0
42,42,refinement,0.5,4,0.4006008335236693,0.00013174426555580057,,0.23255813953488372,0.25
42,42,refinement,0.5,5,0.3269094180240797,9.85841442934562e-05,,0.2692307692307692,0.0
42,42,refinement,0.5,6,0.33165597872270036,4.705152341278592e-05,,0.33333333333333337,0.0
42,42,refinement,0.5,7,0.3259780951620202,0.0,,0.17391304347826086,0.0
42,42,refinement,0.8,0,0.3953429248430501,0.0,,0.25,0.25
42,42,refinement,0.8,1,0.326076226775629,0.08343253592040666,,0.2222222222222222,0.0
42,42,refinement,0.8,2,0.35737618888570394,0.0,,0.22222222222222227,0.0
42,42,refinement,0.8,3,0.3255596304299722,0.0,,0.3055555555555555,0.0
42,42,refinement,0.8,4,0.32367172377035947,0.0,,0.2619047619047619,0.16666666666666666
42,42,refinement,0.8,5,0.3310413787727082,0.0,,0.29508196721311475,0.2
42,42,refinement,0.8,6,0.39046896576763684,0.0,,0.33333333333333337,0.25
42,42,refinement,0.8,7,0.34223390884213856,0.029452806568720756,,0.26506024096385544,0.0
43,43,accumulation,N/A,0,0.3841283686709551,0.012253884787239164,,0.5581395348837209,0.125
43,43,accumulation,N/A,1,0.33537390992428195,0.037540182653530575,,0.44791666666666674,0.0
43,43,accumulation,N/A,2,0.291407208346548,0.0053885993302716815,,0.3659574468085106,0.0
43,43,accumulation,N/A,3,0.37058869140938233,0.011097640060762241,,0.5061728395061729,0.0
43,43,accumulation,N/A,4,0.27525353281697923,0.003778539705687687,,0.4395604395604396,0.0
43,43,accumulation,N/A,5,0.3283018053169011,0.006282061884798048,,0.46875,0.0
43,43,accumulation,N/A,6,0.3391665448954023,0.022066665291671547,,0.4596273291925466,0.0
43,43,accumulation,N/A,7,0.3194907212938045,0.01176380263346809,,0.4017857142857143,0.0
43,43,refinement,0.5,0,0.3841283686709551,0.012253884787239164,,0.5581395348837209,0.125
43,43,refinement,0.5,1,0.3675894995774121,0.00953382027274735,,0.5822784810126582,0.125
43,43,refinement,0.5,2,0.3657004636773282,0.005607151667926521,,0.5641025641025642,0.125
43,43,refinement,0.5,3,0.4056288726739298,0.006946076559508918,,0.6976744186046512,0.125
43,43,refinement,0.5,4,0.4276215881809119,0.00601365612894278,,0.6923076923076924,0.25
43,43,refinement,0.5,5,0.40373989940781685,0.000902530826484409,,0.6666666666666667,0.125
43,43,refinement,0.5,6,0.4044061849882822,0.0034907271555374595,,0.6829268292682927,0.125
43,43,refinement,0.5,7,0.4508811942452742,0.0037842520356716875,,0.7368421052631579,0.375
43,43,refinement,0.8,0,0.3841283686709551,0.012253884787239164,,0.5581395348837209,0.125
43,43,refinement,0.8,1,0.37221674130688004,0.005268180050996807,,0.5416666666666666,0.0
43,43,refinement,0.8,2,0.3771796313406841,0.003685248718247108,,0.537313432835821,0.125
43,43,refinement,0.8,3,0.3464405817835512,0.0003880368080749569,,0.4444444444444445,0.0
43,43,refinement,0.8,4,0.37016674434125807,0.0026759268981120044,,0.47191011235955055,0.125
43,43,refinement,0.8,5,0.3692512544992478,0.014524688578473551,,0.4606060606060606,0.0
43,43,refinement,0.8,6,0.3339564959977561,0.0030809248736718645,,0.3730569948186529,0.0
43,43,refinement,0.8,7,0.3433894233408552,0.001836342293503843,,0.4210526315789474,0.0
44,44,accumulation,N/A,0,0.27152726830377394,8.679347772386338e-06,,0.4036697247706423,0.0
44,44,accumulation,N/A,1,0.32329080378340785,0.005212520995158568,,0.6515151515151515,0.0
44,44,accumulation,N/A,2,0.340290473938721,0.01316651252140264,,0.523489932885906,0.14285714285714285
44,44,accumulation,N/A,3,0.34800570843424006,0.003102099795144634,,0.4387755102040817,0.125
44,44,accumulation,N/A,4,0.3047680551543638,0.012103773142057952,,0.30824372759856633,0.0
44,44,accumulation,N/A,5,0.3225720971876933,0.0010773183921126842,,0.5421686746987953,0.0
44,44,accumulation,N/A,6,0.3535293687909783,0.00371106644068906,,0.42798353909465026,0.125
44,44,accumulation,N/A,7,0.35059674561880805,0.009332832910134373,,0.38545454545454544,0.125
44,44,refinement,0.5,0,0.27152726830377394,8.679347772386338e-06,,0.4036697247706423,0.0
44,44,refinement,0.5,1,0.25353022936704156,0.0,,0.29230769230769227,0.0
44,44,refinement,0.5,2,0.25778553883667865,0.00902115512642574,,0.3453237410071942,0.0
44,44,refinement,0.5,3,0.23579348996203986,0.0018583424727634055,,0.3620689655172414,0.0
44,44,refinement,0.5,4,0.24164873339961024,0.0,,0.36000000000000004,0.0
44,44,refinement,0.5,5,0.22461557992566722,0.0,,0.3063063063063063,0.0
44,44,refinement,0.5,6,0.21920275423973123,0.0030313714858493236,,0.3247863247863248,0.0
44,44,refinement,0.5,7,0.23332814595997858,0.00244159494358402,,0.3486238532110092,0.125
44,44,refinement,0.8,0,0.27152726830377394,8.679347772386338e-06,,0.4036697247706423,0.0
44,44,refinement,0.8,1,0.28085345172669773,0.002228427673599433,,0.3653846153846154,0.14285714285714285
44,44,refinement,0.8,2,0.2295567191645317,0.0003947507815537163,,0.36507936507936506,0.0
44,44,refinement,0.8,3,0.26012766979896157,0.00017361343546301047,,0.445945945945946,0.0
44,44,refinement,0.8,4,0.29141665488299906,0.007038336655131257,,0.4431137724550898,0.0
44,44,refinement,0.8,5,0.269307727950394,0.0,,0.3832335329341317,0.0
44,44,refinement,0.8,6,0.3033885867566005,0.0,,0.3975155279503106,0.14285714285714285
44,44,refinement,0.8,7,0.26484657594980027,0.0016198048228075156,,0.3666666666666667,0.0
45,45,accumulation,N/A,0,0.16735465372997807,0.0,,0.0,0.0
45,45,accumulation,N/A,1,0.2509745961738683,0.07833816882531107,,0.16666666666666669,0.0
45,45,accumulation,N/A,2,0.2544182123600745,0.0,,0.25,0.5
45,45,accumulation,N/A,3,0.49526817076062946,0.5156575790779254,,0.4,0.0
45,45,accumulation,N/A,4,0.23477848377522523,0.0,,0.0,0.0
45,45,accumulation,N/A,5,0.32002449844975256,0.5410247248744545,,0.014388489208633093,0.0
45,45,accumulation,N/A,6,0.2948460216689591,0.03262500764464851,,0.3333333333333333,0.0
45,45,accumulation,N/A,7,0.45776305632121056,0.12813299626969193,,0.8,0.0
45,45,refinement,0.5,0,0.16735465372997807,0.0,,0.0,0.0
45,45,refinement,0.5,1,0.1674862410606524,0.0,,0.0,0.0
45,45,refinement,0.5,2,0.1673800248567775,0.0,,0.0,0.0
45,45,refinement,0.5,3,0.1673837452813749,0.0,,0.0,0.0
45,45,refinement,0.5,4,0.16739374052230263,0.0,,0.0,0.0
45,45,refinement,0.5,5,0.1674267191117347,0.0,,0.0,0.0
45,45,refinement,0.5,6,0.1675012984196668,0.0,,0.0,0.0
45,45,refinement,0.5,7,0.16761296426304828,0.0,,0.0,0.0
45,45,refinement,0.8,0,0.16735465372997807,0.0,,0.0,0.0
45,45,refinement,0.8,1,0.16749064453305887,0.0,,0.0,0.0
45,45,refinement,0.8,2,0.167531936444326,0.0,,0.0,0.0
45,45,refinement,0.8,3,0.16705595616211277,0.0,,0.0,0.0
45,45,refinement,0.8,4,0.395571615766131,0.008253824763439334,,0.6666666666666666,0.0
45,45,refinement,0.8,5,0.1680234104553802,0.0,,0.0,0.0
45,45,refinement,0.8,6,0.16758726673867982,0.0,,0.0,0.0
45,45,refinement,0.8,7,0.16740209544600398,0.0,,0.0,0.0
46,46,accumulation,N/A,0,0.29001806760546234,0.14425455483497635,,0.22222222222222224,0.0
46,46,accumulation,N/A,1,0.20829790443411167,0.07849746317637946,,0.11764705882352941,0.0
46,46,accumulation,N/A,2,0.3118353585118836,0.3221509396091034,,0.25,0.0
46,46,accumulation,N/A,3,0.2021199822237393,0.0,,0.041666666666666664,0.0
46,46,accumulation,N/A,4,0.28023903730540706,0.0,,0.22222222222222224,0.0
46,46,accumulation,N/A,5,0.24232130354535042,0.0,,0.11764705882352941,0.0
46,46,accumulation,N/A,6,0.22204079977787844,0.08301164927918767,,0.023255813953488372,0.0
46,46,accumulation,N/A,7,0.2566906846272282,0.04644934714930428,,0.041666666666666664,0.0
46,46,refinement,0.5,0,0.29001806760546234,0.14425455483497635,,0.22222222222222224,0.0
46,46,refinement,0.5,1,0.26626699466223497,0.14425455483497635,,0.13333333333333336,0.0
46,46,refinement,0.5,2,0.3102839756062609,0.14066609174445055,,0.09999999999999999,0.3333333333333333
46,46,refinement,0.5,3,0.31494011787922693,0.14618055630596605,,0.13333333333333336,0.3333333333333333
46,46,refinement,0.5,4,0.26107789235123136,0.29547633891322195,,0.07142857142857144,0.0
46,46,refinement,0.5,5,0.22726389897155364,0.14325158108555322,,0.048780487804878044,0.0
46,46,refinement,0.5,6,0.22607856284556907,0.0,,0.09523809523809525,0.0
46,46,refinement,0.5,7,0.24276059299461958,0.14507278668827597,,0.07407407407407407,0.0
46,46,refinement,0.8,0,0.29001806760546234,0.14425455483497635,,0.22222222222222224,0.0
46,46,refinement,0.8,1,0.2560035157530245,0.13065306773076296,,0.13333333333333336,0.0
46,46,refinement,0.8,2,0.27833385324891735,0.1819005264040273,,0.08695652173913042,0.0
46,46,refinement,0.8,3,0.22671543842173963,0.07468241333277854,,0.026315789473684213,0.0
46,46,refinement,0.8,4,0.2037008221356808,0.003909812978103056,,0.023255813953488372,0.0
46,46,refinement,0.8,5,0.2352265890022206,0.06570661390616167,,0.11764705882352941,0.0
46,46,refinement,0.8,6,0.28571286551850006,0.0,,0.25,0.0
46,46,refinement,0.8,7,0.2399675270695553,0.05958848476654211,,0.14285714285714285,0.0
47,47,accumulation,N/A,0,0.2617790301379125,0.019801265891896513,,0.25925925925925924,0.0
47,47,accumulation,N/A,1,0.33196750602708214,0.009293747725277024,,0.28148148148148144,0.125
47,47,accumulation,N/A,2,0.29331968793868696,0.03661004106523582,,0.3333333333333333,0.0
47,47,accumulation,N/A,3,0.37194547492557894,0.04456359174377269,,0.2782608695652174,0.14285714285714285
47,47,accumulation,N/A,4,0.34076717081311014,0.04102759058746731,,0.2926829268292683,0.0
47,47,accumulation,N/A,5,0.33925983247374547,0.007284441223391289,,0.4810126582278481,0.0
47,47,accumulation,N/A,6,0.3905978036654406,0.026898627963196087,,0.4193548387096775,0.16666666666666666
47,47,accumulation,N/A,7,0.3628537828596231,0.002180819994008071,,0.48571428571428565,0.0
47,47,refinement,0.5,0,0.2617790301379125,0.019801265891896513,,0.25925925925925924,0.0
47,47,refinement,0.5,1,0.23510638604879283,0.012320481679838055,,0.27450980392156865,0.0
47,47,refinement,0.5,2,0.23730438743107468,0.013585222680675491,,0.22222222222222224,0.0
47,47,refinement,0.5,3,0.22592141566490068,0.012502496755190972,,0.22580645161290325,0.0
47,47,refinement,0.5,4,0.2376682660750064,0.014308851545416572,,0.22222222222222224,0.0
47,47,refinement,0.5,5,0.23061089295764653,0.014079615696504124,,0.23076923076923075,0.0
47,47,refinement,0.5,6,0.22903897858603478,0.014079615696504124,,0.2553191489361702,0.0
47,47,refinement,0.5,7,0.218271919912418,0.013651103570110403,,0.24,0.0
47,47,refinement,0.8,0,0.2617790301379125,0.019801265891896513,,0.25925925925925924,0.0
47,47,refinement,0.8,1,0.24363501124059928,0.00868967077031126,,0.2894736842105263,0.0
47,47,refinement,0.8,2,0.25289695317335376,0.01420097809840225,,0.4150943396226415,0.0
47,47,refinement,0.8,3,0.29270438544360905,0.014591040381220563,,0.3571428571428571,0.16666666666666666
47,47,refinement,0.8,4,0.318484330901185,0.012269780687343619,,0.3232323232323232,0.16666666666666666
47,47,refinement,0.8,5,0.235853898867523,0.011845545861090873,,0.3333333333333333,0.0
47,47,refinement,0.8,6,0.22746921324530633,0.014311898075960575,,0.3225806451612903,0.0
47,47,refinement,0.8,7,0.30616029935798433,0.01044889726700256,,0.368421052631579,0.0
48,48,accumulation,N/A,0,0.1352432715422518,0.0,,0.0930232558139535,0.0
48,48,accumulation,N/A,1,0.20722378846488865,0.0,,0.44444444444444436,0.0
48,48,accumulation,N/A,2,0.16629265406042762,0.04987736872172055,,0.13888888888888887,0.0
48,48,accumulation,N/A,3,0.3128026704119095,0.0002701103553613348,,0.3278688524590164,0.14285714285714285
48,48,accumulation,N/A,4,0.23536087877094028,0.002695189023094289,,0.3414634146341463,0.0
48,48,accumulation,N/A,5,0.2450805739843478,0.0026890934686533995,,0.4067796610169491,0.0
48,48,accumulation,N/A,6,0.3327074061931615,0.011892487707365984,,0.4897959183673469,0.25
48,48,accumulation,N/A,7,0.22738740989215722,0.0004057109810093225,,0.3,0.0
48,48,refinement,0.5,0,0.1352432715422518,0.0,,0.0930232558139535,0.0
48,48,refinement,0.5,1,0.17552500588077907,0.021940240166767776,,0.125,0.14285714285714285
48,48,refinement,0.5,2,0.1325861275019975,0.032472911749782514,,0.0909090909090909,0.0
48,48,refinement,0.5,3,0.1128689525931647,0.0216948813182727,,0.13333333333333333,0.0
48,48,refinement,0.5,4,0.15298166262910687,0.03282111433932884,,0.0975609756097561,0.125
48,48,refinement,0.5,5,0.1509406158036781,0.03135926376337754,,0.0909090909090909,0.125
48,48,refinement,0.5,6,0.11329736911148061,0.022191212283774516,,0.13636363636363635,0.0
48,48,refinement,0.5,7,0.11486695087184189,0.021036482607129165,,0.15,0.0
48,48,refinement,0.8,0,0.1352432715422518,0.0,,0.0930232558139535,0.0
48,48,refinement,0.8,1,0.19299589900928585,0.008997527549216396,,0.2413793103448276,0.0
48,48,refinement,0.8,2,0.293721469614161,0.007506566957967841,,0.4363636363636364,0.25
48,48,refinement,0.8,3,0.19492187981855896,0.01235776711141629,,0.24615384615384617,0.0
48,48,refinement,0.8,4,0.23402611976734616,0.011414172100363738,,0.2535211267605634,0.125
48,48,refinement,0.8,5,0.19659742989435827,0.018636536844295986,,0.2545454545454545,0.0
48,48,refinement,0.8,6,0.20289365137501747,0.007962992665465535,,0.2608695652173913,0.0
48,48,refinement,0.8,7,0.28148638966339073,0.02451204747507695,,0.4444444444444444,0.14285714285714285
49,49,accumulation,N/A,0,0.30732321892556386,0.018803259517238203,,0.24489795918367344,0.16666666666666666
49,49,accumulation,N/A,1,0.37156395371013823,0.013897407539874965,,0.45714285714285713,0.16666666666666666
49,49,accumulation,N/A,2,0.4030422242341005,0.04457199141098583,,0.40740740740740744,0.3333333333333333
49,49,accumulation,N/A,3,0.3072208361528269,0.006959906423339528,,0.4307692307692308,0.0
49,49,accumulation,N/A,4,0.3103330881694255,0.01105808114288176,,0.43636363636363634,0.0
49,49,accumulation,N/A,5,0.3603677447792553,0.05224716211632133,,0.36065573770491804,0.0
49,49,accumulation,N/A,6,0.33816433643172006,0.0018280036632723222,,0.5365853658536585,0.14285714285714285
49,49,accumulation,N/A,7,0.3908876155080031,0.025499381844854008,,0.4109589041095891,0.16666666666666666
49,49,refinement,0.5,0,0.30732321892556386,0.018803259517238203,,0.24489795918367344,0.16666666666666666
49,49,refinement,0.5,1,0.2805321798664169,0.01795051536230032,,0.20689655172413793,0.0
49,49,refinement,0.5,2,0.3176980910697622,0.012679155675950043,,0.32,0.0
49,49,refinement,0.5,3,0.32993521280584537,0.014379147736849727,,0.2692307692307692,0.2
49,49,refinement,0.5,4,0.3589278820159911,0.012679155675950043,,0.32,0.3333333333333333
49,49,refinement,0.5,5,0.3480815064579225,0.011183781573105343,,0.3673469387755102,0.3333333333333333
49,49,refinement,0.5,6,0.41032320354372337,0.0153861560248288,,0.34146341463414637,0.4
49,49,refinement,0.5,7,0.3645154724645626,0.012679155675950043,,0.32,0.3333333333333333
49,49,refinement,0.8,0,0.30732321892556386,0.018803259517238203,,0.24489795918367344,0.16666666666666666
49,49,refinement,0.8,1,0.3323868330766845,0.017660181930255738,,0.2608695652173913,0.2
49,49,refinement,0.8,2,0.3325862315881083,0.014514409421944164,,0.3043478260869565,0.3333333333333333
49,49,refinement,0.8,3,0.4073886626294014,0.009832531935521036,,0.3673469387755102,0.4
49,49,refinement,0.8,4,0.36777012351908944,0.010841172516765243,,0.27999999999999997,0.2
49,49,refinement,0.8,5,0.37528842238652244,0.010448128917120153,,0.28571428571428564,0.2
49,49,refinement,0.8,6,0.33708293483043295,0.010176173828948096,,0.33333333333333337,0.16666666666666666
49,49,refinement,0.8,7,0.34992781154733527,0.01254526598652712,,0.4307692307692308,0.16666666666666666
50,50,accumulation,N/A,0,0.3167468115004806,0.03278436432816772,,0.43373493975903615,0.125
50,50,accumulation,N/A,1,0.2868932241684056,0.005338130692654628,,0.2905027932960894,0.0
50,50,accumulation,N/A,2,0.292521633041987,0.0010993015108147924,,0.28729281767955805,0.0
50,50,accumulation,N/A,3,0.3343541455605109,0.0040995431573123174,,0.35658914728682173,0.125
50,50,accumulation,N/A,4,0.24806944845743245,0.0022577074342443916,,0.2545454545454546,0.0
50,50,accumulation,N/A,5,0.2943379559830809,0.00695587560748064,,0.3170731707317073,0.0
50,50,accumulation,N/A,6,0.3185713676218046,0.05551984370444745,,0.36,0.0
50,50,accumulation,N/A,7,0.30946909850471194,0.00703791829746014,,0.34177215189873417,0.0
50,50,refinement,0.5,0,0.3167468115004806,0.03278436432816772,,0.43373493975903615,0.125
50,50,refinement,0.5,1,0.27991004811646236,0.027846562685461245,,0.4634146341463415,0.0
50,50,refinement,0.5,2,0.29780157114247435,0.03805836323061016,,0.4235294117647059,0.0
50,50,refinement,0.5,3,0.3289321067940626,0.05043749310542539,,0.4935064935064935,0.125
50,50,refinement,0.5,4,0.3133544491009829,0.04722537126073587,,0.5333333333333333,0.0
50,50,refinement,0.5,5,0.3224410804415272,0.05837545879954965,,0.48717948717948717,0.0
50,50,refinement,0.5,6,0.3303306934564906,0.024345600119656145,,0.5352112676056338,0.0
50,50,refinement,0.5,7,0.30757490667724297,0.04862658854872002,,0.5121951219512195,0.0
50,50,refinement,0.8,0,0.3167468115004806,0.03278436432816772,,0.43373493975903615,0.125
50,50,refinement,0.8,1,0.2947169016569858,0.03423632401602772,,0.4827586206896552,0.0
50,50,refinement,0.8,2,0.29292094623288184,0.021626663350329582,,0.40816326530612246,0.0
50,50,refinement,0.8,3,0.2788124954595115,0.02162389398401795,,0.3305785123966942,0.0
50,50,refinement,0.8,4,0.2678542388679259,0.03375215449055756,,0.3589743589743589,0.0
50,50,refinement,0.8,5,0.26246962834471166,0.012840971447781022,,0.4521739130434783,0.0
50,50,refinement,0.8,6,0.2617840014377577,0.021505263688907927,,0.42622950819672134,0.0
50,50,refinement,0.8,7,0.256962529234588,0.030600730818591097,,0.326241134751773,0.0
51,51,accumulation,N/A,0,0.5125268101213615,0.35123739676409516,,0.6666666666666666,0.0
51,51,accumulation,N/A,1,0.5403180891608284,0.5818360148961925,,0.4,0.5
51,51,accumulation,N/A,2,0.5501332641986414,0.7463808138504812,,0.1818181818181818,0.5
51,51,accumulation,N/A,3,0.5375271994514917,0.0,,0.5,1.0
51,51,accumulation,N/A,4,0.34571659123499665,0.0,,0.2,0.5
51,51,accumulation,N/A,5,0.44079766862637576,0.13073755261931327,,0.5714285714285715,0.0
51,51,accumulation,N/A,6,0.33334555808141597,0.015876124662504872,,0.2,0.0
51,51,accumulation,N/A,7,0.32423833437553684,0.10612449709097971,,0.4444444444444445,0.0
51,51,refinement,0.5,0,0.5125268101213615,0.35123739676409516,,0.6666666666666666,0.0
51,51,refinement,0.5,1,0.5127817086239831,0.35123739676409516,,0.6666666666666666,0.0
51,51,refinement,0.5,2,0.5127062538254875,0.35123739676409516,,0.6666666666666666,0.0
51,51,refinement,0.5,3,0.5128567034386633,0.35123739676409516,,0.6666666666666666,0.0
51,51,refinement,0.5,4,0.5126583073649563,0.35123739676409516,,0.6666666666666666,0.0
51,51,refinement,0.5,5,0.5127856259598695,0.35123739676409516,,0.6666666666666666,0.0
51,51,refinement,0.5,6,0.51296895308882,0.35123739676409516,,0.6666666666666666,0.0
51,51,refinement,0.5,7,0.37300916981879734,0.34962022257032616,,0.4,0.0
51,51,refinement,0.8,0,0.5125268101213615,0.35123739676409516,,0.6666666666666666,0.0
51,51,refinement,0.8,1,0.34593751686122465,0.3606064934535713,,0.28571428571428575,0.0
51,51,refinement,0.8,2,0.41709614983159754,0.35890210315351123,,0.5,0.0
51,51,refinement,0.8,3,0.4170178428330818,0.3606064934535713,,0.5,0.0
51,51,refinement,0.8,4,0.4177003556309251,0.3606064934535713,,0.5,0.0
51,51,refinement,0.8,5,0.5185966457017941,0.3606064934535713,,0.6666666666666666,0.0
51,51,refinement,0.8,6,0.39429203418817244,0.3661578581061385,,0.3333333333333333,0.0
51,51,refinement,0.8,7,0.39525729136895604,0.3727163744796982,,0.3333333333333333,0.0
52,52,accumulation,N/A,0,0.5020395064762558,0.19088563107106443,,0.8,0.5
52,52,accumulation,N/A,1,0.4747982283645055,0.2709476267993993,,0.6666666666666666,0.0
52,52,accumulation,N/A,2,0.35219969469014045,0.15096747233249772,,0.3636363636363636,0.0
52,52,accumulation,N/A,3,0.5082498142432801,0.6302222668102597,,0.5,0.0
52,52,accumulation,N/A,4,0.3643965634667944,0.06197941810500122,,0.6666666666666666,0.0
52,52,accumulation,N/A,5,0.4122574675989291,0.1918263413301695,,0.5714285714285715,0.3333333333333333
52,52,accumulation,N/A,6,0.4190139596997887,0.46720958611413593,,0.5,0.0
52,52,accumulation,N/A,7,0.35943626155478975,0.17145239313554234,,0.4444444444444445,0.0
52,52,refinement,0.5,0,0.5020395064762558,0.19088563107106443,,0.8,0.5
52,52,refinement,0.5,1,0.3814382259998732,0.19157555632731907,,0.5,0.25
52,52,refinement,0.5,2,0.4302615945695478,0.189768387153863,,0.6666666666666666,0.3333333333333333
52,52,refinement,0.5,3,0.5025492075990428,0.18830883363379033,,0.8,0.5
52,52,refinement,0.5,4,0.6821813797668018,0.1901154405422181,,1.0,1.0
52,52,refinement,0.5,5,0.4812486193569231,0.18830883363379033,,0.6666666666666666,0.5
52,52,refinement,0.5,6,0.5015828424917204,0.191922047450646,,0.8,0.5
52,52,refinement,0.5,7,0.6822757192293513,0.18865623304695023,,1.0,1.0
52,52,refinement,0.8,0,0.5020395064762558,0.19088563107106443,,0.8,0.5
52,52,refinement,0.8,1,0.4081980816333979,0.19492372232311228,,0.5,0.3333333333333333
52,52,refinement,0.8,2,0.6877939946222181,0.1971399343659822,,1.0,1.0
52,52,refinement,0.8,3,0.508954751319083,0.1949896468339268,,0.8,0.5
52,52,refinement,0.8,4,0.4151876079282217,0.20698894652886807,,0.5,0.3333333333333333
52,52,refinement,0.8,5,0.5066807691138275,0.19341484784761012,,0.8,0.5
52,52,refinement,0.8,6,0.4021616036775427,0.21100611457144966,,0.5714285714285715,0.25
52,52,refinement,0.8,7,0.6914317534657342,0.22207305585072248,,1.0,1.0
53,53,accumulation,N/A,0,0.5816472501813383,0.21546137529462295,,0.8,0.5
53,53,accumulation,N/A,1,0.3326434195215475,0.3034357234779075,,0.4444444444444444,0.0
53,53,accumulation,N/A,2,0.33275222898522927,0.2364620644361951,,0.3333333333333333,0.0
53,53,accumulation,N/A,3,0.3149076602170071,0.17089239052973332,,0.28571428571428575,0.0
53,53,accumulation,N/A,4,0.4176344309540102,0.5841492076306315,,0.28571428571428575,0.0
53,53,accumulation,N/A,5,0.33863961114594643,0.33316797861003267,,0.36363636363636365,0.0
53,53,accumulation,N/A,6,0.33426185662487345,0.2578280707579117,,0.14814814814814814,0.2
53,53,accumulation,N/A,7,0.35053428274955567,0.47730752844868046,,0.25,0.0
53,53,refinement,0.5,0,0.5816472501813383,0.21546137529462295,,0.8,0.5
53,53,refinement,0.5,1,0.5817326940377892,0.21546137529462295,,0.8,0.5
53,53,refinement,0.5,2,0.3865942481689665,0.4309227505892459,,0.4,0.0
53,53,refinement,0.5,3,0.4107348364001038,0.21380288733050481,,0.5714285714285715,0.0
53,53,refinement,0.5,4,0.4271292985665755,0.439022403131721,,0.5,0.0
53,53,refinement,0.5,5,0.4260811346363566,0.42760577466100963,,0.5,0.0
53,53,refinement,0.5,6,0.3861248030567317,0.4281512143889457,,0.4,0.0
53,53,refinement,0.5,7,0.42640302452242584,0.42888825750707743,,0.5,0.0
53,53,refinement,0.8,0,0.5816472501813383,0.21546137529462295,,0.8,0.5
53,53,refinement,0.8,1,0.3870400866195397,0.4309227505892459,,0.4,0.0
53,53,refinement,0.8,2,0.42787531283051167,0.43147669066739014,,0.5,0.0
53,53,refinement,0.8,3,0.4291660817929378,0.43309423279978193,,0.5,0.0
53,53,refinement,0.8,4,0.4292096378508981,0.4325410042057258,,0.5,0.0
53,53,refinement,0.8,5,0.42902791814656427,0.43202957424024885,,0.5,0.0
53,53,refinement,0.8,6,0.38821393637622065,0.43309423279978193,,0.4,0.0
53,53,refinement,0.8,7,0.38711408517972656,0.4222990930989196,,0.4,0.0
54,54,accumulation,N/A,0,0.4551946314665366,0.2287355617530099,,0.6,0.16666666666666666
54,54,accumulation,N/A,1,0.36850572341100524,0.018033028466043665,,0.5333333333333333,0.5
54,54,accumulation,N/A,2,0.32136366226481733,0.07672433454610514,,0.34782608695652173,0.0
54,54,accumulation,N/A,3,0.3471797036223352,0.04463000119324096,,0.3684210526315789,0.3333333333333333
54,54,accumulation,N/A,4,0.3300812845163406,0.0009649105972870847,,0.1875,0.25
54,54,accumulation,N/A,5,0.3943365018584082,0.2194045300478494,,0.4761904761904762,0.5
54,54,accumulation,N/A,6,0.43460313587003163,0.059143368004702435,,0.5714285714285714,0.25
54,54,accumulation,N/A,7,0.42417668849090784,0.1881121850715355,,0.3870967741935483,0.25
54,54,refinement,0.5,0,0.4551946314665366,0.2287355617530099,,0.6,0.16666666666666666
54,54,refinement,0.5,1,0.5890062357363217,0.24287752437049787,,0.8750000000000001,0.5
54,54,refinement,0.5,2,0.6214391678384859,0.22260830360316122,,0.7999999999999999,0.75
54,54,refinement,0.5,3,0.5761236183405869,0.22902679189551867,,0.75,0.5
54,54,refinement,0.5,4,0.6443277608915596,0.2496532801362456,,0.9333333333333333,0.75
54,54,refinement,0.5,5,0.5875047106718272,0.22302959025098001,,0.8235294117647058,0.5
54,54,refinement,0.5,6,0.6361857998131608,0.2580028122387445,,0.8750000000000001,0.75
54,54,refinement,0.5,7,0.581023336886011,0.2892394589473794,,0.8571428571428571,0.6
54,54,refinement,0.8,0,0.4551946314665366,0.2287355617530099,,0.6,0.16666666666666666
54,54,refinement,0.8,1,0.48128263613430017,0.16899845635138533,,0.6363636363636364,0.2
54,54,refinement,0.8,2,0.49416619395489014,0.09103367330265426,,0.7000000000000001,0.25
54,54,refinement,0.8,3,0.45070371437428147,0.07525987474548598,,0.43750000000000006,0.25
54,54,refinement,0.8,4,0.41071168924162954,0.09027302482003804,,0.45161290322580644,0.2
54,54,refinement,0.8,5,0.4905975981444614,0.21233887057982848,,0.6,0.25
54,54,refinement,0.8,6,0.4623165871926395,0.06801842992667548,,0.4827586206896552,0.25
54,54,refinement,0.8,7,0.4965070696293998,0.1480970191074555,,0.5185185185185185,0.25
55,55,accumulation,N/A,0,0.34944748295251515,0.0003779395563734117,,0.24390243902439024,0.2857142857142857
55,55,accumulation,N/A,1,0.2639217345103806,0.0010595662592050388,,0.16170212765957445,0.25
55,55,accumulation,N/A,2,0.34425786422490395,0.02433379507243788,,0.4800000000000001,0.0
55,55,accumulation,N/A,3,0.357628548910745,0.030202341849061072,,0.4102564102564103,0.14285714285714285
55,55,accumulation,N/A,4,0.3615636249459223,0.04060693877460792,,0.42990654205607476,0.0
55,55,accumulation,N/A,5,0.2452269139469517,0.008160334289548933,,0.43181818181818177,0.0
55,55,accumulation,N/A,6,0.3760043504284646,0.034908443402527724,,0.48275862068965514,0.2857142857142857
55,55,accumulation,N/A,7,0.32372842938890134,0.0001098001638102045,,0.48,0.25
55,55,refinement,0.5,0,0.34944748295251515,0.0003779395563734117,,0.24390243902439024,0.2857142857142857
55,55,refinement,0.5,1,0.31436365325135673,0.0002677493352636343,,0.368421052631579,0.14285714285714285
55,55,refinement,0.5,2,0.307095452139375,0.00023022322358629569,,0.4,0.14285714285714285
55,55,refinement,0.5,3,0.25777506939288936,0.00030535715519299254,,0.2857142857142857,0.0
55,55,refinement,0.5,4,0.3269061581335129,0.00030071872096397727,,0.30769230769230765,0.25
55,55,refinement,0.5,5,0.2957715381637334,0.00035273665880911374,,0.2564102564102564,0.125
55,55,refinement,0.5,6,0.3051965644683107,0.0002512993697756168,,0.33333333333333337,0.125
55,55,refinement,0.5,7,0.3472785982994573,0.00021931927790922958,,0.3636363636363636,0.25
55,55,refinement,0.8,0,0.34944748295251515,0.0003779395563734117,,0.24390243902439024,0.2857142857142857
55,55,refinement,0.8,1,0.2944017302444203,0.014125210186111745,,0.375,0.0
55,55,refinement,0.8,2,0.39063623910529943,0.0039714560611252385,,0.5882352941176471,0.14285714285714285
55,55,refinement,0.8,3,0.39915365725594126,0.02546280184647995,,0.6071428571428571,0.14285714285714285
55,55,refinement,0.8,4,0.36866876357420075,0.006845414259394075,,0.4642857142857143,0.0
55,55,refinement,0.8,5,0.3779454595503005,0.008962241717347105,,0.375,0.2857142857142857
55,55,refinement,0.8,6,0.36122783669615854,0.007597128836379479,,0.4150943396226415,0.0
55,55,refinement,0.8,7,0.38790679840183473,0.006087030028552752,,0.4482758620689655,0.14285714285714285
56,56,accumulation,N/A,0,0.2788523792972442,0.0008026642325383445,,0.25925925925925924,0.0
56,56,accumulation,N/A,1,0.2980681748056373,0.012576562164958737,,0.467005076142132,0.0
56,56,accumulation,N/A,2,0.31768084200114594,0.0006059962210180702,,0.3563636363636363,0.0
56,56,accumulation,N/A,3,0.34315056273988914,0.014189976271973971,,0.3734439834024896,0.0
56,56,accumulation,N/A,4,0.32857396451636417,0.0005912951417046451,,0.4333333333333333,0.0
56,56,accumulation,N/A,5,0.32302345360222445,0.010566403281303566,,0.4367816091954023,0.0
56,56,accumulation,N/A,6,0.36602953156352447,0.007595142734885945,,0.36101083032490977,0.0
56,56,accumulation,N/A,7,0.2918324563034588,0.0008925053377072627,,0.354679802955665,0.0
56,56,refinement,0.5,0,0.2788523792972442,0.0008026642325383445,,0.25925925925925924,0.0
56,56,refinement,0.5,1,0.2829923137143928,0.0005077279339775472,,0.29787234042553196,0.0
56,56,refinement,0.5,2,0.3131369801446874,0.009640747127722123,,0.37254901960784315,0.0
56,56,refinement,0.5,3,0.30490845100336295,0.011524441304458588,,0.29702970297029707,0.0
56,56,refinement,0.5,4,0.31493307614798716,0.009259496179288701,,0.4000000000000001,0.0
56,56,refinement,0.5,5,0.31185480957643885,0.012311869237917513,,0.41999999999999993,0.0
56,56,refinement,0.5,6,0.32619766001519246,0.009867084888252239,,0.5148514851485149,0.0
56,56,refinement,0.5,7,0.3138612109440277,0.011683661108235746,,0.41666666666666663,0.0
56,56,refinement,0.8,0,0.2788523792972442,0.0008026642325383445,,0.25925925925925924,0.0
56,56,refinement,0.8,1,0.2739011698168545,0.009883930975454038,,0.30917874396135264,0.0
56,56,refinement,0.8,2,0.3140845937247153,0.01650577060936589,,0.28448275862068967,0.0
56,56,refinement,0.8,3,0.2989036420147376,0.00952853225877313,,0.30833333333333335,0.0
56,56,refinement,0.8,4,0.3267630293759478,0.009155163040897384,,0.365482233502538,0.0
56,56,refinement,0.8,5,0.2961937322529583,0.007208100897770513,,0.3253968253968254,0.0
56,56,refinement,0.8,6,0.2856673953369175,0.0017286950826789313,,0.33064516129032256,0.0
56,56,refinement,0.8,7,0.2896219699991156,0.01984392394269024,,0.33183856502242154,0.0
57,57,accumulation,N/A,0,0.38919197731728605,0.1378711354741739,,0.6666666666666666,0.0
57,57,accumulation,N/A,1,0.30644499697088945,0.25074130225068764,,0.25,0.0
57,57,accumulation,N/A,2,0.2977480346409496,0.20683839155999345,,0.0625,0.0
57,57,accumulation,N/A,3,0.27327289128545124,0.020742799632755656,,0.3636363636363636,0.0
57,57,accumulation,N/A,4,0.4804709784839487,0.24068013371175145,,0.6666666666666666,0.0
57,57,accumulation,N/A,5,0.38502799867638493,0.167860615271672,,0.28571428571428575,0.0
57,57,accumulation,N/A,6,0.35788643118192504,0.14591202835105294,,0.5714285714285715,0.0
57,57,accumulation,N/A,7,0.4101291207254214,0.16582126370415243,,0.5714285714285715,0.0
57,57,refinement,0.5,0,0.38919197731728605,0.1378711354741739,,0.6666666666666666,0.0
57,57,refinement,0.5,1,0.3887097833438851,0.1378711354741739,,0.6666666666666666,0.0
57,57,refinement,0.5,2,0.389247954874283,0.1378711354741739,,0.6666666666666666,0.0
57,57,refinement,0.5,3,0.3892934916306566,0.13872360503182338,,0.6666666666666666,0.0
57,57,refinement,0.5,4,0.2998437912983905,0.13357554323495946,,0.5714285714285715,0.0
57,57,refinement,0.5,5,0.29973109737697956,0.13384577502162137,,0.5714285714285715,0.0
57,57,refinement,0.5,6,0.3896605324230847,0.13817234149593707,,0.6666666666666666,0.0
57,57,refinement,0.5,7,0.38975926368877367,0.1377509839642303,,0.6666666666666666,0.0
57,57,refinement,0.8,0,0.38919197731728605,0.1378711354741739,,0.6666666666666666,0.0
57,57,refinement,0.8,1,0.3890323995570985,0.1375519893272429,,0.6666666666666666,0.0
57,57,refinement,0.8,2,0.38901867286010094,0.13291218667044769,,0.6666666666666666,0.0
57,57,refinement,0.8,3,0.31615807395114603,0.2536786510114515,,0.5714285714285715,0.0
57,57,refinement,0.8,4,0.40438517892290327,0.24743559713686425,,0.6666666666666666,0.0
57,57,refinement,0.8,5,0.30531620799186643,0.2483252407176394,,0.5,0.0
57,57,refinement,0.8,6,0.33658712238335103,0.23487796901915103,,0.5714285714285715,0.0
57,57,refinement,0.8,7,0.3374790446531118,0.23332389513108076,,0.5714285714285715,0.0
58,58,accumulation,N/A,0,0.4523502132922528,0.16332997871296676,,0.33333333333333337,0.3333333333333333
58,58,accumulation,N/A,1,0.3907339921380301,0.5523224483376861,,0.14285714285714288,0.0
58,58,accumulation,N/A,2,0.35036689009908223,0.0,,0.6666666666666666,0.0
58,58,accumulation,N/A,3,0.6881634693934466,0.0,,1.0,1.0
58,58,accumulation,N/A,4,0.5604338362444625,0.3104209301584648,,0.6666666666666666,0.5
58,58,accumulation,N/A,5,0.5602084065156174,0.4661305786011653,,0.6666666666666666,0.5
58,58,accumulation,N/A,6,0.5407194542528261,0.24479501968165424,,0.6666666666666666,0.0
58,58,accumulation,N/A,7,0.7694557304021928,0.25175758049277347,,1.0,1.0
58,58,refinement,0.5,0,0.4523502132922528,0.16332997871296676,,0.33333333333333337,0.3333333333333333
58,58,refinement,0.5,1,0.5534401877328397,0.15849721162312871,,0.6666666666666666,0.5
58,58,refinement,0.5,2,0.7538586141536658,0.1581061547008283,,1.0,1.0
58,58,refinement,0.5,3,0.752309231207232,0.16123914893617006,,1.0,1.0
58,58,refinement,0.5,4,0.7539112254421731,0.15394221875293873,,1.0,1.0
58,58,refinement,0.5,5,0.7540595082524957,0.15849721162312871,,1.0,1.0
58,58,refinement,0.5,6,0.7550280551553634,0.1548321515653002,,1.0,1.0
58,58,refinement,0.5,7,0.5553767498023673,0.15313823346913977,,0.6666666666666666,0.5
58,58,refinement,0.8,0,0.4523502132922528,0.16332997871296676,,0.33333333333333337,0.3333333333333333
58,58,refinement,0.8,1,0.7567168745930604,0.16085797706568694,,1.0,1.0
58,58,refinement,0.8,2,0.757334333041679,0.16124798866764145,,1.0,1.0
58,58,refinement,0.8,3,0.7598268317396032,0.15995063304128299,,1.0,1.0
58,58,refinement,0.8,4,0.7597398131653904,0.16508960350178417,,1.0,1.0
58,58,refinement,0.8,5,0.7626568413977279,0.16579440921675442,,1.0,1.0
58,58,refinement,0.8,6,0.7647258309822265,0.1748041963767069,,1.0,1.0
58,58,refinement,0.8,7,0.7730391148941694,0.18069329873018813,,1.0,1.0
59,59,accumulation,N/A,0,0.3724534243795004,0.38234085917873956,,0.16666666666666669,0.3333333333333333
59,59,accumulation,N/A,1,0.28369508952284406,0.0645444220669802,,0.10526315789473684,0.3333333333333333
59,59,accumulation,N/A,2,0.39742839245936945,0.2803445791996198,,0.4444444444444445,0.0
59,59,accumulation,N/A,3,0.38768222857673995,0.3660159200456756,,0.5,0.0
59,59,accumulation,N/A,4,0.2551180208237098,0.21588507222225453,,0.2222222222222222,0.0
59,59,accumulation,N/A,5,0.3608948323676822,0.394725350650258,,0.23529411764705882,0.0
59,59,accumulation,N/A,6,0.22485679182120866,0.0045050219839376055,,0.0026455026455026454,0.16666666666666666
59,59,accumulation,N/A,7,0.3060074209504259,0.28624916614477025,,0.21052631578947367,0.0
59,59,refinement,0.5,0,0.3724534243795004,0.38234085917873956,,0.16666666666666669,0.3333333333333333
59,59,refinement,0.5,1,0.3288940339455266,0.38948598042011157,,0.2857142857142857,0.0
59,59,refinement,0.5,2,0.3310875822655148,0.3833523429331807,,0.3076923076923077,0.0
59,59,refinement,0.5,3,0.3275660098217664,0.3864191616766462,,0.19999999999999998,0.0
59,59,refinement,0.5,4,0.3371087552263265,0.3833523429331807,,0.2666666666666667,0.0
59,59,refinement,0.5,5,0.34608532366426714,0.37282291986310745,,0.33333333333333337,0.0
59,59,refinement,0.5,6,0.38750850816763466,0.37282291986310745,,0.4444444444444445,0.0
59,59,refinement,0.5,7,0.3419877295771514,0.36984033650420256,,0.3076923076923077,0.0
59,59,refinement,0.8,0,0.3724534243795004,0.38234085917873956,,0.16666666666666669,0.3333333333333333
59,59,refinement,0.8,1,0.3650533360868119,0.3790018279231005,,0.2857142857142857,0.25
59,59,refinement,0.8,2,0.48414171103377457,0.37878808658091717,,0.5714285714285715,0.5
59,59,refinement,0.8,3,0.4999900389609079,0.3871935487741946,,0.6666666666666666,0.5
59,59,refinement,0.8,4,0.4450045743540409,0.37878808658091717,,0.3076923076923077,0.5
59,59,refinement,0.8,5,0.45307357677461496,0.3735715602644395,,0.3636363636363636,0.5
59,59,refinement,0.8,6,0.32670120487699617,0.36030639178643115,,0.2857142857142857,0.0
59,59,refinement,0.8,7,0.3754335704250622,0.35397185923719043,,0.3636363636363636,0.25
60,60,accumulation,N/A,0,0.3908490301292399,0.04244592437638559,,0.6666666666666666,0.25
60,60,accumulation,N/A,1,0.4192555023072348,0.09545611640348353,,0.5333333333333333,0.25
60,60,accumulation,N/A,2,0.43485382047749144,0.03281193013421727,,0.6086956521739131,0.5
60,60,accumulation,N/A,3,0.4082109696417273,0.12677549749931022,,0.5294117647058824,0.25
60,60,accumulation,N/A,4,0.2073704673068301,0.011848877141105432,,0.17391304347826086,0.16666666666666666
60,60,accumulation,N/A,5,0.29556552549714593,0.0,,0.3902439024390244,0.0
60,60,accumulation,N/A,6,0.4627765079736513,0.10799359665324092,,0.368421052631579,0.5
60,60,accumulation,N/A,7,0.1075976604584902,0.0,,0.10256410256410256,0.0
60,60,refinement,0.5,0,0.3908490301292399,0.04244592437638559,,0.6666666666666666,0.25
60,60,refinement,0.5,1,0.3754736067435765,0.06730477620259588,,0.5454545454545455,0.25
60,60,refinement,0.5,2,0.37735973372787096,0.06694099293818971,,0.6,0.25
60,60,refinement,0.5,3,0.4105344749855705,0.04215813588647858,,0.5384615384615384,0.5
60,60,refinement,0.5,4,0.38392160522950075,0.040343457673959984,,0.6086956521739131,0.25
60,60,refinement,0.5,5,0.33993287922208165,0.055104385653813905,,0.5833333333333334,0.2
60,60,refinement,0.5,6,0.3912584904292331,0.048192790807092246,,0.6956521739130435,0.25
60,60,refinement,0.5,7,0.4697209685634442,0.05118855897423628,,0.761904761904762,0.75
60,60,refinement,0.8,0,0.3908490301292399,0.04244592437638559,,0.6666666666666666,0.25
60,60,refinement,0.8,1,0.35180001764954816,0.03692362299068236,,0.6666666666666667,0.0
60,60,refinement,0.8,2,0.38477329998514687,0.05552523763101719,,0.6363636363636364,0.25
60,60,refinement,0.8,3,0.2841899885812238,0.03499031338414078,,0.39999999999999997,0.0
60,60,refinement,0.8,4,0.2793638203048826,0.0327445010495538,,0.34782608695652173,0.0
60,60,refinement,0.8,5,0.27850733066133215,0.04165624278202203,,0.4186046511627907,0.0
60,60,refinement,0.8,6,0.3513118524735488,0.03608418991678903,,0.6666666666666666,0.0
60,60,refinement,0.8,7,0.36403522939116173,0.062093348704395736,,0.5217391304347826,0.25
61,61,accumulation,N/A,0,0.1845695932067083,0.0018220906274155273,,0.2692307692307693,0.0
61,61,accumulation,N/A,1,0.3577012170461874,0.01983748008102525,,0.3783783783783784,0.125
61,61,accumulation,N/A,2,0.3453597145354518,0.013670361318703894,,0.4635761589403974,0.0
61,61,accumulation,N/A,3,0.3463944632572409,0.009450007291875843,,0.3333333333333333,0.0
61,61,accumulation,N/A,4,0.35578684317208137,0.01789083561997219,,0.31818181818181823,0.125
61,61,accumulation,N/A,5,0.35104097657472627,0.004198834035926746,,0.2445414847161572,0.125
61,61,accumulation,N/A,6,0.30935392356326996,0.014052222614649869,,0.2677824267782427,0.0
61,61,accumulation,N/A,7,0.3471609476538938,0.003107961245879127,,0.32195121951219513,0.0
61,61,refinement,0.5,0,0.1845695932067083,0.0018220906274155273,,0.2692307692307693,0.0
61,61,refinement,0.5,1,0.23378747689160614,0.0004928206574771392,,0.3859649122807018,0.125
61,61,refinement,0.5,2,0.19663398722777845,0.006504948841589106,,0.3055555555555556,0.0
61,61,refinement,0.5,3,0.20985769389989273,0.006749123461058941,,0.2696629213483146,0.0
61,61,refinement,0.5,4,0.23665220637329898,0.003204697175695557,,0.25742574257425743,0.125
61,61,refinement,0.5,5,0.2221560284516649,0.0029761066599506445,,0.17500000000000002,0.0
61,61,refinement,0.5,6,0.28631618408645615,0.002766671455171585,,0.2014388489208633,0.125
61,61,refinement,0.5,7,0.2369133232990962,0.005674902916769098,,0.16184971098265896,0.0
61,61,refinement,0.8,0,0.1845695932067083,0.0018220906274155273,,0.2692307692307693,0.0
61,61,refinement,0.8,1,0.3381369178848203,0.009505903841959618,,0.16428571428571428,0.25
61,61,refinement,0.8,2,0.3081722780417965,0.00041478250111296133,,0.21561338289962825,0.125
61,61,refinement,0.8,3,0.33997683659962624,0.023087513036755176,,0.23628691983122363,0.25
61,61,refinement,0.8,4,0.30936787615747735,0.02748464105129286,,0.1881533101045296,0.0
61,61,refinement,0.8,5,0.3176902549924976,0.013187201628492105,,0.1643059490084986,0.0
61,61,refinement,0.8,6,0.344121465455277,0.00950906674772352,,0.22153846153846155,0.125
61,61,refinement,0.8,7,0.3198243526324356,0.020103382241438695,,0.16296296296296298,0.0
62,62,accumulation,N/A,0,0.3339431479544439,0.007520185390635258,,0.6944444444444444,0.0
62,62,accumulation,N/A,1,0.31761885551534846,0.007880281121316265,,0.4121212121212121,0.0
62,62,accumulation,N/A,2,0.3182854242426196,0.015394221833275804,,0.5254237288135593,0.0
62,62,accumulation,N/A,3,0.328326990476419,0.01981859770554366,,0.4090909090909091,0.0
62,62,accumulation,N/A,4,0.3522772207649477,0.007871544790927975,,0.5984251968503937,0.0
62,62,accumulation,N/A,5,0.373492406211694,0.005468937242020847,,0.47058823529411764,0.16666666666666666
62,62,accumulation,N/A,6,0.3624836317841961,0.00032055786269754617,,0.4511278195488722,0.2
62,62,accumulation,N/A,7,0.29381823349390956,0.005406168713066578,,0.3536585365853659,0.0
62,62,refinement,0.5,0,0.3339431479544439,0.007520185390635258,,0.6944444444444444,0.0
62,62,refinement,0.5,1,0.35441288156189055,0.0066860851110664464,,0.6666666666666666,0.14285714285714285
62,62,refinement,0.5,2,0.3452748041595738,0.004205837181605232,,0.6315789473684211,0.0
62,62,refinement,0.5,3,0.3738267551253584,0.006766410927684703,,0.6233766233766234,0.14285714285714285
62,62,refinement,0.5,4,0.3779474433907407,0.0038397880287870945,,0.6842105263157895,0.14285714285714285
62,62,refinement,0.5,5,0.3432101605195569,0.006498226643023684,,0.5806451612903226,0.0
62,62,refinement,0.5,6,0.32001055378029736,0.006628000441216449,,0.5842696629213484,0.0
62,62,refinement,0.5,7,0.3469236011429192,0.00785663057918081,,0.4631578947368421,0.2857142857142857
62,62,refinement,0.8,0,0.3339431479544439,0.007520185390635258,,0.6944444444444444,0.0
62,62,refinement,0.8,1,0.3403659624688136,0.005562252534345509,,0.5576923076923078,0.0
62,62,refinement,0.8,2,0.337872420670466,0.006439075191291618,,0.584070796460177,0.0
62,62,refinement,0.8,3,0.31798970834580587,0.010796812185052282,,0.5686274509803921,0.0
62,62,refinement,0.8,4,0.3522730385823558,0.008580734290213088,,0.5116279069767441,0.14285714285714285
62,62,refinement,0.8,5,0.35110412300050653,0.005715190005395355,,0.549618320610687,0.14285714285714285
62,62,refinement,0.8,6,0.3836461450834532,0.009874493024232241,,0.5811965811965812,0.16666666666666666
62,62,refinement,0.8,7,0.3375292784431402,0.004392832694375451,,0.4216867469879518,0.0
63,63,accumulation,N/A,0,0.3583281028613925,0.02927677820319466,,0.27906976744186046,0.0
63,63,accumulation,N/A,1,0.35752848469850534,0.035921316034716905,,0.35714285714285715,0.25
63,63,accumulation,N/A,2,0.3519876700681016,0.05632648400034049,,0.3513513513513513,0.0
63,63,accumulation,N/A,3,0.4763242254019755,0.1311736029033344,,0.4516129032258065,0.2
63,63,accumulation,N/A,4,0.3382406300548346,0.12867839809089132,,0.3913043478260869,0.2
63,63,accumulation,N/A,5,0.3438437514760332,0.03760428081864312,,0.3880597014925373,0.0
63,63,accumulation,N/A,6,0.45940953712190274,0.11871770206266123,,0.4,0.25
63,63,accumulation,N/A,7,0.2865223868300072,0.04046799129317791,,0.4827586206896553,0.0
63,63,refinement,0.5,0,0.3583281028613925,0.02927677820319466,,0.27906976744186046,0.0
63,63,refinement,0.5,1,0.36077626746275027,0.03498119401304795,,0.35897435897435903,0.0
63,63,refinement,0.5,2,0.36187215401572337,0.029226987907589604,,0.326530612244898,0.0
63,63,refinement,0.5,3,0.37446363849763653,0.04080942979576981,,0.4137931034482759,0.0
63,63,refinement,0.5,4,0.4587199784102474,0.061197461919156544,,0.5185185185185186,0.5
63,63,refinement,0.5,5,0.3740580653631379,0.0473831227355479,,0.5142857142857143,0.0
63,63,refinement,0.5,6,0.373941288378913,0.05373307056936992,,0.5,0.0
63,63,refinement,0.5,7,0.37009795388656785,0.05380484970734549,,0.4444444444444444,0.0
63,63,refinement,0.8,0,0.3583281028613925,0.02927677820319466,,0.27906976744186046,0.0
63,63,refinement,0.8,1,0.3609236300955332,0.0185929339411761,,0.36363636363636365,0.0
63,63,refinement,0.8,2,0.315854745168674,0.01784675879159972,,0.3835616438356165,0.0
63,63,refinement,0.8,3,0.32966609207514036,0.017915275799953532,,0.3409090909090909,0.0
63,63,refinement,0.8,4,0.3374666212053477,0.022117852408232896,,0.37837837837837834,0.16666666666666666
63,63,refinement,0.8,5,0.36976654198478826,0.01315264490876052,,0.4918032786885246,0.16666666666666666
63,63,refinement,0.8,6,0.4110857393304702,0.022064948373028637,,0.5714285714285713,0.2
63,63,refinement,0.8,7,0.342575013746117,0.03443524563761811,,0.3181818181818181,0.0
64,64,accumulation,N/A,0,0.41425320069568083,0.005669598534518853,,0.5476190476190476,0.2
64,64,accumulation,N/A,1,0.3100145503569258,0.00518636953997318,,0.5119047619047619,0.0
64,64,accumulation,N/A,2,0.3208460351394914,0.0009055888069646577,,0.4444444444444445,0.0
64,64,accumulation,N/A,3,0.3253536141833299,0.011524374500304966,,0.45595854922279794,0.0
64,64,accumulation,N/A,4,0.3650959060518212,0.008319580846509503,,0.5793103448275861,0.0
64,64,accumulation,N/A,5,0.2772782923437265,0.029709970611022273,,0.3942307692307692,0.0
64,64,accumulation,N/A,6,0.27778475056594665,0.016357958517295688,,0.43216080402010054,0.0
64,64,accumulation,N/A,7,0.3291974491784172,0.0013087022427036056,,0.48913043478260865,0.0
64,64,refinement,0.5,0,0.41425320069568083,0.005669598534518853,,0.5476190476190476,0.2
64,64,refinement,0.5,1,0.4122713845428898,0.004062804226476349,,0.5977011494252874,0.3333333333333333
64,64,refinement,0.5,2,0.35076348709471755,0.01708877691439759,,0.55,0.0
64,64,refinement,0.5,3,0.38335076877647006,0.0020496576188953203,,0.5999999999999999,0.16666666666666666
64,64,refinement,0.5,4,0.40126297455618226,0.006222063091652297,,0.6526315789473683,0.16666666666666666
64,64,refinement,0.5,5,0.3658179167408468,0.005843100778837347,,0.5777777777777778,0.14285714285714285
64,64,refinement,0.5,6,0.3753429949196925,0.0016326024789722886,,0.49438202247191015,0.16666666666666666
64,64,refinement,0.5,7,0.34837478271348293,0.002835810167796266,,0.49438202247191015,0.0
64,64,refinement,0.8,0,0.41425320069568083,0.005669598534518853,,0.5476190476190476,0.2
64,64,refinement,0.8,1,0.3574546344443246,0.008258811934857556,,0.537037037037037,0.14285714285714285
64,64,refinement,0.8,2,0.328978524398978,0.0032909774301358953,,0.4375,0.0
64,64,refinement,0.8,3,0.34762202092614125,0.00035855073446008635,,0.5390070921985816,0.0
64,64,refinement,0.8,4,0.3336698314487007,0.004835933341595998,,0.5142857142857143,0.0
64,64,refinement,0.8,5,0.3814221722169818,0.0015698048912889853,,0.5333333333333333,0.16666666666666666
64,64,refinement,0.8,6,0.38403458241586047,0.00044786004549200725,,0.5056179775280898,0.16666666666666666
64,64,refinement,0.8,7,0.42138813046879864,0.0013513708203527724,,0.6153846153846153,0.2
65,65,accumulation,N/A,0,0.2830693692278325,0.0,,0.3478260869565218,0.14285714285714285
65,65,accumulation,N/A,1,0.3515081122031308,0.004953365084368764,,0.4444444444444445,0.0
65,65,accumulation,N/A,2,0.3354409636692966,0.004171000584993358,,0.5280898876404495,0.0
65,65,accumulation,N/A,3,0.37725308180902656,0.0011558765372410157,,0.6329113924050632,0.125
65,65,accumulation,N/A,4,0.3298595760682193,0.004254886687097364,,0.4017857142857143,0.0
65,65,accumulation,N/A,5,0.32472206201334153,0.015316417745785687,,0.44843049327354256,0.0
65,65,accumulation,N/A,6,0.3378781481375824,0.009020865693249976,,0.6356589147286822,0.0
65,65,accumulation,N/A,7,0.30799833451390246,0.0005401436068358681,,0.3898305084745763,0.0
65,65,refinement,0.5,0,0.2830693692278325,0.0,,0.3478260869565218,0.14285714285714285
65,65,refinement,0.5,1,0.26221206172973077,0.0,,0.3333333333333333,0.0
65,65,refinement,0.5,2,0.2699845385807912,0.0,,0.42857142857142855,0.0
65,65,refinement,0.5,3,0.3078967399877683,0.0,,0.37142857142857144,0.14285714285714285
65,65,refinement,0.5,4,0.34130710295825245,2.4325131240484363e-05,,0.3589743589743589,0.14285714285714285
65,65,refinement,0.5,5,0.27121549112414023,0.0012040790048443101,,0.4358974358974359,0.0
65,65,refinement,0.5,6,0.3048459906579673,0.0013039227262435385,,0.41379310344827586,0.125
65,65,refinement,0.5,7,0.3003072338516415,0.0012068555976671106,,0.41975308641975306,0.125
65,65,refinement,0.8,0,0.2830693692278325,0.0,,0.3478260869565218,0.14285714285714285
65,65,refinement,0.8,1,0.3572889897731595,0.0031200873164090328,,0.5430463576158939,0.125
65,65,refinement,0.8,2,0.351245185315174,0.0004430895130961127,,0.4918032786885246,0.125
65,65,refinement,0.8,3,0.34833448556998,0.004247012763230679,,0.4824120603015075,0.0
65,65,refinement,0.8,4,0.3491494558328648,0.017505990965941486,,0.45217391304347826,0.125
65,65,refinement,0.8,5,0.35024680444528056,0.0035046179905439435,,0.4608294930875576,0.125
65,65,refinement,0.8,6,0.2993982065696046,0.0019286119041427314,,0.3550724637681159,0.0
65,65,refinement,0.8,7,0.3244510466874156,0.00455012080314105,,0.3257328990228013,0.0
66,66,accumulation,N/A,0,0.27604271570892247,0.0015886488296702815,,0.5882352941176471,0.0
66,66,accumulation,N/A,1,0.29310872281526373,0.00029005599959141734,,0.4830508474576271,0.0
66,66,accumulation,N/A,2,0.29757962634525154,0.0032120456157971136,,0.4285714285714286,0.0
66,66,accumulation,N/A,3,0.28928228096537445,0.004062471079155522,,0.38686131386861317,0.0
66,66,accumulation,N/A,4,0.28466874747209114,0.010556963759795845,,0.3508771929824561,0.0
66,66,accumulation,N/A,5,0.3024045901903203,0.0012780076113046942,,0.4170212765957447,0.0
66,66,accumulation,N/A,6,0.3177955670575589,0.003828771866760533,,0.4408163265306122,0.0
66,66,accumulation,N/A,7,0.2868112387039372,0.00010403687402315439,,0.4034334763948498,0.0
66,66,refinement,0.5,0,0.27604271570892247,0.0015886488296702815,,0.5882352941176471,0.0
66,66,refinement,0.5,1,0.25727642575744747,0.0030020876627709645,,0.5142857142857142,0.0
66,66,refinement,0.5,2,0.26645656611951457,0.0012558534047448322,,0.5309734513274336,0.0
66,66,refinement,0.5,3,0.2933773644016677,0.0018415329883969607,,0.5825242718446602,0.0
66,66,refinement,0.5,4,0.3080605360712517,0.007049179949988586,,0.58,0.0
66,66,refinement,0.5,5,0.30105898371513323,0.0,,0.5217391304347826,0.14285714285714285
66,66,refinement,0.5,6,0.26648763264110975,0.007290828052101338,,0.5094339622641509,0.0
66,66,refinement,0.5,7,0.29311468440015603,0.006948585775857132,,0.5625,0.0
66,66,refinement,0.8,0,0.27604271570892247,0.0015886488296702815,,0.5882352941176471,0.0
66,66,refinement,0.8,1,0.28823446981863365,0.005053556851236231,,0.6608695652173913,0.0
66,66,refinement,0.8,2,0.26645650809862115,0.005823923602123626,,0.5695364238410595,0.0
66,66,refinement,0.8,3,0.2585709920806575,0.0027058889509178796,,0.518987341772152,0.0
66,66,refinement,0.8,4,0.2734953186766159,0.002639475122363697,,0.6478873239436619,0.0
66,66,refinement,0.8,5,0.26361739853562016,0.002829356543068011,,0.5793103448275863,0.0
66,66,refinement,0.8,6,0.2678400883491204,0.0028422104680250024,,0.5822784810126582,0.0
66,66,refinement,0.8,7,0.24294957024264857,0.0017019670875449613,,0.569620253164557,0.0
67,67,accumulation,N/A,0,0.16403757474765407,0.0,,0.0,0.0
67,67,accumulation,N/A,1,0.18859869584600508,0.0,,0.0,0.0
67,67,accumulation,N/A,2,0.22264007217157888,0.02917992479634003,,0.01923076923076923,0.0
67,67,accumulation,N/A,3,0.17078245678297738,0.0,,0.0,0.0
67,67,accumulation,N/A,4,0.3663824900849729,0.19891691868434141,,0.33333333333333337,0.3333333333333333
67,67,accumulation,N/A,5,0.2708784531318294,0.041095029275149554,,0.25,0.0
67,67,accumulation,N/A,6,0.2906369577747273,0.0,,0.15384615384615385,0.0
67,67,accumulation,N/A,7,0.4629823830532358,0.22240539132254686,,0.5,0.3333333333333333
67,67,refinement,0.5,0,0.16403757474765407,0.0,,0.0,0.0
67,67,refinement,0.5,1,0.16399934192673887,0.0,,0.0,0.0
67,67,refinement,0.5,2,0.16400857540355276,0.0,,0.0,0.0
67,67,refinement,0.5,3,0.16409913477080912,0.0,,0.0,0.0
67,67,refinement,0.5,4,0.16408617175061008,0.0,,0.0,0.0
67,67,refinement,0.5,5,0.16410733528068291,0.0,,0.0,0.0
67,67,refinement,0.5,6,0.16409563904698177,0.0,,0.0,0.0
67,67,refinement,0.5,7,0.16407582407278806,0.0,,0.0,0.0
67,67,refinement,0.8,0,0.16403757474765407,0.0,,0.0,0.0
67,67,refinement,0.8,1,0.1642295183582098,0.0,,0.0,0.0
67,67,refinement,0.8,2,0.16488143896917926,0.0,,0.0,0.0
67,67,refinement,0.8,3,0.16462604818995852,0.0,,0.0,0.0
67,67,refinement,0.8,4,0.1648229663234242,0.0,,0.0,0.0
67,67,refinement,0.8,5,0.1649105625297878,0.0,,0.0,0.0
67,67,refinement,0.8,6,0.1647759017910937,0.0,,0.0,0.0
67,67,refinement,0.8,7,0.16479874011149565,0.0,,0.0,0.0
68,68,accumulation,N/A,0,0.4534996396051748,0.4862499880921701,,0.4,0.0
68,68,accumulation,N/A,1,0.17224636676465965,0.0,,0.2857142857142857,0.0
68,68,accumulation,N/A,2,0.21939903199287436,0.1340006502007877,,0.14285714285714288,0.0
68,68,accumulation,N/A,3,0.30263916478764613,0.0,,0.0,0.5
68,68,accumulation,N/A,4,0.21266915438139983,0.0,,0.0,0.0
68,68,accumulation,N/A,5,0.2581413869371812,0.0,,0.0,0.0
68,68,accumulation,N/A,6,0.241478543762069,0.0,,0.08333333333333333,0.0
68,68,accumulation,N/A,7,0.3267048992075714,0.21806099771015042,,0.33333333333333337,0.0
68,68,refinement,0.5,0,0.4534996396051748,0.4862499880921701,,0.4,0.0
68,68,refinement,0.5,1,0.378617551117254,0.4862499880921701,,0.4,0.0
68,68,refinement,0.5,2,0.3685516542304894,0.4810064430583638,,0.33333333333333337,0.0
68,68,refinement,0.5,3,0.34558668900196465,0.4995773243632458,,0.33333333333333337,0.0
68,68,refinement,0.5,4,0.4722540980898413,0.5230561689207278,,0.5,0.0
68,68,refinement,0.5,5,0.36401214892375444,0.5156150305841972,,0.2857142857142857,0.0
68,68,refinement,0.5,6,0.381699459792063,0.5230561689207278,,0.4,0.0
68,68,refinement,0.5,7,0.4694673778126527,0.4982328311979617,,0.5,0.0
68,68,refinement,0.8,0,0.4534996396051748,0.4862499880921701,,0.4,0.0
68,68,refinement,0.8,1,0.3648624783746749,0.4668664071056654,,0.25,0.0
68,68,refinement,0.8,2,0.3247104672785481,0.3148544165165607,,0.25,0.0
68,68,refinement,0.8,3,0.36208395880321437,0.32704795360487465,,0.33333333333333337,0.0
68,68,refinement,0.8,4,0.3011389629375141,0.34281548188128214,,0.14285714285714288,0.0
68,68,refinement,0.8,5,0.3745239176482629,0.35647197423218185,,0.4,0.0
68,68,refinement,0.8,6,0.3736873879396609,0.32513586170047787,,0.4,0.0
68,68,refinement,0.8,7,0.2906663623594977,0.30432383327205514,,0.15384615384615385,0.0
69,69,accumulation,N/A,0,0.3869785119720544,0.02441634757835121,,0.5714285714285715,0.0
69,69,accumulation,N/A,1,0.3240757285329688,0.0,,0.36,0.0
69,69,accumulation,N/A,2,0.2876403628259087,0.013053987076681735,,0.2807017543859649,0.0
69,69,accumulation,N/A,3,0.19800707158063724,0.0,,0.2564102564102564,0.0
69,69,accumulation,N/A,4,0.39180941847825695,0.04245739259989298,,0.4888888888888888,0.16666666666666666
69,69,accumulation,N/A,5,0.29518151592304853,0.015103715754345498,,0.16666666666666666,0.14285714285714285
69,69,accumulation,N/A,6,0.3937408751690955,0.023693964824414226,,0.4583333333333333,0.0
69,69,accumulation,N/A,7,0.35151153907001487,0.06092842504620279,,0.4444444444444444,0.0
69,69,refinement,0.5,0,0.3869785119720544,0.02441634757835121,,0.5714285714285715,0.0
69,69,refinement,0.5,1,0.3792408974420536,0.04001529362780423,,0.5217391304347826,0.0
69,69,refinement,0.5,2,0.38769121378954646,0.027730569283026477,,0.6153846153846153,0.0
69,69,refinement,0.5,3,0.3922650151663257,0.026187152971145433,,0.64,0.0
69,69,refinement,0.5,4,0.3928461111456635,0.022949928356684586,,0.6428571428571429,0.0
69,69,refinement,0.5,5,0.415418118673427,0.022629624302640792,,0.6,0.16666666666666666
69,69,refinement,0.5,6,0.4280615063840872,0.020243154441382978,,0.7407407407407408,0.0
69,69,refinement,0.5,7,0.3897276646644085,0.020078239665820508,,0.6060606060606061,0.0
69,69,refinement,0.8,0,0.3869785119720544,0.02441634757835121,,0.5714285714285715,0.0
69,69,refinement,0.8,1,0.35960153175036325,0.028359145143915968,,0.5333333333333333,0.0
69,69,refinement,0.8,2,0.38674202592308404,0.035332311674924295,,0.4736842105263157,0.2857142857142857
69,69,refinement,0.8,3,0.36591269299815776,0.033029485348068266,,0.5,0.0
69,69,refinement,0.8,4,0.4626470072516163,0.016244388886015444,,0.8,0.3333333333333333
69,69,refinement,0.8,5,0.43981505011966915,0.032838897274243835,,0.64,0.2
69,69,refinement,0.8,6,0.3913791547918739,0.030083722397113592,,0.6,0.0
69,69,refinement,0.8,7,0.4367720833346928,0.029679353405646623,,0.7826086956521738,0.0
70,70,accumulation,N/A,0,0.42474225120121967,0.03227173924484226,,0.5230769230769231,0.2857142857142857
70,70,accumulation,N/A,1,0.30772406040667255,0.023037781970782968,,0.31683168316831684,0.0
70,70,accumulation,N/A,2,0.3294645112724713,0.0006200883495410498,,0.49462365591397844,0.14285714285714285
70,70,accumulation,N/A,3,0.3521840360869613,0.0051935971377148876,,0.38636363636363635,0.0
70,70,accumulation,N/A,4,0.3194556587453925,0.0419669165038722,,0.5283018867924528,0.0
70,70,accumulation,N/A,5,0.24625712594259122,0.019928002470642466,,0.32183908045977005,0.0
70,70,accumulation,N/A,6,0.29060360563723914,0.007317784456562752,,0.5128205128205129,0.0
70,70,accumulation,N/A,7,0.3796900632641047,0.008712155566211889,,0.5631067961165048,0.0
70,70,refinement,0.5,0,0.42474225120121967,0.03227173924484226,,0.5230769230769231,0.2857142857142857
70,70,refinement,0.5,1,0.4310285945496597,0.026537322700851056,,0.5245901639344261,0.2857142857142857
70,70,refinement,0.5,2,0.44882377930656703,0.03562527402433488,,0.5245901639344261,0.42857142857142855
70,70,refinement,0.5,3,0.4132353109383495,0.02627423115208619,,0.65625,0.14285714285714285
70,70,refinement,0.5,4,0.42790170723774046,0.029199665752647496,,0.5172413793103449,0.2857142857142857
70,70,refinement,0.5,5,0.39875449850672007,0.040268521248148025,,0.4827586206896552,0.14285714285714285
70,70,refinement,0.5,6,0.4485617812764594,0.03799610190818262,,0.5454545454545455,0.42857142857142855
70,70,refinement,0.5,7,0.43037083804676013,0.036353083480941316,,0.5818181818181817,0.2857142857142857
70,70,refinement,0.8,0,0.42474225120121967,0.03227173924484226,,0.5230769230769231,0.2857142857142857
70,70,refinement,0.8,1,0.41984880973456057,0.0308695990001405,,0.4444444444444445,0.2857142857142857
70,70,refinement,0.8,2,0.43780690012509943,0.021400727591386292,,0.5617977528089887,0.2857142857142857
70,70,refinement,0.8,3,0.39002288766443133,0.0063325186792629225,,0.5853658536585366,0.0
70,70,refinement,0.8,4,0.43019566311143265,0.019996488653238144,,0.5588235294117647,0.2857142857142857
70,70,refinement,0.8,5,0.3959008637473492,0.007178728062372235,,0.45714285714285713,0.14285714285714285
70,70,refinement,0.8,6,0.4317688964764791,0.02898249755636418,,0.49275362318840576,0.2857142857142857
70,70,refinement,0.8,7,0.3937798538000044,0.03210241853497396,,0.45333333333333337,0.0
71,71,accumulation,N/A,0,0.2583214316611404,0.05998831463128771,,0.3333333333333333,0.0
71,71,accumulation,N/A,1,0.17542448327466714,0.0010425830295014017,,0.28888888888888886,0.0
71,71,accumulation,N/A,2,0.4185792641482785,0.0009030647353783078,,0.6336633663366337,0.2857142857142857
71,71,accumulation,N/A,3,0.32232202266819676,0.0020521814690469056,,0.5645161290322579,0.14285714285714285
71,71,accumulation,N/A,4,0.3018043631777466,0.005176097177873334,,0.509090909090909,0.0
71,71,accumulation,N/A,5,0.22995552367493358,0.006762093744581658,,0.5057471264367815,0.14285714285714285
71,71,accumulation,N/A,6,0.270913173356586,0.011696579778444283,,0.5591397849462365,0.125
71,71,accumulation,N/A,7,0.31263263302995314,0.036996518287985704,,0.3838383838383838,0.0
71,71,refinement,0.5,0,0.2583214316611404,0.05998831463128771,,0.3333333333333333,0.0
71,71,refinement,0.5,1,0.29040071273618534,0.04799065170503017,,0.39473684210526316,0.0
71,71,refinement,0.5,2,0.3155874717600009,0.04191691411041748,,0.44736842105263164,0.0
71,71,refinement,0.5,3,0.3286863858266444,0.033688027320429956,,0.40963855421686746,0.14285714285714285
71,71,refinement,0.5,4,0.3083110309302569,0.035400646560490016,,0.425,0.0
71,71,refinement,0.5,5,0.3044794351372166,0.047505835991806473,,0.36585365853658536,0.14285714285714285
71,71,refinement,0.5,6,0.2811876439619112,0.04954299118237022,,0.37037037037037035,0.0
71,71,refinement,0.5,7,0.2897475598760455,0.04543969151881855,,0.41025641025641024,0.0
71,71,refinement,0.8,0,0.2583214316611404,0.05998831463128771,,0.3333333333333333,0.0
71,71,refinement,0.8,1,0.3430192162339988,0.02823438522185931,,0.47619047619047616,0.0
71,71,refinement,0.8,2,0.3437917223373398,0.025139700044025107,,0.5869565217391304,0.14285714285714285
71,71,refinement,0.8,3,0.3166478008012211,0.0249434146747753,,0.4462809917355372,0.0
71,71,refinement,0.8,4,0.35813098610166744,0.016027759248077967,,0.5547445255474452,0.14285714285714285
71,71,refinement,0.8,5,0.4013304078903729,0.016058984129433188,,0.5555555555555556,0.2857142857142857
71,71,refinement,0.8,6,0.3274554735155271,0.020951894407851952,,0.48611111111111116,0.0
71,71,refinement,0.8,7,0.3773602967544623,0.016928005377168678,,0.5063291139240507,0.14285714285714285
72,72,accumulation,N/A,0,0.39614444950610883,0.024516804220293852,,0.42857142857142855,0.0
72,72,accumulation,N/A,1,0.4100515748561375,0.11301740997293563,,0.2962962962962963,0.25
72,72,accumulation,N/A,2,0.32735690091117287,0.012076141151363982,,0.3333333333333333,0.0
72,72,accumulation,N/A,3,0.33858808872787344,0.00897232589549927,,0.48000000000000004,0.0
72,72,accumulation,N/A,4,0.41343641340996984,0.04527933758446761,,0.28571428571428575,0.25
72,72,accumulation,N/A,5,0.2918999401796564,0.0033315571907744663,,0.45000000000000007,0.0
72,72,accumulation,N/A,6,0.3383614774565449,0.06878588967302808,,0.34146341463414637,0.0
72,72,accumulation,N/A,7,0.27954246703712504,0.027180991555494603,,0.17543859649122806,0.0
72,72,refinement,0.5,0,0.39614444950610883,0.024516804220293852,,0.42857142857142855,0.0
72,72,refinement,0.5,1,0.38914843165513613,0.020606141566082998,,0.4375,0.0
72,72,refinement,0.5,2,0.3879245133034305,0.008401624661895384,,0.4516129032258065,0.0
72,72,refinement,0.5,3,0.3688822294928259,0.02908280742851559,,0.33333333333333337,0.0
72,72,refinement,0.5,4,0.3855301940216276,0.028804465409233586,,0.3846153846153846,0.0
72,72,refinement,0.5,5,0.38486501859237,0.023971771443042047,,0.48000000000000004,0.0
72,72,refinement,0.5,6,0.40693344643095186,0.006980022655845183,,0.5925925925925926,0.2
72,72,refinement,0.5,7,0.36619666545118534,0.008623518915326754,,0.37499999999999994,0.16666666666666666
72,72,refinement,0.8,0,0.39614444950610883,0.024516804220293852,,0.42857142857142855,0.0
72,72,refinement,0.8,1,0.34217936264488835,0.008553919792142081,,0.34146341463414637,0.0
72,72,refinement,0.8,2,0.3344006773020644,0.02775953953015367,,0.2631578947368421,0.0
72,72,refinement,0.8,3,0.36769217221442463,0.03646647135077591,,0.28571428571428575,0.0
72,72,refinement,0.8,4,0.3851878265381426,0.05438197643258596,,0.3529411764705882,0.0
72,72,refinement,0.8,5,0.3923051854226112,0.08151918423393492,,0.3684210526315789,0.0
72,72,refinement,0.8,6,0.40224039454820454,0.106857450475258,,0.3529411764705882,0.0
72,72,refinement,0.8,7,0.33098169118839166,0.0755633712480337,,0.2222222222222222,0.0
73,73,accumulation,N/A,0,0.3473499045699351,0.015683579868179205,,0.5,0.0
73,73,accumulation,N/A,1,0.5462869497295008,0.44769529156249,,0.6666666666666666,0.0
73,73,accumulation,N/A,2,0.3641113781701826,0.00292668240026319,,0.5,0.0
73,73,accumulation,N/A,3,0.2578370298268771,0.0,,0.16666666666666669,0.0
73,73,accumulation,N/A,4,0.276078382081426,0.0,,0.19999999999999998,0.0
73,73,accumulation,N/A,5,0.2908333120908557,0.10824767301629473,,0.07692307692307693,0.0
73,73,accumulation,N/A,6,0.29526415179685206,0.28987827778661135,,0.0909090909090909,0.0
73,73,accumulation,N/A,7,0.32964940668895115,0.34673490081867947,,0.25,0.0
73,73,refinement,0.5,0,0.3473499045699351,0.015683579868179205,,0.5,0.0
73,73,refinement,0.5,1,0.34747594399989395,0.016458531288176932,,0.5,0.0
73,73,refinement,0.5,2,0.3481839791319504,0.020551847044196454,,0.5,0.0
73,73,refinement,0.5,3,0.4480302865425118,0.017718286737438506,,0.6666666666666666,0.0
73,73,refinement,0.5,4,0.44801950729697615,0.01897752212929963,,0.6666666666666666,0.0
73,73,refinement,0.5,5,0.4485790817200713,0.020236237785732473,,0.6666666666666666,0.0
73,73,refinement,0.5,6,0.32426080375808264,0.02313415353525092,,0.33333333333333337,0.0
73,73,refinement,0.5,7,0.33400575984467773,0.01897752212929963,,0.4,0.0
73,73,refinement,0.8,0,0.3473499045699351,0.015683579868179205,,0.5,0.0
73,73,refinement,0.8,1,0.44760054594969384,0.017194874667602722,,0.6666666666666666,0.0
73,73,refinement,0.8,2,0.4479170000919017,0.025924184041849367,,0.6666666666666666,0.0
73,73,refinement,0.8,3,0.2941787904063943,0.027398828199645193,,0.2857142857142857,0.0
73,73,refinement,0.8,4,0.2732603208216066,0.027233283119530386,,0.25,0.0
73,73,refinement,0.8,5,0.28638986769708225,0.01851271462345378,,0.25,0.0
73,73,refinement,0.8,6,0.2662759919165199,0.017475532581751732,,0.10526315789473684,0.0
73,73,refinement,0.8,7,0.2558285762726436,0.02143373783273234,,0.125,0.0
74,74,accumulation,N/A,0,0.36441283445435946,0.18059926792799244,,0.2173913043478261,0.0
74,74,accumulation,N/A,1,0.29159028201139364,0.024251251003265792,,0.1846153846153846,0.0
74,74,accumulation,N/A,2,0.33216794815769984,0.06674063602867311,,0.14893617021276595,0.0
74,74,accumulation,N/A,3,0.26271560383657794,0.034168417055504115,,0.20689655172413793,0.0
74,74,accumulation,N/A,4,0.34313729419373246,0.01741724358572527,,0.17721518987341772,0.25
74,74,accumulation,N/A,5,0.4042038024941328,0.11033988665195212,,0.18918918918918917,0.2857142857142857
74,74,accumulation,N/A,6,0.3102357282284647,0.05193445381643626,,0.11864406779661017,0.0
74,74,accumulation,N/A,7,0.2990466642390775,0.05073604727475693,,0.11382113821138212,0.125
74,74,refinement,0.5,0,0.36441283445435946,0.18059926792799244,,0.2173913043478261,0.0
74,74,refinement,0.5,1,0.362870447457885,0.17952391547129468,,0.20833333333333334,0.0
74,74,refinement,0.5,2,0.3842674061828866,0.16249046994501484,,0.1639344262295082,0.0
74,74,refinement,0.5,3,0.36093998960020873,0.16300494431784165,,0.19607843137254902,0.0
74,74,refinement,0.5,4,0.3735748113675472,0.15113883805993977,,0.24,0.0
74,74,refinement,0.5,5,0.40728619445289926,0.13271839256328163,,0.19999999999999998,0.14285714285714285
74,74,refinement,0.5,6,0.38413321674141543,0.17923934270267633,,0.15873015873015875,0.0
74,74,refinement,0.5,7,0.3863529966775712,0.17838582204711295,,0.1818181818181818,0.0
74,74,refinement,0.8,0,0.36441283445435946,0.18059926792799244,,0.2173913043478261,0.0
74,74,refinement,0.8,1,0.3495576523897955,0.14785207110300702,,0.16901408450704225,0.0
74,74,refinement,0.8,2,0.35053268458147774,0.1193317390999834,,0.20289855072463767,0.125
74,74,refinement,0.8,3,0.3134482654184946,0.11886000402471561,,0.11382113821138212,0.0
74,74,refinement,0.8,4,0.35385322889404086,0.09631312065020406,,0.08588957055214724,0.125
74,74,refinement,0.8,5,0.35701494442658177,0.0798969937980848,,0.10650887573964497,0.125
74,74,refinement,0.8,6,0.3236145778459655,0.09419723729253882,,0.10526315789473684,0.0
74,74,refinement,0.8,7,0.3191080117956222,0.10646045041057897,,0.06796116504854369,0.0
75,75,accumulation,N/A,0,0.3770385956150851,0.005345107168437311,,0.6666666666666667,0.0
75,75,accumulation,N/A,1,0.36808411613815506,0.0,,0.4655172413793104,0.0
75,75,accumulation,N/A,2,0.421141276235131,0.002286489879135154,,0.6292134831460675,0.14285714285714285
75,75,accumulation,N/A,3,0.3116131752419483,0.0,,0.5306122448979592,0.0
75,75,accumulation,N/A,4,0.39450868430515396,0.01773333575053273,,0.6451612903225806,0.16666666666666666
75,75,accumulation,N/A,5,0.3230818670047091,0.00482720992189778,,0.423076923076923,0.2857142857142857
75,75,accumulation,N/A,6,0.3964970813982981,0.0005569984002464486,,0.5631067961165048,0.16666666666666666
75,75,accumulation,N/A,7,0.316419774527696,0.0,,0.4788732394366197,0.0
75,75,refinement,0.5,0,0.3770385956150851,0.005345107168437311,,0.6666666666666667,0.0
75,75,refinement,0.5,1,0.3703302846915802,0.00327857822513323,,0.6111111111111113,0.14285714285714285
75,75,refinement,0.5,2,0.31868956549823213,0.01048269264631151,,0.417910447761194,0.0
75,75,refinement,0.5,3,0.32307742900541203,0.006332642681858758,,0.4657534246575342,0.0
75,75,refinement,0.5,4,0.3298332969342603,0.008317123554389665,,0.47619047619047616,0.14285714285714285
75,75,refinement,0.5,5,0.31170136821425243,0.011850989997498462,,0.5,0.0
75,75,refinement,0.5,6,0.31003344747618894,0.01664624337565357,,0.48387096774193544,0.0
75,75,refinement,0.5,7,0.32432296981879766,0.022818922069800768,,0.4242424242424242,0.14285714285714285
75,75,refinement,0.8,0,0.3770385956150851,0.005345107168437311,,0.6666666666666667,0.0
75,75,refinement,0.8,1,0.3381305367699047,0.0,,0.47619047619047616,0.0
75,75,refinement,0.8,2,0.3820254078211867,0.0,,0.5679012345679012,0.0
75,75,refinement,0.8,3,0.3918683728299094,0.0,,0.6470588235294117,0.0
75,75,refinement,0.8,4,0.33819694777890086,0.0014948262367908188,,0.5316455696202531,0.0
75,75,refinement,0.8,5,0.31211940541161415,0.0,,0.5833333333333334,0.0
75,75,refinement,0.8,6,0.38030203593851214,0.0,,0.5185185185185185,0.16666666666666666
75,75,refinement,0.8,7,0.33906536367468537,0.0,,0.6097560975609756,0.0
76,76,accumulation,N/A,0,0.3063547998534519,0.0,,0.26415094339622636,0.0
76,76,accumulation,N/A,1,0.3203919837102958,0.012797709858039253,,0.4452054794520548,0.0
76,76,accumulation,N/A,2,0.33613551579494433,0.001795000298596145,,0.4940239043824701,0.0
76,76,accumulation,N/A,3,0.3579475491972402,0.005635995600180555,,0.3848797250859107,0.0
76,76,accumulation,N/A,4,0.3736839745625846,0.0044839233120411845,,0.4461538461538461,0.0
76,76,accumulation,N/A,5,0.3775012161350979,0.005581484635899737,,0.5660377358490566,0.0
76,76,accumulation,N/A,6,0.30128716191518146,0.008457566671137316,,0.4050632911392405,0.0
76,76,accumulation,N/A,7,0.31679614261977895,0.0014240161278426789,,0.3524590163934426,0.0
76,76,refinement,0.5,0,0.3063547998534519,0.0,,0.26415094339622636,0.0
76,76,refinement,0.5,1,0.3060563070136709,0.0,,0.2809917355371901,0.0
76,76,refinement,0.5,2,0.30464548130620883,0.0,,0.3114754098360656,0.0
76,76,refinement,0.5,3,0.3231342241100946,0.0,,0.2790697674418604,0.14285714285714285
76,76,refinement,0.5,4,0.29278298324934826,0.0,,0.24999999999999994,0.0
76,76,refinement,0.5,5,0.2947250156331902,0.0,,0.25,0.0
76,76,refinement,0.5,6,0.2908041479707155,0.0,,0.32394366197183094,0.0
76,76,refinement,0.5,7,0.32410066212314065,0.0,,0.2727272727272727,0.14285714285714285
76,76,refinement,0.8,0,0.3063547998534519,0.0,,0.26415094339622636,0.0
76,76,refinement,0.8,1,0.3075268553576015,0.0,,0.2594594594594595,0.0
76,76,refinement,0.8,2,0.3096626090499737,0.0,,0.29411764705882354,0.0
76,76,refinement,0.8,3,0.3126435230131015,0.0,,0.30901287553648066,0.0
76,76,refinement,0.8,4,0.2878731143921519,0.001336615568013321,,0.2741935483870968,0.0
76,76,refinement,0.8,5,0.3251331149253045,0.0005128826862040714,,0.28571428571428575,0.14285714285714285
76,76,refinement,0.8,6,0.29170995114566706,0.0019919105973053852,,0.28085106382978725,0.0
76,76,refinement,0.8,7,0.2876100895966947,0.0,,0.28318584070796465,0.0
77,77,accumulation,N/A,0,0.3407824687545159,0.0018784227091240301,,0.6896551724137931,0.0
77,77,accumulation,N/A,1,0.3303745133568795,0.013646825970842694,,0.5064935064935066,0.0
77,77,accumulation,N/A,2,0.391425437558694,0.007625502936180209,,0.5932203389830508,0.14285714285714285
77,77,accumulation,N/A,3,0.39900125866972247,0.016112742697905053,,0.5487804878048781,0.42857142857142855
77,77,accumulation,N/A,4,0.3284916026450675,0.013050401798151484,,0.5494505494505494,0.0
77,77,accumulation,N/A,5,0.3652427273914669,0.0065205800104928295,,0.5413533834586465,0.0
77,77,accumulation,N/A,6,0.37990673001475,0.0026203640345839963,,0.45378151260504207,0.14285714285714285
77,77,accumulation,N/A,7,0.3902038535509843,0.012188235984871376,,0.5673758865248227,0.0
77,77,refinement,0.5,0,0.3407824687545159,0.0018784227091240301,,0.6896551724137931,0.0
77,77,refinement,0.5,1,0.36298629085145495,0.0,,0.6837606837606838,0.0
77,77,refinement,0.5,2,0.3657333952512973,0.0036838988719226848,,0.7107438016528924,0.0
77,77,refinement,0.5,3,0.3353153508197881,0.0013140276933431712,,0.634920634920635,0.0
77,77,refinement,0.5,4,0.3829599970886137,0.0,,0.6608695652173913,0.14285714285714285
77,77,refinement,0.5,5,0.3905736038040477,0.0008952026689071765,,0.7175572519083969,0.14285714285714285
77,77,refinement,0.5,6,0.3565240707913296,0.0013600540126462283,,0.6551724137931033,0.0
77,77,refinement,0.5,7,0.35586966294503247,0.003412137230678225,,0.6376811594202898,0.0
77,77,refinement,0.8,0,0.3407824687545159,0.0018784227091240301,,0.6896551724137931,0.0
77,77,refinement,0.8,1,0.3468878151144185,0.006342425305528502,,0.6482758620689656,0.0
77,77,refinement,0.8,2,0.3533981567469841,0.003872699828257258,,0.6162790697674418,0.0
77,77,refinement,0.8,3,0.3862840026535968,0.003212881102695027,,0.6748466257668712,0.2857142857142857
77,77,refinement,0.8,4,0.3641673962374484,0.003730974788656565,,0.625,0.125
77,77,refinement,0.8,5,0.33559008961609105,0.009435943752595365,,0.5683060109289618,0.0
77,77,refinement,0.8,6,0.3280997177608308,0.012854726132540576,,0.5454545454545455,0.0
77,77,refinement,0.8,7,0.3416007595025672,0.011243497067746017,,0.6405228758169935,0.0
78,78,accumulation,N/A,0,0.23898600533176695,0.0869303171681874,,0.4444444444444445,0.0
78,78,accumulation,N/A,1,0.24406978026532306,0.0,,0.0,0.0
78,78,accumulation,N/A,2,0.26141192054540807,0.0,,0.13333333333333333,0.0
78,78,accumulation,N/A,3,0.3185009651585763,0.0,,0.5714285714285715,0.0
78,78,accumulation,N/A,4,0.29499766099521996,0.050989675406466095,,0.13559322033898305,0.0
78,78,accumulation,N/A,5,0.28476947652103124,0.0006848286990130756,,0.30769230769230765,0.0
78,78,accumulation,N/A,6,0.25547726177830427,0.04994744920085776,,0.16666666666666666,0.0
78,78,accumulation,N/A,7,0.35545278162923055,0.11940131298872922,,0.3333333333333333,0.5
78,78,refinement,0.5,0,0.23898600533176695,0.0869303171681874,,0.4444444444444445,0.0
78,78,refinement,0.5,1,0.32714956149886665,0.043331566445282126,,0.32,0.0
78,78,refinement,0.5,2,0.30402643809504104,0.04049894366379959,,0.1951219512195122,0.0
78,78,refinement,0.5,3,0.32896786407128176,0.04079540377603976,,0.38095238095238093,0.0
78,78,refinement,0.5,4,0.2790701228444574,0.043503088224481436,,0.38095238095238093,0.0
78,78,refinement,0.5,5,0.22681683203957903,0.043595454470565356,,0.19999999999999998,0.0
78,78,refinement,0.5,6,0.27133640965916267,0.042050862292584056,,0.32,0.0
78,78,refinement,0.5,7,0.31722798068708824,0.0888138268146889,,0.2758620689655173,0.0
78,78,refinement,0.8,0,0.23898600533176695,0.0869303171681874,,0.4444444444444445,0.0
78,78,refinement,0.8,1,0.3073865573503011,0.04317781727483332,,0.19999999999999998,0.0
78,78,refinement,0.8,2,0.2941059820822922,0.00821848767783154,,0.023255813953488372,0.0
78,78,refinement,0.8,3,0.26392173259343904,0.005985653510986583,,0.14035087719298245,0.0
78,78,refinement,0.8,4,0.31677618310671296,0.04760797432539808,,0.16666666666666669,0.0
78,78,refinement,0.8,5,0.3104937884172741,0.04117944052099087,,0.16666666666666669,0.0
78,78,refinement,0.8,6,0.2851796236614735,0.04138448432081397,,0.3636363636363636,0.0
78,78,refinement,0.8,7,0.4741322475812995,0.06131074921266915,,0.888888888888889,0.5
79,79,accumulation,N/A,0,0.35588662166796037,0.33327492553005095,,0.2857142857142857,0.0
79,79,accumulation,N/A,1,0.6632446674740767,0.0,,1.0,1.0
79,79,accumulation,N/A,2,0.7095641015471919,0.0,,1.0,1.0
79,79,accumulation,N/A,3,0.3560209486503717,0.12114405081760837,,0.4,0.0
79,79,accumulation,N/A,4,0.761678997365089,0.42074465463363675,,1.0,1.0
79,79,accumulation,N/A,5,0.5849147630681086,0.3021364454676329,,0.6666666666666666,0.5
79,79,accumulation,N/A,6,0.7197993375065571,0.2851823768630705,,1.0,1.0
79,79,accumulation,N/A,7,0.6613964786775085,0.07885429310017726,,1.0,1.0
79,79,refinement,0.5,0,0.35588662166796037,0.33327492553005095,,0.2857142857142857,0.0
79,79,refinement,0.5,1,0.3729545420959349,0.33327492553005095,,0.4,0.0
79,79,refinement,0.5,2,0.5129165010174853,0.33327492553005095,,0.6666666666666666,0.0
79,79,refinement,0.5,3,0.5129712631173504,0.33327492553005095,,0.6666666666666666,0.0
79,79,refinement,0.5,4,0.3979242164483432,0.33327492553005095,,0.4,0.0
79,79,refinement,0.5,5,0.36307013610896244,0.33327492553005095,,0.33333333333333337,0.0
79,79,refinement,0.5,6,0.5133157184908564,0.3311381035141883,,0.6666666666666666,0.0
79,79,refinement,0.5,7,0.5150012627642284,0.34189082059696535,,0.6666666666666666,0.0
79,79,refinement,0.8,0,0.35588662166796037,0.33327492553005095,,0.2857142857142857,0.0
79,79,refinement,0.8,1,0.36409247763995917,0.3354073468037347,,0.33333333333333337,0.0
79,79,refinement,0.8,2,0.37381133915915643,0.3344484922810563,,0.4,0.0
79,79,refinement,0.8,3,0.5146634466548614,0.3318492134164442,,0.6666666666666666,0.0
79,79,refinement,0.8,4,0.37545480586600966,0.3392081098687322,,0.4,0.0
79,79,refinement,0.8,5,0.3901819975672066,0.337537866063386,,0.33333333333333337,0.0
79,79,refinement,0.8,6,0.37521692387509653,0.3380143643688562,,0.4,0.0
79,79,refinement,0.8,7,0.5155000622843091,0.3365043045353404,,0.6666666666666666,0.0
80,80,accumulation,N/A,0,0.4164622687367884,0.029615120620092653,,0.5,0.0
80,80,accumulation,N/A,1,0.46852183610309794,0.20323605077558235,,0.33333333333333337,0.5
80,80,accumulation,N/A,2,0.4712405883302039,0.0,,0.6666666666666666,0.0
80,80,accumulation,N/A,3,0.31952844107916434,0.0,,0.25,0.0
80,80,accumulation,N/A,4,0.3640274038135638,0.03330799849377056,,0.07692307692307693,0.5
80,80,accumulation,N/A,5,0.29870606605280314,0.0037111910125768657,,0.18181818181818182,0.0
80,80,accumulation,N/A,6,0.5977888094077486,0.4590837841629205,,0.6666666666666666,0.0
80,80,accumulation,N/A,7,0.2853615567029719,0.0,,0.19999999999999998,0.0
80,80,refinement,0.5,0,0.4164622687367884,0.029615120620092653,,0.5,0.0
80,80,refinement,0.5,1,0.2660482015493354,0.023990236725959495,,0.25,0.0
80,80,refinement,0.5,2,0.2504130510378597,0.021198341580847897,,0.18181818181818182,0.0
80,80,refinement,0.5,3,0.25912565188269204,0.025512925363581254,,0.18181818181818182,0.0
80,80,refinement,0.5,4,0.25666667707505175,0.02551292536358129,,0.15384615384615385,0.0
80,80,refinement,0.5,5,0.2449972653102919,0.02543739918103971,,0.09523809523809523,0.0
80,80,refinement,0.5,6,0.26317954140704236,0.02543739918103971,,0.2222222222222222,0.0
80,80,refinement,0.5,7,0.2728978050540235,0.02551292536358129,,0.2857142857142857,0.0
80,80,refinement,0.8,0,0.4164622687367884,0.029615120620092653,,0.5,0.0
80,80,refinement,0.8,1,0.3425529479505971,0.04761827237807355,,0.5,0.0
80,80,refinement,0.8,2,0.28040039033104197,0.04470383254551756,,0.33333333333333337,0.0
80,80,refinement,0.8,3,0.41937727492737986,0.04091333081945736,,0.5,0.0
80,80,refinement,0.8,4,0.3462118834112281,0.04287767869438927,,0.5,0.0
80,80,refinement,0.8,5,0.4467232446364516,0.05077217408367028,,0.6666666666666666,0.0
80,80,refinement,0.8,6,0.2837765425185935,0.0530769670039988,,0.25,0.0
80,80,refinement,0.8,7,0.44621411551149726,0.05592820656874402,,0.6666666666666666,0.0
81,81,accumulation,N/A,0,0.3534328356415752,0.007159786690854032,,0.5203252032520326,0.0
81,81,accumulation,N/A,1,0.3308377379360769,0.03146959632460963,,0.5426356589147286,0.0
81,81,accumulation,N/A,2,0.42055554070033097,0.0155420941185522,,0.6575342465753424,0.0
81,81,accumulation,N/A,3,0.38275971522787156,0.005431807895657353,,0.4516129032258065,0.14285714285714285
81,81,accumulation,N/A,4,0.33599097321536553,0.005298116321255929,,0.4378109452736318,0.0
81,81,accumulation,N/A,5,0.36339865908183516,0.0039971743767272284,,0.4296875,0.0
81,81,accumulation,N/A,6,0.33668112096080705,0.003314362685732241,,0.3358208955223881,0.0
81,81,accumulation,N/A,7,0.3932604921413495,0.011899658665740326,,0.546583850931677,0.0
81,81,refinement,0.5,0,0.3534328356415752,0.007159786690854032,,0.5203252032520326,0.0
81,81,refinement,0.5,1,0.40314252244125065,0.004607945875689831,,0.6065573770491803,0.14285714285714285
81,81,refinement,0.5,2,0.3787912705626231,0.004657936604794868,,0.6165413533834587,0.0
81,81,refinement,0.5,3,0.3798385375425263,0.005388006636841999,,0.647887323943662,0.0
81,81,refinement,0.5,4,0.3726142341868159,0.008439016287901568,,0.5911949685534592,0.0
81,81,refinement,0.5,5,0.369862159582589,0.010840412543600155,,0.5562913907284768,0.0
81,81,refinement,0.5,6,0.36147230958560667,0.00822035508933651,,0.5064935064935064,0.0
81,81,refinement,0.5,7,0.38398671463570827,0.009198335569226118,,0.5256410256410257,0.14285714285714285
81,81,refinement,0.8,0,0.3534328356415752,0.007159786690854032,,0.5203252032520326,0.0
81,81,refinement,0.8,1,0.36724148970101406,0.01726507012209683,,0.5176470588235293,0.0
81,81,refinement,0.8,2,0.37466659207985853,0.004076026247038521,,0.5774647887323943,0.0
81,81,refinement,0.8,3,0.3594988601018174,0.01451215123784606,,0.5373134328358209,0.0
81,81,refinement,0.8,4,0.34297392152989814,0.006395956074706709,,0.5730994152046783,0.0
81,81,refinement,0.8,5,0.35162139772674916,0.01600771208383356,,0.43925233644859807,0.0
81,81,refinement,0.8,6,0.3539448994743161,0.00212194854257509,,0.47272727272727266,0.0
81,81,refinement,0.8,7,0.3656316381958945,0.0023528719736711982,,0.5526315789473685,0.0
82,82,accumulation,N/A,0,0.37654440723163257,0.009578523200959067,,0.46511627906976744,0.14285714285714285
82,82,accumulation,N/A,1,0.31805367995787964,0.009817806221831498,,0.3958333333333333,0.0
82,82,accumulation,N/A,2,0.3353105222561895,0.0024235812700940792,,0.3269230769230769,0.0
82,82,accumulation,N/A,3,0.30197820705681555,0.03125795525680959,,0.2777777777777778,0.0
82,82,accumulation,N/A,4,0.3213544042758165,0.007342890878682157,,0.41666666666666663,0.0
82,82,accumulation,N/A,5,0.35480459024511535,0.0058458516192725005,,0.3863636363636363,0.0
82,82,accumulation,N/A,6,0.33428519293639414,0.004919055650752227,,0.3555555555555555,0.14285714285714285
82,82,accumulation,N/A,7,0.280625548347557,0.00516330512895328,,0.23931623931623933,0.0
82,82,refinement,0.5,0,0.37654440723163257,0.009578523200959067,,0.46511627906976744,0.14285714285714285
82,82,refinement,0.5,1,0.3799657853097476,0.0,,0.38596491228070173,0.2857142857142857
82,82,refinement,0.5,2,0.3801119058397214,0.004138774311543522,,0.4745762711864407,0.14285714285714285
82,82,refinement,0.5,3,0.38398196439830584,0.018882966607077455,,0.5,0.14285714285714285
82,82,refinement,0.5,4,0.4533816420839662,0.01607367925463956,,0.5957446808510639,0.5714285714285714
82,82,refinement,0.5,5,0.38909169805811095,0.019746558447518495,,0.4150943396226416,0.2857142857142857
82,82,refinement,0.5,6,0.3633102543933575,0.020653932566595864,,0.42307692307692313,0.14285714285714285
82,82,refinement,0.5,7,0.4102233750218298,0.007490473283276692,,0.47058823529411764,0.42857142857142855
82,82,refinement,0.8,0,0.37654440723163257,0.009578523200959067,,0.46511627906976744,0.14285714285714285
82,82,refinement,0.8,1,0.32921425736247956,3.6069785117975396e-05,,0.37837837837837834,0.0
82,82,refinement,0.8,2,0.32715261642833615,0.0,,0.4444444444444444,0.0
82,82,refinement,0.8,3,0.3142964802123278,0.014091884919854724,,0.29473684210526313,0.0
82,82,refinement,0.8,4,0.3132569080202455,2.550388846725533e-05,,0.28846153846153844,0.0
82,82,refinement,0.8,5,0.30882035371471295,0.0,,0.2777777777777778,0.0
82,82,refinement,0.8,6,0.3138448362362504,1.0222808627291474e-05,,0.3448275862068966,0.0
82,82,refinement,0.8,7,0.31137580751691685,1.2751944233627663e-05,,0.2608695652173913,0.0
83,83,accumulation,N/A,0,0.460022845051495,0.03104347886240842,,0.38235294117647056,0.25
83,83,accumulation,N/A,1,0.37669739423337184,0.03807158533747345,,0.5057471264367817,0.0
83,83,accumulation,N/A,2,0.3617652030484262,0.025092661731119712,,0.4489795918367347,0.0
83,83,accumulation,N/A,3,0.4283450100430066,0.002584875773066526,,0.6666666666666666,0.25
83,83,accumulation,N/A,4,0.4087483700863126,0.01657548734234581,,0.5833333333333333,0.2
83,83,accumulation,N/A,5,0.2436609304618044,0.00011394409590169741,,0.3622047244094488,0.0
83,83,accumulation,N/A,6,0.3276666167344624,0.01146502262927878,,0.4550264550264551,0.0
83,83,accumulation,N/A,7,0.3579923963743198,0.007963960444680498,,0.5076923076923077,0.2
83,83,refinement,0.5,0,0.460022845051495,0.03104347886240842,,0.38235294117647056,0.25
83,83,refinement,0.5,1,0.4497244575294581,0.04901812409933513,,0.3287671232876712,0.25
83,83,refinement,0.5,2,0.4913401193329272,0.031640618932323644,,0.4054054054054054,0.5
83,83,refinement,0.5,3,0.45164506233546137,0.043553792649038844,,0.3888888888888889,0.25
83,83,refinement,0.5,4,0.4550408657508071,0.04245356421641625,,0.4,0.25
83,83,refinement,0.5,5,0.43791771998232354,0.06576755521148134,,0.28125,0.25
83,83,refinement,0.5,6,0.4530620935788013,0.05376388799746367,,0.34375,0.25
83,83,refinement,0.5,7,0.40351053338604936,0.05215511105914707,,0.3333333333333333,0.0
83,83,refinement,0.8,0,0.460022845051495,0.03104347886240842,,0.38235294117647056,0.25
83,83,refinement,0.8,1,0.47192708139369893,0.02869611192288824,,0.5066666666666666,0.25
83,83,refinement,0.8,2,0.4474608545683809,0.027108882143281363,,0.5882352941176471,0.0
83,83,refinement,0.8,3,0.45514107892144184,0.02616638057856691,,0.4444444444444444,0.25
83,83,refinement,0.8,4,0.4463291935466034,0.05066938804258812,,0.36144578313253006,0.25
83,83,refinement,0.8,5,0.4608000769390216,0.0006481534735251657,,0.5192307692307693,0.25
83,83,refinement,0.8,6,0.4413264119530702,0.0024766255013697978,,0.4536082474226804,0.25
83,83,refinement,0.8,7,0.4657123243041602,0.0019643649857471633,,0.5777777777777777,0.25
84,84,accumulation,N/A,0,0.16419721529371686,0.0,,0.08163265306122448,0.0
84,84,accumulation,N/A,1,0.33189404001147116,0.016727710862853636,,0.5822784810126582,0.0
84,84,accumulation,N/A,2,0.380140571679852,0.024602093745907192,,0.7083333333333333,0.0
84,84,accumulation,N/A,3,0.22477163951917623,0.0010832484519247775,,0.3934426229508196,0.0
84,84,accumulation,N/A,4,0.30046674688953057,0.0,,0.5277777777777778,0.0
84,84,accumulation,N/A,5,0.23919392592818844,0.0,,0.4571428571428571,0.0
84,84,accumulation,N/A,6,0.32412190970113053,0.008257356103096648,,0.6075949367088608,0.25
84,84,accumulation,N/A,7,0.2723814774811788,0.02113142979360492,,0.4722222222222222,0.0
84,84,refinement,0.5,0,0.16419721529371686,0.0,,0.08163265306122448,0.0
84,84,refinement,0.5,1,0.16396061162192954,0.0,,0.08163265306122448,0.0
84,84,refinement,0.5,2,0.16056058237001336,0.0,,0.08,0.0
84,84,refinement,0.5,3,0.16681768943976907,0.0,,0.08163265306122448,0.0
84,84,refinement,0.5,4,0.16733305800672693,0.0,,0.08163265306122448,0.0
84,84,refinement,0.5,5,0.1636405011307045,0.0,,0.11764705882352941,0.0
84,84,refinement,0.5,6,0.15136479698770489,0.0,,0.11764705882352941,0.0
84,84,refinement,0.5,7,0.18456480796364516,0.0,,0.18518518518518517,0.0
84,84,refinement,0.8,0,0.16419721529371686,0.0,,0.08163265306122448,0.0
84,84,refinement,0.8,1,0.15660119766897973,0.0,,0.22641509433962262,0.0
84,84,refinement,0.8,2,0.16822971816031568,0.0,,0.12,0.0
84,84,refinement,0.8,3,0.18299778445274578,0.0,,0.15384615384615383,0.0
84,84,refinement,0.8,4,0.18325380760971727,0.0,,0.2222222222222222,0.0
84,84,refinement,0.8,5,0.1973471698290743,0.0,,0.18518518518518517,0.0
84,84,refinement,0.8,6,0.18345069825868582,0.0,,0.2222222222222222,0.0
84,84,refinement,0.8,7,0.18581783727696577,0.0,,0.29508196721311475,0.0
85,85,accumulation,N/A,0,0.5922247315817901,0.15964902699652303,,0.5,1.0
85,85,accumulation,N/A,1,0.45382621602229367,0.035366929159062845,,0.8,0.5
85,85,accumulation,N/A,2,0.24728587513433847,0.0,,0.28571428571428575,0.0
85,85,accumulation,N/A,3,0.4323313771845475,0.0,,0.4,0.5
85,85,accumulation,N/A,4,0.26510443301881126,0.09094166289442952,,0.2857142857142857,0.0
85,85,accumulation,N/A,5,0.33820539191383814,0.0,,0.5,0.0
85,85,accumulation,N/A,6,0.5266838940931045,0.5073671512221406,,0.6666666666666666,0.0
85,85,accumulation,N/A,7,0.3392154615351006,0.06937833605969305,,0.3333333333333333,0.0
85,85,refinement,0.5,0,0.5922247315817901,0.15964902699652303,,0.5,1.0
85,85,refinement,0.5,1,0.3176932588719209,0.15964902699652303,,0.1818181818181818,0.25
85,85,refinement,0.5,2,0.3666406302014624,0.1580658120594573,,0.3333333333333333,0.3333333333333333
85,85,refinement,0.5,3,0.4275314999690427,0.15327950134579954,,0.4,0.5
85,85,refinement,0.5,4,0.330298823934445,0.15964902699652303,,0.25,0.25
85,85,refinement,0.5,5,0.3547209844359457,0.15724744309408326,,0.25,0.3333333333333333
85,85,refinement,0.5,6,0.29612495363070834,0.15724744309408326,,0.14285714285714285,0.2
85,85,refinement,0.5,7,0.3179581803217325,0.15724744309408326,,0.1818181818181818,0.25
85,85,refinement,0.8,0,0.5922247315817901,0.15964902699652303,,0.5,1.0
85,85,refinement,0.8,1,0.41930994445960057,0.15169730639140555,,0.3333333333333333,0.5
85,85,refinement,0.8,2,0.42954625139550007,0.14787391765872135,,0.4,0.5
85,85,refinement,0.8,3,0.29313846428145707,0.14636137087881065,,0.15384615384615385,0.0
85,85,refinement,0.8,4,0.29580052137467705,0.07355687828378915,,0.2666666666666667,0.0
85,85,refinement,0.8,5,0.2996448322592856,0.14354327758285929,,0.2,0.0
85,85,refinement,0.8,6,0.32765376364882925,0.14060068998173578,,0.22222222222222224,0.0
85,85,refinement,0.8,7,0.28682609789609415,0.14208250166334002,,0.2,0.0
86,86,accumulation,N/A,0,0.18544632198292804,0.09875976993033898,,0.07142857142857142,0.0
86,86,accumulation,N/A,1,0.32954287764972423,0.0003348989806299284,,0.44274809160305345,0.25
86,86,accumulation,N/A,2,0.33488837395223203,0.006102987679715468,,0.3864734299516908,0.125
86,86,accumulation,N/A,3,0.35805919846797896,0.0009558062987528549,,0.6268656716417911,0.125
86,86,accumulation,N/A,4,0.2836948440182752,0.004328672232672886,,0.5217391304347826,0.0
86,86,accumulation,N/A,5,0.3823380597591426,0.010617662126975182,,0.43689320388349523,0.14285714285714285
86,86,accumulation,N/A,6,0.28470047272408106,0.0014060442372538136,,0.5,0.0
86,86,accumulation,N/A,7,0.35817189559670926,0.009604273639245686,,0.6153846153846154,0.0
86,86,refinement,0.5,0,0.18544632198292804,0.09875976993033898,,0.07142857142857142,0.0
86,86,refinement,0.5,1,0.19585660825020046,0.0989327413641657,,0.08333333333333333,0.0
86,86,refinement,0.5,2,0.21469372852786722,0.06547366272230319,,0.12244897959183672,0.0
86,86,refinement,0.5,3,0.19557875300480318,0.09843119545545256,,0.08333333333333333,0.0
86,86,refinement,0.5,4,0.19208632483941887,0.09843119545545256,,0.08163265306122448,0.0
86,86,refinement,0.5,5,0.1925695336879838,0.09987656757503381,,0.08163265306122448,0.0
86,86,refinement,0.5,6,0.19596691066569982,0.09932351279638436,,0.08333333333333333,0.0
86,86,refinement,0.5,7,0.19594354089517188,0.0986046900239513,,0.08333333333333333,0.0
86,86,refinement,0.8,0,0.18544632198292804,0.09875976993033898,,0.07142857142857142,0.0
86,86,refinement,0.8,1,0.2163530263748416,0.06861160942851803,,0.12244897959183672,0.0
86,86,refinement,0.8,2,0.23560619679007827,0.033972134738466817,,0.21818181818181817,0.0
86,86,refinement,0.8,3,0.2481726221790613,0.017744694725973377,,0.3768115942028985,0.0
86,86,refinement,0.8,4,0.2425234060171862,0.028140699203265382,,0.28571428571428575,0.16666666666666666
86,86,refinement,0.8,5,0.2433795368457529,0.04699393416798688,,0.19607843137254902,0.0
86,86,refinement,0.8,6,0.2736942325101256,0.015460996809329936,,0.4477611940298507,0.0
86,86,refinement,0.8,7,0.25597667128108337,0.022944806447631475,,0.3859649122807018,0.0
87,87,accumulation,N/A,0,0.24437067816889246,0.012906310669438124,,0.4,0.0
87,87,accumulation,N/A,1,0.39937442927894207,0.25020714663860133,,0.09999999999999999,0.4
87,87,accumulation,N/A,2,0.29813151707619295,0.025519987218005427,,0.6,0.0
87,87,accumulation,N/A,3,0.34555837364277875,0.13143060585372185,,0.26666666666666666,0.2
87,87,accumulation,N/A,4,0.4336271650094389,0.01844123070950206,,0.5714285714285715,0.5
87,87,accumulation,N/A,5,0.39876642026410475,0.15032948580257088,,0.4444444444444445,0.3333333333333333
87,87,accumulation,N/A,6,0.3268701635404062,0.018970279078918153,,0.4,0.0
87,87,accumulation,N/A,7,0.3310819683506996,0.3091385704150737,,0.5,0.3333333333333333
87,87,refinement,0.5,0,0.24437067816889246,0.012906310669438124,,0.4,0.0
87,87,refinement,0.5,1,0.20625767151075486,0.12606000801751518,,0.28571428571428575,0.0
87,87,refinement,0.5,2,0.2131719361519097,0.12230822206461298,,0.3333333333333333,0.0
87,87,refinement,0.5,3,0.24594633916290842,0.08803704187241025,,0.4,0.0
87,87,refinement,0.5,4,0.24669876496691073,0.09266111465123712,,0.4,0.0
87,87,refinement,0.5,5,0.24646702300069911,0.0868214985563514,,0.4,0.0
87,87,refinement,0.5,6,0.2534010456865935,0.15367329441167438,,0.4,0.0
87,87,refinement,0.5,7,0.24681503292058066,0.08491515694370916,,0.4,0.0
87,87,refinement,0.8,0,0.24437067816889246,0.012906310669438124,,0.4,0.0
87,87,refinement,0.8,1,0.25492820983588427,0.16113091732027154,,0.4,0.0
87,87,refinement,0.8,2,0.2830316806373303,0.07859665610571981,,0.5714285714285715,0.0
87,87,refinement,0.8,3,0.270112087747589,0.0,,0.5714285714285715,0.0
87,87,refinement,0.8,4,0.31353570423883786,0.0,,0.6666666666666666,0.0
87,87,refinement,0.8,5,0.16161287234695204,0.08254630197473334,,0.15384615384615383,0.0
87,87,refinement,0.8,6,0.14274574856187483,0.05219012115563843,,0.07142857142857142,0.0
87,87,refinement,0.8,7,0.2174789475579674,0.02928298784800767,,0.16666666666666669,0.2
88,88,accumulation,N/A,0,0.2935513760896613,0.0006691116740509581,,0.5785123966942148,0.125
88,88,accumulation,N/A,1,0.38528236180729336,0.011126598775979551,,0.4824120603015076,0.0
88,88,accumulation,N/A,2,0.3771398486766759,0.003584824089823593,,0.37179487179487175,0.125
88,88,accumulation,N/A,3,0.40845952218427806,0.009491677368007288,,0.5588235294117647,0.125
88,88,accumulation,N/A,4,0.33032815691133494,0.0262455557108425,,0.46445497630331756,0.0
88,88,accumulation,N/A,5,0.37103765764188834,0.003575327811895885,,0.5029239766081871,0.0
88,88,accumulation,N/A,6,0.3215921026491137,0.013622132988488033,,0.43850267379679136,0.125
88,88,accumulation,N/A,7,0.33840927180235486,0.00329514834691159,,0.4454976303317535,0.0
88,88,refinement,0.5,0,0.2935513760896613,0.0006691116740509581,,0.5785123966942148,0.125
88,88,refinement,0.5,1,0.2743074637614516,0.000778054223650915,,0.5840707964601771,0.0
88,88,refinement,0.5,2,0.33174006036029924,0.0006982551560776669,,0.5932203389830508,0.25
88,88,refinement,0.5,3,0.28818222308743807,2.5255586535741716e-05,,0.549618320610687,0.125
88,88,refinement,0.5,4,0.28010826402908123,0.000873871249635892,,0.6181818181818182,0.0
88,88,refinement,0.5,5,0.30367949093026714,0.0006957465378829525,,0.5034965034965035,0.125
88,88,refinement,0.5,6,0.32071861789887407,0.0007111028631530888,,0.48951048951048953,0.25
88,88,refinement,0.5,7,0.2873695260425573,0.002007261505868761,,0.4933333333333334,0.125
88,88,refinement,0.8,0,0.2935513760896613,0.0006691116740509581,,0.5785123966942148,0.125
88,88,refinement,0.8,1,0.304645933436127,0.0010443821295467257,,0.5285714285714286,0.0
88,88,refinement,0.8,2,0.2697741235532985,0.005214554579803341,,0.48951048951048953,0.0
88,88,refinement,0.8,3,0.26990186522524917,0.009246619152470523,,0.5390070921985816,0.0
88,88,refinement,0.8,4,0.3033086918332282,0.0018868942098755094,,0.4999999999999999,0.125
88,88,refinement,0.8,5,0.3190368884597644,0.001578735097680178,,0.6341463414634146,0.125
88,88,refinement,0.8,6,0.2992240899187245,0.0036250517586170214,,0.524822695035461,0.125
88,88,refinement,0.8,7,0.2874523634919653,0.00996134202927138,,0.5170068027210885,0.0
89,89,accumulation,N/A,0,0.5530664019485847,0.39349911112565766,,0.6666666666666666,0.0
89,89,accumulation,N/A,1,0.40377648942386235,0.46731253553029595,,0.014598540145985401,0.2
89,89,accumulation,N/A,2,0.18322016234106864,0.0,,0.0,0.0
89,89,accumulation,N/A,3,0.27194550049081373,0.20043200769590278,,0.1,0.0
89,89,accumulation,N/A,4,0.2849333817718686,0.0,,0.15384615384615385,0.0
89,89,accumulation,N/A,5,0.37877048637844335,0.5442800102639382,,0.1111111111111111,0.0
89,89,accumulation,N/A,6,0.42322951007256737,0.5768830024884909,,0.18181818181818182,0.0
89,89,accumulation,N/A,7,0.3651685839729497,0.46817794098175775,,0.25,0.0
89,89,refinement,0.5,0,0.5530664019485847,0.39349911112565766,,0.6666666666666666,0.0
89,89,refinement,0.5,1,0.5281743000939778,0.3944315734742967,,0.5,0.0
89,89,refinement,0.5,2,0.512767279586684,0.3944315734742967,,0.4,0.0
89,89,refinement,0.5,3,0.47779142640409156,0.0,,0.5,0.0
89,89,refinement,0.5,4,0.40301279836727943,0.39178077439585135,,0.33333333333333337,0.0
89,89,refinement,0.5,5,0.4280365322699577,0.39270916485650503,,0.33333333333333337,0.0
89,89,refinement,0.5,6,0.5545040207846265,0.4085184153840937,,0.6666666666666666,0.0
89,89,refinement,0.5,7,0.5545535847796403,0.4076795685352558,,0.6666666666666666,0.0
89,89,refinement,0.8,0,0.5530664019485847,0.39349911112565766,,0.6666666666666666,0.0
89,89,refinement,0.8,1,0.5266786102538369,0.39100173370495506,,0.5,0.0
89,89,refinement,0.8,2,0.5537358589005881,0.40147499442919543,,0.6666666666666666,0.0
89,89,refinement,0.8,3,0.45457766164838787,0.39722624626512093,,0.5,0.0
89,89,refinement,0.8,4,0.5036781619293507,0.39393414780911024,,0.33333333333333337,0.0
89,89,refinement,0.8,5,0.3897419958551563,0.39300505783786216,,0.25,0.0
89,89,refinement,0.8,6,0.5320036111724366,0.4075608007207459,,0.5,0.0
89,89,refinement,0.8,7,0.5333277301152122,0.4127859391915247,,0.5,0.0
90,90,accumulation,N/A,0,0.37902111119574977,0.024462449978183046,,0.4482758620689655,0.0
90,90,accumulation,N/A,1,0.37299337239836444,0.03738635475077303,,0.41025641025641024,0.16666666666666666
90,90,accumulation,N/A,2,0.3439257234700294,0.004208338645792098,,0.3448275862068966,0.0
90,90,accumulation,N/A,3,0.3261365544796196,0.01329831873288836,,0.3128491620111732,0.0
90,90,accumulation,N/A,4,0.33208668232379257,0.007829141783054995,,0.368421052631579,0.0
90,90,accumulation,N/A,5,0.35767696297677465,0.022808602404707088,,0.43478260869565216,0.0
90,90,accumulation,N/A,6,0.34479169591453274,0.01048966173253283,,0.2857142857142857,0.14285714285714285
90,90,accumulation,N/A,7,0.3415226705097593,0.0031373777614352293,,0.42253521126760574,0.0
90,90,refinement,0.5,0,0.37902111119574977,0.024462449978183046,,0.4482758620689655,0.0
90,90,refinement,0.5,1,0.3747197419894167,0.014718636551167308,,0.547945205479452,0.0
90,90,refinement,0.5,2,0.3733242912067508,0.01792477042046109,,0.5294117647058824,0.0
90,90,refinement,0.5,3,0.3976785678948346,0.021538260781745224,,0.5230769230769231,0.14285714285714285
90,90,refinement,0.5,4,0.4208421480362848,0.01579387144826311,,0.6756756756756758,0.14285714285714285
90,90,refinement,0.5,5,0.3842482015368377,0.01760565692755589,,0.5757575757575757,0.0
90,90,refinement,0.5,6,0.393585815518709,0.016674957018746713,,0.6153846153846154,0.0
90,90,refinement,0.5,7,0.37715366136218315,0.01628899383793529,,0.6461538461538462,0.0
90,90,refinement,0.8,0,0.37902111119574977,0.024462449978183046,,0.4482758620689655,0.0
90,90,refinement,0.8,1,0.35054265363995013,0.002626583734111547,,0.37593984962406013,0.0
90,90,refinement,0.8,2,0.3729211479723884,0.0028378478410033014,,0.3522012578616352,0.0
90,90,refinement,0.8,3,0.35677821027584933,0.01414598492990746,,0.3888888888888889,0.0
90,90,refinement,0.8,4,0.37971490934733865,0.020202635835474003,,0.3779527559055118,0.16666666666666666
90,90,refinement,0.8,5,0.4032130087528999,0.009993716161863628,,0.39416058394160586,0.16666666666666666
90,90,refinement,0.8,6,0.37098677909569444,0.01720519606280822,,0.2613636363636364,0.16666666666666666
90,90,refinement,0.8,7,0.3555211368171931,0.021411285860789254,,0.3741007194244604,0.0
91,91,accumulation,N/A,0,0.5871593175774754,0.6869127925255037,,0.6666666666666666,0.0
91,91,accumulation,N/A,1,0.5902281963499398,0.6031749076112761,,0.8,0.5
91,91,accumulation,N/A,2,0.556990434148845,0.4849328107452938,,0.6666666666666666,0.5
91,91,accumulation,N/A,3,0.3150599682649575,0.11780466435793176,,0.4444444444444445,0.0
91,91,accumulation,N/A,4,0.4499472624131481,0.4326343878932749,,0.5,0.3333333333333333
91,91,accumulation,N/A,5,0.374066665229399,0.24869675264284755,,0.2857142857142857,0.0
91,91,accumulation,N/A,6,0.6731023674799799,0.23256190658216366,,1.0,1.0
91,91,accumulation,N/A,7,0.356809728582745,0.20023966325588996,,0.4444444444444445,0.0
91,91,refinement,0.5,0,0.5871593175774754,0.6869127925255037,,0.6666666666666666,0.0
91,91,refinement,0.5,1,0.5857998565617999,0.6693172762446129,,0.6666666666666666,0.0
91,91,refinement,0.5,2,0.5865441970349261,0.6678987352249768,,0.6666666666666666,0.0
91,91,refinement,0.5,3,0.5865777345456477,0.6678987352249768,,0.6666666666666666,0.0
91,91,refinement,0.5,4,0.5865232049917768,0.6678987352249768,,0.6666666666666666,0.0
91,91,refinement,0.5,5,0.5857747866718535,0.6615494612972219,,0.6666666666666666,0.0
91,91,refinement,0.5,6,0.5856946149216227,0.6615494612972219,,0.6666666666666666,0.0
91,91,refinement,0.5,7,0.5842890543966855,0.6551957350564669,,0.6666666666666666,0.0
91,91,refinement,0.8,0,0.5871593175774754,0.6869127925255037,,0.6666666666666666,0.0
91,91,refinement,0.8,1,0.585885308091328,0.6810726580474893,,0.6666666666666666,0.0
91,91,refinement,0.8,2,0.5844138392418715,0.6574254953348614,,0.6666666666666666,0.0
91,91,refinement,0.8,3,0.48772781558847644,0.6942090527363884,,0.5,0.0
91,91,refinement,0.8,4,0.4824070535292614,0.6432878027088932,,0.5,0.0
91,91,refinement,0.8,5,0.48240363493304117,0.6374980018217266,,0.5,0.0
91,91,refinement,0.8,6,0.48543590600400494,0.6700572421434219,,0.5,0.0
91,91,refinement,0.8,7,0.4692882772200221,0.6626529151081038,,0.4,0.0
92,92,accumulation,N/A,0,0.21631712565898106,0.000191284098469727,,0.2941176470588235,0.0
92,92,accumulation,N/A,1,0.3729805732481736,0.010649536382387106,,0.40322580645161293,0.125
92,92,accumulation,N/A,2,0.41642523920350843,0.011592578624936936,,0.4770642201834862,0.14285714285714285
92,92,accumulation,N/A,3,0.39349832869902235,0.0032381565184379916,,0.5084745762711864,0.14285714285714285
92,92,accumulation,N/A,4,0.3896624445313597,0.013278051818331573,,0.46153846153846156,0.0
92,92,accumulation,N/A,5,0.39639331590741467,0.012350995522287541,,0.594059405940594,0.0
92,92,accumulation,N/A,6,0.37649133899140147,0.005956373695907353,,0.37735849056603776,0.14285714285714285
92,92,accumulation,N/A,7,0.41274872252536454,0.005706425869146722,,0.5309734513274336,0.14285714285714285
92,92,refinement,0.5,0,0.21631712565898106,0.000191284098469727,,0.2941176470588235,0.0
92,92,refinement,0.5,1,0.2308735923378274,0.0,,0.31746031746031744,0.0
92,92,refinement,0.5,2,0.22901938915895698,0.0,,0.2898550724637681,0.0
92,92,refinement,0.5,3,0.23242534070195714,0.0,,0.2777777777777778,0.0
92,92,refinement,0.5,4,0.22194113069819038,0.0,,0.28205128205128205,0.0
92,92,refinement,0.5,5,0.26409519641837753,0.0,,0.24742268041237114,0.0
92,92,refinement,0.5,6,0.2507312208297248,0.005887639761951458,,0.20338983050847456,0.0
92,92,refinement,0.5,7,0.23620649883714998,0.00011444832729083666,,0.23008849557522124,0.0
92,92,refinement,0.8,0,0.21631712565898106,0.000191284098469727,,0.2941176470588235,0.0
92,92,refinement,0.8,1,0.24482745587012417,0.0014579796481545327,,0.32499999999999996,0.0
92,92,refinement,0.8,2,0.25368745159917827,0.005058110727131627,,0.30357142857142855,0.0
92,92,refinement,0.8,3,0.27771960458660216,0.014995077825557451,,0.3010752688172043,0.14285714285714285
92,92,refinement,0.8,4,0.2986921150988283,0.01086077021718088,,0.2833333333333333,0.14285714285714285
92,92,refinement,0.8,5,0.21643627238438862,0.0027512649716912724,,0.22429906542056074,0.0
92,92,refinement,0.8,6,0.2382703963093507,0.0,,0.25,0.0
92,92,refinement,0.8,7,0.23564593546235527,0.015567645767895533,,0.247787610619469,0.0
93,93,accumulation,N/A,0,0.22844436485029002,0.005884301310878102,,0.15384615384615385,0.0
93,93,accumulation,N/A,1,0.5949159473788094,0.02868262963253905,,1.0,1.0
93,93,accumulation,N/A,2,0.5597836795202142,0.054375101550153675,,1.0,1.0
93,93,accumulation,N/A,3,0.2907271301652997,0.07186550018125852,,0.2857142857142857,0.0
93,93,accumulation,N/A,4,0.6500238701600596,0.2147681065273636,,1.0,1.0
93,93,accumulation,N/A,5,0.25050523720801543,0.14138147008838883,,0.2222222222222222,0.0
93,93,accumulation,N/A,6,0.42398362215247415,0.09345565369572248,,0.6666666666666666,0.0
93,93,accumulation,N/A,7,0.3027622321582067,0.0,,0.08333333333333333,0.5
93,93,refinement,0.5,0,0.22844436485029002,0.005884301310878102,,0.15384615384615385,0.0
93,93,refinement,0.5,1,0.2173751174811696,0.03491025291227392,,0.09523809523809523,0.0
93,93,refinement,0.5,2,0.21647221324726976,0.034508005050316405,,0.0909090909090909,0.0
93,93,refinement,0.5,3,0.2117659815556858,0.040567452501871805,,0.06451612903225806,0.0
93,93,refinement,0.5,4,0.21203261968995285,0.03487098340098913,,0.05714285714285715,0.0
93,93,refinement,0.5,5,0.20316398386801943,0.037734125510582986,,0.08333333333333333,0.0
93,93,refinement,0.5,6,0.22104076956050878,0.04088849939030196,,0.11764705882352941,0.0
93,93,refinement,0.5,7,0.20645782603003313,0.027061025193795222,,0.0909090909090909,0.0
93,93,refinement,0.8,0,0.22844436485029002,0.005884301310878102,,0.15384615384615385,0.0
93,93,refinement,0.8,1,0.20778983080157687,0.018955845162503378,,0.04545454545454545,0.0
93,93,refinement,0.8,2,0.2481259839882224,0.03383919694362148,,0.10526315789473684,0.0
93,93,refinement,0.8,3,0.24713773582247572,0.012892546886904974,,0.18181818181818182,0.0
93,93,refinement,0.8,4,0.24261702401252616,0.02845388305731151,,0.16666666666666669,0.0
93,93,refinement,0.8,5,0.22924524420458525,0.028512587684000404,,0.07692307692307693,0.0
93,93,refinement,0.8,6,0.23509662434061807,0.028591479658592104,,0.10526315789473684,0.0
93,93,refinement,0.8,7,0.22870306097121496,0.021934187938808383,,0.08695652173913045,0.0
94,94,accumulation,N/A,0,0.39961409687520466,0.02798011559532031,,0.5882352941176471,0.0
94,94,accumulation,N/A,1,0.3554806239857693,0.0026247836002444994,,0.4141414141414141,0.125
94,94,accumulation,N/A,2,0.3378433372924665,0.010171573945630782,,0.4692737430167597,0.0
94,94,accumulation,N/A,3,0.3720337270633315,0.035742194212872835,,0.450261780104712,0.0
94,94,accumulation,N/A,4,0.40319006154510134,0.010909729998025981,,0.5066666666666667,0.0
94,94,accumulation,N/A,5,0.36051209621404123,0.030207024641916096,,0.45771144278606973,0.0
94,94,accumulation,N/A,6,0.3787647602875525,0.014135296116351703,,0.48587570621468923,0.14285714285714285
94,94,accumulation,N/A,7,0.34869968656837286,0.0054283715695322594,,0.45595854922279794,0.0
94,94,refinement,0.5,0,0.39961409687520466,0.02798011559532031,,0.5882352941176471,0.0
94,94,refinement,0.5,1,0.4258084664213452,0.011997574865927433,,0.6136363636363638,0.14285714285714285
94,94,refinement,0.5,2,0.4217837687315207,0.02537501005331279,,0.6190476190476191,0.14285714285714285
94,94,refinement,0.5,3,0.40810607346567473,0.038474263307334576,,0.6341463414634146,0.0
94,94,refinement,0.5,4,0.4159814330235792,0.028884092670774124,,0.6987951807228916,0.0
94,94,refinement,0.5,5,0.39787849744732107,0.02557504010267975,,0.5714285714285715,0.0
94,94,refinement,0.5,6,0.42532533756459456,0.031146171038858337,,0.6352941176470589,0.2857142857142857
94,94,refinement,0.5,7,0.40041400152632306,0.03440717214084109,,0.5806451612903226,0.14285714285714285
94,94,refinement,0.8,0,0.39961409687520466,0.02798011559532031,,0.5882352941176471,0.0
94,94,refinement,0.8,1,0.3794551514030468,0.020752841207680603,,0.4551724137931034,0.125
94,94,refinement,0.8,2,0.40930364643720785,0.021380445778620985,,0.4805194805194805,0.14285714285714285
94,94,refinement,0.8,3,0.3716934746972432,0.028586518630870607,,0.5066666666666667,0.0
94,94,refinement,0.8,4,0.38158228517559123,0.04575634452709929,,0.46625766871165636,0.0
94,94,refinement,0.8,5,0.4270372482513223,0.023617587789642902,,0.527027027027027,0.2857142857142857
94,94,refinement,0.8,6,0.3412066197459178,0.006794331866927831,,0.347107438016529,0.0
94,94,refinement,0.8,7,0.3371217644109928,0.020651868452270936,,0.39999999999999997,0.0
95,95,accumulation,N/A,0,0.4698068332315324,0.14030213030809485,,0.23529411764705882,0.5
95,95,accumulation,N/A,1,0.3633693694429052,0.2668512515546392,,0.4444444444444445,0.0
95,95,accumulation,N/A,2,0.2978688608326012,0.19978627931665208,,0.21621621621621626,0.0
95,95,accumulation,N/A,3,0.37165544642363685,0.024658725416570465,,0.32,0.0
95,95,accumulation,N/A,4,0.2305448675174909,0.06417143154774597,,0.04519774011299435,0.0
95,95,accumulation,N/A,5,0.2897623557927892,0.16706140330699845,,0.0689655172413793,0.16666666666666666
95,95,accumulation,N/A,6,0.3227287156350898,0.033565248455968956,,0.38095238095238093,0.0
95,95,accumulation,N/A,7,0.37454967746854784,0.09436908734002553,,0.22222222222222218,0.3333333333333333
95,95,refinement,0.5,0,0.4698068332315324,0.14030213030809485,,0.23529411764705882,0.5
95,95,refinement,0.5,1,0.3889100987957514,0.1372820953168978,,0.1951219512195122,0.3333333333333333
95,95,refinement,0.5,2,0.36576812426480226,0.290094925211864,,0.15789473684210525,0.0
95,95,refinement,0.5,3,0.412101651537768,0.2425473176947972,,0.14285714285714285,0.0
95,95,refinement,0.5,4,0.42389989445718723,0.31268575906327406,,0.22222222222222218,0.3333333333333333
95,95,refinement,0.5,5,0.48961093479605267,0.28953296815768303,,0.16666666666666666,0.5
95,95,refinement,0.5,6,0.40039171520976713,0.17773543278058526,,0.15384615384615383,0.0
95,95,refinement,0.5,7,0.35651016138228353,0.17810105655713868,,0.19354838709677416,0.0
95,95,refinement,0.8,0,0.4698068332315324,0.14030213030809485,,0.23529411764705882,0.5
95,95,refinement,0.8,1,0.3746049237152539,0.3024349045300972,,0.21428571428571427,0.0
95,95,refinement,0.8,2,0.3711529238645952,0.299050609007909,,0.18181818181818182,0.0
95,95,refinement,0.8,3,0.4039076212168,0.12418468841534347,,0.17647058823529416,0.0
95,95,refinement,0.8,4,0.4036834650839688,0.12277745535699781,,0.18181818181818182,0.0
95,95,refinement,0.8,5,0.4117927785343598,0.20896660797732514,,0.19354838709677416,0.0
95,95,refinement,0.8,6,0.36549637668384843,0.19356076063858915,,0.21428571428571427,0.0
95,95,refinement,0.8,7,0.40605578918394636,0.164471464152317,,0.21428571428571427,0.0
96,96,accumulation,N/A,0,0.33564135538521506,0.17521415503123589,,0.5454545454545455,0.0
96,96,accumulation,N/A,1,0.30676618828366176,0.013668055540307759,,0.26666666666666666,0.125
96,96,accumulation,N/A,2,0.3091371930462199,0.014753494595394085,,0.2452830188679245,0.0
96,96,accumulation,N/A,3,0.2799780323673882,0.02423613936510941,,0.17857142857142858,0.2857142857142857
96,96,accumulation,N/A,4,0.24422662223492675,0.002411749528636059,,0.24778761061946902,0.125
96,96,accumulation,N/A,5,0.2776143489523315,1.638814671862276e-05,,0.4324324324324324,0.125
96,96,accumulation,N/A,6,0.2980687820077288,0.10314715257874173,,0.2680412371134021,0.25
96,96,accumulation,N/A,7,0.3386906089791727,0.07163491226517878,,0.25862068965517243,0.2857142857142857
96,96,refinement,0.5,0,0.33564135538521506,0.17521415503123589,,0.5454545454545455,0.0
96,96,refinement,0.5,1,0.35406880147732267,0.14659125026644843,,0.5128205128205129,0.125
96,96,refinement,0.5,2,0.36207484511156024,0.14066784698201104,,0.5945945945945946,0.125
96,96,refinement,0.5,3,0.35284145954586515,0.17237322149707476,,0.45,0.14285714285714285
96,96,refinement,0.5,4,0.36963809386615726,0.14103875593847623,,0.5789473684210527,0.14285714285714285
96,96,refinement,0.5,5,0.33307985804757106,0.1587089131779146,,0.4761904761904762,0.125
96,96,refinement,0.5,6,0.3386767073915614,0.15839480167551281,,0.45454545454545453,0.125
96,96,refinement,0.5,7,0.3467845210518804,0.11003445980571126,,0.4313725490196078,0.14285714285714285
96,96,refinement,0.8,0,0.33564135538521506,0.17521415503123589,,0.5454545454545455,0.0
96,96,refinement,0.8,1,0.34026945226590394,0.15617723116926294,,0.5128205128205129,0.0
96,96,refinement,0.8,2,0.33399797886479204,0.09617806852951957,,0.36619718309859156,0.0
96,96,refinement,0.8,3,0.32018094804984676,0.09590940825497014,,0.2828282828282828,0.0
96,96,refinement,0.8,4,0.29958167327314933,0.11839517974448971,,0.24793388429752067,0.0
96,96,refinement,0.8,5,0.31418491231777185,0.1051925255788973,,0.21311475409836067,0.0
96,96,refinement,0.8,6,0.34525593373272573,0.08512374143752661,,0.3061224489795918,0.14285714285714285
96,96,refinement,0.8,7,0.3121222988202241,0.0013850500836751606,,0.26666666666666666,0.0
97,97,accumulation,N/A,0,0.14382709397956212,0.06355712811719136,,0.09090909090909091,0.0
97,97,accumulation,N/A,1,0.24812059703120012,0.02653421742850689,,0.21052631578947367,0.0
97,97,accumulation,N/A,2,0.28156234221530196,0.09571471118618066,,0.3076923076923077,0.0
97,97,accumulation,N/A,3,0.35538657826363573,0.07751882884575553,,0.6666666666666666,0.0
97,97,accumulation,N/A,4,0.3574667215459725,0.09986698680146318,,0.5,0.0
97,97,accumulation,N/A,5,0.4084720600658338,0.380043946751926,,0.5,0.25
97,97,accumulation,N/A,6,0.48021841688219036,0.26717150838688664,,0.4,0.5
97,97,accumulation,N/A,7,0.36389408930279826,0.13722025751068728,,0.5,0.0
97,97,refinement,0.5,0,0.14382709397956212,0.06355712811719136,,0.09090909090909091,0.0
97,97,refinement,0.5,1,0.16494019595010886,0.06482424299015124,,0.07692307692307693,0.0
97,97,refinement,0.5,2,0.16535277963446218,0.06355712811719136,,0.08333333333333334,0.0
97,97,refinement,0.5,3,0.17467871810179272,0.06355712811719136,,0.13333333333333336,0.0
97,97,refinement,0.5,4,0.3001445215497053,0.03177856405859568,,0.16,0.5
97,97,refinement,0.5,5,0.16118406390649753,0.06150109377117146,,0.2,0.0
97,97,refinement,0.5,6,0.1939799313525608,0.06013407843659862,,0.25,0.0
97,97,refinement,0.5,7,0.29663801404406875,0.03122238611818552,,0.17391304347826084,0.5
97,97,refinement,0.8,0,0.14382709397956212,0.06355712811719136,,0.09090909090909091,0.0
97,97,refinement,0.8,1,0.21114479032067432,0.029274838855996396,,0.2666666666666667,0.0
97,97,refinement,0.8,2,0.2818394680801335,0.041153225245382896,,0.3636363636363636,0.3333333333333333
97,97,refinement,0.8,3,0.355752101195362,0.030127845440076146,,0.5714285714285715,0.5
97,97,refinement,0.8,4,0.17606064842173857,0.05975471204660947,,0.11764705882352941,0.0
97,97,refinement,0.8,5,0.40103854246624315,0.030816309877287926,,0.8,0.5
97,97,refinement,0.8,6,0.23242032785311845,0.0642155888556501,,0.5,0.0
97,97,refinement,0.8,7,0.36513501977213414,0.07655695086619894,,0.5,0.5
98,98,accumulation,N/A,0,0.376263209467648,0.0073812696084216015,,0.6229508196721313,0.16666666666666666
98,98,accumulation,N/A,1,0.44864664519281533,0.03517184879460378,,0.5225225225225225,0.16666666666666666
98,98,accumulation,N/A,2,0.39398518869491495,0.005862459251817547,,0.3352601156069364,0.16666666666666666
98,98,accumulation,N/A,3,0.3426490883616175,0.009108752866180413,,0.5384615384615385,0.0
98,98,accumulation,N/A,4,0.3405906824114803,0.023967356942406273,,0.5052631578947369,0.0
98,98,accumulation,N/A,5,0.42554924109936443,0.06509299141805489,,0.4878048780487804,0.16666666666666666
98,98,accumulation,N/A,6,0.32442312414316227,0.02274217114625554,,0.23076923076923073,0.0
98,98,accumulation,N/A,7,0.36218551392167353,0.01682374308536834,,0.40625,0.0
98,98,refinement,0.5,0,0.376263209467648,0.0073812696084216015,,0.6229508196721313,0.16666666666666666
98,98,refinement,0.5,1,0.38656895655900175,0.0025055313077112272,,0.5454545454545454,0.3333333333333333
98,98,refinement,0.5,2,0.34897314947015584,0.0010908578137371503,,0.45161290322580644,0.3333333333333333
98,98,refinement,0.5,3,0.4125790625221766,0.021551211417892572,,0.5573770491803278,0.5
98,98,refinement,0.5,4,0.37275070605011223,0.0015508933647043783,,0.4444444444444445,0.3333333333333333
98,98,refinement,0.5,5,0.3332932416657651,0.001153093200444634,,0.28846153846153844,0.3333333333333333
98,98,refinement,0.5,6,0.38157889448609245,0.0036306526096524234,,0.3018867924528302,0.5
98,98,refinement,0.5,7,0.3677447499734392,0.007023652637083401,,0.37254901960784315,0.3333333333333333
98,98,refinement,0.8,0,0.376263209467648,0.0073812696084216015,,0.6229508196721313,0.16666666666666666
98,98,refinement,0.8,1,0.3176294273000725,0.010556669730580183,,0.5671641791044775,0.0
98,98,refinement,0.8,2,0.3212018105642502,0.007941140533899386,,0.6046511627906976,0.0
98,98,refinement,0.8,3,0.3546822506701894,0.009200599661713606,,0.4684684684684684,0.16666666666666666
98,98,refinement,0.8,4,0.29381053795386614,0.012132301258806589,,0.35772357723577236,0.0
98,98,refinement,0.8,5,0.3428360766361892,0.0007333027552855122,,0.43137254901960786,0.14285714285714285
98,98,refinement,0.8,6,0.2760546443259051,0.010467084820895901,,0.3170731707317074,0.0
98,98,refinement,0.8,7,0.31028902818823356,0.008577984710403068,,0.25925925925925924,0.0
99,99,accumulation,N/A,0,0.4530306489409769,0.13074689418917143,,0.3333333333333333,0.6
99,99,accumulation,N/A,1,0.3525152149213408,0.1103293063971428,,0.5200000000000001,0.2
99,99,accumulation,N/A,2,0.46948486773543724,0.05339304090925727,,0.38805970149253727,0.2
99,99,accumulation,N/A,3,0.27759956531957325,0.020161466845579918,,0.1272727272727273,0.16666666666666666
99,99,accumulation,N/A,4,0.4226495838866291,0.03345772368311183,,0.5714285714285714,0.0
99,99,accumulation,N/A,5,0.2641362919439447,0.011653672269797927,,0.3333333333333333,0.2
99,99,accumulation,N/A,6,0.5375361259208924,0.18931923268029685,,0.4761904761904762,0.4
99,99,accumulation,N/A,7,0.4449102278833973,0.03690270132377248,,0.48,0.2
99,99,refinement,0.5,0,0.4530306489409769,0.13074689418917143,,0.3333333333333333,0.6
99,99,refinement,0.5,1,0.41088235290901737,0.14329663806236437,,0.28,0.4
99,99,refinement,0.5,2,0.40246450964798147,0.10921175623226487,,0.35,0.4
99,99,refinement,0.5,3,0.339718685340169,0.10749999831026429,,0.2727272727272727,0.16666666666666666
99,99,refinement,0.5,4,0.4737684076345855,0.08463179387711993,,0.3181818181818182,0.6
99,99,refinement,0.5,5,0.45990653360093053,0.16125910166876126,,0.3243243243243243,0.6
99,99,refinement,0.5,6,0.4670888839892174,0.08769680710707156,,0.47826086956521735,0.4
99,99,refinement,0.5,7,0.4473377098906477,0.1364638285734496,,0.2692307692307693,0.6
99,99,refinement,0.8,0,0.4530306489409769,0.13074689418917143,,0.3333333333333333,0.6
99,99,refinement,0.8,1,0.45276146440897636,0.10350487636315324,,0.4081632653061224,0.4
99,99,refinement,0.8,2,0.42329045716145763,0.09329835432696795,,0.39285714285714285,0.4
99,99,refinement,0.8,3,0.4101862677829534,0.08274632900276133,,0.49056603773584906,0.2
99,99,refinement,0.8,4,0.42465095928040536,0.08336113109339038,,0.39999999999999997,0.4
99,99,refinement,0.8,5,0.3512809298317454,0.08723276150259482,,0.3214285714285714,0.2
99,99,refinement,0.8,6,0.38238759701036573,0.14695191869255103,,0.3333333333333333,0.4
99,99,refinement,0.8,7,0.4086118546656309,0.11414572627603951,,0.3125,0.4
100,100,accumulation,N/A,0,0.2546592073497097,0.03441673681850245,,0.2,0.0
100,100,accumulation,N/A,1,0.30213843036263316,0.0,,0.4444444444444445,0.25
100,100,accumulation,N/A,2,0.32078155051560014,0.01087950592923129,,0.2028985507246377,0.25
100,100,accumulation,N/A,3,0.3334077017893313,0.013260252571082437,,0.19047619047619047,0.25
100,100,accumulation,N/A,4,0.3985657539517933,0.14176605237268916,,0.30303030303030304,0.25
100,100,accumulation,N/A,5,0.30872690538126657,0.007616602480299298,,0.24,0.0
100,100,accumulation,N/A,6,0.3303776774620113,0.0,,0.2,0.0
100,100,accumulation,N/A,7,0.32130387709022756,0.01607972108803619,,0.28,0.25
100,100,refinement,0.5,0,0.2546592073497097,0.03441673681850245,,0.2,0.0
100,100,refinement,0.5,1,0.29627284883203425,0.04139114596817826,,0.2631578947368421,0.0
100,100,refinement,0.5,2,0.30048587051265246,0.029458261341515364,,0.3684210526315789,0.0
100,100,refinement,0.5,3,0.2963401074542551,0.04183891279707069,,0.2631578947368421,0.0
100,100,refinement,0.5,4,0.29561229850344656,0.04286766116928445,,0.30303030303030304,0.0
100,100,refinement,0.5,5,0.2899013744701978,0.051688710964362075,,0.23529411764705882,0.0
100,100,refinement,0.5,6,0.25903056478280945,0.0006484325280598157,,0.2608695652173913,0.0
100,100,refinement,0.5,7,0.25570289061631213,0.000797100936596554,,0.21428571428571427,0.0
100,100,refinement,0.8,0,0.2546592073497097,0.03441673681850245,,0.2,0.0
100,100,refinement,0.8,1,0.2633326260095942,0.04008674050067164,,0.20833333333333334,0.0
100,100,refinement,0.8,2,0.23663153832699624,0.0005313058275529997,,0.2028985507246377,0.0
100,100,refinement,0.8,3,0.26673032559151966,0.0003295098897304803,,0.208955223880597,0.0
100,100,refinement,0.8,4,0.2828880380138316,0.030509582094393983,,0.2028985507246377,0.0
100,100,refinement,0.8,5,0.3086683072237786,0.0015606290008690665,,0.208955223880597,0.0
100,100,refinement,0.8,6,0.3262396973287162,0.0033289780636970604,,0.208955223880597,0.0
100,100,refinement,0.8,7,0.28730883086695425,0.002467458903387783,,0.21875,0.0
101,101,accumulation,N/A,0,0.3066992755185056,0.14433355453133553,,0.28571428571428575,0.0
101,101,accumulation,N/A,1,0.22585502114202582,0.13547394617049324,,0.18181818181818182,0.0
101,101,accumulation,N/A,2,0.19871452930810676,0.0,,0.18181818181818182,0.0
101,101,accumulation,N/A,3,0.24385881249089142,0.0,,0.3636363636363636,0.0
101,101,accumulation,N/A,4,0.19122053092724933,0.10053677109288787,,0.05333333333333332,0.0
101,101,accumulation,N/A,5,0.168860734936271,0.19109896681019503,,0.009615384615384614,0.0
101,101,accumulation,N/A,6,0.19164510445999522,0.10825225563299817,,0.04347826086956522,0.0
101,101,accumulation,N/A,7,0.19253419098199723,0.13621131309130358,,0.3076923076923077,0.0
101,101,refinement,0.5,0,0.3066992755185056,0.14433355453133553,,0.28571428571428575,0.0
101,101,refinement,0.5,1,0.3406029909196928,0.1463282915696124,,0.3333333333333333,0.0
101,101,refinement,0.5,2,0.310076618078284,0.15292987966788163,,0.28571428571428575,0.0
101,101,refinement,0.5,3,0.34048298597034976,0.148844836109541,,0.3333333333333333,0.0
101,101,refinement,0.5,4,0.3347255564933593,0.15048753229145678,,0.28571428571428575,0.0
101,101,refinement,0.5,5,0.30050709709420365,0.15048753229145678,,0.22222222222222224,0.0
101,101,refinement,0.5,6,0.2794926243359915,0.14637123024787868,,0.1818181818181818,0.0
101,101,refinement,0.5,7,0.30125264378326916,0.1449063479732184,,0.25,0.0
101,101,refinement,0.8,0,0.3066992755185056,0.14433355453133553,,0.28571428571428575,0.0
101,101,refinement,0.8,1,0.2764817005503001,0.1476550786412134,,0.15384615384615385,0.0
101,101,refinement,0.8,2,0.2889625715337817,0.1322840442888164,,0.16666666666666669,0.0
101,101,refinement,0.8,3,0.3105622837384757,0.11042712551224142,,0.4,0.0
101,101,refinement,0.8,4,0.6018393387426617,0.2200451184383024,,0.5,1.0
101,101,refinement,0.8,5,0.4360241097945045,0.22425657477402633,,0.4,0.5
101,101,refinement,0.8,6,0.33562052797956093,0.23063018484156628,,0.28571428571428575,0.25
101,101,refinement,0.8,7,0.23301827712161355,0.0,,0.4,0.0
102,102,accumulation,N/A,0,0.3759695081915151,0.0,,0.2857142857142857,0.5
102,102,accumulation,N/A,1,0.23422513501432266,0.0,,0.0,0.25
102,102,accumulation,N/A,2,0.47568400037653785,0.037393630898913316,,0.6666666666666666,0.5
102,102,accumulation,N/A,3,0.492272408836428,0.10703781153021032,,0.6666666666666666,0.0
102,102,accumulation,N/A,4,0.31155738389839477,0.17025949701314927,,0.05555555555555556,0.0
102,102,accumulation,N/A,5,0.3656526056487427,0.0,,0.33333333333333337,0.0
102,102,accumulation,N/A,6,0.6932235224382501,0.09446903891865137,,1.0,1.0
102,102,accumulation,N/A,7,0.3782532368969822,0.021848892115468085,,0.33333333333333337,0.0
102,102,refinement,0.5,0,0.3759695081915151,0.0,,0.2857142857142857,0.5
102,102,refinement,0.5,1,0.4329023705306292,0.0,,0.6666666666666666,0.5
102,102,refinement,0.5,2,0.4336020683029237,0.0,,0.6666666666666666,0.5
102,102,refinement,0.5,3,0.34410395502286495,0.0,,0.4,0.3333333333333333
102,102,refinement,0.5,4,0.35948156697896877,0.0,,0.5,0.3333333333333333
102,102,refinement,0.5,5,0.2675879852392514,0.0,,0.2222222222222222,0.0
102,102,refinement,0.5,6,0.3346698999099585,0.0,,0.33333333333333337,0.3333333333333333
102,102,refinement,0.5,7,0.3272580189096259,0.0,,0.2857142857142857,0.3333333333333333
102,102,refinement,0.8,0,0.3759695081915151,0.0,,0.2857142857142857,0.5
102,102,refinement,0.8,1,0.30848786979456677,0.0,,0.33333333333333337,0.0
102,102,refinement,0.8,2,0.2677551013025853,0.0,,0.16666666666666669,0.2
102,102,refinement,0.8,3,0.23770543848866743,0.0,,0.11764705882352941,0.0
102,102,refinement,0.8,4,0.3076784238894565,0.0,,0.33333333333333337,0.0
102,102,refinement,0.8,5,0.2519648230435997,0.0,,0.13333333333333333,0.0
102,102,refinement,0.8,6,0.23386587353957483,0.0,,0.09523809523809523,0.0
102,102,refinement,0.8,7,0.2784258209678534,0.0,,0.14285714285714288,0.0
103,103,accumulation,N/A,0,0.2702142750441201,0.02403144133461605,,0.2857142857142857,0.25
103,103,accumulation,N/A,1,0.3635141368913678,0.02062977946227941,,0.4210526315789474,0.25
103,103,accumulation,N/A,2,0.3397240047087815,0.1397099468811799,,0.2222222222222222,0.0
103,103,accumulation,N/A,3,0.21785245070187104,0.0,,0.3157894736842105,0.0
103,103,accumulation,N/A,4,0.3021357289655136,0.07809812965339098,,0.2727272727272727,0.0
103,103,accumulation,N/A,5,0.220374215875293,0.0,,0.16,0.0
103,103,accumulation,N/A,6,0.32387586158414505,0.0,,0.5882352941176471,0.16666666666666666
103,103,accumulation,N/A,7,0.2601921570475512,0.0,,0.18181818181818182,0.0
103,103,refinement,0.5,0,0.2702142750441201,0.02403144133461605,,0.2857142857142857,0.25
103,103,refinement,0.5,1,0.269922860935631,0.02411919318500343,,0.2857142857142857,0.25
103,103,refinement,0.5,2,0.3084510424984489,0.01588174701481685,,0.4,0.25
103,103,refinement,0.5,3,0.2702123350882609,0.02407432328029253,,0.2857142857142857,0.25
103,103,refinement,0.5,4,0.26983627152696155,0.02425548408930639,,0.2857142857142857,0.25
103,103,refinement,0.5,5,0.3536312564592552,0.01622093444625698,,0.4,0.5
103,103,refinement,0.5,6,0.2699045818966199,0.02407432328029253,,0.2857142857142857,0.25
103,103,refinement,0.5,7,0.23308957644045875,0.024377744079625323,,0.13333333333333333,0.2
103,103,refinement,0.8,0,0.2702142750441201,0.02403144133461605,,0.2857142857142857,0.25
103,103,refinement,0.8,1,0.31144738898399305,0.016773525778643484,,0.375,0.25
103,103,refinement,0.8,2,0.28037266082624845,0.012657691566012857,,0.34782608695652173,0.16666666666666666
103,103,refinement,0.8,3,0.3356828958554353,0.005309709399821081,,0.6206896551724139,0.2
103,103,refinement,0.8,4,0.31788189804739564,0.009469847506244926,,0.3846153846153846,0.2
103,103,refinement,0.8,5,0.3806432556847384,0.006814337596302337,,0.4827586206896552,0.4
103,103,refinement,0.8,6,0.2836242384523583,0.0058971051599547636,,0.4444444444444444,0.0
103,103,refinement,0.8,7,0.31789762891288903,0.006760803010685342,,0.4,0.16666666666666666
104,104,accumulation,N/A,0,0.48762365420679976,0.08696240139051552,,0.5714285714285715,0.25
104,104,accumulation,N/A,1,0.24652788150038027,0.004708385966344452,,0.6190476190476191,0.0
104,104,accumulation,N/A,2,0.31144309410474097,0.0070363774026046075,,0.5454545454545454,0.0
104,104,accumulation,N/A,3,0.3912942559558771,0.04262306646536989,,0.47058823529411764,0.25
104,104,accumulation,N/A,4,0.3914401458122279,0.0034412591138159956,,0.3846153846153846,0.4
104,104,accumulation,N/A,5,0.32915192040681857,9.89824494666e-06,,0.6382978723404256,0.25
104,104,accumulation,N/A,6,0.32734693933630166,0.006363918927596477,,0.5098039215686274,0.0
104,104,accumulation,N/A,7,0.37698338270313464,0.008250797194431092,,0.5769230769230769,0.25
104,104,refinement,0.5,0,0.48762365420679976,0.08696240139051552,,0.5714285714285715,0.25
104,104,refinement,0.5,1,0.5111568007277587,0.07245385146922952,,0.7500000000000001,0.25
104,104,refinement,0.5,2,0.5407965949435064,0.09439650494000709,,0.6666666666666667,0.5
104,104,refinement,0.5,3,0.5413596039233828,0.0937914300772888,,0.6428571428571428,0.5
104,104,refinement,0.5,4,0.5448789997643554,0.08521424436288293,,0.6896551724137931,0.5
104,104,refinement,0.5,5,0.5358855820007206,0.08647645547828978,,0.6451612903225806,0.5
104,104,refinement,0.5,6,0.5058664663684573,0.07965307506299758,,0.6875,0.25
104,104,refinement,0.5,7,0.5378769296668726,0.0959737776037131,,0.6206896551724139,0.5
104,104,refinement,0.8,0,0.48762365420679976,0.08696240139051552,,0.5714285714285715,0.25
104,104,refinement,0.8,1,0.49861245365839035,0.06231403411886703,,0.7,0.4
104,104,refinement,0.8,2,0.5179724254300301,0.07916820890854633,,0.5789473684210527,0.5
104,104,refinement,0.8,3,0.5968375405873604,0.0688663048895387,,0.6190476190476191,0.75
104,104,refinement,0.8,4,0.4855443953887386,0.0743434948213173,,0.6,0.25
104,104,refinement,0.8,5,0.4801741326556242,0.06578106426591865,,0.55,0.25
104,104,refinement,0.8,6,0.4877780780248822,0.10425890905659915,,0.5625,0.25
104,104,refinement,0.8,7,0.5303990752375671,0.07097577045517783,,0.6842105263157895,0.5
105,105,accumulation,N/A,0,0.3097429782492365,0.009955425308479518,,0.3516483516483516,0.14285714285714285
105,105,accumulation,N/A,1,0.24487854047905727,0.005051926923007567,,0.12087912087912087,0.0
105,105,accumulation,N/A,2,0.2626430985419569,0.00901004416322661,,0.1660377358490566,0.0
105,105,accumulation,N/A,3,0.2947958833849283,0.014117287387007621,,0.2898550724637681,0.0
105,105,accumulation,N/A,4,0.3010513939607846,0.000545285538100608,,0.3783783783783784,0.0
105,105,accumulation,N/A,5,0.24710793702399492,0.021228612035056497,,0.15037593984962405,0.0
105,105,accumulation,N/A,6,0.26390708058529316,0.01091591502869494,,0.180327868852459,0.0
105,105,accumulation,N/A,7,0.23688899166943642,0.007894313857775306,,0.17796610169491525,0.0
105,105,refinement,0.5,0,0.3097429782492365,0.009955425308479518,,0.3516483516483516,0.14285714285714285
105,105,refinement,0.5,1,0.2849575719027611,0.011886001031609649,,0.4102564102564102,0.0
105,105,refinement,0.5,2,0.3371658592145236,0.009560613822819298,,0.5217391304347826,0.125
105,105,refinement,0.5,3,0.3310682863287546,0.009004290401046633,,0.4999999999999999,0.125
105,105,refinement,0.5,4,0.35460111996901383,0.008134928774473615,,0.6440677966101694,0.25
105,105,refinement,0.5,5,0.31161362556758937,0.007980083484983457,,0.49315068493150693,0.0
105,105,refinement,0.5,6,0.3520711250379266,0.008341463407739731,,0.5070422535211268,0.2857142857142857
105,105,refinement,0.5,7,0.3057747511706682,0.007530262084749923,,0.45238095238095233,0.125
105,105,refinement,0.8,0,0.3097429782492365,0.009955425308479518,,0.3516483516483516,0.14285714285714285
105,105,refinement,0.8,1,0.2781797858015368,0.00239267579084888,,0.23312883435582823,0.125
105,105,refinement,0.8,2,0.26834695106073103,0.007585446305478907,,0.19999999999999998,0.0
105,105,refinement,0.8,3,0.275023649752519,0.004065913256396242,,0.20879120879120877,0.125
105,105,refinement,0.8,4,0.2882126036548722,0.006712168728849227,,0.14336917562724014,0.125
105,105,refinement,0.8,5,0.2711068958395661,0.013150312171473015,,0.16470588235294117,0.0
105,105,refinement,0.8,6,0.29019236230906786,0.003953812658801893,,0.15441176470588236,0.125
105,105,refinement,0.8,7,0.25735245562556425,0.010459184835649612,,0.14388489208633093,0.0
106,106,accumulation,N/A,0,0.41627836185285616,0.09476497655691914,,0.5714285714285715,0.0
106,106,accumulation,N/A,1,0.3223556170121591,0.1601629838583296,,0.16216216216216214,0.0
106,106,accumulation,N/A,2,0.3849011725414926,0.10882145667903502,,0.5,0.3333333333333333
106,106,accumulation,N/A,3,0.34280705107959597,0.035280649784936155,,0.33333333333333337,0.0
106,106,accumulation,N/A,4,0.32528004492102114,0.18251861063032498,,0.4444444444444445,0.0
106,106,accumulation,N/A,5,0.39983959479835746,0.08321330902154875,,0.6153846153846154,0.3333333333333333
106,106,accumulation,N/A,6,0.35847372063332783,0.3597726305468455,,0.28571428571428575,0.0
106,106,accumulation,N/A,7,0.5352532458246941,0.055265847577396346,,0.5714285714285715,0.5
106,106,refinement,0.5,0,0.41627836185285616,0.09476497655691914,,0.5714285714285715,0.0
106,106,refinement,0.5,1,0.33630321066885016,0.19087171054128996,,0.33333333333333337,0.0
106,106,refinement,0.5,2,0.3364095091926208,0.19087171054128996,,0.33333333333333337,0.0
106,106,refinement,0.5,3,0.3363615601370549,0.19230636581936977,,0.33333333333333337,0.0
106,106,refinement,0.5,4,0.33641734006437946,0.19131055115507234,,0.33333333333333337,0.0
106,106,refinement,0.5,5,0.336568593886578,0.19131055115507234,,0.33333333333333337,0.0
106,106,refinement,0.5,6,0.3364073065531946,0.19131055115507234,,0.33333333333333337,0.0
106,106,refinement,0.5,7,0.3361607030715478,0.19321390810678762,,0.33333333333333337,0.0
106,106,refinement,0.8,0,0.41627836185285616,0.09476497655691914,,0.5714285714285715,0.0
106,106,refinement,0.8,1,0.33852124711221476,0.20306633389528667,,0.33333333333333337,0.0
106,106,refinement,0.8,2,0.33613070015421714,0.18015096248695028,,0.33333333333333337,0.0
106,106,refinement,0.8,3,0.33603341754358446,0.1775180420486077,,0.33333333333333337,0.0
106,106,refinement,0.8,4,0.41807652084059005,0.08882346732966105,,0.5714285714285715,0.0
106,106,refinement,0.8,5,0.42273229284608466,0.09496049280720958,,0.5714285714285715,0.0
106,106,refinement,0.8,6,0.34346335811096373,0.09519936954413388,,0.4000000000000001,0.0
106,106,refinement,0.8,7,0.3636149280170539,0.0816822884302108,,0.4444444444444445,0.0
107,107,accumulation,N/A,0,0.4706564356733013,0.0,,0.6666666666666666,0.5
107,107,accumulation,N/A,1,0.3149782638376759,0.0,,0.33333333333333337,0.0
107,107,accumulation,N/A,2,0.5143630208991272,0.021908206321949442,,0.6666666666666666,0.0
107,107,accumulation,N/A,3,0.49068474204091445,0.10749384142079076,,0.6666666666666666,0.5
107,107,accumulation,N/A,4,0.3956007641612286,0.09397052653251647,,0.5,0.0
107,107,accumulation,N/A,5,0.6698996364188197,0.06718695978119102,,1.0,1.0
107,107,accumulation,N/A,6,0.5065193192492219,0.488037610512483,,0.5,0.3333333333333333
107,107,accumulation,N/A,7,0.44775900460306406,0.5587606373046786,,0.2222222222222222,0.0
107,107,refinement,0.5,0,0.4706564356733013,0.0,,0.6666666666666666,0.5
107,107,refinement,0.5,1,0.6706661930465728,0.0,,1.0,1.0
107,107,refinement,0.5,2,0.4675439133658745,0.0,,0.6666666666666666,0.5
107,107,refinement,0.5,3,0.6707261586217723,0.0,,1.0,1.0
107,107,refinement,0.5,4,0.46113784470752806,0.0,,0.6666666666666666,0.5
107,107,refinement,0.5,5,0.46125235460727454,0.0,,0.6666666666666666,0.5
107,107,refinement,0.5,6,0.46397474763186786,0.0,,0.6666666666666666,0.5
107,107,refinement,0.5,7,0.46695827950219987,0.0,,0.6666666666666666,0.5
107,107,refinement,0.8,0,0.4706564356733013,0.0,,0.6666666666666666,0.5
107,107,refinement,0.8,1,0.46975015967469036,0.0,,0.6666666666666666,0.5
107,107,refinement,0.8,2,0.3735265754339625,0.0,,0.4,0.3333333333333333
107,107,refinement,0.8,3,0.346405471103004,0.0,,0.4,0.25
107,107,refinement,0.8,4,0.37543656154597926,0.0,,0.4,0.3333333333333333
107,107,refinement,0.8,5,0.6692983428139795,0.0,,1.0,1.0
107,107,refinement,0.8,6,0.6691249471475157,0.0,,1.0,1.0
107,107,refinement,0.8,7,0.46876653165877846,0.0,,0.6666666666666666,0.5
108,108,accumulation,N/A,0,0.24862703176304146,0.04384278050987252,,0.1142857142857143,0.0
108,108,accumulation,N/A,1,0.2627328386193835,0.4454545648054604,,0.05,0.0
108,108,accumulation,N/A,2,0.2676759574012731,0.28775766401743647,,0.04545454545454545,0.25
108,108,accumulation,N/A,3,0.27817251729519316,0.32760372120401693,,0.031746031746031744,0.0
108,108,accumulation,N/A,4,0.24025837378853965,0.40653135040498334,,0.05555555555555555,0.0
108,108,accumulation,N/A,5,0.19975678054431611,0.1944358719357173,,0.1142857142857143,0.0
108,108,accumulation,N/A,6,0.25020149980458045,0.14940793540740938,,0.13333333333333333,0.16666666666666666
108,108,accumulation,N/A,7,0.23257240578929664,0.305852486443565,,0.027397260273972605,0.0
108,108,refinement,0.5,0,0.24862703176304146,0.04384278050987252,,0.1142857142857143,0.0
108,108,refinement,0.5,1,0.23788067285761666,0.03264816520425979,,0.07999999999999999,0.0
108,108,refinement,0.5,2,0.2236848280046102,0.04673378279838524,,0.02898550724637681,0.0
108,108,refinement,0.5,3,0.22630934337080288,0.05254239514770925,,0.038461538461538464,0.0
108,108,refinement,0.5,4,0.20017797102328838,0.02466170314191803,,0.06451612903225806,0.0
108,108,refinement,0.5,5,0.21622790894546387,0.051667153778619114,,0.03125,0.0
108,108,refinement,0.5,6,0.2397253146195507,0.023364808194866117,,0.12903225806451613,0.0
108,108,refinement,0.5,7,0.22958227379238139,0.01926045925387001,,0.08695652173913045,0.0
108,108,refinement,0.8,0,0.24862703176304146,0.04384278050987252,,0.1142857142857143,0.0
108,108,refinement,0.8,1,0.23683537432547222,0.006491098617737226,,0.05882352941176471,0.0
108,108,refinement,0.8,2,0.21523832244318397,0.0,,0.0,0.0
108,108,refinement,0.8,3,0.25064379299409056,0.0,,0.048780487804878044,0.16666666666666666
108,108,refinement,0.8,4,0.23179996306642672,0.0,,0.015503875968992248,0.0
108,108,refinement,0.8,5,0.18717771753350593,0.0,,0.027972027972027972,0.0
108,108,refinement,0.8,6,0.18478421167477416,0.0,,0.042553191489361694,0.0
108,108,refinement,0.8,7,0.18340361293310048,0.0,,0.03305785123966942,0.0
109,109,accumulation,N/A,0,0.31449939721041975,0.29317560485791994,,0.1090909090909091,0.0
109,109,accumulation,N/A,1,0.38014740455240104,0.021922841003330775,,0.7105263157894737,0.0
109,109,accumulation,N/A,2,0.41077535139349713,0.005566978170022942,,0.625,0.0
109,109,accumulation,N/A,3,0.3419990199774514,0.0025274074074074066,,0.45977011494252873,0.0
109,109,accumulation,N/A,4,0.3535743748403869,0.0,,0.6461538461538462,0.16666666666666666
109,109,accumulation,N/A,5,0.287460891291442,0.0478478411170327,,0.208955223880597,0.14285714285714285
109,109,accumulation,N/A,6,0.4335525840528043,0.006827053784525354,,0.6666666666666667,0.16666666666666666
109,109,accumulation,N/A,7,0.27222495508774686,0.17555158937826265,,0.1,0.0
109,109,refinement,0.5,0,0.31449939721041975,0.29317560485791994,,0.1090909090909091,0.0
109,109,refinement,0.5,1,0.3169767700428081,0.29317560485791994,,0.125,0.16666666666666666
109,109,refinement,0.5,2,0.3166563524422352,0.21438466105235396,,0.14814814814814817,0.0
109,109,refinement,0.5,3,0.3482858086347277,0.14658780242895997,,0.23076923076923078,0.16666666666666666
109,109,refinement,0.5,4,0.3143131752427029,0.2858462147364719,,0.11320754716981132,0.0
109,109,refinement,0.5,5,0.31298543112619487,0.21438466105235396,,0.16,0.0
109,109,refinement,0.5,6,0.29128000043057223,0.2858462147364719,,0.125,0.0
109,109,refinement,0.5,7,0.2842708149038231,0.21438466105235396,,0.14814814814814817,0.0
109,109,refinement,0.8,0,0.31449939721041975,0.29317560485791994,,0.1090909090909091,0.0
109,109,refinement,0.8,1,0.28974443663113597,0.2193176855895197,,0.1568627450980392,0.0
109,109,refinement,0.8,2,0.25481807905856674,0.21988170364343995,,0.16,0.0
109,109,refinement,0.8,3,0.2528214712175583,0.21438466105235396,,0.1509433962264151,0.0
109,109,refinement,0.8,4,0.2526597677368415,0.21163613975681095,,0.16,0.0
109,109,refinement,0.8,5,0.2591219537574215,0.26385804437212784,,0.12765957446808512,0.0
109,109,refinement,0.8,6,0.26008143982007936,0.18552518744915208,,0.1509433962264151,0.0
109,109,refinement,0.8,7,0.25931059630848646,0.18810192616372368,,0.1509433962264151,0.0
110,110,accumulation,N/A,0,0.35543612027050026,0.044121925400221626,,0.6060606060606061,0.0
110,110,accumulation,N/A,1,0.307143998507586,0.022839944433576363,,0.35398230088495575,0.125
110,110,accumulation,N/A,2,0.3019613540161144,0.012578314884720956,,0.25274725274725274,0.0
110,110,accumulation,N/A,3,0.3229517126042034,0.028550210927720143,,0.35,0.0
110,110,accumulation,N/A,4,0.363503699014616,0.015362021572718088,,0.4074074074074074,0.16666666666666666
110,110,accumulation,N/A,5,0.31209668137575275,0.024069450621271464,,0.26666666666666666,0.0
110,110,accumulation,N/A,6,0.29611456357174837,0.0019010678741678117,,0.28368794326241137,0.14285714285714285
110,110,accumulation,N/A,7,0.31902424589444744,0.03719906428847817,,0.3057324840764331,0.0
110,110,refinement,0.5,0,0.35543612027050026,0.044121925400221626,,0.6060606060606061,0.0
110,110,refinement,0.5,1,0.3988630578121498,0.03994344665061724,,0.6363636363636364,0.2857142857142857
110,110,refinement,0.5,2,0.35182087777270615,0.04367229245351048,,0.5970149253731343,0.0
110,110,refinement,0.5,3,0.3483390710815479,0.05222037617167377,,0.5573770491803279,0.0
110,110,refinement,0.5,4,0.3836375436853705,0.04497515314554683,,0.6557377049180328,0.14285714285714285
110,110,refinement,0.5,5,0.34902822542006595,0.05451239294075704,,0.5396825396825398,0.0
110,110,refinement,0.5,6,0.3518038609627929,0.04990497354650251,,0.5454545454545454,0.0
110,110,refinement,0.5,7,0.37538046456337737,0.04608967921386028,,0.5757575757575758,0.14285714285714285
110,110,refinement,0.8,0,0.35543612027050026,0.044121925400221626,,0.6060606060606061,0.0
110,110,refinement,0.8,1,0.3499833888683707,0.04489239784269549,,0.5,0.125
110,110,refinement,0.8,2,0.37551118245134657,0.04388378845620278,,0.375,0.16666666666666666
110,110,refinement,0.8,3,0.32972105026201887,0.05193393176834307,,0.3636363636363636,0.0
110,110,refinement,0.8,4,0.3359475844453124,0.05336869681734532,,0.38095238095238093,0.0
110,110,refinement,0.8,5,0.3670074826235995,0.05655331921842895,,0.2981366459627329,0.16666666666666666
110,110,refinement,0.8,6,0.33477290311746105,0.06217630889351733,,0.24489795918367346,0.0
110,110,refinement,0.8,7,0.32839513215203625,0.042832149116480644,,0.2594594594594595,0.0
111,111,accumulation,N/A,0,0.3615414892905101,0.040914120040811845,,0.5185185185185185,0.125
111,111,accumulation,N/A,1,0.322794685423363,0.0029219030884564184,,0.2538071065989848,0.0
111,111,accumulation,N/A,2,0.3583201897724163,0.01624361668565487,,0.2727272727272727,0.0
111,111,accumulation,N/A,3,0.364622494985865,0.015096427164504487,,0.2673796791443851,0.14285714285714285
111,111,accumulation,N/A,4,0.3469578790305362,0.008976671978346045,,0.2450980392156863,0.0
111,111,accumulation,N/A,5,0.3811010498531415,0.013897562007536633,,0.41904761904761906,0.0
111,111,accumulation,N/A,6,0.31129311728532666,0.008477498814121912,,0.3461538461538462,0.0
111,111,accumulation,N/A,7,0.3242040247962754,0.04713978170715721,,0.3375,0.0
111,111,refinement,0.5,0,0.3615414892905101,0.040914120040811845,,0.5185185185185185,0.125
111,111,refinement,0.5,1,0.38654463235121195,0.0428237847697917,,0.576923076923077,0.14285714285714285
111,111,refinement,0.5,2,0.36067974366966693,0.023587789677373596,,0.5614035087719299,0.0
111,111,refinement,0.5,3,0.34389136087434047,0.04292910584796667,,0.5185185185185185,0.0
111,111,refinement,0.5,4,0.3708202282869881,0.04827356735445556,,0.5573770491803278,0.125
111,111,refinement,0.5,5,0.4388027273584385,0.03600805008516041,,0.6551724137931034,0.375
111,111,refinement,0.5,6,0.43575871881132827,0.031186974712876486,,0.6557377049180328,0.2857142857142857
111,111,refinement,0.5,7,0.34273277804061053,0.042276852511016316,,0.46875000000000006,0.0
111,111,refinement,0.8,0,0.3615414892905101,0.040914120040811845,,0.5185185185185185,0.125
111,111,refinement,0.8,1,0.41381481946942267,0.030473251146787006,,0.5507246376811594,0.25
111,111,refinement,0.8,2,0.3906457484318712,0.0320868506923193,,0.5057471264367817,0.125
111,111,refinement,0.8,3,0.36615496683291315,0.02684350403388977,,0.44642857142857145,0.0
111,111,refinement,0.8,4,0.38565837543510845,0.05131125304149073,,0.3928571428571429,0.25
111,111,refinement,0.8,5,0.3540273588351904,0.030307153418816003,,0.390625,0.125
111,111,refinement,0.8,6,0.3360793053332608,0.03854373605719813,,0.3609022556390978,0.0
111,111,refinement,0.8,7,0.33376376223516,0.04803710574266518,,0.3018867924528302,0.0
112,112,accumulation,N/A,0,0.35975073061555307,0.027635728075734445,,0.5161290322580646,0.0
112,112,accumulation,N/A,1,0.3583503994106807,0.013192971821753607,,0.42857142857142866,0.0
112,112,accumulation,N/A,2,0.37846698790586886,0.018115325966233,,0.42176870748299317,0.0
112,112,accumulation,N/A,3,0.38567966383235086,0.02116555225298787,,0.5161290322580645,0.0
112,112,accumulation,N/A,4,0.32512279855483883,0.010889585419861814,,0.3141361256544503,0.0
112,112,accumulation,N/A,5,0.35516869029652876,0.01850684867634238,,0.34972677595628415,0.0
112,112,accumulation,N/A,6,0.3607146433711531,0.014635591052798531,,0.39263803680981596,0.0
112,112,accumulation,N/A,7,0.32275048114780397,0.008627207003330835,,0.31088082901554404,0.0
112,112,refinement,0.5,0,0.35975073061555307,0.027635728075734445,,0.5161290322580646,0.0
112,112,refinement,0.5,1,0.40300872458534276,0.03373540258057876,,0.45614035087719296,0.2857142857142857
112,112,refinement,0.5,2,0.39097062460092696,0.030535567475552913,,0.5423728813559322,0.14285714285714285
112,112,refinement,0.5,3,0.38259258984352423,0.034877602058519724,,0.49056603773584906,0.2857142857142857
112,112,refinement,0.5,4,0.3624950650462667,0.02359478260668148,,0.4912280701754386,0.14285714285714285
112,112,refinement,0.5,5,0.36648798174560043,0.013812418606396412,,0.5757575757575757,0.0
112,112,refinement,0.5,6,0.38131535212309675,0.012478363239749636,,0.6666666666666666,0.0
112,112,refinement,0.5,7,0.38619263700113987,0.011392651725916334,,0.6885245901639345,0.125
112,112,refinement,0.8,0,0.35975073061555307,0.027635728075734445,,0.5161290322580646,0.0
112,112,refinement,0.8,1,0.4149708049242742,0.01990377398636601,,0.5555555555555556,0.14285714285714285
112,112,refinement,0.8,2,0.40741531175932005,0.024762860654093107,,0.5238095238095238,0.14285714285714285
112,112,refinement,0.8,3,0.4321082344371192,0.015207805969015937,,0.5319148936170212,0.42857142857142855
112,112,refinement,0.8,4,0.4011055733572911,0.012486673470585456,,0.617283950617284,0.14285714285714285
112,112,refinement,0.8,5,0.3468046817586293,0.005547914137953847,,0.4888888888888889,0.14285714285714285
112,112,refinement,0.8,6,0.33185100681214463,0.022710386683132668,,0.4742268041237114,0.0
112,112,refinement,0.8,7,0.34628301854174204,0.02053328214407927,,0.4693877551020408,0.0
113,113,accumulation,N/A,0,0.2552731961960404,0.059101654846335526,,0.07692307692307693,0.0
113,113,accumulation,N/A,1,0.33034893728138787,0.04783648619265039,,0.23255813953488372,0.16666666666666666
113,113,accumulation,N/A,2,0.5160952598970687,0.006687706093648252,,0.7692307692307692,0.5
113,113,accumulation,N/A,3,0.3904784746838902,0.013234154656748785,,0.5454545454545455,0.0
113,113,accumulation,N/A,4,0.4051973978135982,0.02362900432992786,,0.6037735849056604,0.2
113,113,accumulation,N/A,5,0.3837261011991075,0.020106672806108724,,0.5573770491803278,0.0
113,113,accumulation,N/A,6,0.44146278099300457,0.018789250860161436,,0.6938775510204083,0.0
113,113,accumulation,N/A,7,0.3002884695287018,0.023493864772373804,,0.5333333333333333,0.0
113,113,refinement,0.5,0,0.2552731961960404,0.059101654846335526,,0.07692307692307693,0.0
113,113,refinement,0.5,1,0.2536554254675844,0.058591826686361224,,0.06896551724137931,0.0
113,113,refinement,0.5,2,0.2627338502040896,0.028890000119060285,,0.14285714285714285,0.0
113,113,refinement,0.5,3,0.21409785544528884,0.02588661037394441,,0.13333333333333333,0.0
113,113,refinement,0.5,4,0.25073458017195915,0.04152435341277247,,0.07142857142857142,0.0
113,113,refinement,0.5,5,0.1850116222365651,0.0,,0.06451612903225806,0.0
113,113,refinement,0.5,6,0.24871621975169245,0.03775304815706283,,0.06666666666666667,0.0
113,113,refinement,0.5,7,0.28690254069612353,0.03764347494968164,,0.07407407407407407,0.25
113,113,refinement,0.8,0,0.2552731961960404,0.059101654846335526,,0.07692307692307693,0.0
113,113,refinement,0.8,1,0.2530965934581332,0.04702902790576416,,0.07142857142857142,0.0
113,113,refinement,0.8,2,0.2578354202798381,0.04130944227859712,,0.06451612903225806,0.0
113,113,refinement,0.8,3,0.24051944004428918,0.031987110633727146,,0.07142857142857142,0.0
113,113,refinement,0.8,4,0.29327154146208634,0.030854530833368442,,0.07142857142857142,0.25
113,113,refinement,0.8,5,0.2406963488151357,0.012624685686144213,,0.1081081081081081,0.0
113,113,refinement,0.8,6,0.30184124305321614,0.015700844279831563,,0.13333333333333333,0.2
113,113,refinement,0.8,7,0.2625973511557885,0.006333779812893903,,0.19354838709677416,0.0
114,114,accumulation,N/A,0,0.31231995487346703,0.0,,0.4318181818181818,0.0
114,114,accumulation,N/A,1,0.29854170622284276,0.013222375997007927,,0.3146067415730337,0.0
114,114,accumulation,N/A,2,0.2654179614890919,0.0023410911813275593,,0.2222222222222222,0.0
114,114,accumulation,N/A,3,0.30871136161601775,0.02578122741954543,,0.3016759776536313,0.125
114,114,accumulation,N/A,4,0.2838006291422205,0.046692272786359595,,0.22499999999999998,0.0
114,114,accumulation,N/A,5,0.3180681803635438,0.021643099024472832,,0.27692307692307694,0.0
114,114,accumulation,N/A,6,0.2870040287612991,0.01575589779635122,,0.21538461538461542,0.0
114,114,accumulation,N/A,7,0.3134099924543179,0.012896013633708042,,0.23728813559322035,0.0
114,114,refinement,0.5,0,0.31231995487346703,0.0,,0.4318181818181818,0.0
114,114,refinement,0.5,1,0.3077490706554381,0.0,,0.38554216867469876,0.0
114,114,refinement,0.5,2,0.30732921527621027,0.0,,0.35443037974683544,0.0
114,114,refinement,0.5,3,0.3007102228886267,0.0,,0.3260869565217391,0.0
114,114,refinement,0.5,4,0.30540785278664984,0.0,,0.3902439024390244,0.0
114,114,refinement,0.5,5,0.309435982046585,0.0,,0.4375,0.0
114,114,refinement,0.5,6,0.30705304871439376,0.0,,0.40425531914893625,0.0
114,114,refinement,0.5,7,0.3366194167745292,7.489051264327501e-05,,0.48192771084337355,0.125
114,114,refinement,0.8,0,0.31231995487346703,0.0,,0.4318181818181818,0.0
114,114,refinement,0.8,1,0.3230763977347517,0.0003888815361500426,,0.5176470588235293,0.0
114,114,refinement,0.8,2,0.33352964581269473,0.0006318606960252494,,0.43478260869565216,0.125
114,114,refinement,0.8,3,0.32004121778233724,0.0010092660333856933,,0.373134328358209,0.0
114,114,refinement,0.8,4,0.30441021113693967,0.0,,0.4033613445378151,0.0
114,114,refinement,0.8,5,0.32229839775562236,0.002894972503693628,,0.375,0.125
114,114,refinement,0.8,6,0.30138458543760804,0.00021022086467040234,,0.39682539682539686,0.0
114,114,refinement,0.8,7,0.35651686580339864,0.0,,0.48214285714285715,0.25
115,115,accumulation,N/A,0,0.22676227780246141,0.0,,0.16666666666666666,0.3333333333333333
115,115,accumulation,N/A,1,0.32601718634805754,0.0,,0.3333333333333333,0.25
115,115,accumulation,N/A,2,0.2210373460117337,0.029265664308575287,,0.26666666666666666,0.16666666666666666
115,115,accumulation,N/A,3,0.29446827490227523,0.12073292240856148,,0.22727272727272727,0.0
115,115,accumulation,N/A,4,0.4397394059866628,0.4369493153734403,,0.4,0.25
115,115,accumulation,N/A,5,0.43031817506945585,0.17478048167980964,,0.6153846153846153,0.25
115,115,accumulation,N/A,6,0.27967383620740816,0.12583847864119177,,0.25,0.0
115,115,accumulation,N/A,7,0.3147197522539719,0.137815080599365,,0.4,0.25
115,115,refinement,0.5,0,0.22676227780246141,0.0,,0.16666666666666666,0.3333333333333333
115,115,refinement,0.5,1,0.1986404666673394,0.10232061763669703,,0.14285714285714288,0.25
115,115,refinement,0.5,2,0.2031745225195937,0.09646056059916493,,0.1818181818181818,0.25
115,115,refinement,0.5,3,0.23177325050482667,0.09911532828227627,,0.11764705882352942,0.3333333333333333
115,115,refinement,0.5,4,0.24299711844744026,0.0975297303579831,,0.1818181818181818,0.3333333333333333
115,115,refinement,0.5,5,0.2366909050357182,0.10323108731873062,,0.14285714285714288,0.3333333333333333
115,115,refinement,0.5,6,0.23183344631299066,0.10323108731873062,,0.1111111111111111,0.3333333333333333
115,115,refinement,0.5,7,0.21514261130933657,0.0,,0.06896551724137931,0.3333333333333333
115,115,refinement,0.8,0,0.22676227780246141,0.0,,0.16666666666666666,0.3333333333333333
115,115,refinement,0.8,1,0.19195016872146606,0.09962964195598582,,0.1,0.25
115,115,refinement,0.8,2,0.19539480509392734,0.10068263436973596,,0.125,0.25
115,115,refinement,0.8,3,0.19609401749548172,0.10304264307926045,,0.1111111111111111,0.25
115,115,refinement,0.8,4,0.22163914933451573,0.0,,0.09523809523809522,0.3333333333333333
115,115,refinement,0.8,5,0.2398861791733774,0.08537115864016007,,0.1818181818181818,0.3333333333333333
115,115,refinement,0.8,6,0.22112468764988744,0.0606716279324272,,0.2,0.2
115,115,refinement,0.8,7,0.23490374143808326,0.11999775495669057,,0.13333333333333333,0.0
116,116,accumulation,N/A,0,0.5138299191888838,0.05408240577425769,,0.5882352941176471,0.3333333333333333
116,116,accumulation,N/A,1,0.4706063536726117,0.0245645175599039,,0.5084745762711864,0.16666666666666666
116,116,accumulation,N/A,2,0.35016243821043125,0.030372617989219045,,0.3561643835616438,0.14285714285714285
116,116,accumulation,N/A,3,0.37580242307390305,0.02867790630031758,,0.3809523809523809,0.16666666666666666
116,116,accumulation,N/A,4,0.4756530662218357,0.09655595702775666,,0.5161290322580644,0.14285714285714285
116,116,accumulation,N/A,5,0.49565946350184964,0.09343346852806386,,0.5,0.42857142857142855
116,116,accumulation,N/A,6,0.3952722797088459,0.020662588509265244,,0.6086956521739131,0.0
116,116,accumulation,N/A,7,0.4329479764030867,0.02861075481955034,,0.576923076923077,0.2857142857142857
116,116,refinement,0.5,0,0.5138299191888838,0.05408240577425769,,0.5882352941176471,0.3333333333333333
116,116,refinement,0.5,1,0.4147550545610877,0.060250196727254686,,0.5294117647058824,0.0
116,116,refinement,0.5,2,0.4710961563652315,0.030973672272146296,,0.7222222222222222,0.0
116,116,refinement,0.5,3,0.4868710846791076,0.03235488537088476,,0.6111111111111112,0.3333333333333333
116,116,refinement,0.5,4,0.42140780317391074,0.03961698845898905,,0.45,0.0
116,116,refinement,0.5,5,0.4620666999204241,0.062213399119488644,,0.41860465116279066,0.2857142857142857
116,116,refinement,0.5,6,0.4278845056169606,0.06349670139298431,,0.4736842105263158,0.0
116,116,refinement,0.5,7,0.5372810978050869,0.05991552463564937,,0.5945945945945946,0.5
116,116,refinement,0.8,0,0.5138299191888838,0.05408240577425769,,0.5882352941176471,0.3333333333333333
116,116,refinement,0.8,1,0.5062196323692467,0.08734328783687556,,0.34782608695652173,0.5
116,116,refinement,0.8,2,0.4624559611651974,0.040139161411710506,,0.5306122448979592,0.2857142857142857
116,116,refinement,0.8,3,0.3951649003057388,0.05153104117524451,,0.3870967741935484,0.0
116,116,refinement,0.8,4,0.4601072507643865,0.04512814836115752,,0.37500000000000006,0.3333333333333333
116,116,refinement,0.8,5,0.44957197713027414,0.0612374752176998,,0.4444444444444445,0.16666666666666666
116,116,refinement,0.8,6,0.3959935555108758,0.0324817112302588,,0.3870967741935484,0.0
116,116,refinement,0.8,7,0.44817140640638214,0.06020841161645063,,0.4800000000000001,0.16666666666666666
117,117,accumulation,N/A,0,0.32688816701854395,0.03184296735217784,,0.3846153846153846,0.0
117,117,accumulation,N/A,1,0.42233746354164187,0.027666044151094842,,0.5151515151515151,0.16666666666666666
117,117,accumulation,N/A,2,0.419801360402704,0.029917621585853982,,0.3061224489795918,0.3333333333333333
117,117,accumulation,N/A,3,0.37027192299596673,0.04755768371901598,,0.3478260869565218,0.0
117,117,accumulation,N/A,4,0.31517308360880025,0.00014771957256551801,,0.4109589041095891,0.0
117,117,accumulation,N/A,5,0.40583025139327866,0.048257663554844406,,0.5652173913043479,0.14285714285714285
117,117,accumulation,N/A,6,0.3344014769756477,0.005300521211892035,,0.5483870967741935,0.0
117,117,accumulation,N/A,7,0.25566088245561985,0.0028751150097799435,,0.4782608695652174,0.0
117,117,refinement,0.5,0,0.32688816701854395,0.03184296735217784,,0.3846153846153846,0.0
117,117,refinement,0.5,1,0.3856003463296591,0.033028646753055405,,0.3846153846153846,0.3333333333333333
117,117,refinement,0.5,2,0.3668453308648532,0.0334870421410005,,0.37037037037037035,0.16666666666666666
117,117,refinement,0.5,3,0.34731435203254196,0.04151924525444091,,0.31999999999999995,0.0
117,117,refinement,0.5,4,0.3268918362580965,0.055225603094943336,,0.25,0.0
117,117,refinement,0.5,5,0.3274693251353744,0.04185880267625062,,0.3478260869565218,0.16666666666666666
117,117,refinement,0.5,6,0.300659425832782,0.05581173690166749,,0.2608695652173913,0.0
117,117,refinement,0.5,7,0.3625485107246237,0.03378155910936009,,0.37037037037037035,0.16666666666666666
117,117,refinement,0.8,0,0.32688816701854395,0.03184296735217784,,0.3846153846153846,0.0
117,117,refinement,0.8,1,0.4046883249776578,0.015392342847756006,,0.4230769230769231,0.16666666666666666
117,117,refinement,0.8,2,0.3908757173818477,0.03400401878859698,,0.48979591836734687,0.16666666666666666
117,117,refinement,0.8,3,0.40804219293160937,0.004315026721307555,,0.47619047619047616,0.16666666666666666
117,117,refinement,0.8,4,0.39114707495685985,0.004377666021820224,,0.217687074829932,0.16666666666666666
117,117,refinement,0.8,5,0.37500515809335877,0.00454107412466749,,0.15023474178403753,0.16666666666666666
117,117,refinement,0.8,6,0.36695185282343784,0.0043758286001869375,,0.1350210970464135,0.16666666666666666
117,117,refinement,0.8,7,0.39440797987415743,0.005017968119150644,,0.12931034482758622,0.3333333333333333
118,118,accumulation,N/A,0,0.38454100339347885,0.019545389890676976,,0.6,0.0
118,118,accumulation,N/A,1,0.3587036828780244,0.005941803839313948,,0.6433566433566433,0.0
118,118,accumulation,N/A,2,0.38383147331213735,0.02130256755195286,,0.4891304347826088,0.14285714285714285
118,118,accumulation,N/A,3,0.4212640546835848,0.03125623882232032,,0.5053763440860215,0.25
118,118,accumulation,N/A,4,0.3909192895337931,0.006802830343727124,,0.5463917525773195,0.25
118,118,accumulation,N/A,5,0.3434691785069244,0.017480755035273982,,0.5284974093264249,0.0
118,118,accumulation,N/A,6,0.40541245810837934,0.01218403932978531,,0.6309523809523809,0.125
118,118,accumulation,N/A,7,0.45079197817620703,0.009834423971351968,,0.6057142857142856,0.14285714285714285
118,118,refinement,0.5,0,0.38454100339347885,0.019545389890676976,,0.6,0.0
118,118,refinement,0.5,1,0.38283100792307856,0.02234074784601526,,0.5977011494252873,0.0
118,118,refinement,0.5,2,0.40789372237512894,0.013983051991148927,,0.6336633663366336,0.14285714285714285
118,118,refinement,0.5,3,0.35877425013297815,0.012494949943666156,,0.7070707070707071,0.0
118,118,refinement,0.5,4,0.36520577480838723,0.013673754617918038,,0.7083333333333334,0.0
118,118,refinement,0.5,5,0.3577800519780575,0.016093207898165974,,0.6804123711340206,0.0
118,118,refinement,0.5,6,0.39413885726503506,0.016714419542389777,,0.7000000000000001,0.125
118,118,refinement,0.5,7,0.40034949513408624,0.01395898856065847,,0.7058823529411764,0.25
118,118,refinement,0.8,0,0.38454100339347885,0.019545389890676976,,0.6,0.0
118,118,refinement,0.8,1,0.3822861704431305,0.014814561559442552,,0.5576923076923077,0.14285714285714285
118,118,refinement,0.8,2,0.3710787853129543,0.013631079007644804,,0.7394957983193278,0.0
118,118,refinement,0.8,3,0.36476744925336574,0.0160435830829259,,0.6616541353383458,0.0
118,118,refinement,0.8,4,0.39482631773132915,0.011915666075919535,,0.6923076923076924,0.14285714285714285
118,118,refinement,0.8,5,0.40279727650655556,0.017674572593550108,,0.6266666666666667,0.0
118,118,refinement,0.8,6,0.426690460516167,0.011247056306218582,,0.5988023952095808,0.14285714285714285
118,118,refinement,0.8,7,0.3759120575721317,0.0185040915075907,,0.5548387096774194,0.0
119,119,accumulation,N/A,0,0.3393727532818045,0.12081113362082967,,0.2222222222222222,0.25
119,119,accumulation,N/A,1,0.25511042697446906,0.14982960043658378,,0.18181818181818182,0.0
119,119,accumulation,N/A,2,0.2842927413737696,0.08489566266299609,,0.3333333333333333,0.14285714285714285
119,119,accumulation,N/A,3,0.2704857670666036,0.0,,0.20437956204379565,0.16666666666666666
119,119,accumulation,N/A,4,0.24657063023167164,0.0,,0.4,0.2
119,119,accumulation,N/A,5,0.28692438319955593,0.017814723687946583,,0.21212121212121213,0.3333333333333333
119,119,accumulation,N/A,6,0.23145132283681058,0.0424371874895863,,0.31578947368421056,0.0
119,119,accumulation,N/A,7,0.2847416762918593,0.0,,0.06060606060606061,0.2
119,119,refinement,0.5,0,0.3393727532818045,0.12081113362082967,,0.2222222222222222,0.25
119,119,refinement,0.5,1,0.26766930088399876,0.12193691460221981,,0.23529411764705882,0.0
119,119,refinement,0.5,2,0.26641930489831833,0.1123534218147921,,0.23529411764705882,0.0
119,119,refinement,0.5,3,0.26636484047930514,0.11339636164275502,,0.23529411764705882,0.0
119,119,refinement,0.5,4,0.26556977757158506,0.11444157768617406,,0.23529411764705882,0.0
119,119,refinement,0.5,5,0.2670216325837052,0.11391040354728905,,0.23529411764705882,0.0
119,119,refinement,0.5,6,0.26839479929465637,0.11391040354728905,,0.23529411764705882,0.0
119,119,refinement,0.5,7,0.268900323943618,0.11610598800857462,,0.23529411764705882,0.0
119,119,refinement,0.8,0,0.3393727532818045,0.12081113362082967,,0.2222222222222222,0.25
119,119,refinement,0.8,1,0.3462288476843154,0.07414232179242411,,0.33333333333333337,0.25
119,119,refinement,0.8,2,0.25524916738197634,0.1192133077920337,,0.2222222222222222,0.0
119,119,refinement,0.8,3,0.3380645730398696,0.1127628796830319,,0.2222222222222222,0.25
119,119,refinement,0.8,4,0.26748965646147826,0.11321161960730909,,0.23529411764705882,0.0
119,119,refinement,0.8,5,0.390169878600326,0.08259072482758921,,0.31578947368421056,0.5
119,119,refinement,0.8,6,0.2576991154812969,0.12130294926704877,,0.2222222222222222,0.0
119,119,refinement,0.8,7,0.269623643274039,0.11577745848192945,,0.23529411764705882,0.0
120,120,accumulation,N/A,0,0.2625674649801141,0.0,,0.2978723404255319,0.2
120,120,accumulation,N/A,1,0.3620108027486337,0.0191326702032181,,0.6666666666666666,0.0
120,120,accumulation,N/A,2,0.30384963323769343,0.006996022401053932,,0.5185185185185185,0.0
120,120,accumulation,N/A,3,0.3416980369884496,0.0003987695464053775,,0.7586206896551725,0.0
120,120,accumulation,N/A,4,0.38154419918127275,0.006785143405347648,,0.6315789473684211,0.0
120,120,accumulation,N/A,5,0.34462110342869756,0.006002980117429367,,0.5217391304347826,0.16666666666666666
120,120,accumulation,N/A,6,0.4240809638821363,0.01774781620404797,,0.7551020408163265,0.0
120,120,accumulation,N/A,7,0.382779784077108,0.028324458237071817,,0.4186046511627907,0.0
120,120,refinement,0.5,0,0.2625674649801141,0.0,,0.2978723404255319,0.2
120,120,refinement,0.5,1,0.26353517670706705,0.0,,0.25531914893617025,0.2
120,120,refinement,0.5,2,0.2628156077388094,0.0,,0.25531914893617025,0.2
120,120,refinement,0.5,3,0.25588968184232885,0.0,,0.2173913043478261,0.16666666666666666
120,120,refinement,0.5,4,0.26488941361062895,0.0,,0.26086956521739135,0.2
120,120,refinement,0.5,5,0.3467223108680505,0.0,,0.39215686274509803,0.2
120,120,refinement,0.5,6,0.3616333045436891,0.0,,0.39215686274509803,0.2
120,120,refinement,0.5,7,0.3321811263233208,0.0,,0.4642857142857143,0.16666666666666666
120,120,refinement,0.8,0,0.2625674649801141,0.0,,0.2978723404255319,0.2
120,120,refinement,0.8,1,0.3509498066866503,0.0024434974262073452,,0.5647058823529412,0.16666666666666666
120,120,refinement,0.8,2,0.35894623168115397,0.0016070399713987698,,0.651685393258427,0.0
120,120,refinement,0.8,3,0.34678880731782963,0.008115398031400907,,0.5496183206106869,0.0
120,120,refinement,0.8,4,0.3123381069426299,0.008896836409932975,,0.5333333333333334,0.0
120,120,refinement,0.8,5,0.3294683578069535,0.008442833234186174,,0.5853658536585366,0.0
120,120,refinement,0.8,6,0.3232060598516958,0.003913641235161979,,0.5573770491803278,0.0
120,120,refinement,0.8,7,0.3452015065271221,0.003089280147377845,,0.46258503401360546,0.0
121,121,accumulation,N/A,0,0.357213517508789,0.0050016008762690965,,0.3103448275862069,0.16666666666666666
121,121,accumulation,N/A,1,0.36296552194604514,0.01927650756182054,,0.611111111111111,0.0
121,121,accumulation,N/A,2,0.34301439656227434,0.020440114051601486,,0.4776119402985075,0.0
121,121,accumulation,N/A,3,0.39138274692382774,0.02869152706512139,,0.42774566473988435,0.0
121,121,accumulation,N/A,4,0.3494579525153913,0.006843445600044977,,0.5333333333333333,0.0
121,121,accumulation,N/A,5,0.37994962429734724,0.006152284939529544,,0.5802469135802469,0.14285714285714285
121,121,accumulation,N/A,6,0.3505331669133099,0.006792563428741127,,0.5533980582524272,0.0
121,121,accumulation,N/A,7,0.36036888471135237,0.04980081162936162,,0.5660377358490567,0.14285714285714285
121,121,refinement,0.5,0,0.357213517508789,0.0050016008762690965,,0.3103448275862069,0.16666666666666666
121,121,refinement,0.5,1,0.34150465247629175,0.005412086032176619,,0.2654867256637168,0.16666666666666666
121,121,refinement,0.5,2,0.330600781239244,0.010361465271140433,,0.33962264150943394,0.0
121,121,refinement,0.5,3,0.36065748652398016,0.011481842204695482,,0.3364485981308411,0.16666666666666666
121,121,refinement,0.5,4,0.31681451450538917,0.004918504836687359,,0.31683168316831684,0.0
121,121,refinement,0.5,5,0.33918144401912764,0.003339596115438184,,0.39639639639639634,0.0
121,121,refinement,0.5,6,0.3565639898825416,0.012086808738800053,,0.3454545454545454,0.16666666666666666
121,121,refinement,0.5,7,0.3212647035971942,0.004685931175516561,,0.3366336633663366,0.0
121,121,refinement,0.8,0,0.357213517508789,0.0050016008762690965,,0.3103448275862069,0.16666666666666666
121,121,refinement,0.8,1,0.33674414927384577,0.002882041050077239,,0.35526315789473684,0.0
121,121,refinement,0.8,2,0.32928626390910376,0.014732271456701066,,0.3455497382198953,0.14285714285714285
121,121,refinement,0.8,3,0.3373628261255944,0.0013482437404955332,,0.43396226415094347,0.0
121,121,refinement,0.8,4,0.337078864931811,0.0038797462032797415,,0.4541062801932366,0.0
121,121,refinement,0.8,5,0.33693637112573727,0.007052515259887257,,0.42016806722689076,0.0
121,121,refinement,0.8,6,0.3695724327891242,0.006602038206441013,,0.4641350210970464,0.14285714285714285
121,121,refinement,0.8,7,0.36557135479958014,0.012807338583875314,,0.5572139303482586,0.0
122,122,accumulation,N/A,0,0.273629976033109,0.0021187144270803557,,0.39999999999999997,0.0
122,122,accumulation,N/A,1,0.32912187254663805,0.01090679159882223,,0.368,0.0
122,122,accumulation,N/A,2,0.2973886009396178,0.011881718312819516,,0.5875,0.0
122,122,accumulation,N/A,3,0.3515204178238739,0.003120930001401482,,0.49166666666666664,0.125
122,122,accumulation,N/A,4,0.32945335576055057,0.0007827011631141448,,0.4375,0.0
122,122,accumulation,N/A,5,0.34668511710684113,0.010861409800425327,,0.44545454545454544,0.0
122,122,accumulation,N/A,6,0.37865905070073347,0.006701737522233748,,0.4387755102040817,0.14285714285714285
122,122,accumulation,N/A,7,0.33709261329791623,0.002197754702645258,,0.48275862068965514,0.0
122,122,refinement,0.5,0,0.273629976033109,0.0021187144270803557,,0.39999999999999997,0.0
122,122,refinement,0.5,1,0.3108318055014094,0.002106339031563901,,0.411214953271028,0.2857142857142857
122,122,refinement,0.5,2,0.2540063218778331,0.0028397377619459783,,0.3404255319148936,0.0
122,122,refinement,0.5,3,0.2564490655982533,0.0027181638669528546,,0.3655913978494624,0.0
122,122,refinement,0.5,4,0.2896182310002462,0.0034008354234334333,,0.45999999999999996,0.0
122,122,refinement,0.5,5,0.2843694534364218,0.004226440205462826,,0.3958333333333333,0.0
122,122,refinement,0.5,6,0.27871961173306703,0.0025308121995788846,,0.3829787234042553,0.0
122,122,refinement,0.5,7,0.3043160587295821,0.0016527455069903815,,0.5137614678899083,0.0
122,122,refinement,0.8,0,0.273629976033109,0.0021187144270803557,,0.39999999999999997,0.0
122,122,refinement,0.8,1,0.3580955733305589,0.00029969003006823243,,0.576,0.2857142857142857
122,122,refinement,0.8,2,0.28737660546364185,0.0017363456918477959,,0.47619047619047616,0.0
122,122,refinement,0.8,3,0.3182690389434248,0.0017683612075587076,,0.5467625899280575,0.0
122,122,refinement,0.8,4,0.29580557425800513,0.0031287428511465277,,0.5035971223021581,0.0
122,122,refinement,0.8,5,0.346830639465352,0.0050841678918599155,,0.4964539007092198,0.2857142857142857
122,122,refinement,0.8,6,0.34208138924093345,0.003870390017316691,,0.6363636363636364,0.0
122,122,refinement,0.8,7,0.3090253815802968,0.004229077784885458,,0.4748858447488585,0.0
123,123,accumulation,N/A,0,0.2025946210449669,0.0,,0.31578947368421056,0.0
123,123,accumulation,N/A,1,0.30395470056165913,0.09507122987164386,,0.25000000000000006,0.0
123,123,accumulation,N/A,2,0.30227502026496145,0.0,,0.24000000000000002,0.2
123,123,accumulation,N/A,3,0.4552574493481791,0.07100063378354873,,0.5925925925925926,0.25
123,123,accumulation,N/A,4,0.24707668659928814,0.013350964597859163,,0.6666666666666666,0.0
123,123,accumulation,N/A,5,0.35877374265006523,0.07503577621477484,,0.5599999999999999,0.0
123,123,accumulation,N/A,6,0.3323357509597068,0.0,,0.047619047619047616,0.0
123,123,accumulation,N/A,7,0.2244134454628508,0.03567831592164125,,0.0449438202247191,0.0
123,123,refinement,0.5,0,0.2025946210449669,0.0,,0.31578947368421056,0.0
123,123,refinement,0.5,1,0.22025551221228123,0.0,,0.33333333333333337,0.0
123,123,refinement,0.5,2,0.22063606899689944,0.0,,0.4210526315789474,0.0
123,123,refinement,0.5,3,0.21989517174697548,0.0,,0.33333333333333337,0.0
123,123,refinement,0.5,4,0.22259379004854735,0.0,,0.4,0.0
123,123,refinement,0.5,5,0.21990587238546855,0.0,,0.33333333333333337,0.0
123,123,refinement,0.5,6,0.2272498606726887,0.0,,0.4210526315789474,0.0
123,123,refinement,0.5,7,0.20236766055197325,0.0,,0.31578947368421056,0.0
123,123,refinement,0.8,0,0.2025946210449669,0.0,,0.31578947368421056,0.0
123,123,refinement,0.8,1,0.31630631602086845,0.0,,0.5454545454545455,0.25
123,123,refinement,0.8,2,0.2566023759553297,0.0,,0.27272727272727276,0.0
123,123,refinement,0.8,3,0.26511617764042306,0.0,,0.4210526315789474,0.0
123,123,refinement,0.8,4,0.22708689307166768,0.0,,0.33333333333333337,0.0
123,123,refinement,0.8,5,0.22776525669775494,0.0,,0.33333333333333337,0.0
123,123,refinement,0.8,6,0.2662672829570414,0.0,,0.4210526315789474,0.0
123,123,refinement,0.8,7,0.31794534612701986,0.0,,0.5,0.0
124,124,accumulation,N/A,0,0.38010086835751483,0.11665280639848682,,0.3829787234042554,0.0
124,124,accumulation,N/A,1,0.3518166436805516,0.023642067442966982,,0.37662337662337664,0.0
124,124,accumulation,N/A,2,0.3333316115996403,0.12833414444236838,,0.19607843137254902,0.16666666666666666
124,124,accumulation,N/A,3,0.35625253822223213,0.023976146378333438,,0.4444444444444444,0.2
124,124,accumulation,N/A,4,0.27064104016976087,0.06618206448346832,,0.07692307692307691,0.16666666666666666
124,124,accumulation,N/A,5,0.37041443217987924,0.007324172208785075,,0.5227272727272727,0.16666666666666666
124,124,accumulation,N/A,6,0.3296134544925885,0.017114087758302015,,0.358974358974359,0.14285714285714285
124,124,accumulation,N/A,7,0.3614925404113677,0.0028069720448449576,,0.5333333333333334,0.0
124,124,refinement,0.5,0,0.38010086835751483,0.11665280639848682,,0.3829787234042554,0.0
124,124,refinement,0.5,1,0.38085389102713374,0.1028638951868451,,0.39215686274509803,0.16666666666666666
124,124,refinement,0.5,2,0.3930807738689481,0.07338271495589908,,0.4912280701754386,0.16666666666666666
124,124,refinement,0.5,3,0.4022197636096505,0.04617200094598501,,0.5625,0.16666666666666666
124,124,refinement,0.5,4,0.4161583269301253,0.06410428134670534,,0.4333333333333333,0.2
124,124,refinement,0.5,5,0.3975124922533305,0.1487789196777571,,0.23728813559322032,0.2
124,124,refinement,0.5,6,0.40674071270554923,0.09389948783515258,,0.3384615384615384,0.2
124,124,refinement,0.5,7,0.4414274013269195,0.0517853369426257,,0.625,0.2
124,124,refinement,0.8,0,0.38010086835751483,0.11665280639848682,,0.3829787234042554,0.0
124,124,refinement,0.8,1,0.3762238445066677,0.0635661911125048,,0.6000000000000001,0.0
124,124,refinement,0.8,2,0.36249708381770307,0.046538872932737486,,0.5283018867924528,0.0
124,124,refinement,0.8,3,0.35927477514446376,0.0389579113275296,,0.524271844660194,0.0
124,124,refinement,0.8,4,0.3331312379722105,0.05088838974107839,,0.368421052631579,0.0
124,124,refinement,0.8,5,0.358230134977377,0.029262033810450665,,0.3726708074534162,0.0
124,124,refinement,0.8,6,0.34628844091752,0.04522444724502711,,0.3411764705882353,0.0
124,124,refinement,0.8,7,0.32135073793832947,0.03899343959798783,,0.33707865168539325,0.0
125,125,accumulation,N/A,0,0.33471900372104035,0.10034502473431842,,0.14814814814814814,0.0
125,125,accumulation,N/A,1,0.3897238790139087,0.1481869972577408,,0.21052631578947367,0.25
125,125,accumulation,N/A,2,0.3970714301155847,0.5178378391844243,,0.3076923076923077,0.0
125,125,accumulation,N/A,3,0.3640993834592635,0.07170653257192147,,0.2666666666666667,0.0
125,125,accumulation,N/A,4,0.461082615623601,0.1658578531788139,,0.5714285714285715,0.3333333333333333
125,125,accumulation,N/A,5,0.4044696576428435,0.14727887863347253,,0.18181818181818182,0.0
125,125,accumulation,N/A,6,0.309371572529621,0.12257363262777406,,0.16666666666666669,0.0
125,125,accumulation,N/A,7,0.3009744152821954,0.30975644487008325,,0.07142857142857142,0.0
125,125,refinement,0.5,0,0.33471900372104035,0.10034502473431842,,0.14814814814814814,0.0
125,125,refinement,0.5,1,0.31868784087544055,0.2205396822908164,,0.2222222222222222,0.0
125,125,refinement,0.5,2,0.32226842756566,0.22020686149524651,,0.25,0.0
125,125,refinement,0.5,3,0.3493087346494063,0.217843727243132,,0.2666666666666667,0.0
125,125,refinement,0.5,4,0.3221158459118319,0.2152231105530118,,0.25,0.0
125,125,refinement,0.5,5,0.3151599719293082,0.09904978018599685,,0.2666666666666667,0.0
125,125,refinement,0.5,6,0.32259704491854124,0.21150590965212926,,0.2666666666666667,0.0
125,125,refinement,0.5,7,0.2836290422398263,0.09543692688956983,,0.19999999999999998,0.0
125,125,refinement,0.8,0,0.33471900372104035,0.10034502473431842,,0.14814814814814814,0.0
125,125,refinement,0.8,1,0.3144559013599567,0.10083518341885217,,0.25,0.0
125,125,refinement,0.8,2,0.34773899384891593,0.3091339224661315,,0.3636363636363636,0.0
125,125,refinement,0.8,3,0.37165525985394,0.31183251973663334,,0.3636363636363636,0.0
125,125,refinement,0.8,4,0.3725591664121969,0.3140946728267135,,0.3636363636363636,0.0
125,125,refinement,0.8,5,0.36600679128950697,0.3025336596477548,,0.3636363636363636,0.0
125,125,refinement,0.8,6,0.4202598658014844,0.31043012602066505,,0.4,0.0
125,125,refinement,0.8,7,0.4363613091371143,0.3183956891394114,,0.5,0.0
126,126,accumulation,N/A,0,0.22338647481859822,0.05884927205154201,,0.2448979591836735,0.0
126,126,accumulation,N/A,1,0.3511351061033847,0.007151213887069611,,0.3529411764705882,0.0
126,126,accumulation,N/A,2,0.29958285079697317,0.0013389974856192173,,0.27745664739884396,0.0
126,126,accumulation,N/A,3,0.29850581013786187,0.008703141815675232,,0.44036697247706424,0.125
126,126,accumulation,N/A,4,0.30538386083167335,0.012532835051158845,,0.2616822429906542,0.0
126,126,accumulation,N/A,5,0.35479124017886454,0.05168534512439231,,0.3305785123966942,0.0
126,126,accumulation,N/A,6,0.39740955850240534,0.005680117285470971,,0.5544554455445544,0.0
126,126,accumulation,N/A,7,0.27361401751009456,0.0,,0.36,0.0
126,126,refinement,0.5,0,0.22338647481859822,0.05884927205154201,,0.2448979591836735,0.0
126,126,refinement,0.5,1,0.25191611496684285,0.05294972712698536,,0.27450980392156865,0.0
126,126,refinement,0.5,2,0.21026945514109757,0.03609123865131025,,0.19999999999999998,0.0
126,126,refinement,0.5,3,0.21328087953702357,0.039201857852205646,,0.1794871794871795,0.0
126,126,refinement,0.5,4,0.2742285764311443,0.018045619325655144,,0.24561403508771928,0.0
126,126,refinement,0.5,5,0.25986194870293705,0.020544243539976623,,0.19696969696969693,0.0
126,126,refinement,0.5,6,0.28373641324563814,0.022209993016190924,,0.16149068322981366,0.16666666666666666
126,126,refinement,0.5,7,0.2927661789929114,0.021113374611016616,,0.21621621621621623,0.16666666666666666
126,126,refinement,0.8,0,0.22338647481859822,0.05884927205154201,,0.2448979591836735,0.0
126,126,refinement,0.8,1,0.2585368965167539,0.04517523259974978,,0.3018867924528302,0.0
126,126,refinement,0.8,2,0.2556237534418334,0.10125212743485554,,0.1694915254237288,0.0
126,126,refinement,0.8,3,0.2271086500312017,0.015645365105807885,,0.1509433962264151,0.0
126,126,refinement,0.8,4,0.23301134217855513,0.016591163322110237,,0.2692307692307693,0.0
126,126,refinement,0.8,5,0.23680672169854616,0.015072858509317624,,0.2807017543859649,0.0
126,126,refinement,0.8,6,0.28836654136157924,0.01501715567467902,,0.2535211267605634,0.0
126,126,refinement,0.8,7,0.23605394207565256,0.01487867729334372,,0.29508196721311475,0.0
127,127,accumulation,N/A,0,0.3685068674776876,0.02738875930581254,,0.4406779661016949,0.16666666666666666
127,127,accumulation,N/A,1,0.2990392299369341,0.023772389452811633,,0.4105960264900662,0.0
127,127,accumulation,N/A,2,0.340711918305362,0.03241759051176109,,0.3404255319148936,0.3333333333333333
127,127,accumulation,N/A,3,0.3460210576662943,0.02607491933661488,,0.41509433962264153,0.14285714285714285
127,127,accumulation,N/A,4,0.38444023178599307,0.013544508692507723,,0.3370786516853933,0.2857142857142857
127,127,accumulation,N/A,5,0.38496509514211275,0.018435841214811444,,0.47619047619047616,0.0
127,127,accumulation,N/A,6,0.2415358464072455,0.015294118571919087,,0.3218390804597701,0.0
127,127,accumulation,N/A,7,0.3374645840796732,0.02265123665056399,,0.5663716814159292,0.14285714285714285
127,127,refinement,0.5,0,0.3685068674776876,0.02738875930581254,,0.4406779661016949,0.16666666666666666
127,127,refinement,0.5,1,0.31941111324766713,0.034239970623816285,,0.41379310344827586,0.0
127,127,refinement,0.5,2,0.3196934658438879,0.03693869249955957,,0.48148148148148157,0.0
127,127,refinement,0.5,3,0.31457686648604066,0.0402726983585265,,0.37037037037037035,0.0
127,127,refinement,0.5,4,0.31689865467107825,0.03723989614959864,,0.3928571428571429,0.0
127,127,refinement,0.5,5,0.31795301039034585,0.03346061626255653,,0.4444444444444445,0.0
127,127,refinement,0.5,6,0.3134688229527709,0.03470984233188204,,0.3870967741935484,0.0
127,127,refinement,0.5,7,0.350997007495625,0.037712153493479054,,0.45901639344262296,0.14285714285714285
127,127,refinement,0.8,0,0.3685068674776876,0.02738875930581254,,0.4406779661016949,0.16666666666666666
127,127,refinement,0.8,1,0.34511768438278556,0.02358846376728133,,0.6111111111111113,0.0
127,127,refinement,0.8,2,0.3637592638235631,0.01340638291391023,,0.5,0.0
127,127,refinement,0.8,3,0.3239897903994448,0.013693680681381366,,0.462962962962963,0.0
127,127,refinement,0.8,4,0.38254112104980126,0.020817604202737594,,0.43200000000000005,0.14285714285714285
127,127,refinement,0.8,5,0.3541623098966979,0.028092805200931315,,0.3779527559055118,0.14285714285714285
127,127,refinement,0.8,6,0.3954463049536389,0.020247050129124557,,0.40944881889763773,0.16666666666666666
127,127,refinement,0.8,7,0.3168849646366539,0.022175479229509944,,0.4201680672268907,0.0
128,128,accumulation,N/A,0,0.25046177972512834,0.01076209549179449,,0.39130434782608703,0.0
128,128,accumulation,N/A,1,0.32501626611743034,0.01554347699850975,,0.608695652173913,0.0
128,128,accumulation,N/A,2,0.33433363037861036,0.017781960396248846,,0.5,0.0
128,128,accumulation,N/A,3,0.23755165294113056,0.006812253017179054,,0.23809523809523808,0.0
128,128,accumulation,N/A,4,0.3644759702035505,0.00045280735810226697,,0.5569620253164557,0.16666666666666666
128,128,accumulation,N/A,5,0.31051420556129977,0.008974340880757907,,0.45517241379310347,0.0
128,128,accumulation,N/A,6,0.374018098807141,0.011421673965698646,,0.6933333333333332,0.0
128,128,accumulation,N/A,7,0.2794950991584694,0.0,,0.2689075630252101,0.16666666666666666
128,128,refinement,0.5,0,0.25046177972512834,0.01076209549179449,,0.39130434782608703,0.0
128,128,refinement,0.5,1,0.23215171932843565,0.016165959186028263,,0.3478260869565218,0.0
128,128,refinement,0.5,2,0.24173607204902015,0.017702755361684527,,0.3478260869565218,0.0
128,128,refinement,0.5,3,0.32264675229491807,0.0456560622310717,,0.3478260869565218,0.25
128,128,refinement,0.5,4,0.2902178009382736,0.0,,0.4150943396226416,0.2
128,128,refinement,0.5,5,0.28775012904887315,0.058987216465609206,,0.40816326530612246,0.0
128,128,refinement,0.5,6,0.2570660920875336,0.003738983942344963,,0.3283582089552239,0.0
128,128,refinement,0.5,7,0.24862698638891934,0.00042431323785838853,,0.3287671232876712,0.0
128,128,refinement,0.8,0,0.25046177972512834,0.01076209549179449,,0.39130434782608703,0.0
128,128,refinement,0.8,1,0.2518845146841181,0.03072797719464708,,0.3214285714285714,0.0
128,128,refinement,0.8,2,0.2639320859782902,0.0,,0.3888888888888889,0.0
128,128,refinement,0.8,3,0.24060670820813435,0.0,,0.3380281690140845,0.0
128,128,refinement,0.8,4,0.268484399343637,0.010808269373947226,,0.5,0.0
128,128,refinement,0.8,5,0.26103033410167714,0.0,,0.45614035087719296,0.0
128,128,refinement,0.8,6,0.2706283118657579,0.0,,0.5185185185185185,0.0
128,128,refinement,0.8,7,0.3018668179613945,0.0,,0.4444444444444445,0.0
129,129,accumulation,N/A,0,0.21012721483273927,0.0,,0.17857142857142855,0.0
129,129,accumulation,N/A,1,0.2163031083740703,0.0,,0.45454545454545453,0.0
129,129,accumulation,N/A,2,0.1755900592451584,0.007529145806308011,,0.25396825396825395,0.0
129,129,accumulation,N/A,3,0.23038692226677568,0.02982167101475738,,0.2857142857142857,0.0
129,129,accumulation,N/A,4,0.28942791385442546,0.004027264268763308,,0.4594594594594595,0.0
129,129,accumulation,N/A,5,0.26508357680504646,0.02205725225057681,,0.3225806451612903,0.0
129,129,accumulation,N/A,6,0.15459255215363227,0.03368760342950355,,0.21052631578947367,0.0
129,129,accumulation,N/A,7,0.2893382488513094,0.013218830161668332,,0.5106382978723404,0.0
129,129,refinement,0.5,0,0.21012721483273927,0.0,,0.17857142857142855,0.0
129,129,refinement,0.5,1,0.17928768156737074,0.0,,0.17857142857142855,0.0
129,129,refinement,0.5,2,0.17931134153316158,0.0,,0.14285714285714285,0.0
129,129,refinement,0.5,3,0.1869169198615428,0.0,,0.1111111111111111,0.0
129,129,refinement,0.5,4,0.20939449211292888,0.0,,0.17857142857142855,0.0
129,129,refinement,0.5,5,0.20497846349993798,0.0,,0.14545454545454545,0.0
129,129,refinement,0.5,6,0.24001627424392316,0.0,,0.14285714285714285,0.0
129,129,refinement,0.5,7,0.20419735710401365,0.0,,0.14545454545454545,0.0
129,129,refinement,0.8,0,0.21012721483273927,0.0,,0.17857142857142855,0.0
129,129,refinement,0.8,1,0.20835359986679008,0.0,,0.2068965517241379,0.0
129,129,refinement,0.8,2,0.2636933174850817,0.0,,0.375,0.0
129,129,refinement,0.8,3,0.23610656579332845,0.002047310238185454,,0.2857142857142857,0.0
129,129,refinement,0.8,4,0.2595008422954518,0.0,,0.2903225806451613,0.125
129,129,refinement,0.8,5,0.2821947000141066,4.421334050347554e-06,,0.303030303030303,0.125
129,129,refinement,0.8,6,0.2816650633139913,4.572324547796412e-06,,0.29411764705882354,0.0
129,129,refinement,0.8,7,0.2382645640642152,0.0,,0.28125,0.0
130,130,accumulation,N/A,0,0.47326810241160544,0.13552649732310182,,0.8571428571428571,0.0
130,130,accumulation,N/A,1,0.31296543979368874,0.3030807654758051,,0.01282051282051282,0.3333333333333333
130,130,accumulation,N/A,2,0.3856867287064366,0.22918107948327698,,0.6666666666666666,0.0
130,130,accumulation,N/A,3,0.3243964342239545,0.027904102063240146,,0.5,0.0
130,130,accumulation,N/A,4,0.18842962469619473,0.00022136964570393738,,0.03296703296703297,0.0
130,130,accumulation,N/A,5,0.22954094680938034,0.05061249466477664,,0.3157894736842105,0.0
130,130,accumulation,N/A,6,0.27738800786449536,0.32238260640777594,,0.11428571428571428,0.16666666666666666
130,130,accumulation,N/A,7,0.1738349441445926,0.04051045950294998,,0.18181818181818182,0.0
130,130,refinement,0.5,0,0.47326810241160544,0.13552649732310182,,0.8571428571428571,0.0
130,130,refinement,0.5,1,0.3443906456348596,0.13552649732310182,,0.6666666666666666,0.0
130,130,refinement,0.5,2,0.3823277537395645,0.1376354260396693,,0.7499999999999999,0.0
130,130,refinement,0.5,3,0.369426891803664,0.1360450590664427,,0.6666666666666666,0.0
130,130,refinement,0.5,4,0.3688568401404833,0.13511452764109153,,0.6666666666666666,0.0
130,130,refinement,0.5,5,0.3713822760059481,0.12164820751967355,,0.6666666666666666,0.0
130,130,refinement,0.5,6,0.36774670812710714,0.12164820751967355,,0.6666666666666666,0.0
130,130,refinement,0.5,7,0.3064859958148046,0.13813344985088358,,0.5454545454545454,0.0
130,130,refinement,0.8,0,0.47326810241160544,0.13552649732310182,,0.8571428571428571,0.0
130,130,refinement,0.8,1,0.3822664792731127,0.13726764784406628,,0.7499999999999999,0.0
130,130,refinement,0.8,2,0.38316081449250566,0.13899697922938511,,0.7499999999999999,0.0
130,130,refinement,0.8,3,0.40396797684230734,0.025955598737727795,,0.5,0.5
130,130,refinement,0.8,4,0.41455929374725076,0.026091069001731897,,0.5714285714285715,0.5
130,130,refinement,0.8,5,0.3433366936138746,0.01770121726026432,,0.6666666666666666,0.0
130,130,refinement,0.8,6,0.4350104314569779,0.01801470012115294,,0.7499999999999999,0.0
130,130,refinement,0.8,7,0.2881977784986927,0.01940061835816351,,0.5,0.0
131,131,accumulation,N/A,0,0.2849522294924257,0.0009631690773748868,,0.5,0.16666666666666666
131,131,accumulation,N/A,1,0.19976820071649587,0.007427227370500103,,0.07766990291262137,0.0
131,131,accumulation,N/A,2,0.3599732243593299,0.08795446349332998,,0.5454545454545455,0.0
131,131,accumulation,N/A,3,0.2739861506693595,0.0031092658637905317,,0.25,0.0
131,131,accumulation,N/A,4,0.2588336460182715,0.0006058031030596237,,0.2528735632183908,0.0
131,131,accumulation,N/A,5,0.2679224762081942,0.013575704665169717,,0.16279069767441862,0.0
131,131,accumulation,N/A,6,0.31144611723975174,0.03833717313225594,,0.45283018867924535,0.0
131,131,accumulation,N/A,7,0.30339857184722807,0.01884709657204905,,0.09836065573770493,0.14285714285714285
131,131,refinement,0.5,0,0.2849522294924257,0.0009631690773748868,,0.5,0.16666666666666666
131,131,refinement,0.5,1,0.2385280053935252,0.0017606707005815695,,0.35714285714285715,0.0
131,131,refinement,0.5,2,0.2618815669444533,0.05215652220677248,,0.42857142857142855,0.0
131,131,refinement,0.5,3,0.2994574272467442,0.0009586892212010502,,0.5,0.3333333333333333
131,131,refinement,0.5,4,0.2634436426415212,0.0875699815885361,,0.4761904761904762,0.16666666666666666
131,131,refinement,0.5,5,0.2496002747548,0.10931689479443712,,0.29629629629629634,0.2857142857142857
131,131,refinement,0.5,6,0.2523355344702447,0.10862979927920718,,0.36363636363636365,0.16666666666666666
131,131,refinement,0.5,7,0.2050569035531497,0.0006689325155313249,,0.3225806451612903,0.0
131,131,refinement,0.8,0,0.2849522294924257,0.0009631690773748868,,0.5,0.16666666666666666
131,131,refinement,0.8,1,0.24266853165221908,0.015236503602209366,,0.36363636363636365,0.14285714285714285
131,131,refinement,0.8,2,0.23027391999935798,0.11353396920818001,,0.2941176470588235,0.0
131,131,refinement,0.8,3,0.25834227884877614,0.1615819742269641,,0.2941176470588235,0.0
131,131,refinement,0.8,4,0.23439830143544807,0.1570838263616595,,0.24390243902439024,0.0
131,131,refinement,0.8,5,0.27637186161358357,0.061816024041818754,,0.3018867924528302,0.14285714285714285
131,131,refinement,0.8,6,0.2250753350769747,0.0957117705122908,,0.3,0.0
131,131,refinement,0.8,7,0.29153734897645533,0.032777820016238135,,0.3870967741935484,0.16666666666666666
132,132,accumulation,N/A,0,0.34248855641997106,0.3603698420624811,,0.19999999999999998,0.0
132,132,accumulation,N/A,1,0.27335856884808923,0.35456519324452396,,0.4,0.0
132,132,accumulation,N/A,2,0.30633047190367807,0.29719839941641407,,0.16666666666666669,0.0
132,132,accumulation,N/A,3,0.2803114453748152,0.19231569745660404,,0.09523809523809523,0.0
132,132,accumulation,N/A,4,0.3037158247363472,0.26049275948994444,,0.16666666666666669,0.0
132,132,accumulation,N/A,5,0.36602822250928624,0.2808991108199563,,0.4,0.0
132,132,accumulation,N/A,6,0.264444798521012,0.278616240351198,,0.04166666666666667,0.0
132,132,accumulation,N/A,7,0.39846282572410086,0.44100887490608637,,0.33333333333333337,0.0
132,132,refinement,0.5,0,0.34248855641997106,0.3603698420624811,,0.19999999999999998,0.0
132,132,refinement,0.5,1,0.30205262981350345,0.3603698420624811,,0.0625,0.0
132,132,refinement,0.5,2,0.30885234071255935,0.3594424333283216,,0.06060606060606061,0.0
132,132,refinement,0.5,3,0.33338165312995816,0.3603698420624811,,0.2222222222222222,0.0
132,132,refinement,0.5,4,0.39740979537405285,0.35944243332832154,,0.4,0.0
132,132,refinement,0.5,5,0.3635320036127256,0.36570189906511924,,0.33333333333333337,0.0
132,132,refinement,0.5,6,0.33881335697286435,0.3666619326704222,,0.16666666666666669,0.0
132,132,refinement,0.5,7,0.34332927676199154,0.3612931479425063,,0.19999999999999998,0.0
132,132,refinement,0.8,0,0.34248855641997106,0.3603698420624811,,0.19999999999999998,0.0
132,132,refinement,0.8,1,0.36268005035108597,0.36036984206248124,,0.33333333333333337,0.0
132,132,refinement,0.8,2,0.48791768526430734,0.35944243332832154,,0.5,0.0
132,132,refinement,0.8,3,0.36254528113890355,0.3575751974192913,,0.33333333333333337,0.0
132,132,refinement,0.8,4,0.3642912401486401,0.36473767674525587,,0.33333333333333337,0.0
132,132,refinement,0.8,5,0.3349420063691785,0.3618196015561838,,0.2222222222222222,0.0
132,132,refinement,0.8,6,0.3298375935931934,0.4646243263675524,,0.18181818181818182,0.0
132,132,refinement,0.8,7,0.3506937812333141,0.4734293341125409,,0.14285714285714288,0.0
133,133,accumulation,N/A,0,0.33427457439007796,0.2297478938930351,,0.14634146341463414,0.0
133,133,accumulation,N/A,1,0.3671583202192824,0.24770409439262858,,0.23529411764705882,0.0
133,133,accumulation,N/A,2,0.27175944546590913,0.05961017972419782,,0.20689655172413793,0.0
133,133,accumulation,N/A,3,0.41291988716770156,0.11958841511839151,,0.13333333333333333,0.25
133,133,accumulation,N/A,4,0.49638933897089943,0.22712050426974914,,0.3,0.3333333333333333
133,133,accumulation,N/A,5,0.38869923896694936,0.07820649120375617,,0.22222222222222218,0.3333333333333333
133,133,accumulation,N/A,6,0.31489665486315654,0.0645136108005334,,0.31578947368421056,0.0
133,133,accumulation,N/A,7,0.3391328183002288,0.1493150829535468,,0.19999999999999998,0.0
133,133,refinement,0.5,0,0.33427457439007796,0.2297478938930351,,0.14634146341463414,0.0
133,133,refinement,0.5,1,0.3814981491355523,0.34462184083955266,,0.1111111111111111,0.0
133,133,refinement,0.5,2,0.3795974107101295,0.2297478938930351,,0.375,0.0
133,133,refinement,0.5,3,0.400570483329173,0.34462184083955266,,0.22222222222222224,0.0
133,133,refinement,0.5,4,0.3692390279587934,0.22913286292759596,,0.24,0.0
133,133,refinement,0.5,5,0.3805185237067086,0.22913286292759596,,0.2857142857142857,0.0
133,133,refinement,0.5,6,0.3904958333732591,0.34462184083955255,,0.16,0.0
133,133,refinement,0.5,7,0.39557087805853414,0.22953501021958653,,0.2857142857142857,0.0
133,133,refinement,0.8,0,0.33427457439007796,0.2297478938930351,,0.14634146341463414,0.0
133,133,refinement,0.8,1,0.3741023457484455,0.17139083701827765,,0.2285714285714286,0.0
133,133,refinement,0.8,2,0.35625364432107626,0.34217946843944247,,0.1212121212121212,0.0
133,133,refinement,0.8,3,0.3900928274126523,0.35010768668677217,,0.17391304347826086,0.0
133,133,refinement,0.8,4,0.3711577483676465,0.17328445822857283,,0.20512820512820512,0.0
133,133,refinement,0.8,5,0.38558244587511226,0.224522016859238,,0.3333333333333333,0.0
133,133,refinement,0.8,6,0.3807486899709239,0.33991472164623393,,0.25,0.0
133,133,refinement,0.8,7,0.39228127475790514,0.3308174430339556,,0.23529411764705882,0.0
134,134,accumulation,N/A,0,0.49254206047541516,0.3295037362612506,,0.6666666666666666,0.0
134,134,accumulation,N/A,1,0.44281845563829686,0.08656614406131545,,0.8,0.5
134,134,accumulation,N/A,2,0.41722046713605454,0.15120459531462346,,0.5714285714285715,0.0
134,134,accumulation,N/A,3,0.42457179012256274,0.2145531451327797,,0.5,0.0
134,134,accumulation,N/A,4,0.2961820710833563,0.04986316932073653,,0.5714285714285715,0.0
134,134,accumulation,N/A,5,0.3962082495378028,0.19424583046295754,,0.4,0.0
134,134,accumulation,N/A,6,0.452515751578807,0.46415141976064167,,0.4,0.0
134,134,accumulation,N/A,7,0.7042720245378935,0.30869657876442635,,1.0,1.0
134,134,refinement,0.5,0,0.49254206047541516,0.3295037362612506,,0.6666666666666666,0.0
134,134,refinement,0.5,1,0.4921195702713923,0.32871355943568403,,0.6666666666666666,0.0
134,134,refinement,0.5,2,0.39224710224938864,0.32871355943568403,,0.5,0.0
134,134,refinement,0.5,3,0.4924986023419834,0.32871355943568403,,0.6666666666666666,0.0
134,134,refinement,0.5,4,0.392544436174399,0.3279271633604791,,0.5,0.0
134,134,refinement,0.5,5,0.39306838105806596,0.3279271633604791,,0.5,0.0
134,134,refinement,0.5,6,0.4953110624696856,0.3515865446130834,,0.6666666666666666,0.0
134,134,refinement,0.5,7,0.4929100148907633,0.3280399660761846,,0.6666666666666666,0.0
134,134,refinement,0.8,0,0.49254206047541516,0.3295037362612506,,0.6666666666666666,0.0
134,134,refinement,0.8,1,0.35177851303640506,0.3243307119765404,,0.4,0.0
134,134,refinement,0.8,2,0.38587098741264714,0.275722666664586,,0.5,0.0
134,134,refinement,0.8,3,0.3840385221181857,0.26791190316982333,,0.5,0.0
134,134,refinement,0.8,4,0.48543309464209206,0.27635797234814485,,0.6666666666666666,0.0
134,134,refinement,0.8,5,0.48330939921712346,0.27312534468994415,,0.6666666666666666,0.0
134,134,refinement,0.8,6,0.38359283473995276,0.2747936819386271,,0.5,0.0
134,134,refinement,0.8,7,0.48846992969276637,0.30257127583381904,,0.6666666666666666,0.0
135,135,accumulation,N/A,0,0.2946964545275005,0.4130043925380905,,0.14285714285714285,0.0
135,135,accumulation,N/A,1,0.3100441471587144,0.09702078097223081,,0.2,0.3333333333333333
135,135,accumulation,N/A,2,0.5037575807115983,0.12580351663474654,,0.8,0.0
135,135,accumulation,N/A,3,0.27574900797143986,0.031279985391503354,,0.003968253968253968,0.3333333333333333
135,135,accumulation,N/A,4,0.42862368921570493,0.2560621378641954,,0.4,0.0
135,135,accumulation,N/A,5,0.30858616163956193,0.10350219988692663,,0.3636363636363636,0.0
135,135,accumulation,N/A,6,0.22393465505992846,0.0,,0.3333333333333333,0.0
135,135,accumulation,N/A,7,0.5098924313716577,0.1066499926746351,,0.8,0.0
135,135,refinement,0.5,0,0.2946964545275005,0.4130043925380905,,0.14285714285714285,0.0
135,135,refinement,0.5,1,0.28582422610681746,0.4130043925380905,,0.13333333333333336,0.0
135,135,refinement,0.5,2,0.2980525353358181,0.4120054098920932,,0.16666666666666669,0.0
135,135,refinement,0.5,3,0.29606054467197673,0.4110112483001588,,0.15384615384615385,0.0
135,135,refinement,0.5,4,0.2981664692563516,0.4110112483001588,,0.16666666666666669,0.0
135,135,refinement,0.5,5,0.2908158726562109,0.41101124830015867,,0.2,0.0
135,135,refinement,0.5,6,0.2872950715227768,0.41101124830015867,,0.14285714285714285,0.0
135,135,refinement,0.5,7,0.30056181349089894,0.41101124830015867,,0.1818181818181818,0.0
135,135,refinement,0.8,0,0.2946964545275005,0.4130043925380905,,0.14285714285714285,0.0
135,135,refinement,0.8,1,0.29432676342431974,0.4130043925380905,,0.14285714285714285,0.0
135,135,refinement,0.8,2,0.2933803626970475,0.4090372493515414,,0.14285714285714285,0.0
135,135,refinement,0.8,3,0.318324159218194,0.4149482837671084,,0.22222222222222224,0.0
135,135,refinement,0.8,4,0.2887462380793254,0.40805734336343724,,0.1111111111111111,0.0
135,135,refinement,0.8,5,0.29266433797259034,0.41002187294694764,,0.13333333333333336,0.0
135,135,refinement,0.8,6,0.2926218675792807,0.41101124830015867,,0.13333333333333336,0.0
135,135,refinement,0.8,7,0.30608469899799035,0.4110112483001588,,0.22222222222222224,0.0
136,136,accumulation,N/A,0,0.264863324395721,0.0,,0.4680851063829787,0.0
136,136,accumulation,N/A,1,0.2604779929056668,0.013180070882474793,,0.2153846153846154,0.0
136,136,accumulation,N/A,2,0.29266807274343437,0.03263975164112024,,0.33333333333333337,0.0
136,136,accumulation,N/A,3,0.2041112259102002,0.0,,0.20437956204379565,0.0
136,136,accumulation,N/A,4,0.32455084005633356,0.008844409846361536,,0.41860465116279066,0.0
136,136,accumulation,N/A,5,0.25336884440372975,0.011241424613909253,,0.2678571428571429,0.0
136,136,accumulation,N/A,6,0.20096396714386255,0.015819577327430025,,0.34285714285714286,0.0
136,136,accumulation,N/A,7,0.2693421562105215,0.0028229327101921813,,0.5,0.0
136,136,refinement,0.5,0,0.264863324395721,0.0,,0.4680851063829787,0.0
136,136,refinement,0.5,1,0.2742032085799629,0.0,,0.5641025641025641,0.0
136,136,refinement,0.5,2,0.26220663321798304,0.0,,0.4074074074074074,0.0
136,136,refinement,0.5,3,0.25556439113832263,0.0,,0.3773584905660377,0.0
136,136,refinement,0.5,4,0.2682256056206971,0.0,,0.3508771929824562,0.2
136,136,refinement,0.5,5,0.27537511411514703,3.210616438356247e-05,,0.5,0.0
136,136,refinement,0.5,6,0.2583409306422656,7.636213742812321e-05,,0.3582089552238806,0.0
136,136,refinement,0.5,7,0.29757544933706,1.0097032942078483e-05,,0.4,0.2
136,136,refinement,0.8,0,0.264863324395721,0.0,,0.4680851063829787,0.0
136,136,refinement,0.8,1,0.29713731105229846,0.0012140172514515308,,0.3582089552238806,0.2
136,136,refinement,0.8,2,0.33399662144141756,2.881982239147283e-05,,0.28205128205128205,0.25
136,136,refinement,0.8,3,0.26375269378053967,0.006340992387325001,,0.4067796610169491,0.0
136,136,refinement,0.8,4,0.29517795312711914,0.00862484329620038,,0.3333333333333333,0.0
136,136,refinement,0.8,5,0.28631140279853207,0.0076282005534805825,,0.489795918367347,0.0
136,136,refinement,0.8,6,0.315135119735819,0.0001436719212969836,,0.45614035087719296,0.0
136,136,refinement,0.8,7,0.26323656759617187,0.0,,0.3333333333333333,0.0
137,137,accumulation,N/A,0,0.24562028089402754,0.011880375719338256,,0.2857142857142857,0.0
137,137,accumulation,N/A,1,0.18985728456403472,0.0,,0.002270147559591374,0.2
137,137,accumulation,N/A,2,0.24885928573588095,0.0,,0.35294117647058826,0.0
137,137,accumulation,N/A,3,0.24328417822149606,0.016196440615928554,,0.20512820512820512,0.14285714285714285
137,137,accumulation,N/A,4,0.22961291167513825,0.027456877918900627,,0.02985074626865672,0.0
137,137,accumulation,N/A,5,0.20427070395781824,0.005462059028501928,,0.28571428571428575,0.0
137,137,accumulation,N/A,6,0.20136529238422263,0.0012350376661986022,,0.08888888888888888,0.0
137,137,accumulation,N/A,7,0.3414700727285268,0.04770033899189526,,0.26666666666666666,0.0
137,137,refinement,0.5,0,0.24562028089402754,0.011880375719338256,,0.2857142857142857,0.0
137,137,refinement,0.5,1,0.24968103021914925,0.011673535327169754,,0.4,0.0
137,137,refinement,0.5,2,0.24560620325194438,0.011031850757146097,,0.2857142857142857,0.0
137,137,refinement,0.5,3,0.24515487417219328,0.010173152339417919,,0.2857142857142857,0.0
137,137,refinement,0.5,4,0.2451753438578919,0.011031850757146123,,0.2857142857142857,0.0
137,137,refinement,0.5,5,0.24513213873002976,0.009655784806466205,,0.2857142857142857,0.0
137,137,refinement,0.5,6,0.250390424071509,0.009221083585367155,,0.4,0.0
137,137,refinement,0.5,7,0.24056472366080628,0.007923293064664135,,0.3333333333333333,0.0
137,137,refinement,0.8,0,0.24562028089402754,0.011880375719338256,,0.2857142857142857,0.0
137,137,refinement,0.8,1,0.24474629808262283,0.008424494403686957,,0.2857142857142857,0.0
137,137,refinement,0.8,2,0.21290733529646216,0.02211068115253987,,0.25,0.0
137,137,refinement,0.8,3,0.1961454050866579,0.005739206571061805,,0.18749999999999997,0.0
137,137,refinement,0.8,4,0.21162294129715783,0.013954726249949855,,0.2105263157894737,0.0
137,137,refinement,0.8,5,0.24707026224641493,0.004119304273613392,,0.3333333333333333,0.0
137,137,refinement,0.8,6,0.26197314644243497,0.0,,0.35294117647058826,0.0
137,137,refinement,0.8,7,0.21192439494537,0.005560259181510348,,0.32,0.0
138,138,accumulation,N/A,0,0.3485434136951143,0.006725890046458011,,0.4,0.0
138,138,accumulation,N/A,1,0.3561114167245235,0.022215868557311735,,0.4189189189189189,0.0
138,138,accumulation,N/A,2,0.37182324525438515,0.007007359514624303,,0.5695364238410596,0.0
138,138,accumulation,N/A,3,0.38380098508648414,0.012764746175741888,,0.5333333333333334,0.0
138,138,accumulation,N/A,4,0.39504297982982567,0.018663403406781333,,0.5161290322580645,0.125
138,138,accumulation,N/A,5,0.35676141478350576,0.012064697592908909,,0.4455958549222798,0.0
138,138,accumulation,N/A,6,0.34229536925567117,0.03748735253907119,,0.48717948717948717,0.0
138,138,accumulation,N/A,7,0.41994250683251727,0.0023218128380428945,,0.5975609756097561,0.14285714285714285
138,138,refinement,0.5,0,0.3485434136951143,0.006725890046458011,,0.4,0.0
138,138,refinement,0.5,1,0.326358648598816,0.01379565296886051,,0.4098360655737705,0.125
138,138,refinement,0.5,2,0.31654464578138414,0.006325469922580879,,0.35374149659863946,0.0
138,138,refinement,0.5,3,0.3268169632470459,0.007362296136808678,,0.3880597014925373,0.0
138,138,refinement,0.5,4,0.3325381182225475,0.007754982208370838,,0.4428571428571429,0.0
138,138,refinement,0.5,5,0.3105044444707116,0.012611215288006843,,0.42857142857142855,0.0
138,138,refinement,0.5,6,0.32842319889277477,0.02171483624948743,,0.4031007751937984,0.0
138,138,refinement,0.5,7,0.3579591146561528,0.017117418284403142,,0.43165467625899284,0.0
138,138,refinement,0.8,0,0.3485434136951143,0.006725890046458011,,0.4,0.0
138,138,refinement,0.8,1,0.3409797324101572,0.004921243929804727,,0.40522875816993464,0.125
138,138,refinement,0.8,2,0.38037241007875555,0.012148334955794846,,0.5104166666666666,0.0
138,138,refinement,0.8,3,0.3627784771414745,0.013820309909022865,,0.38914027149321273,0.0
138,138,refinement,0.8,4,0.4292624192040893,0.007068625649338347,,0.48351648351648346,0.2857142857142857
138,138,refinement,0.8,5,0.4079756429626526,0.007445866981949196,,0.48936170212765956,0.14285714285714285
138,138,refinement,0.8,6,0.3681907923066712,0.004261472361017136,,0.3296703296703297,0.0
138,138,refinement,0.8,7,0.36674629661436403,0.009994402800653491,,0.47236180904522623,0.0
139,139,accumulation,N/A,0,0.39421142993705804,0.01143625048656272,,0.6037735849056604,0.14285714285714285
139,139,accumulation,N/A,1,0.34680367791956257,0.005480609374914805,,0.41025641025641024,0.0
139,139,accumulation,N/A,2,0.35800342704109955,0.01689156227329598,,0.32195121951219513,0.0
139,139,accumulation,N/A,3,0.41310632849840867,0.019142164199718162,,0.4096385542168674,0.2857142857142857
139,139,accumulation,N/A,4,0.32212971368393006,0.002732624907280153,,0.37168141592920356,0.0
139,139,accumulation,N/A,5,0.3441637740378934,0.026122338692433567,,0.3317972350230414,0.0
139,139,accumulation,N/A,6,0.3260629903311102,0.010052953110928853,,0.3404255319148936,0.0
139,139,accumulation,N/A,7,0.34510770479847364,0.01542876131563064,,0.31746031746031744,0.0
139,139,refinement,0.5,0,0.39421142993705804,0.01143625048656272,,0.6037735849056604,0.14285714285714285
139,139,refinement,0.5,1,0.3811252777533544,0.007357933040831511,,0.693877551020408,0.0
139,139,refinement,0.5,2,0.3735994882897188,0.006521399363695627,,0.6336633663366337,0.0
139,139,refinement,0.5,3,0.3974993130097496,0.007567353595124282,,0.6732673267326732,0.14285714285714285
139,139,refinement,0.5,4,0.3710374166789523,0.007100023785832439,,0.6138613861386139,0.0
139,139,refinement,0.5,5,0.39799392066001127,0.009075140962702403,,0.6428571428571429,0.14285714285714285
139,139,refinement,0.5,6,0.35478361047133866,0.01994087097751432,,0.6336633663366337,0.0
139,139,refinement,0.5,7,0.35049026064429867,0.009220305480065909,,0.5742574257425743,0.0
139,139,refinement,0.8,0,0.39421142993705804,0.01143625048656272,,0.6037735849056604,0.14285714285714285
139,139,refinement,0.8,1,0.3812957956107203,0.011613671262251877,,0.4210526315789474,0.14285714285714285
139,139,refinement,0.8,2,0.3488957637532018,0.01973794667782756,,0.3783783783783784,0.0
139,139,refinement,0.8,3,0.3450268867032885,0.012792252903419277,,0.34632034632034636,0.0
139,139,refinement,0.8,4,0.35827537210635885,0.006897626936467992,,0.3559322033898305,0.14285714285714285
139,139,refinement,0.8,5,0.3378446107760231,0.016475678957591857,,0.272,0.0
139,139,refinement,0.8,6,0.340886065067046,0.03724880408768279,,0.29045643153526973,0.0
139,139,refinement,0.8,7,0.3041416167941346,0.04334791479158937,,0.27611940298507465,0.0
140,140,accumulation,N/A,0,0.3251883434382754,0.05325873778926476,,0.43137254901960786,0.14285714285714285
140,140,accumulation,N/A,1,0.33574998683520835,0.02585356453952859,,0.40310077519379844,0.0
140,140,accumulation,N/A,2,0.35906982860131853,0.000656762333733001,,0.5283018867924528,0.0
140,140,accumulation,N/A,3,0.32338074514638954,0.003162679727143745,,0.37647058823529417,0.0
140,140,accumulation,N/A,4,0.3164749333331257,0.024046899773054704,,0.3947368421052631,0.0
140,140,accumulation,N/A,5,0.3771597820561657,0.007349523590157942,,0.38888888888888884,0.2857142857142857
140,140,accumulation,N/A,6,0.3156555502605882,0.017793190446583982,,0.39490445859872614,0.0
140,140,accumulation,N/A,7,0.3231589608479175,0.0017557123632471693,,0.4233576642335767,0.0
140,140,refinement,0.5,0,0.3251883434382754,0.05325873778926476,,0.43137254901960786,0.14285714285714285
140,140,refinement,0.5,1,0.32031816028198473,0.05059340303018009,,0.4444444444444444,0.14285714285714285
140,140,refinement,0.5,2,0.3836804917190756,0.036923064277022334,,0.5660377358490566,0.2857142857142857
140,140,refinement,0.5,3,0.32966340225877544,0.050351346855163265,,0.490566037735849,0.14285714285714285
140,140,refinement,0.5,4,0.33587173968984746,0.040673952463451776,,0.5,0.14285714285714285
140,140,refinement,0.5,5,0.3543836263533501,0.04431817930068349,,0.5,0.14285714285714285
140,140,refinement,0.5,6,0.3155534531127524,0.04726340274704504,,0.4615384615384615,0.0
140,140,refinement,0.5,7,0.3342267949846319,0.03738294539857314,,0.49275362318840576,0.0
140,140,refinement,0.8,0,0.3251883434382754,0.05325873778926476,,0.43137254901960786,0.14285714285714285
140,140,refinement,0.8,1,0.344272149328539,0.02807685313766256,,0.6075949367088608,0.0
140,140,refinement,0.8,2,0.35966295973612084,0.02717696474919894,,0.6666666666666667,0.0
140,140,refinement,0.8,3,0.38153709052924134,0.03618027412701943,,0.5714285714285714,0.2857142857142857
140,140,refinement,0.8,4,0.329541930452474,0.03247620251228599,,0.5393258426966292,0.0
140,140,refinement,0.8,5,0.3188897016581846,0.03135072915206632,,0.42735042735042733,0.0
140,140,refinement,0.8,6,0.3490059899607538,0.0364668770642107,,0.4603174603174603,0.0
140,140,refinement,0.8,7,0.32631824947504573,0.0346466569717297,,0.453781512605042,0.0
141,141,accumulation,N/A,0,0.31538387622799685,0.2564283043830256,,0.21052631578947367,0.0
141,141,accumulation,N/A,1,0.3447115379900551,0.03700060035422537,,0.6666666666666666,0.5
141,141,accumulation,N/A,2,0.42137160093752746,0.125526993728878,,0.6666666666666666,0.0
141,141,accumulation,N/A,3,0.2133151861629476,0.002294269925373012,,0.3076923076923077,0.0
141,141,accumulation,N/A,4,0.36280386790392166,0.06883690358534103,,0.5714285714285715,0.0
141,141,accumulation,N/A,5,0.4740021213225406,0.1764157698578503,,0.8,0.5
141,141,accumulation,N/A,6,0.3292024962804658,0.25050514068718854,,0.5,0.0
141,141,accumulation,N/A,7,0.4882066112222015,0.2827618612656917,,0.6666666666666666,0.0
141,141,refinement,0.5,0,0.31538387622799685,0.2564283043830256,,0.21052631578947367,0.0
141,141,refinement,0.5,1,0.3350381028714602,0.2554105067368583,,0.3076923076923077,0.0
141,141,refinement,0.5,2,0.36198313937870485,0.38799808759032167,,0.2666666666666667,0.25
141,141,refinement,0.5,3,0.39797925727606664,0.39048693893167996,,0.33333333333333337,0.3333333333333333
141,141,refinement,0.5,4,0.4271300824546098,0.4091741950212582,,0.6666666666666666,0.0
141,141,refinement,0.5,5,0.5177708559896536,0.39334671972879415,,0.8,0.5
141,141,refinement,0.5,6,0.4464996761274368,0.38901342298851216,,0.6666666666666666,0.3333333333333333
141,141,refinement,0.5,7,0.395463707516212,0.39290772279029795,,0.3076923076923077,0.3333333333333333
141,141,refinement,0.8,0,0.31538387622799685,0.2564283043830256,,0.21052631578947367,0.0
141,141,refinement,0.8,1,0.29839612200365684,0.2519045570542928,,0.047619047619047616,0.0
141,141,refinement,0.8,2,0.32052762945789903,0.25284910842409003,,0.1111111111111111,0.0
141,141,refinement,0.8,3,0.5089149857589454,0.41555663613254534,,0.6666666666666666,0.5
141,141,refinement,0.8,4,0.5321569304903406,0.41415067822859575,,0.8,0.5
141,141,refinement,0.8,5,0.5126389742579109,0.41964420341725367,,0.6666666666666666,0.5
141,141,refinement,0.8,6,0.46177215551878514,0.4228253870215086,,0.6666666666666666,0.3333333333333333
141,141,refinement,0.8,7,0.3940774861780136,0.433710144082886,,0.3636363636363636,0.25
142,142,accumulation,N/A,0,0.7818193796158802,0.5886139337628219,,1.0,1.0
142,142,accumulation,N/A,1,0.401047938359109,0.09725205928606288,,0.5,0.3333333333333333
142,142,accumulation,N/A,2,0.4879066042789537,0.013359987418903993,,0.6666666666666666,0.5
142,142,accumulation,N/A,3,0.2674070148198095,0.15991324751685135,,0.14285714285714288,0.0
142,142,accumulation,N/A,4,0.4661256831943059,0.02963039038005229,,0.6666666666666666,0.0
142,142,accumulation,N/A,5,0.6758020096231446,0.13677345746431976,,1.0,1.0
142,142,accumulation,N/A,6,0.40877896759435006,0.2103076197278518,,0.08695652173913045,0.3333333333333333
142,142,accumulation,N/A,7,0.4124479996317094,0.3535271080217196,,0.2222222222222222,0.3333333333333333
142,142,refinement,0.5,0,0.7818193796158802,0.5886139337628219,,1.0,1.0
142,142,refinement,0.5,1,0.7830098013582323,0.5886139337628219,,1.0,1.0
142,142,refinement,0.5,2,0.7842433533754913,0.5892834095514455,,1.0,1.0
142,142,refinement,0.5,3,0.7860877198821701,0.6178774446788406,,1.0,1.0
142,142,refinement,0.5,4,0.790728119272355,0.6683684286408795,,1.0,1.0
142,142,refinement,0.5,5,0.7907754706446916,0.6626454198214047,,1.0,1.0
142,142,refinement,0.5,6,0.7864265420216356,0.6185862621324173,,1.0,1.0
142,142,refinement,0.5,7,0.786940124477784,0.6216338767720012,,1.0,1.0
142,142,refinement,0.8,0,0.7818193796158802,0.5886139337628219,,1.0,1.0
142,142,refinement,0.8,1,0.7812399807056276,0.5680193213254694,,1.0,1.0
142,142,refinement,0.8,2,0.7813457102477236,0.5659044881098471,,1.0,1.0
142,142,refinement,0.8,3,0.7757880018961748,0.508482913688108,,1.0,1.0
142,142,refinement,0.8,4,0.5338257109116538,0.5097086532685666,,0.4,0.5
142,142,refinement,0.8,5,0.5741771040486997,0.49078262542648854,,0.6666666666666666,0.5
142,142,refinement,0.8,6,0.7798998985475243,0.5121847107254867,,1.0,1.0
142,142,refinement,0.8,7,0.7795385257545111,0.5121847107254867,,1.0,1.0
143,143,accumulation,N/A,0,0.3218790090534529,0.015062933067178005,,0.16666666666666666,0.0
143,143,accumulation,N/A,1,0.23640396597688193,0.0012087345848723248,,0.3714285714285714,0.0
143,143,accumulation,N/A,2,0.23705054933098313,0.00793976231123467,,0.46875,0.0
143,143,accumulation,N/A,3,0.399133572013573,0.006060217467572393,,0.34090909090909094,0.0
143,143,accumulation,N/A,4,0.2704464683322086,0.03838973097641925,,0.3913043478260869,0.0
143,143,accumulation,N/A,5,0.3357740554237932,0.007424534891186886,,0.3888888888888889,0.0
143,143,accumulation,N/A,6,0.3522239997143326,0.034385527888928874,,0.326530612244898,0.25
143,143,accumulation,N/A,7,0.3026052034815727,0.01408166255845007,,0.35135135135135137,0.0
143,143,refinement,0.5,0,0.3218790090534529,0.015062933067178005,,0.16666666666666666,0.0
143,143,refinement,0.5,1,0.31292074896260474,0.011110101851048597,,0.16161616161616163,0.0
143,143,refinement,0.5,2,0.3222192748968538,0.01087844274163441,,0.22222222222222224,0.0
143,143,refinement,0.5,3,0.24365142932731007,0.015110943911974718,,0.16216216216216217,0.0
143,143,refinement,0.5,4,0.3187208644933835,0.009128561368231494,,0.19047619047619047,0.0
143,143,refinement,0.5,5,0.3160440476361996,0.008897946656637934,,0.17699115044247787,0.0
143,143,refinement,0.5,6,0.3125971768025071,0.008015099490911972,,0.19298245614035087,0.0
143,143,refinement,0.5,7,0.3195598121107248,0.01101470261216863,,0.19047619047619047,0.0
143,143,refinement,0.8,0,0.3218790090534529,0.015062933067178005,,0.16666666666666666,0.0
143,143,refinement,0.8,1,0.24797695294301114,0.014782074600653415,,0.14754098360655737,0.0
143,143,refinement,0.8,2,0.3336450277371759,0.008701070103901858,,0.20869565217391306,0.0
143,143,refinement,0.8,3,0.2628954852152345,0.004475284509338107,,0.24,0.0
143,143,refinement,0.8,4,0.3023045745608908,0.005060982213346273,,0.28205128205128205,0.0
143,143,refinement,0.8,5,0.36412907776855086,0.004593959444640834,,0.3492063492063492,0.0
143,143,refinement,0.8,6,0.35500218815325674,0.010508666545510852,,0.28169014084507044,0.0
143,143,refinement,0.8,7,0.3608961732316935,0.0049557377532379,,0.4210526315789473,0.0
144,144,accumulation,N/A,0,0.2579643397932757,0.06746112861216366,,0.5,0.0
144,144,accumulation,N/A,1,0.2814937475662671,0.0,,0.18181818181818182,0.0
144,144,accumulation,N/A,2,0.4163571791568147,0.0,,0.6666666666666666,0.0
144,144,accumulation,N/A,3,0.40484090231821146,0.007057008862952824,,0.4,0.0
144,144,accumulation,N/A,4,0.36030210755601116,0.0,,0.16666666666666669,0.0
144,144,accumulation,N/A,5,0.2558697143307643,0.0,,0.0,0.0
144,144,accumulation,N/A,6,0.4222787035671861,0.29181645678080925,,0.4,0.0
144,144,accumulation,N/A,7,0.4926357052131163,0.2801686975377585,,0.5,0.0
144,144,refinement,0.5,0,0.2579643397932757,0.06746112861216366,,0.5,0.0
144,144,refinement,0.5,1,0.35533673705017704,0.0479932721845243,,0.6666666666666666,0.0
144,144,refinement,0.5,2,0.24196090155658073,0.0696480239871661,,0.4,0.0
144,144,refinement,0.5,3,0.2548221911922726,0.04797968913307193,,0.5,0.0
144,144,refinement,0.5,4,0.357048431182879,0.0696480239871661,,0.6666666666666666,0.0
144,144,refinement,0.5,5,0.3573861248885656,0.06929227999955254,,0.6666666666666666,0.0
144,144,refinement,0.5,6,0.357008026577924,0.06632697667784213,,0.6666666666666666,0.0
144,144,refinement,0.5,7,0.24229221903502,0.068541749392245,,0.4,0.0
144,144,refinement,0.8,0,0.2579643397932757,0.06746112861216366,,0.5,0.0
144,144,refinement,0.8,1,0.32848449439894467,0.04726322795003667,,0.5,0.0
144,144,refinement,0.8,2,0.3395112315736018,0.0473502857671567,,0.5,0.0
144,144,refinement,0.8,3,0.2380556227348285,0.04724583764537765,,0.33333333333333337,0.0
144,144,refinement,0.8,4,0.3629250124374088,0.04673630077277615,,0.6666666666666666,0.0
144,144,refinement,0.8,5,0.3540762594861634,0.0,,0.6666666666666666,0.0
144,144,refinement,0.8,6,0.35913673531969914,0.022829269147835743,,0.6666666666666666,0.0
144,144,refinement,0.8,7,0.3621915560826371,0.00698529566670907,,0.6666666666666666,0.0
145,145,accumulation,N/A,0,0.3629907563823347,0.00047763270958720114,,0.603448275862069,0.0
145,145,accumulation,N/A,1,0.3390554263704739,0.008476271923991785,,0.32857142857142857,0.0
145,145,accumulation,N/A,2,0.3495777117795663,0.0036454780606098073,,0.3552123552123552,0.0
145,145,accumulation,N/A,3,0.35054279260749766,0.012505219522255626,,0.44554455445544555,0.0
145,145,accumulation,N/A,4,0.3288978133492068,0.013116944653928413,,0.32967032967032966,0.0
145,145,accumulation,N/A,5,0.3452487762517965,0.006711284344455723,,0.41071428571428575,0.0
145,145,accumulation,N/A,6,0.3299874451695982,0.010878470829819577,,0.4893617021276596,0.0
145,145,accumulation,N/A,7,0.3267703642304158,0.004440827747518324,,0.43062200956937796,0.0
145,145,refinement,0.5,0,0.3629907563823347,0.00047763270958720114,,0.603448275862069,0.0
145,145,refinement,0.5,1,0.3929614279379558,0.0014708878920503654,,0.6666666666666667,0.14285714285714285
145,145,refinement,0.5,2,0.39492139970369766,0.0013242512981278506,,0.6666666666666667,0.14285714285714285
145,145,refinement,0.5,3,0.37206679608538823,0.001996916762671269,,0.6470588235294117,0.0
145,145,refinement,0.5,4,0.384045483565972,0.002573685828656968,,0.5859872611464968,0.14285714285714285
145,145,refinement,0.5,5,0.38183004991388725,0.002799184965781769,,0.5679012345679012,0.14285714285714285
145,145,refinement,0.5,6,0.3843794201168691,0.0029944769401386365,,0.5931034482758621,0.14285714285714285
145,145,refinement,0.5,7,0.36827570350512806,0.0032976528837931882,,0.5986394557823129,0.0
145,145,refinement,0.8,0,0.3629907563823347,0.00047763270958720114,,0.603448275862069,0.0
145,145,refinement,0.8,1,0.3438905925514169,0.0008658361842646836,,0.3888888888888889,0.0
145,145,refinement,0.8,2,0.36476371004863595,0.0002735612634472975,,0.37606837606837606,0.14285714285714285
145,145,refinement,0.8,3,0.3176698377929401,0.005923520004821046,,0.3218390804597701,0.0
145,145,refinement,0.8,4,0.30399755576857235,0.009932271109023057,,0.32941176470588235,0.0
145,145,refinement,0.8,5,0.33498771210011635,0.011701275167661153,,0.3154121863799283,0.0
145,145,refinement,0.8,6,0.3406061003278733,0.016512460938672258,,0.3755458515283843,0.0
145,145,refinement,0.8,7,0.3296375739365286,0.003871754378458844,,0.4540540540540541,0.0
146,146,accumulation,N/A,0,0.2345228369657298,0.06929679863147607,,0.37499999999999994,0.0
146,146,accumulation,N/A,1,0.3580005096631656,0.007858383654562023,,0.4230769230769231,0.16666666666666666
146,146,accumulation,N/A,2,0.3471222875870048,0.00042447824548992027,,0.5365853658536585,0.0
146,146,accumulation,N/A,3,0.38843586667088226,0.0,,0.5217391304347826,0.25
146,146,accumulation,N/A,4,0.35198499625252966,0.05740998984966748,,0.17857142857142858,0.0
146,146,accumulation,N/A,5,0.34003527349081725,0.06213516243695511,,0.17187499999999997,0.0
146,146,accumulation,N/A,6,0.38281189817362943,0.010836405334893114,,0.43478260869565216,0.3333333333333333
146,146,accumulation,N/A,7,0.4625558163310532,0.008584945574829797,,0.8333333333333333,0.25
146,146,refinement,0.5,0,0.2345228369657298,0.06929679863147607,,0.37499999999999994,0.0
146,146,refinement,0.5,1,0.35391492472329883,0.051748522937244815,,0.5333333333333333,0.5
146,146,refinement,0.5,2,0.2711158087948726,0.06959816532057037,,0.42857142857142855,0.25
146,146,refinement,0.5,3,0.3111085765500474,0.04277853956906604,,0.5000000000000001,0.25
146,146,refinement,0.5,4,0.2233928155554512,0.057940757637264896,,0.39999999999999997,0.0
146,146,refinement,0.5,5,0.2637282878637981,0.05772984078068857,,0.42857142857142855,0.25
146,146,refinement,0.5,6,0.2231113036555133,0.05894324601951753,,0.39999999999999997,0.0
146,146,refinement,0.5,7,0.2248646555651985,0.05894324601951753,,0.39999999999999997,0.0
146,146,refinement,0.8,0,0.2345228369657298,0.06929679863147607,,0.37499999999999994,0.0
146,146,refinement,0.8,1,0.28515174269498483,0.09450540614427046,,0.2898550724637681,0.0
146,146,refinement,0.8,2,0.2612724410506533,0.07320252041265105,,0.09803921568627451,0.0
146,146,refinement,0.8,3,0.25661780806624845,0.01952461799660453,,0.1286549707602339,0.0
146,146,refinement,0.8,4,0.2843837453212526,0.016863664271289068,,0.17391304347826086,0.0
146,146,refinement,0.8,5,0.2761518890551176,0.023595726551746746,,0.12571428571428572,0.0
146,146,refinement,0.8,6,0.279386387044256,0.022435229297465584,,0.13333333333333333,0.0
146,146,refinement,0.8,7,0.2787880806395985,0.024015674311803962,,0.16296296296296298,0.0
147,147,accumulation,N/A,0,0.4585752982405119,0.2499234180799235,,0.6666666666666666,0.3333333333333333
147,147,accumulation,N/A,1,0.43156126374861975,0.1596417514374171,,0.4,0.5
147,147,accumulation,N/A,2,0.4904073745914128,0.218380835796901,,0.6666666666666666,0.0
147,147,accumulation,N/A,3,0.22940405381182624,0.0,,0.15384615384615385,0.0
147,147,accumulation,N/A,4,0.40238565246966973,0.18679971196882017,,0.3076923076923077,0.5
147,147,accumulation,N/A,5,0.5029985437209826,0.2849870970706113,,0.4,0.5
147,147,accumulation,N/A,6,0.5428271669807768,0.27080697782808444,,0.6666666666666666,0.5
147,147,accumulation,N/A,7,0.5559081094164612,0.42815768754920713,,0.6666666666666666,0.5
147,147,refinement,0.5,0,0.4585752982405119,0.2499234180799235,,0.6666666666666666,0.3333333333333333
147,147,refinement,0.5,1,0.7076603768526492,0.23996011977192303,,1.0,1.0
147,147,refinement,0.5,2,0.7081818062646074,0.23996011977192303,,1.0,1.0
147,147,refinement,0.5,3,0.7101663127651493,0.24952646409260518,,1.0,1.0
147,147,refinement,0.5,4,0.5296052819149495,0.24952646409260518,,0.8,0.5
147,147,refinement,0.5,5,0.5298035847032326,0.24857845466053669,,0.8,0.5
147,147,refinement,0.5,6,0.5290688883280447,0.2409103344231989,,0.8,0.5
147,147,refinement,0.5,7,0.46042736271549234,0.2517880363826526,,0.6666666666666666,0.3333333333333333
147,147,refinement,0.8,0,0.4585752982405119,0.2499234180799235,,0.6666666666666666,0.3333333333333333
147,147,refinement,0.8,1,0.42005520509728644,0.2520232574337653,,0.5714285714285715,0.25
147,147,refinement,0.8,2,0.39919419021936126,0.2478898096992022,,0.4,0.0
147,147,refinement,0.8,3,0.39111513708220924,0.24466099937798044,,0.2857142857142857,0.0
147,147,refinement,0.8,4,0.3951561026253054,0.24346031979957286,,0.3076923076923077,0.25
147,147,refinement,0.8,5,0.36909002017662085,0.26996156502287866,,0.19999999999999998,0.0
147,147,refinement,0.8,6,0.38723929972722365,0.25865229098777315,,0.21052631578947367,0.0
147,147,refinement,0.8,7,0.35573081106720983,0.247271366957134,,0.14285714285714288,0.0
148,148,accumulation,N/A,0,0.2596540806081005,0.023724165074572486,,0.32142857142857145,0.0
148,148,accumulation,N/A,1,0.32241646994515194,0.006376538342033943,,0.4225352112676056,0.0
148,148,accumulation,N/A,2,0.2695531696384953,0.027259399603027052,,0.4126984126984126,0.0
148,148,accumulation,N/A,3,0.31227432534306815,0.0066773558921129,,0.4736842105263157,0.0
148,148,accumulation,N/A,4,0.3330796287545019,0.00035161502928241384,,0.19607843137254902,0.3333333333333333
148,148,accumulation,N/A,5,0.371507528807022,5.0860508616907045e-05,,0.2564102564102564,0.2857142857142857
148,148,accumulation,N/A,6,0.42087884219157645,0.016560235860796642,,0.43636363636363634,0.2857142857142857
148,148,accumulation,N/A,7,0.3154617620748929,0.014389318624417566,,0.5483870967741936,0.25
148,148,refinement,0.5,0,0.2596540806081005,0.023724165074572486,,0.32142857142857145,0.0
148,148,refinement,0.5,1,0.2690756933499163,0.04280192298499151,,0.18867924528301888,0.14285714285714285
148,148,refinement,0.5,2,0.2955551298056181,0.02474812775587381,,0.2711864406779661,0.14285714285714285
148,148,refinement,0.5,3,0.34336043321578785,0.01457597487411187,,0.4814814814814815,0.14285714285714285
148,148,refinement,0.5,4,0.3135239852428371,0.015215104894709902,,0.4375,0.0
148,148,refinement,0.5,5,0.28220690266925114,0.035268087549361914,,0.24489795918367346,0.0
148,148,refinement,0.5,6,0.3197105312785352,0.03239740040391545,,0.3076923076923077,0.14285714285714285
148,148,refinement,0.5,7,0.30305597892984226,0.017504574495438074,,0.3703703703703704,0.0
148,148,refinement,0.8,0,0.2596540806081005,0.023724165074572486,,0.32142857142857145,0.0
148,148,refinement,0.8,1,0.3165188592908368,0.027716159014061447,,0.3913043478260869,0.14285714285714285
148,148,refinement,0.8,2,0.3207448226985496,0.03279847182577372,,0.34782608695652173,0.0
148,148,refinement,0.8,3,0.309671571293205,0.02705096193557641,,0.38596491228070173,0.0
148,148,refinement,0.8,4,0.3171678684801781,0.03676314634218832,,0.35294117647058826,0.0
148,148,refinement,0.8,5,0.30829955335873716,0.03051403834940125,,0.3703703703703704,0.0
148,148,refinement,0.8,6,0.3249595706204159,0.024867199543280104,,0.39999999999999997,0.0
148,148,refinement,0.8,7,0.30945942292486617,0.022110486167036352,,0.3692307692307692,0.0
149,149,accumulation,N/A,0,0.35164430910442535,0.0,,0.07142857142857142,0.0
149,149,accumulation,N/A,1,0.2999958860239523,0.17294788647160705,,0.18181818181818182,0.0
149,149,accumulation,N/A,2,0.32064213134546904,0.03868398156685688,,0.10810810810810811,0.0
149,149,accumulation,N/A,3,0.29706802572357505,0.24338744925213407,,0.12121212121212122,0.0
149,149,accumulation,N/A,4,0.16024720517361402,0.0,,0.07407407407407407,0.0
149,149,accumulation,N/A,5,0.31345720250505577,0.0,,0.3157894736842105,0.3333333333333333
149,149,accumulation,N/A,6,0.3216511038328021,0.0,,0.0,0.0
149,149,accumulation,N/A,7,0.28928309946118047,0.0,,0.15789473684210525,0.0
149,149,refinement,0.5,0,0.35164430910442535,0.0,,0.07142857142857142,0.0
149,149,refinement,0.5,1,0.2511586277584282,0.0,,0.06896551724137931,0.0
149,149,refinement,0.5,2,0.2766782620922923,0.0,,0.07407407407407407,0.0
149,149,refinement,0.5,3,0.2762798490455555,0.0,,0.07407407407407407,0.0
149,149,refinement,0.5,4,0.27635633979257135,0.0,,0.07407407407407407,0.0
149,149,refinement,0.5,5,0.2764181412176719,0.0,,0.07407407407407407,0.0
149,149,refinement,0.5,6,0.25129603004702467,0.0,,0.07142857142857142,0.0
149,149,refinement,0.5,7,0.2761864804496368,0.0,,0.07407407407407407,0.0
149,149,refinement,0.8,0,0.35164430910442535,0.0,,0.07142857142857142,0.0
149,149,refinement,0.8,1,0.2764016625764346,0.0,,0.07407407407407407,0.0
149,149,refinement,0.8,2,0.3006829056981688,0.0,,0.06896551724137931,0.0
149,149,refinement,0.8,3,0.300771120283152,0.0,,0.06666666666666667,0.0
149,149,refinement,0.8,4,0.3554540153568597,0.0,,0.07692307692307693,0.5
149,149,refinement,0.8,5,0.30444115652834447,0.0,,0.07407407407407407,0.3333333333333333
149,149,refinement,0.8,6,0.27885135120699656,0.0,,0.07142857142857142,0.25
149,149,refinement,0.8,7,0.3550492522349119,0.0,,0.07692307692307693,0.5
150,150,accumulation,N/A,0,0.27925976058785573,0.0009058917498042392,,0.48484848484848486,0.0
150,150,accumulation,N/A,1,0.29286062249264605,0.022777952462703335,,0.38095238095238093,0.0
150,150,accumulation,N/A,2,0.25247311928208716,0.0035051270598669268,,0.29411764705882354,0.0
150,150,accumulation,N/A,3,0.3252518963029955,0.12878959577054827,,0.3508771929824561,0.0
150,150,accumulation,N/A,4,0.26642896325700793,0.015745464558349055,,0.39215686274509803,0.0
150,150,accumulation,N/A,5,0.301240295047894,0.08360159230787902,,0.3571428571428571,0.0
150,150,accumulation,N/A,6,0.2594002164123085,0.087768898914476,,0.47619047619047616,0.16666666666666666
150,150,accumulation,N/A,7,0.28887445538989653,0.03440880565125867,,0.20618556701030927,0.0
150,150,refinement,0.5,0,0.27925976058785573,0.0009058917498042392,,0.48484848484848486,0.0
150,150,refinement,0.5,1,0.3155502434860508,0.000700749229901496,,0.5517241379310345,0.2
150,150,refinement,0.5,2,0.27148474631860237,0.00632000672150385,,0.48648648648648646,0.0
150,150,refinement,0.5,3,0.3031825261682687,0.00304817045897912,,0.48484848484848486,0.2
150,150,refinement,0.5,4,0.3101592894175955,0.0007107753739809203,,0.5517241379310345,0.2
150,150,refinement,0.5,5,0.26945025836937103,0.0086923232850551,,0.4102564102564103,0.0
150,150,refinement,0.5,6,0.31486622586350416,0.004333632502881516,,0.5333333333333333,0.2
150,150,refinement,0.5,7,0.30963700989807147,0.0032429127043937657,,0.5161290322580645,0.2
150,150,refinement,0.8,0,0.27925976058785573,0.0009058917498042392,,0.48484848484848486,0.0
150,150,refinement,0.8,1,0.2537325329452824,0.001693742527500452,,0.32432432432432434,0.0
150,150,refinement,0.8,2,0.2447034284329409,0.014381742575400971,,0.25641025641025644,0.0
150,150,refinement,0.8,3,0.29654363136915585,0.02632196596362437,,0.32000000000000006,0.4
150,150,refinement,0.8,4,0.3066032109113759,0.10257231286922454,,0.27906976744186046,0.4
150,150,refinement,0.8,5,0.24514441173954432,0.12302618794867534,,0.3636363636363636,0.0
150,150,refinement,0.8,6,0.2863929008353507,0.18489034515921687,,0.38095238095238093,0.2
150,150,refinement,0.8,7,0.2774648674293722,0.217046325043852,,0.30434782608695654,0.2
151,151,accumulation,N/A,0,0.661644718112609,0.2550515509287728,,1.0,1.0
151,151,accumulation,N/A,1,0.2628135702736718,0.0,,0.11764705882352941,0.0
151,151,accumulation,N/A,2,0.4044300988599032,0.09748605088866356,,0.33333333333333337,0.0
151,151,accumulation,N/A,3,0.2334434784986612,0.016699616353261493,,0.18181818181818182,0.0
151,151,accumulation,N/A,4,0.2751118288876879,0.0,,0.2857142857142857,0.0
151,151,accumulation,N/A,5,0.35582103536869114,0.0,,0.5,0.3333333333333333
151,151,accumulation,N/A,6,0.3639512893699989,0.0,,0.4,0.0
151,151,accumulation,N/A,7,0.667509416284972,0.0,,1.0,1.0
151,151,refinement,0.5,0,0.661644718112609,0.2550515509287728,,1.0,1.0
151,151,refinement,0.5,1,0.6618776340861603,0.25505155092877296,,1.0,1.0
151,151,refinement,0.5,2,0.6627759694127534,0.26355326929306533,,1.0,1.0
151,151,refinement,0.5,3,0.6605924290143783,0.24569443161880145,,1.0,1.0
151,151,refinement,0.5,4,0.6587204897606816,0.225121131655174,,1.0,1.0
151,151,refinement,0.5,5,0.6591640118856685,0.2317423414097379,,1.0,1.0
151,151,refinement,0.5,6,0.6572850499787517,0.21295242183597532,,1.0,1.0
151,151,refinement,0.5,7,0.4583825040959933,0.2254148912312179,,0.6666666666666666,0.5
151,151,refinement,0.8,0,0.661644718112609,0.2550515509287728,,1.0,1.0
151,151,refinement,0.8,1,0.6578775243828239,0.21369183996735025,,1.0,1.0
151,151,refinement,0.8,2,0.4593619445429255,0.2205423967740518,,0.6666666666666666,0.5
151,151,refinement,0.8,3,0.6614872481319224,0.21979732110927463,,1.0,1.0
151,151,refinement,0.8,4,0.4628904049768095,0.2144162190858836,,0.6666666666666666,0.5
151,151,refinement,0.8,5,0.34653156515754424,0.20862118613761652,,0.4,0.0
151,151,refinement,0.8,6,0.6612425483363957,0.21714687968332302,,1.0,1.0
151,151,refinement,0.8,7,0.4635692097603727,0.2135007849293565,,0.6666666666666666,0.0
152,152,accumulation,N/A,0,0.43550696071819406,0.18797858121374253,,0.33333333333333337,0.5
152,152,accumulation,N/A,1,0.41299887074083563,0.09979165042926443,,0.30769230769230765,0.3333333333333333
152,152,accumulation,N/A,2,0.3252041013252379,0.0,,0.14285714285714288,0.0
152,152,accumulation,N/A,3,0.47154551334885575,0.4085268244690102,,0.16666666666666669,0.5
152,152,accumulation,N/A,4,0.4181903645417039,0.14274474894955422,,0.5,0.0
152,152,accumulation,N/A,5,0.29985301520879193,0.008105210866211783,,0.25,0.0
152,152,accumulation,N/A,6,0.44577077581876545,0.14541473240199604,,0.4285714285714285,0.0
152,152,accumulation,N/A,7,0.3231404118295528,0.13109716117718698,,0.15384615384615383,0.0
152,152,refinement,0.5,0,0.43550696071819406,0.18797858121374253,,0.33333333333333337,0.5
152,152,refinement,0.5,1,0.4353090147170425,0.18797858121374253,,0.33333333333333337,0.5
152,152,refinement,0.5,2,0.4280699432110604,0.18753908476829512,,0.28571428571428575,0.3333333333333333
152,152,refinement,0.5,3,0.427793015058629,0.1866484851680675,,0.28571428571428575,0.3333333333333333
152,152,refinement,0.5,4,0.4224552698926396,0.1866484851680675,,0.25,0.3333333333333333
152,152,refinement,0.5,5,0.4250089469563354,0.1866484851680675,,0.26666666666666666,0.3333333333333333
152,152,refinement,0.5,6,0.506889878835467,0.18753908476829512,,0.30769230769230765,0.5
152,152,refinement,0.5,7,0.3819626201203635,0.1904017433091816,,0.22222222222222224,0.25
152,152,refinement,0.8,0,0.43550696071819406,0.18797858121374253,,0.33333333333333337,0.5
152,152,refinement,0.8,1,0.4366666682441137,0.18797858121374253,,0.33333333333333337,0.5
152,152,refinement,0.8,2,0.39807785089032355,0.12907199272719655,,0.33333333333333326,0.25
152,152,refinement,0.8,3,0.37855094594007305,0.13013416332719843,,0.3529411764705882,0.25
152,152,refinement,0.8,4,0.35684845162500456,0.19661542698008364,,0.28571428571428575,0.25
152,152,refinement,0.8,5,0.43787736419796724,0.1878950361218152,,0.33333333333333337,0.5
152,152,refinement,0.8,6,0.4458142287562639,0.11632381570453147,,0.4285714285714285,0.3333333333333333
152,152,refinement,0.8,7,0.3830764723516049,0.17718718110354317,,0.30769230769230765,0.3333333333333333
153,153,accumulation,N/A,0,0.21416002011630425,0.01703763604856556,,0.1610738255033557,0.0
153,153,accumulation,N/A,1,0.3028812722598079,0.005721914155861576,,0.4195121951219512,0.0
153,153,accumulation,N/A,2,0.33284412536972613,0.019356795535040397,,0.5,0.0
153,153,accumulation,N/A,3,0.3340987538980055,0.005336658223938217,,0.49765258215962443,0.0
153,153,accumulation,N/A,4,0.33069560277064136,0.01138902297632538,,0.41666666666666663,0.0
153,153,accumulation,N/A,5,0.33136020880656086,0.011675985726653734,,0.38095238095238093,0.0
153,153,accumulation,N/A,6,0.4231991768750083,0.017548652440724614,,0.5217391304347826,0.14285714285714285
153,153,accumulation,N/A,7,0.35009565877677373,0.010785571803948167,,0.3970037453183521,0.0
153,153,refinement,0.5,0,0.21416002011630425,0.01703763604856556,,0.1610738255033557,0.0
153,153,refinement,0.5,1,0.24534193291909745,0.0045229599339336995,,0.1935483870967742,0.0
153,153,refinement,0.5,2,0.21929026639323596,0.028217847297179573,,0.1958041958041958,0.0
153,153,refinement,0.5,3,0.22144259775920017,0.02347143476156932,,0.14444444444444446,0.0
153,153,refinement,0.5,4,0.23215435581449448,0.004498343492654351,,0.13145539906103287,0.0
153,153,refinement,0.5,5,0.23464059305913199,0.004130403627348198,,0.14358974358974358,0.0
153,153,refinement,0.5,6,0.23301460679959332,0.013716796964696368,,0.19999999999999998,0.0
153,153,refinement,0.5,7,0.28449275601671953,0.0037936993306632812,,0.2,0.14285714285714285
153,153,refinement,0.8,0,0.21416002011630425,0.01703763604856556,,0.1610738255033557,0.0
153,153,refinement,0.8,1,0.2490578121278154,0.010228720247144567,,0.2127659574468085,0.0
153,153,refinement,0.8,2,0.2463697821814565,0.003507195195193142,,0.2587601078167116,0.0
153,153,refinement,0.8,3,0.24653609525961806,0.001941805219668602,,0.21249999999999997,0.0
153,153,refinement,0.8,4,0.23488947104004299,0.0022183875214038867,,0.1547277936962751,0.0
153,153,refinement,0.8,5,0.24977725721388808,0.0028146729622284383,,0.14583333333333331,0.0
153,153,refinement,0.8,6,0.21625918738933325,0.0005753602402275398,,0.17867435158501443,0.0
153,153,refinement,0.8,7,0.24947166867988618,0.0019435081994085071,,0.1327800829875519,0.0
154,154,accumulation,N/A,0,0.28472568149145683,0.05550840711545538,,0.26666666666666666,0.0
154,154,accumulation,N/A,1,0.422043880488826,0.14981997093806756,,0.4166666666666667,0.2
154,154,accumulation,N/A,2,0.42701924518098655,0.24983853358687763,,0.21621621621621623,0.2
154,154,accumulation,N/A,3,0.42202419478723097,0.20514097680171503,,0.37037037037037035,0.14285714285714285
154,154,accumulation,N/A,4,0.3937137142351557,0.035116014150551614,,0.30303030303030304,0.2
154,154,accumulation,N/A,5,0.4392962662242891,0.21191985794630464,,0.19999999999999998,0.2
154,154,accumulation,N/A,6,0.4327103525843132,0.25231783538411323,,0.19512195121951217,0.2
154,154,accumulation,N/A,7,0.3460015467348496,0.1412237433509666,,0.25806451612903225,0.16666666666666666
154,154,refinement,0.5,0,0.28472568149145683,0.05550840711545538,,0.26666666666666666,0.0
154,154,refinement,0.5,1,0.340202598359441,0.05558374717609506,,0.2285714285714286,0.2
154,154,refinement,0.5,2,0.3394726215167755,0.053842849712544806,,0.25806451612903225,0.2
154,154,refinement,0.5,3,0.3086390513299681,0.05475426842601945,,0.3076923076923077,0.0
154,154,refinement,0.5,4,0.33934264681164256,0.054699479027285856,,0.2857142857142857,0.2
154,154,refinement,0.5,5,0.28103003968467577,0.05365071472837256,,0.25,0.0
154,154,refinement,0.5,6,0.27082848101221196,0.05437482475160095,,0.1777777777777778,0.0
154,154,refinement,0.5,7,0.28469994264493387,0.05437482475160095,,0.15384615384615383,0.0
154,154,refinement,0.8,0,0.28472568149145683,0.05550840711545538,,0.26666666666666666,0.0
154,154,refinement,0.8,1,0.28228407361629804,0.05338360547268475,,0.19047619047619047,0.0
154,154,refinement,0.8,2,0.27708435456299174,0.04366522651399286,,0.16666666666666666,0.14285714285714285
154,154,refinement,0.8,3,0.25277316027745467,0.03776445318425798,,0.1777777777777778,0.0
154,154,refinement,0.8,4,0.29700569076235545,0.034412339657348766,,0.163265306122449,0.16666666666666666
154,154,refinement,0.8,5,0.271640485797288,0.027877785737636746,,0.27777777777777773,0.0
154,154,refinement,0.8,6,0.27846787604805645,0.05686317400504996,,0.29411764705882354,0.0
154,154,refinement,0.8,7,0.28472959225430305,0.03784956763097568,,0.25,0.0
155,155,accumulation,N/A,0,0.3030610373049408,0.08990815676541286,,0.21428571428571427,0.16666666666666666
155,155,accumulation,N/A,1,0.22679318062305676,0.0,,0.044117647058823525,0.0
155,155,accumulation,N/A,2,0.30101445485639966,0.06931029045090638,,0.22222222222222218,0.16666666666666666
155,155,accumulation,N/A,3,0.2588818246624355,0.04011311269375802,,0.375,0.2
155,155,accumulation,N/A,4,0.43682438888679964,0.035919935695902384,,0.6666666666666666,0.5
155,155,accumulation,N/A,5,0.3006073408122525,0.006469086177793282,,0.19999999999999998,0.14285714285714285
155,155,accumulation,N/A,6,0.3437654961960577,0.21164214527099645,,0.26666666666666666,0.0
155,155,accumulation,N/A,7,0.25356492369215905,0.0025601928048663955,,0.39999999999999997,0.16666666666666666
155,155,refinement,0.5,0,0.3030610373049408,0.08990815676541286,,0.21428571428571427,0.16666666666666666
155,155,refinement,0.5,1,0.26573371908767673,0.12056503605446604,,0.22222222222222224,0.0
155,155,refinement,0.5,2,0.3505016164703363,0.11947886455847984,,0.28571428571428575,0.25
155,155,refinement,0.5,3,0.2994796586154534,0.11947886455847984,,0.4444444444444445,0.0
155,155,refinement,0.5,4,0.43478709628553425,0.07096033093486413,,0.6666666666666665,0.3333333333333333
155,155,refinement,0.5,5,0.36618171633403024,0.0798303723017224,,0.6,0.0
155,155,refinement,0.5,6,0.29160565378156184,0.1061839084845134,,0.4,0.0
155,155,refinement,0.5,7,0.3190250258150622,0.1047390070760362,,0.5,0.0
155,155,refinement,0.8,0,0.3030610373049408,0.08990815676541286,,0.21428571428571427,0.16666666666666666
155,155,refinement,0.8,1,0.32019440323272136,0.12058880348326223,,0.5,0.0
155,155,refinement,0.8,2,0.28540676127854314,0.11629917528777955,,0.3333333333333333,0.0
155,155,refinement,0.8,3,0.29468636111028174,0.12003037957528881,,0.4,0.0
155,155,refinement,0.8,4,0.3021291958449381,0.11929323983653377,,0.4444444444444445,0.0
155,155,refinement,0.8,5,0.322246878639555,0.12129102632898493,,0.5,0.0
155,155,refinement,0.8,6,0.2858383109436856,0.13061392484142934,,0.3333333333333333,0.0
155,155,refinement,0.8,7,0.3699961044689827,0.1219033814827249,,0.4,0.25
156,156,accumulation,N/A,0,0.3935201442642694,0.0106952501199316,,0.425,0.16666666666666666
156,156,accumulation,N/A,1,0.33617287001101936,0.004297251805213602,,0.38993710691823896,0.0
156,156,accumulation,N/A,2,0.3457141729868409,0.0076179877896436115,,0.3215686274509804,0.125
156,156,accumulation,N/A,3,0.329832016176997,0.00755437519625159,,0.3813953488372093,0.0
156,156,accumulation,N/A,4,0.33713355896562575,0.017646358220838956,,0.4067796610169491,0.0
156,156,accumulation,N/A,5,0.3277251891179045,0.007604066649749847,,0.2943396226415094,0.0
156,156,accumulation,N/A,6,0.33692188533210626,0.0002939997608025611,,0.4142011834319526,0.0
156,156,accumulation,N/A,7,0.38566743099776946,0.04166085765988954,,0.5,0.0
156,156,refinement,0.5,0,0.3935201442642694,0.0106952501199316,,0.425,0.16666666666666666
156,156,refinement,0.5,1,0.40115667801422344,0.009290619130966458,,0.4691358024691358,0.16666666666666666
156,156,refinement,0.5,2,0.3912183462455425,0.012720225888228506,,0.35443037974683544,0.16666666666666666
156,156,refinement,0.5,3,0.3936788374584962,0.00883084894833479,,0.4444444444444445,0.16666666666666666
156,156,refinement,0.5,4,0.39281639632835796,0.00823883530450334,,0.4565217391304348,0.16666666666666666
156,156,refinement,0.5,5,0.4029542437813768,0.007859070302330599,,0.4835164835164835,0.16666666666666666
156,156,refinement,0.5,6,0.3932677219222684,0.009083135383691316,,0.4691358024691358,0.16666666666666666
156,156,refinement,0.5,7,0.4230828019222168,0.007343502691683487,,0.5111111111111111,0.3333333333333333
156,156,refinement,0.8,0,0.3935201442642694,0.0106952501199316,,0.425,0.16666666666666666
156,156,refinement,0.8,1,0.3904656637645545,0.00040974046370706354,,0.5287356321839081,0.0
156,156,refinement,0.8,2,0.3616404662736251,0.006874932629983971,,0.5233644859813085,0.0
156,156,refinement,0.8,3,0.377713993387308,0.005522912138255269,,0.5688073394495412,0.14285714285714285
156,156,refinement,0.8,4,0.3578486242382493,0.008754741088000954,,0.47058823529411764,0.0
156,156,refinement,0.8,5,0.3900122480969159,0.006205388241689217,,0.5090909090909091,0.16666666666666666
156,156,refinement,0.8,6,0.3707133055625696,0.005842818278451843,,0.5128205128205129,0.14285714285714285
156,156,refinement,0.8,7,0.3656133583032545,0.005139002237639634,,0.5,0.0
157,157,accumulation,N/A,0,0.28158112592116535,0.01736510527639319,,0.28571428571428575,0.0
157,157,accumulation,N/A,1,0.2403209011961251,0.12937492670101863,,0.013986013986013986,0.0
157,157,accumulation,N/A,2,0.563605512648236,0.13623988300813414,,0.6666666666666666,1.0
157,157,accumulation,N/A,3,0.38047443466359443,0.0,,0.4,0.0
157,157,accumulation,N/A,4,0.24591746115816215,0.0,,0.4,0.25
157,157,accumulation,N/A,5,0.3963160513652286,0.09364981499748744,,0.5714285714285715,0.5
157,157,accumulation,N/A,6,0.30207254547656526,0.07148524986126155,,0.5454545454545454,0.0
157,157,accumulation,N/A,7,0.31956110971233326,0.04234050330993439,,0.6666666666666666,0.0
157,157,refinement,0.5,0,0.28158112592116535,0.01736510527639319,,0.28571428571428575,0.0
157,157,refinement,0.5,1,0.2554057546317975,0.016948377272898545,,0.28571428571428575,0.0
157,157,refinement,0.5,2,0.3700222128785079,0.01628693205942949,,0.4,0.0
157,157,refinement,0.5,3,0.370399181396414,0.01637407275955842,,0.4,0.0
157,157,refinement,0.5,4,0.24369509466699776,0.0164033272443872,,0.2222222222222222,0.0
157,157,refinement,0.5,5,0.26861329815255813,0.01637407275955842,,0.2222222222222222,0.0
157,157,refinement,0.5,6,0.3703127603259893,0.01637407275955842,,0.4,0.0
157,157,refinement,0.5,7,0.2782312771730878,0.0164033272443872,,0.28571428571428575,0.0
157,157,refinement,0.8,0,0.28158112592116535,0.01736510527639319,,0.28571428571428575,0.0
157,157,refinement,0.8,1,0.27711290718127624,0.013834971724210197,,0.28571428571428575,0.0
157,157,refinement,0.8,2,0.28374777389712746,0.013834971724210197,,0.3333333333333333,0.0
157,157,refinement,0.8,3,0.2464031067290388,0.011417583946710755,,0.25,0.0
157,157,refinement,0.8,4,0.27717569928310104,0.011417583946710755,,0.28571428571428575,0.0
157,157,refinement,0.8,5,0.36900826460365815,0.008915815505686125,,0.4,0.0
157,157,refinement,0.8,6,0.28491616199473196,0.00893131459676253,,0.3333333333333333,0.0
157,157,refinement,0.8,7,0.2784827568738116,0.006391360698593632,,0.28571428571428575,0.0
158,158,accumulation,N/A,0,0.33818766722033533,0.0,,0.4,0.5
158,158,accumulation,N/A,1,0.28642703986233486,0.0,,0.3333333333333333,0.0
158,158,accumulation,N/A,2,0.2806445133153836,0.0,,0.36363636363636365,0.0
158,158,accumulation,N/A,3,0.3972526435138415,0.2451949206702051,,0.4,0.5
158,158,accumulation,N/A,4,0.24072553558702886,0.0,,0.3333333333333333,0.0
158,158,accumulation,N/A,5,0.26727645556437296,0.2694159370877379,,0.28571428571428575,0.3333333333333333
158,158,accumulation,N/A,6,0.2890633239272776,0.0,,0.5714285714285715,0.0
158,158,accumulation,N/A,7,0.3433256102763827,0.013147295517018752,,0.18181818181818182,0.0
158,158,refinement,0.5,0,0.33818766722033533,0.0,,0.4,0.5
158,158,refinement,0.5,1,0.3383372029504016,0.0,,0.4,0.5
158,158,refinement,0.5,2,0.338673281795022,0.0,,0.4,0.5
158,158,refinement,0.5,3,0.33838103966360017,0.0,,0.4,0.5
158,158,refinement,0.5,4,0.338659606526872,0.0,,0.4,0.5
158,158,refinement,0.5,5,0.3388318818286852,0.0,,0.4,0.5
158,158,refinement,0.5,6,0.3390968599991944,0.0,,0.4,0.5
158,158,refinement,0.5,7,0.339382722656459,0.0,,0.4,0.5
158,158,refinement,0.8,0,0.33818766722033533,0.0,,0.4,0.5
158,158,refinement,0.8,1,0.34102636513578405,0.0,,0.4,0.5
158,158,refinement,0.8,2,0.28104788693129223,0.0,,0.3333333333333333,0.3333333333333333
158,158,refinement,0.8,3,0.28130347153022683,0.0,,0.3333333333333333,0.3333333333333333
158,158,refinement,0.8,4,0.3407423900826968,0.0,,0.4,0.5
158,158,refinement,0.8,5,0.24035545921258317,0.0,,0.36363636363636365,0.0
158,158,refinement,0.8,6,0.22142771774841888,0.0,,0.23529411764705882,0.0
158,158,refinement,0.8,7,0.22563209865342493,0.0,,0.26666666666666666,0.0
159,159,accumulation,N/A,0,0.5032390011683514,0.6769961622514798,,0.33333333333333337,0.0
159,159,accumulation,N/A,1,0.4145008058725965,0.27274332391663586,,0.4,0.0
159,159,accumulation,N/A,2,0.6505732112619901,0.2014654625802734,,1.0,1.0
159,159,accumulation,N/A,3,0.46133333621944883,0.2714581933096172,,0.4,0.0
159,159,accumulation,N/A,4,0.4918887652633849,0.30935171234202213,,0.6666666666666666,0.0
159,159,accumulation,N/A,5,0.5000823764472715,0.709316380032384,,0.4,0.0
159,159,accumulation,N/A,6,0.34678581444013246,0.036158760337940014,,0.4,0.0
159,159,accumulation,N/A,7,0.540239397218977,0.4062030021655468,,0.6666666666666666,0.5
159,159,refinement,0.5,0,0.5032390011683514,0.6769961622514798,,0.33333333333333337,0.0
159,159,refinement,0.5,1,0.5092433625561842,0.6584736954320136,,0.4,0.0
159,159,refinement,0.5,2,0.5233852839612293,0.6556953254090937,,0.5,0.0
159,159,refinement,0.5,3,0.47375598124475643,0.6584736954320136,,0.33333333333333337,0.0
159,159,refinement,0.5,4,0.4733067634667534,0.6556953254090937,,0.33333333333333337,0.0
159,159,refinement,0.5,5,0.5230678340089108,0.6529169553861738,,0.5,0.0
159,159,refinement,0.5,6,0.52338332057248,0.6556953254090937,,0.5,0.0
159,159,refinement,0.5,7,0.49872994672952264,0.6556953254090937,,0.33333333333333337,0.0
159,159,refinement,0.8,0,0.5032390011683514,0.6769961622514798,,0.33333333333333337,0.0
159,159,refinement,0.8,1,0.5130182143650713,0.6741516405613476,,0.4,0.0
159,159,refinement,0.8,2,0.8295854802773889,0.6840082389759916,,1.0,1.0
159,159,refinement,0.8,3,0.6251805812921645,0.6556953254090937,,0.6666666666666666,0.5
159,159,refinement,0.8,4,0.8250574827152681,0.6556953254090937,,1.0,1.0
159,159,refinement,0.8,5,0.8280868211147786,0.6708695001496561,,1.0,1.0
159,159,refinement,0.8,6,0.5501418597625197,0.6552678838671059,,0.5,0.3333333333333333
159,159,refinement,0.8,7,0.5475615473342563,0.6524675937651095,,0.5,0.3333333333333333
160,160,accumulation,N/A,0,0.2552325447383609,0.0,,0.5,0.0
160,160,accumulation,N/A,1,0.29934370920219344,0.00935152600475712,,0.5405405405405405,0.0
160,160,accumulation,N/A,2,0.2877043494307058,0.09848912065593783,,0.37837837837837834,0.0
160,160,accumulation,N/A,3,0.26618859435217124,0.018626658000158485,,0.4615384615384615,0.0
160,160,accumulation,N/A,4,0.3233752366510131,0.01644415242807962,,0.43333333333333335,0.16666666666666666
160,160,accumulation,N/A,5,0.2428487947654961,0.007098268729224847,,0.43749999999999994,0.0
160,160,accumulation,N/A,6,0.2823260807122898,0.014715707765296836,,0.5652173913043478,0.0
160,160,accumulation,N/A,7,0.23676640462120993,0.004002809670967361,,0.24615384615384617,0.14285714285714285
160,160,refinement,0.5,0,0.2552325447383609,0.0,,0.5,0.0
160,160,refinement,0.5,1,0.21584156450443295,0.0,,0.35714285714285715,0.0
160,160,refinement,0.5,2,0.3604660064839743,0.0,,0.5517241379310345,0.25
160,160,refinement,0.5,3,0.23988694069143596,0.0,,0.4444444444444445,0.0
160,160,refinement,0.5,4,0.28699985057822497,0.024394067779277565,,0.5625,0.0
160,160,refinement,0.5,5,0.40240435263221874,0.02366254291699261,,0.6451612903225806,0.5
160,160,refinement,0.5,6,0.3058831916406923,0.0,,0.4444444444444445,0.25
160,160,refinement,0.5,7,0.3441387458600659,0.0,,0.5161290322580645,0.0
160,160,refinement,0.8,0,0.2552325447383609,0.0,,0.5,0.0
160,160,refinement,0.8,1,0.31795072558525084,0.008619712392238027,,0.5581395348837208,0.16666666666666666
160,160,refinement,0.8,2,0.25850328893739427,0.0046349202741273405,,0.4615384615384615,0.0
160,160,refinement,0.8,3,0.2905510771342946,0.07463427683782997,,0.4545454545454545,0.0
160,160,refinement,0.8,4,0.30578147343656187,0.03182533731186135,,0.44,0.0
160,160,refinement,0.8,5,0.3075078881299178,0.0668192535169419,,0.43478260869565216,0.0
160,160,refinement,0.8,6,0.28463339324973175,0.05088555795771398,,0.3582089552238805,0.0
160,160,refinement,0.8,7,0.2853849959353435,0.03741284297437403,,0.34375,0.0
161,161,accumulation,N/A,0,0.2818562725904825,0.004942288360865166,,0.5066666666666666,0.0
161,161,accumulation,N/A,1,0.31323459533076586,0.005270931275935148,,0.65,0.14285714285714285
161,161,accumulation,N/A,2,0.3613533477876617,0.03774026401620408,,0.46486486486486484,0.0
161,161,accumulation,N/A,3,0.38881682313976096,0.006764176861455492,,0.6666666666666667,0.14285714285714285
161,161,accumulation,N/A,4,0.38674225382196004,0.01023790414539779,,0.6266666666666666,0.0
161,161,accumulation,N/A,5,0.3493411238270497,0.002508669267117108,,0.5098039215686275,0.0
161,161,accumulation,N/A,6,0.4090365334702926,0.0132867048471608,,0.6131386861313868,0.14285714285714285
161,161,accumulation,N/A,7,0.377088889409396,0.017157320894068327,,0.5521472392638037,0.0
161,161,refinement,0.5,0,0.2818562725904825,0.004942288360865166,,0.5066666666666666,0.0
161,161,refinement,0.5,1,0.30362860336895614,0.010294209905656848,,0.4931506849315068,0.14285714285714285
161,161,refinement,0.5,2,0.30588531844234046,0.00017848217520575853,,0.5569620253164557,0.14285714285714285
161,161,refinement,0.5,3,0.33200592420489444,0.0041206027398901154,,0.5822784810126582,0.14285714285714285
161,161,refinement,0.5,4,0.3319937589480937,0.0007552443909166262,,0.5822784810126582,0.14285714285714285
161,161,refinement,0.5,5,0.3036621733427716,0.005175052284964764,,0.5301204819277108,0.0
161,161,refinement,0.5,6,0.33554826631007406,0.0004097329935158238,,0.575,0.14285714285714285
161,161,refinement,0.5,7,0.31504324931451905,0.0030434183530835468,,0.6046511627906976,0.0
161,161,refinement,0.8,0,0.2818562725904825,0.004942288360865166,,0.5066666666666666,0.0
161,161,refinement,0.8,1,0.33139186263132897,0.010039483378024289,,0.5476190476190477,0.2857142857142857
161,161,refinement,0.8,2,0.36623752011357635,0.008740587833047809,,0.6095238095238096,0.14285714285714285
161,161,refinement,0.8,3,0.3782761576279555,0.0035515688154435132,,0.6436781609195402,0.14285714285714285
161,161,refinement,0.8,4,0.4067931778938897,0.01283781940370927,,0.6785714285714286,0.14285714285714285
161,161,refinement,0.8,5,0.3743641692935857,0.002353616634084881,,0.6260869565217391,0.14285714285714285
161,161,refinement,0.8,6,0.37064915259918335,0.007300829461465292,,0.5323741007194245,0.0
161,161,refinement,0.8,7,0.37725626298585224,0.02238331004207455,,0.5874125874125875,0.0
162,162,accumulation,N/A,0,0.8151932797976662,0.5895259005228551,,1.0,1.0
162,162,accumulation,N/A,1,0.507201290596698,0.36901144366251215,,0.6666666666666666,0.0
162,162,accumulation,N/A,2,0.5651337814858544,0.5657918249044699,,0.6666666666666666,0.5
162,162,accumulation,N/A,3,0.5457742159918246,0.3087166762773716,,0.6666666666666666,0.5
162,162,accumulation,N/A,4,0.8148117556937012,0.4472914405206565,,1.0,1.0
162,162,accumulation,N/A,5,0.45506600963554705,0.4117466525781607,,0.33333333333333337,0.3333333333333333
162,162,accumulation,N/A,6,0.5094103423645706,0.17622836088564187,,0.6666666666666666,0.5
162,162,accumulation,N/A,7,0.4519515836818333,0.4714670423443164,,0.2222222222222222,0.3333333333333333
162,162,refinement,0.5,0,0.8151932797976662,0.5895259005228551,,1.0,1.0
162,162,refinement,0.5,1,0.8153399413877042,0.5910611242221333,,1.0,1.0
162,162,refinement,0.5,2,0.8151634211292591,0.5895259005228551,,1.0,1.0
162,162,refinement,0.5,3,0.8139827803869804,0.5872185584464452,,1.0,1.0
162,162,refinement,0.5,4,0.8143599062399599,0.5891173086968247,,1.0,1.0
162,162,refinement,0.5,5,0.8140777243105406,0.5872185584464452,,1.0,1.0
162,162,refinement,0.5,6,0.6138948846341996,0.5887477734423995,,0.6666666666666666,0.5
162,162,refinement,0.5,7,0.8136818830597428,0.58837222948465,,1.0,1.0
162,162,refinement,0.8,0,0.8151932797976662,0.5895259005228551,,1.0,1.0
162,162,refinement,0.8,1,0.5869906197622117,0.5750090460180379,,0.5,0.5
162,162,refinement,0.8,2,0.814660838953881,0.59187902319602,,1.0,1.0
162,162,refinement,0.8,3,0.6145175372855824,0.5922730988338275,,0.6666666666666666,0.5
162,162,refinement,0.8,4,0.8120507023327161,0.5841692368857658,,1.0,1.0
162,162,refinement,0.8,5,0.6139124058965739,0.5849612729383632,,0.6666666666666666,0.5
162,162,refinement,0.8,6,0.8129130108733578,0.5864966043633986,,1.0,1.0
162,162,refinement,0.8,7,0.8159588450877181,0.5954795843947178,,1.0,1.0
163,163,accumulation,N/A,0,0.4877204637356094,0.09627225302064722,,0.6666666666666666,0.0
163,163,accumulation,N/A,1,0.6758530910438594,0.33016915320138407,,1.0,1.0
163,163,accumulation,N/A,2,0.4589657871694217,0.2736855838009916,,0.5,0.5
163,163,accumulation,N/A,3,0.2941596971491192,0.043902152693325654,,0.15384615384615385,0.0
163,163,accumulation,N/A,4,0.44531084262611775,0.6031677339336141,,0.5,0.3333333333333333
163,163,accumulation,N/A,5,0.43087489276134944,0.4225145727597971,,0.6666666666666666,0.3333333333333333
163,163,accumulation,N/A,6,0.48493515911475016,0.44287960952409244,,0.6666666666666666,0.3333333333333333
163,163,accumulation,N/A,7,0.577673794841727,0.4255371400350303,,0.8,0.5
163,163,refinement,0.5,0,0.4877204637356094,0.09627225302064722,,0.6666666666666666,0.0
163,163,refinement,0.5,1,0.48758392223328534,0.09627225302064722,,0.6666666666666666,0.0
163,163,refinement,0.5,2,0.38759934624923464,0.09627225302064722,,0.5,0.0
163,163,refinement,0.5,3,0.38743715441505,0.09627225302064722,,0.5,0.0
163,163,refinement,0.5,4,0.48732754898942676,0.09669267401778459,,0.6666666666666666,0.0
163,163,refinement,0.5,5,0.4869066186395722,0.09232567330941653,,0.6666666666666666,0.0
163,163,refinement,0.5,6,0.4874389269846936,0.09627225302064722,,0.6666666666666666,0.0
163,163,refinement,0.5,7,0.4872286922914782,0.09669267401778459,,0.6666666666666666,0.0
163,163,refinement,0.8,0,0.4877204637356094,0.09627225302064722,,0.6666666666666666,0.0
163,163,refinement,0.8,1,0.3863957836483187,0.09026407215166231,,0.5,0.0
163,163,refinement,0.8,2,0.486418890703325,0.09128881908247011,,0.6666666666666666,0.0
163,163,refinement,0.8,3,0.3726674833151956,0.08901286135395196,,0.4,0.0
163,163,refinement,0.8,4,0.4873686574176277,0.09128881908247011,,0.6666666666666666,0.0
163,163,refinement,0.8,5,0.48772754649581174,0.09044704291001233,,0.6666666666666666,0.0
163,163,refinement,0.8,6,0.34652507482176925,0.08845036452905193,,0.4,0.0
163,163,refinement,0.8,7,0.4868870514974015,0.08308175450088155,,0.6666666666666666,0.0
164,164,accumulation,N/A,0,0.18807324737678913,0.017495418268214793,,0.15384615384615385,0.16666666666666666
164,164,accumulation,N/A,1,0.2909851502991523,0.0658003575704725,,0.32432432432432434,0.0
164,164,accumulation,N/A,2,0.15671827984163478,0.0008575702965017001,,0.2727272727272727,0.0
164,164,accumulation,N/A,3,0.24233691083135195,0.0,,0.36363636363636365,0.14285714285714285
164,164,accumulation,N/A,4,0.28949312860109316,0.0,,0.5,0.0
164,164,accumulation,N/A,5,0.24128079158113572,0.06250141467098563,,0.391304347826087,0.0
164,164,accumulation,N/A,6,0.2245390110232306,0.019958882987836213,,0.42857142857142855,0.0
164,164,accumulation,N/A,7,0.24712674842019572,0.023608115024868245,,0.2608695652173913,0.0
164,164,refinement,0.5,0,0.18807324737678913,0.017495418268214793,,0.15384615384615385,0.16666666666666666
164,164,refinement,0.5,1,0.13860007357182721,0.017495418268214793,,0.17777777777777776,0.0
164,164,refinement,0.5,2,0.1255728955442202,0.023327224357619723,,0.12,0.0
164,164,refinement,0.5,3,0.12705676039445238,0.017495418268214793,,0.1739130434782609,0.0
164,164,refinement,0.5,4,0.12008290684434052,0.017081352291501838,,0.19047619047619047,0.0
164,164,refinement,0.5,5,0.141026907243905,0.01596194229520469,,0.17777777777777776,0.0
164,164,refinement,0.5,6,0.1336220822056979,0.016828456875372738,,0.186046511627907,0.0
164,164,refinement,0.5,7,0.13253655550834745,0.016498943254070024,,0.186046511627907,0.0
164,164,refinement,0.8,0,0.18807324737678913,0.017495418268214793,,0.15384615384615385,0.16666666666666666
164,164,refinement,0.8,1,0.16489163666062326,0.013532419528137649,,0.1923076923076923,0.0
164,164,refinement,0.8,2,0.15666794290360228,0.014890023712785692,,0.1951219512195122,0.0
164,164,refinement,0.8,3,0.14490636213505825,0.01604449229262089,,0.25806451612903225,0.0
164,164,refinement,0.8,4,0.15205125625029725,0.029042649575517613,,0.13793103448275862,0.0
164,164,refinement,0.8,5,0.15882269357948217,0.012972670784683919,,0.26666666666666666,0.0
164,164,refinement,0.8,6,0.1931005431552174,0.020347869843777,,0.24,0.2
164,164,refinement,0.8,7,0.15224635861734204,0.013701089126781089,,0.25806451612903225,0.0
165,165,accumulation,N/A,0,0.2888147603914998,0.028681067817796953,,0.3181818181818182,0.0
165,165,accumulation,N/A,1,0.19445427088408423,0.0,,0.16216216216216217,0.0
165,165,accumulation,N/A,2,0.3427231147538954,0.010744717256906112,,0.5641025641025641,0.3333333333333333
165,165,accumulation,N/A,3,0.28390018896521896,0.04051931856410494,,0.09386281588447654,0.0
165,165,accumulation,N/A,4,0.3042989831687816,0.019089553643045546,,0.4166666666666667,0.0
165,165,accumulation,N/A,5,0.21529239588138838,0.0003947798855869088,,0.20338983050847456,0.0
165,165,accumulation,N/A,6,0.33219572301707745,0.03288783761205834,,0.1925925925925926,0.16666666666666666
165,165,accumulation,N/A,7,0.30337700325378064,0.11160005896740605,,0.2807017543859649,0.0
165,165,refinement,0.5,0,0.2888147603914998,0.028681067817796953,,0.3181818181818182,0.0
165,165,refinement,0.5,1,0.2721272276019684,0.001142913115980697,,0.1925925925925926,0.0
165,165,refinement,0.5,2,0.2802176377677333,0.0009207738111343761,,0.21212121212121215,0.0
165,165,refinement,0.5,3,0.2578724638038594,0.005336676902329092,,0.24778761061946902,0.0
165,165,refinement,0.5,4,0.2665746326382555,0.0002758993340728706,,0.14606741573033707,0.0
165,165,refinement,0.5,5,0.23685084059066266,0.0010905360653280188,,0.17518248175182483,0.0
165,165,refinement,0.5,6,0.26655574135360016,6.759469250189528e-05,,0.15094339622641506,0.0
165,165,refinement,0.5,7,0.27200118521113115,0.0,,0.12999999999999998,0.0
165,165,refinement,0.8,0,0.2888147603914998,0.028681067817796953,,0.3181818181818182,0.0
165,165,refinement,0.8,1,0.23363126241999047,0.0005654904728764793,,0.2058823529411765,0.0
165,165,refinement,0.8,2,0.3188289266774005,0.0013870587246585227,,0.2452830188679245,0.2
165,165,refinement,0.8,3,0.27976742478417505,6.442358989414395e-05,,0.19047619047619047,0.0
165,165,refinement,0.8,4,0.28732102330379794,0.017203085223522135,,0.16,0.0
165,165,refinement,0.8,5,0.2861665430231448,0.01500722097810918,,0.203125,0.0
165,165,refinement,0.8,6,0.29098078108818404,0.01937654531629241,,0.21666666666666665,0.0
165,165,refinement,0.8,7,0.28084490008540375,0.020938280854117468,,0.14525139664804468,0.0
166,166,accumulation,N/A,0,0.2828227353707362,0.07985993880392225,,0.23529411764705882,0.0
166,166,accumulation,N/A,1,0.3004870207038976,0.07891173729614472,,0.3076923076923077,0.2
166,166,accumulation,N/A,2,0.2550233694085356,0.0833462663156069,,0.19999999999999998,0.0
166,166,accumulation,N/A,3,0.26567308541265555,0.035097376288308856,,0.25,0.0
166,166,accumulation,N/A,4,0.2808838349295051,0.01803170810066548,,0.5,0.0
166,166,accumulation,N/A,5,0.32980289802505436,0.0601680565610755,,0.3076923076923077,0.25
166,166,accumulation,N/A,6,0.24900642356153688,0.06251035567255935,,0.0625,0.0
166,166,accumulation,N/A,7,0.25315472737054057,0.0017440074279089456,,0.2857142857142857,0.0
166,166,refinement,0.5,0,0.2828227353707362,0.07985993880392225,,0.23529411764705882,0.0
166,166,refinement,0.5,1,0.27690616949318825,0.07690206815185782,,0.25,0.0
166,166,refinement,0.5,2,0.2761083845506008,0.07735180680609582,,0.25,0.0
166,166,refinement,0.5,3,0.27844000772284716,0.07735180680609582,,0.2666666666666667,0.0
166,166,refinement,0.5,4,0.28142434522971427,0.07735180680609582,,0.2666666666666667,0.0
166,166,refinement,0.5,5,0.2887643286886351,0.08200600675275134,,0.23529411764705882,0.0
166,166,refinement,0.5,6,0.29975976072995275,0.07604254196192733,,0.2222222222222222,0.0
166,166,refinement,0.5,7,0.29212656831926387,0.07735180680609582,,0.3076923076923077,0.0
166,166,refinement,0.8,0,0.2828227353707362,0.07985993880392225,,0.23529411764705882,0.0
166,166,refinement,0.8,1,0.3868588082657821,0.09054685523187408,,0.5714285714285715,0.0
166,166,refinement,0.8,2,0.3434762134434619,0.09176284872236413,,0.4444444444444445,0.0
166,166,refinement,0.8,3,0.32504187003176055,0.09253411625554345,,0.33333333333333337,0.0
166,166,refinement,0.8,4,0.2922663031403075,0.0936645861802915,,0.25,0.0
166,166,refinement,0.8,5,0.322576216501381,0.09263317317318581,,0.33333333333333337,0.0
166,166,refinement,0.8,6,0.28018078546088515,0.07532022438474212,,0.19999999999999998,0.0
166,166,refinement,0.8,7,0.293783809815397,0.07329515098249659,,0.23529411764705882,0.0
167,167,accumulation,N/A,0,0.27611912783684917,0.023112121334921267,,0.5116279069767441,0.14285714285714285
167,167,accumulation,N/A,1,0.2959850869906882,0.0543834732021941,,0.24761904761904766,0.0
167,167,accumulation,N/A,2,0.2536466537938532,0.03358953023654975,,0.12017167381974247,0.0
167,167,accumulation,N/A,3,0.3289746042136565,0.030866759596852807,,0.29268292682926833,0.0
167,167,accumulation,N/A,4,0.2447780444256802,0.0483955566007919,,0.42622950819672134,0.16666666666666666
167,167,accumulation,N/A,5,0.2891947976351328,0.05307979838919825,,0.17687074829931973,0.16666666666666666
167,167,accumulation,N/A,6,0.32366347227939024,0.04440670000168539,,0.3561643835616438,0.0
167,167,accumulation,N/A,7,0.26368434869982216,0.06045366255869538,,0.4057971014492754,0.0
167,167,refinement,0.5,0,0.27611912783684917,0.023112121334921267,,0.5116279069767441,0.14285714285714285
167,167,refinement,0.5,1,0.2573706309791053,0.01069954863223641,,0.4285714285714286,0.25
167,167,refinement,0.5,2,0.2962210939054387,0.0245430740523959,,0.4166666666666667,0.2857142857142857
167,167,refinement,0.5,3,0.262217006531934,0.03090722382744963,,0.4444444444444444,0.14285714285714285
167,167,refinement,0.5,4,0.2653077128342646,0.009689111623092862,,0.39999999999999997,0.14285714285714285
167,167,refinement,0.5,5,0.26184532353049694,0.015431875546297835,,0.45833333333333326,0.14285714285714285
167,167,refinement,0.5,6,0.2771930510414562,0.027040312600927735,,0.4444444444444444,0.14285714285714285
167,167,refinement,0.5,7,0.27736492712666083,0.02460217067963306,,0.48888888888888893,0.14285714285714285
167,167,refinement,0.8,0,0.27611912783684917,0.023112121334921267,,0.5116279069767441,0.14285714285714285
167,167,refinement,0.8,1,0.2361518937115347,0.006469112820155373,,0.32000000000000006,0.0
167,167,refinement,0.8,2,0.2422009129546189,0.001438963262757474,,0.40625,0.0
167,167,refinement,0.8,3,0.22072226009658918,0.007284812998689962,,0.38596491228070184,0.0
167,167,refinement,0.8,4,0.2715043321800649,0.001978813641239427,,0.5,0.0
167,167,refinement,0.8,5,0.25435063623031723,0.006199360892164474,,0.3661971830985915,0.14285714285714285
167,167,refinement,0.8,6,0.2945394215923133,0.0015263045500924601,,0.4897959183673469,0.16666666666666666
167,167,refinement,0.8,7,0.30394896014574596,0.0006839047156064741,,0.5,0.16666666666666666
168,168,accumulation,N/A,0,0.33412170262359625,0.037444331919384705,,0.40860215053763443,0.125
168,168,accumulation,N/A,1,0.3476826645991903,0.008321508792107357,,0.48611111111111116,0.0
168,168,accumulation,N/A,2,0.4063929087796224,0.025786347020879938,,0.5652173913043478,0.125
168,168,accumulation,N/A,3,0.3172481588711117,0.030737642375266248,,0.3096774193548387,0.0
168,168,accumulation,N/A,4,0.37233667642463697,0.015017632874813312,,0.5294117647058824,0.0
168,168,accumulation,N/A,5,0.3572916337562265,0.021544599465334515,,0.5714285714285715,0.14285714285714285
168,168,accumulation,N/A,6,0.40250947756400157,0.027731460236872323,,0.2647058823529412,0.125
168,168,accumulation,N/A,7,0.3424681090442127,0.013426837596892498,,0.2621722846441948,0.125
168,168,refinement,0.5,0,0.33412170262359625,0.037444331919384705,,0.40860215053763443,0.125
168,168,refinement,0.5,1,0.3376489709478954,0.03859263776163006,,0.39999999999999997,0.125
168,168,refinement,0.5,2,0.33301717575640477,0.032394907962924754,,0.4166666666666667,0.125
168,168,refinement,0.5,3,0.35448344246587477,0.041446042295028566,,0.41758241758241765,0.14285714285714285
168,168,refinement,0.5,4,0.35958539581355115,0.03025086700304402,,0.4888888888888889,0.14285714285714285
168,168,refinement,0.5,5,0.3592014957690821,0.037757307129132466,,0.48837209302325585,0.14285714285714285
168,168,refinement,0.5,6,0.3409311229621976,0.033797544859095245,,0.48000000000000004,0.125
168,168,refinement,0.5,7,0.35790512199633645,0.04949705273333442,,0.430379746835443,0.25
168,168,refinement,0.8,0,0.33412170262359625,0.037444331919384705,,0.40860215053763443,0.125
168,168,refinement,0.8,1,0.3298065924374467,0.00885317337495384,,0.4132231404958678,0.0
168,168,refinement,0.8,2,0.32018303730890035,0.018086340535440757,,0.32,0.0
168,168,refinement,0.8,3,0.3345159262158248,0.002551668881480165,,0.3902439024390244,0.125
168,168,refinement,0.8,4,0.3562538733829844,0.04493985815956101,,0.3137254901960784,0.0
168,168,refinement,0.8,5,0.3753030582440868,0.026098979846774988,,0.47619047619047616,0.0
168,168,refinement,0.8,6,0.3182352351327117,0.06039355646619922,,0.3216783216783217,0.0
168,168,refinement,0.8,7,0.3355138305817769,0.04055694301125127,,0.4266666666666667,0.0
169,169,accumulation,N/A,0,0.1680164643747551,0.0,,0.10526315789473684,0.0
169,169,accumulation,N/A,1,0.29783402758847655,0.0,,0.5454545454545454,0.0
169,169,accumulation,N/A,2,0.2762768061182968,0.0,,0.28571428571428575,0.0
169,169,accumulation,N/A,3,0.29245287038570655,0.08852411295985409,,0.3157894736842105,0.25
169,169,accumulation,N/A,4,0.2839572396546209,0.01320278713457681,,0.5,0.0
169,169,accumulation,N/A,5,0.3371524876534481,0.06159094327804827,,0.42857142857142855,0.0
169,169,accumulation,N/A,6,0.20675541760533234,0.0,,0.26666666666666666,0.0
169,169,accumulation,N/A,7,0.2732971941604234,0.0,,0.12244897959183672,0.0
169,169,refinement,0.5,0,0.1680164643747551,0.0,,0.10526315789473684,0.0
169,169,refinement,0.5,1,0.25120153621424945,0.15923219112874015,,0.1739130434782609,0.3333333333333333
169,169,refinement,0.5,2,0.25856237079322514,0.15777069640841776,,0.2222222222222222,0.3333333333333333
169,169,refinement,0.5,3,0.2699962771544979,0.17694195313687527,,0.28571428571428575,0.3333333333333333
169,169,refinement,0.5,4,0.2087435572328765,0.17694195313687527,,0.21052631578947367,0.16666666666666666
169,169,refinement,0.5,5,0.2573988740950742,0.17624985328996834,,0.36363636363636365,0.25
169,169,refinement,0.5,6,0.25365591106393265,0.17700215780873893,,0.3333333333333333,0.25
169,169,refinement,0.5,7,0.23450244996063085,0.17864197792813152,,0.30769230769230765,0.2
169,169,refinement,0.8,0,0.1680164643747551,0.0,,0.10526315789473684,0.0
169,169,refinement,0.8,1,0.24544531495451505,0.18361103879198032,,0.25,0.25
169,169,refinement,0.8,2,0.2530264450512164,0.1680867446075175,,0.28571428571428575,0.25
169,169,refinement,0.8,3,0.24216712939731627,0.0,,0.3333333333333333,0.25
169,169,refinement,0.8,4,0.28174009894515306,0.12349025202092313,,0.5,0.0
169,169,refinement,0.8,5,0.2863588887841987,0.15829590890900838,,0.3333333333333333,0.3333333333333333
169,169,refinement,0.8,6,0.37318991232722376,0.18191360596861006,,0.5714285714285715,0.5
169,169,refinement,0.8,7,0.2540771428424062,0.18250056192845945,,0.4,0.0
170,170,accumulation,N/A,0,0.38552623301126654,0.00513904369111459,,0.6923076923076924,0.25
170,170,accumulation,N/A,1,0.3768744464338209,0.010488930288244918,,0.4315352697095436,0.0
170,170,accumulation,N/A,2,0.4077878693638018,0.003846429153614795,,0.5930232558139535,0.25
170,170,accumulation,N/A,3,0.3959749427044017,0.016950318021858445,,0.3909774436090226,0.125
170,170,accumulation,N/A,4,0.3625983069625097,0.000650778413190735,,0.4519230769230769,0.0
170,170,accumulation,N/A,5,0.33396422387127517,0.003894174635779352,,0.38281249999999994,0.0
170,170,accumulation,N/A,6,0.3310225621280656,0.0030505382930430605,,0.2979942693409742,0.0
170,170,accumulation,N/A,7,0.3327379162125814,0.011930620087086034,,0.4202334630350194,0.0
170,170,refinement,0.5,0,0.38552623301126654,0.00513904369111459,,0.6923076923076924,0.25
170,170,refinement,0.5,1,0.3656135390408573,0.0058922129591605634,,0.6530612244897959,0.0
170,170,refinement,0.5,2,0.3610847744439278,0.006299633417537756,,0.6250000000000001,0.0
170,170,refinement,0.5,3,0.3592277307847119,0.0060109366600519035,,0.6078431372549019,0.0
170,170,refinement,0.5,4,0.3440482570965255,0.008135065479674661,,0.5102040816326531,0.0
170,170,refinement,0.5,5,0.3512869318531689,0.006071477654759745,,0.5666666666666667,0.0
170,170,refinement,0.5,6,0.31744717305763104,0.0072993042593457675,,0.4615384615384615,0.0
170,170,refinement,0.5,7,0.3175863171482566,0.006782534642885929,,0.45378151260504196,0.0
170,170,refinement,0.8,0,0.38552623301126654,0.00513904369111459,,0.6923076923076924,0.25
170,170,refinement,0.8,1,0.39272392112163496,0.003396788539646905,,0.656934306569343,0.125
170,170,refinement,0.8,2,0.34336928321692034,0.008814692447859956,,0.4579439252336449,0.0
170,170,refinement,0.8,3,0.34087293399568835,0.008987965163260236,,0.46153846153846156,0.0
170,170,refinement,0.8,4,0.3383060907797324,0.00766432593824515,,0.40154440154440163,0.0
170,170,refinement,0.8,5,0.33667394236535675,0.029141380320950608,,0.36823104693140796,0.0
170,170,refinement,0.8,6,0.3526268210642509,0.011264744021282814,,0.39705882352941174,0.125
170,170,refinement,0.8,7,0.3347334408682823,0.008409339977599462,,0.3006134969325153,0.125
171,171,accumulation,N/A,0,0.3530283179249413,0.04124223824405881,,0.26086956521739124,0.16666666666666666
171,171,accumulation,N/A,1,0.33507904503468056,0.18656906736453113,,0.46153846153846156,0.0
171,171,accumulation,N/A,2,0.2716838016288685,0.05308549301211231,,0.2941176470588235,0.14285714285714285
171,171,accumulation,N/A,3,0.3797631527786444,0.014403252063928883,,0.5217391304347825,0.14285714285714285
171,171,accumulation,N/A,4,0.40344814163368176,0.02542605310377891,,0.4827586206896552,0.0
171,171,accumulation,N/A,5,0.408074387965076,0.1329459685377375,,0.4827586206896552,0.16666666666666666
171,171,accumulation,N/A,6,0.3595742864973234,0.14422279558976278,,0.4210526315789474,0.3333333333333333
171,171,accumulation,N/A,7,0.27856627289446595,0.03486754426632805,,0.1111111111111111,0.0
171,171,refinement,0.5,0,0.3530283179249413,0.04124223824405881,,0.26086956521739124,0.16666666666666666
171,171,refinement,0.5,1,0.3549679131380984,0.061125546981681406,,0.30769230769230765,0.0
171,171,refinement,0.5,2,0.34396803901047834,0.027508252914875287,,0.26666666666666666,0.0
171,171,refinement,0.5,3,0.347534620580617,0.05982492782110754,,0.26666666666666666,0.0
171,171,refinement,0.5,4,0.34374426261186325,0.05982492782110754,,0.25,0.0
171,171,refinement,0.5,5,0.4001086017566455,0.039601660497769385,,0.375,0.2
171,171,refinement,0.5,6,0.34969419678343355,0.03948254745376976,,0.33333333333333326,0.0
171,171,refinement,0.5,7,0.38597136092684053,0.029779231106442462,,0.4444444444444444,0.0
171,171,refinement,0.8,0,0.3530283179249413,0.04124223824405881,,0.26086956521739124,0.16666666666666666
171,171,refinement,0.8,1,0.39730662608085765,0.06006506158724348,,0.16666666666666666,0.16666666666666666
171,171,refinement,0.8,2,0.34717552703537163,0.02446037748482221,,0.4,0.0
171,171,refinement,0.8,3,0.3798543550239552,0.019638431796763486,,0.33333333333333326,0.0
171,171,refinement,0.8,4,0.38566027290531535,0.023040068115584157,,0.3333333333333333,0.16666666666666666
171,171,refinement,0.8,5,0.3896185290069179,0.031518375323787456,,0.36363636363636365,0.16666666666666666
171,171,refinement,0.8,6,0.39667376571237856,0.015164893348541895,,0.3529411764705882,0.3333333333333333
171,171,refinement,0.8,7,0.358818339414824,0.05564386236613801,,0.2857142857142857,0.16666666666666666
172,172,accumulation,N/A,0,0.3912109686344277,0.4049512264421213,,0.3333333333333333,0.0
172,172,accumulation,N/A,1,0.426432069212099,0.058821179105644134,,0.4,0.5
172,172,accumulation,N/A,2,0.4021019420755577,0.07284776710901723,,0.3333333333333333,0.3333333333333333
172,172,accumulation,N/A,3,0.302369403416181,0.0,,0.4,0.2
172,172,accumulation,N/A,4,0.3370422284588515,0.19801579419514975,,0.09090909090909091,0.3333333333333333
172,172,accumulation,N/A,5,0.49105327513852837,0.3688569216423826,,0.5,0.5
172,172,accumulation,N/A,6,0.46111243962955395,0.1337096083959627,,0.4,0.3333333333333333
172,172,accumulation,N/A,7,0.22285062914014972,0.2315239197584377,,0.09523809523809525,0.0
172,172,refinement,0.5,0,0.3912109686344277,0.4049512264421213,,0.3333333333333333,0.0
172,172,refinement,0.5,1,0.4262695443303376,0.403098593347883,,0.4,0.0
172,172,refinement,0.5,2,0.39101341964568836,0.4063894955819417,,0.3333333333333333,0.0
172,172,refinement,0.5,3,0.5597868752313592,0.40917408167338554,,0.28571428571428575,0.5
172,172,refinement,0.5,4,0.5196274242219652,0.1352908326469821,,0.7499999999999999,0.0
172,172,refinement,0.5,5,0.4331070945855302,0.39705664990192796,,0.28571428571428575,0.0
172,172,refinement,0.5,6,0.425351746003288,0.39705664990192796,,0.4,0.0
172,172,refinement,0.5,7,0.35408195528781694,0.3957886185984093,,0.16666666666666666,0.0
172,172,refinement,0.8,0,0.3912109686344277,0.4049512264421213,,0.3333333333333333,0.0
172,172,refinement,0.8,1,0.42361675557558043,0.40453688554047434,,0.2222222222222222,0.0
172,172,refinement,0.8,2,0.42631009908891837,0.40782760468810764,,0.4,0.0
172,172,refinement,0.8,3,0.40258727729422505,0.39436805965016963,,0.25,0.0
172,172,refinement,0.8,4,0.4190067414150074,0.13480984379875813,,0.5454545454545454,0.0
172,172,refinement,0.8,5,0.47720613997431716,0.40154693918445017,,0.25,0.0
172,172,refinement,0.8,6,0.4214676846462416,0.41247566540582464,,0.18181818181818182,0.0
172,172,refinement,0.8,7,0.43661835924629183,0.39511872557859906,,0.28571428571428575,0.0
173,173,accumulation,N/A,0,0.24898803541459327,0.0658741949759438,,0.09302325581395349,0.0
173,173,accumulation,N/A,1,0.24053168031668815,0.0,,0.27692307692307694,0.0
173,173,accumulation,N/A,2,0.26533245129198035,0.0,,0.2580645161290323,0.14285714285714285
173,173,accumulation,N/A,3,0.23702732306109298,0.0,,0.37037037037037035,0.0
173,173,accumulation,N/A,4,0.27002572414710624,0.014900017582658805,,0.41269841269841273,0.0
173,173,accumulation,N/A,5,0.2991697768404032,0.0,,0.48717948717948717,0.0
173,173,accumulation,N/A,6,0.24949063589940182,0.03456730757763682,,0.29508196721311475,0.0
173,173,accumulation,N/A,7,0.23515026470322192,0.004979418996533966,,0.3103448275862069,0.0
173,173,refinement,0.5,0,0.24898803541459327,0.0658741949759438,,0.09302325581395349,0.0
173,173,refinement,0.5,1,0.2491663566960674,0.06816521557020921,,0.09302325581395349,0.0
173,173,refinement,0.5,2,0.24930802636077287,0.06816521557020921,,0.09302325581395349,0.0
173,173,refinement,0.5,3,0.2490391850565296,0.06816521557020921,,0.09302325581395349,0.0
173,173,refinement,0.5,4,0.24831156229049947,0.06816521557020921,,0.09302325581395349,0.0
173,173,refinement,0.5,5,0.25897385003576634,0.03408260778510461,,0.17777777777777776,0.0
173,173,refinement,0.5,6,0.26894821042946027,0.045443477046806145,,0.13636363636363635,0.0
173,173,refinement,0.5,7,0.24992400877716986,0.06911210043948907,,0.09302325581395349,0.0
173,173,refinement,0.8,0,0.24898803541459327,0.0658741949759438,,0.09302325581395349,0.0
173,173,refinement,0.8,1,0.37600404793155773,0.010979032495990632,,0.45283018867924524,0.2857142857142857
173,173,refinement,0.8,2,0.32521418653395934,0.015634275307234602,,0.38461538461538464,0.125
173,173,refinement,0.8,3,0.33302651360949614,0.00753072343441402,,0.5142857142857142,0.125
173,173,refinement,0.8,4,0.293220792801112,0.017041303892552304,,0.24242424242424243,0.0
173,173,refinement,0.8,5,0.26258381570464884,0.025408876804500075,,0.1875,0.125
173,173,refinement,0.8,6,0.25412329773673076,0.025419319444897837,,0.1846153846153846,0.125
173,173,refinement,0.8,7,0.2615643810224196,0.021615620541875206,,0.21875,0.0
174,174,accumulation,N/A,0,0.2576132497579617,0.012307448631736604,,0.20338983050847456,0.0
174,174,accumulation,N/A,1,0.2835938652956447,0.019245314944706934,,0.3212435233160621,0.0
174,174,accumulation,N/A,2,0.33485184674606583,0.019182395792871797,,0.45714285714285713,0.0
174,174,accumulation,N/A,3,0.38561827581744584,0.030623207711182484,,0.5,0.0
174,174,accumulation,N/A,4,0.3571500237423754,0.026439189570066912,,0.354066985645933,0.14285714285714285
174,174,accumulation,N/A,5,0.3184180418687732,0.00616531546658087,,0.4477611940298508,0.0
174,174,accumulation,N/A,6,0.32749366464430035,0.0032305933251891698,,0.451219512195122,0.0
174,174,accumulation,N/A,7,0.31854992738763627,0.007063346773474969,,0.3952095808383234,0.0
174,174,refinement,0.5,0,0.2576132497579617,0.012307448631736604,,0.20338983050847456,0.0
174,174,refinement,0.5,1,0.3013674316684367,0.0,,0.3076923076923077,0.14285714285714285
174,174,refinement,0.5,2,0.2811744660395447,0.0,,0.3076923076923077,0.0
174,174,refinement,0.5,3,0.3625455929850531,0.00820509042608906,,0.4155844155844156,0.14285714285714285
174,174,refinement,0.5,4,0.3802028458891125,0.009806092058293355,,0.5348837209302325,0.25
174,174,refinement,0.5,5,0.384559739740699,0.0062836449514066745,,0.6153846153846154,0.25
174,174,refinement,0.5,6,0.40102622892143364,0.008859658741805615,,0.5591397849462365,0.2857142857142857
174,174,refinement,0.5,7,0.3564376986288442,0.009303000769490585,,0.5161290322580646,0.0
174,174,refinement,0.8,0,0.2576132497579617,0.012307448631736604,,0.20338983050847456,0.0
174,174,refinement,0.8,1,0.3220451340807872,0.00929842736575355,,0.4367816091954023,0.0
174,174,refinement,0.8,2,0.3712339382286451,0.032360140013214786,,0.5663716814159292,0.0
174,174,refinement,0.8,3,0.37338386151029745,0.02880719105630342,,0.5934065934065933,0.14285714285714285
174,174,refinement,0.8,4,0.34698592853055227,0.01246605365870304,,0.5321100917431193,0.0
174,174,refinement,0.8,5,0.38962821916822254,0.019608856540131624,,0.5504587155963303,0.0
174,174,refinement,0.8,6,0.34732547547012466,0.02225855279858015,,0.45614035087719296,0.0
174,174,refinement,0.8,7,0.3636043187702483,0.05544978742622489,,0.4769230769230769,0.0
175,175,accumulation,N/A,0,0.49938272079986856,0.15072180480478428,,0.5714285714285715,0.5
175,175,accumulation,N/A,1,0.21411122191196533,0.026489964777690157,,0.1111111111111111,0.0
175,175,accumulation,N/A,2,0.2735187572484745,0.050037103931939476,,0.2222222222222222,0.0
175,175,accumulation,N/A,3,0.2867419197802682,0.09311084097690348,,0.16666666666666666,0.0
175,175,accumulation,N/A,4,0.15932863887517085,0.0,,0.14285714285714288,0.0
175,175,accumulation,N/A,5,0.288101505530754,0.0,,0.28571428571428575,0.5
175,175,accumulation,N/A,6,0.21843551397364383,0.0052154040569979505,,0.15384615384615383,0.0
175,175,accumulation,N/A,7,0.406275335831514,0.20807589021691175,,0.28571428571428575,0.25
175,175,refinement,0.5,0,0.49938272079986856,0.15072180480478428,,0.5714285714285715,0.5
175,175,refinement,0.5,1,0.383309423384535,0.1979815481682985,,0.4,0.3333333333333333
175,175,refinement,0.5,2,0.37744594415140487,0.19633909054469578,,0.36363636363636365,0.5
175,175,refinement,0.5,3,0.37082143672786116,0.19359550049955015,,0.5714285714285715,0.25
175,175,refinement,0.5,4,0.47832487787287015,0.1483158055313913,,0.5,0.5
175,175,refinement,0.5,5,0.3970608940587117,0.1483158055313913,,0.5,0.3333333333333333
175,175,refinement,0.5,6,0.31719827136412787,0.09903253450945682,,0.35294117647058826,0.25
175,175,refinement,0.5,7,0.33022247580212205,0.09918835413209924,,0.42857142857142855,0.25
175,175,refinement,0.8,0,0.49938272079986856,0.15072180480478428,,0.5714285714285715,0.5
175,175,refinement,0.8,1,0.40106452756848326,0.15144598629436862,,0.5,0.5
175,175,refinement,0.8,2,0.5726019454607917,0.19613261702283025,,0.6666666666666666,1.0
175,175,refinement,0.8,3,0.4234545439234472,0.19491534091079302,,0.6666666666666666,0.3333333333333333
175,175,refinement,0.8,4,0.37678840644674455,0.19444617341018208,,0.36363636363636365,0.5
175,175,refinement,0.8,5,0.3340002623279871,0.14972485060203225,,0.30769230769230765,0.25
175,175,refinement,0.8,6,0.3035244136322077,0.1278259591314321,,0.2857142857142857,0.25
175,175,refinement,0.8,7,0.3197543852245954,0.15020050068382465,,0.26666666666666666,0.0
176,176,accumulation,N/A,0,0.24779598128928287,0.025323995189682334,,0.25000000000000006,0.0
176,176,accumulation,N/A,1,0.37295192859278675,0.04501345348357928,,0.21276595744680848,0.0
176,176,accumulation,N/A,2,0.17899374240582366,0.04226290041296171,,0.2,0.0
176,176,accumulation,N/A,3,0.46872730724797623,0.16959162573130093,,0.3333333333333333,0.5
176,176,accumulation,N/A,4,0.290277779451573,0.11070112794890505,,0.21052631578947364,0.0
176,176,accumulation,N/A,5,0.2076969106324982,0.09393866947283215,,0.19047619047619047,0.0
176,176,accumulation,N/A,6,0.30397874785032836,0.011855726272202249,,0.5,0.0
176,176,accumulation,N/A,7,0.24549295825451437,0.12052186121423202,,0.10810810810810811,0.0
176,176,refinement,0.5,0,0.24779598128928287,0.025323995189682334,,0.25000000000000006,0.0
176,176,refinement,0.5,1,0.24586927887464602,0.025248771687006205,,0.2857142857142857,0.0
176,176,refinement,0.5,2,0.23322274409637636,0.025323995189682334,,0.2,0.0
176,176,refinement,0.5,3,0.2439190461093493,0.02359226722001204,,0.2222222222222222,0.0
176,176,refinement,0.5,4,0.22630630784719713,0.025323995189682334,,0.15384615384615385,0.0
176,176,refinement,0.5,5,0.22122046256034705,0.025248771687006205,,0.15384615384615385,0.0
176,176,refinement,0.5,6,0.2261651751918014,0.02359226722001204,,0.15384615384615385,0.0
176,176,refinement,0.5,7,0.22648569230276683,0.023526966692355288,,0.19047619047619047,0.0
176,176,refinement,0.8,0,0.24779598128928287,0.025323995189682334,,0.25000000000000006,0.0
176,176,refinement,0.8,1,0.23709951087226278,0.025173993755150448,,0.2222222222222222,0.0
176,176,refinement,0.8,2,0.24655336517708146,0.02333321617478948,,0.2857142857142857,0.0
176,176,refinement,0.8,3,0.2888546362994222,0.023079792277155547,,0.4444444444444445,0.0
176,176,refinement,0.8,4,0.28788948781706564,0.02211885382683621,,0.4444444444444445,0.0
176,176,refinement,0.8,5,0.2810080749361017,0.0,,0.4000000000000001,0.0
176,176,refinement,0.8,6,0.21437950235975578,0.0,,0.1739130434782609,0.0
176,176,refinement,0.8,7,0.281318627148758,0.017572268166115845,,0.4000000000000001,0.0
177,177,accumulation,N/A,0,0.3396605761818078,0.007850404841011478,,0.47058823529411764,0.0
177,177,accumulation,N/A,1,0.3341032583763809,0.03568605790219247,,0.4276729559748428,0.0
177,177,accumulation,N/A,2,0.2908377507257941,0.015427050791471938,,0.24113475177304963,0.0
177,177,accumulation,N/A,3,0.29951728484212903,0.0,,0.4210526315789474,0.125
177,177,accumulation,N/A,4,0.3245852480616916,0.0021240558821790058,,0.3152709359605911,0.125
177,177,accumulation,N/A,5,0.2473398208645891,0.014927967875421139,,0.38596491228070173,0.0
177,177,accumulation,N/A,6,0.3609152851755863,0.009697714901583897,,0.3680981595092024,0.25
177,177,accumulation,N/A,7,0.3301352356420246,0.006898610804656548,,0.28735632183908044,0.0
177,177,refinement,0.5,0,0.3396605761818078,0.007850404841011478,,0.47058823529411764,0.0
177,177,refinement,0.5,1,0.3445893041577876,0.008340332261356364,,0.48192771084337344,0.0
177,177,refinement,0.5,2,0.34383406616124856,0.00803996855425719,,0.5,0.0
177,177,refinement,0.5,3,0.34658485445304,0.007720090038817388,,0.49382716049382713,0.0
177,177,refinement,0.5,4,0.3403250175498309,0.006984335577686394,,0.4731182795698924,0.0
177,177,refinement,0.5,5,0.34019951041416646,0.007008609413833361,,0.4666666666666667,0.0
177,177,refinement,0.5,6,0.33597975237622285,0.008657693981794152,,0.3908045977011494,0.0
177,177,refinement,0.5,7,0.33927282966062694,0.0031247114001120325,,0.4042553191489362,0.0
177,177,refinement,0.8,0,0.3396605761818078,0.007850404841011478,,0.47058823529411764,0.0
177,177,refinement,0.8,1,0.33989222620067994,0.015056694110084555,,0.42105263157894735,0.0
177,177,refinement,0.8,2,0.3281642118798381,0.002661133635575213,,0.3697478991596639,0.0
177,177,refinement,0.8,3,0.3407366484549633,0.0036841328330130076,,0.42857142857142855,0.0
177,177,refinement,0.8,4,0.3087680135155231,0.002320006581985507,,0.32727272727272727,0.0
177,177,refinement,0.8,5,0.3085619949405236,0.0012609406035649438,,0.4032258064516129,0.0
177,177,refinement,0.8,6,0.3259723241989333,0.006555977103492362,,0.417910447761194,0.0
177,177,refinement,0.8,7,0.32233462811192065,0.004569835669706475,,0.37398373983739835,0.0
178,178,accumulation,N/A,0,0.32083294476425595,0.004445702863494505,,0.5921052631578947,0.0
178,178,accumulation,N/A,1,0.3455570679357145,0.008601757523232549,,0.36170212765957444,0.125
178,178,accumulation,N/A,2,0.3752540292150832,0.03139470027753679,,0.46206896551724136,0.125
178,178,accumulation,N/A,3,0.34100948066137426,0.013709617976314441,,0.4359861591695501,0.0
178,178,accumulation,N/A,4,0.35367447929525825,0.009090336565201588,,0.41640378548895896,0.0
178,178,accumulation,N/A,5,0.35214821770759075,0.014620812393417098,,0.4555160142348754,0.0
178,178,accumulation,N/A,6,0.3761198411953516,0.020527250849088293,,0.42172523961661346,0.125
178,178,accumulation,N/A,7,0.3339177299204206,0.010636151834980028,,0.42811501597444085,0.0
178,178,refinement,0.5,0,0.32083294476425595,0.004445702863494505,,0.5921052631578947,0.0
178,178,refinement,0.5,1,0.3125060414716963,0.0051076865729820006,,0.5369127516778522,0.125
178,178,refinement,0.5,2,0.3093523910478153,0.004953834348605728,,0.5228758169934641,0.125
178,178,refinement,0.5,3,0.31837898648113505,0.0034654544946585153,,0.5695364238410596,0.0
178,178,refinement,0.5,4,0.32318387559640516,0.0038217269202325513,,0.6250000000000001,0.0
178,178,refinement,0.5,5,0.32062398062860153,0.003534080331866919,,0.6122448979591836,0.0
178,178,refinement,0.5,6,0.3146598038596109,0.007705597960338513,,0.5774647887323943,0.0
178,178,refinement,0.5,7,0.35466441619416295,0.0027000030639505847,,0.5850340136054423,0.25
178,178,refinement,0.8,0,0.32083294476425595,0.004445702863494505,,0.5921052631578947,0.0
178,178,refinement,0.8,1,0.32252420807537663,0.011528662107250572,,0.46666666666666673,0.0
178,178,refinement,0.8,2,0.32561907179038885,0.014935849792967503,,0.41095890410958913,0.125
178,178,refinement,0.8,3,0.30988194113524936,0.007102905351228621,,0.4084507042253521,0.0
178,178,refinement,0.8,4,0.3669457745973901,0.003100445182895389,,0.4338235294117647,0.25
178,178,refinement,0.8,5,0.3265246659759992,0.008506440984846878,,0.4195804195804196,0.125
178,178,refinement,0.8,6,0.32462179401733393,0.014086620760872672,,0.39568345323741,0.125
178,178,refinement,0.8,7,0.32415657243868595,0.006118961210357525,,0.4199288256227757,0.125
179,179,accumulation,N/A,0,0.3527655873304888,0.21018666722227558,,0.4,0.0
179,179,accumulation,N/A,1,0.28209533412869137,0.12927558920630625,,0.42857142857142855,0.0
179,179,accumulation,N/A,2,0.5738032986825344,0.10782687275350514,,0.6666666666666666,1.0
179,179,accumulation,N/A,3,0.20857178223283915,0.0012808166004866816,,0.0036900369003690036,0.0
179,179,accumulation,N/A,4,0.2429589346993245,0.1586914094533144,,0.10256410256410256,0.0
179,179,accumulation,N/A,5,0.5426529705060661,0.24385059624645028,,0.6666666666666666,1.0
179,179,accumulation,N/A,6,0.3711521042891677,0.3660647745415613,,0.4444444444444444,0.25
179,179,accumulation,N/A,7,0.32426452159865593,0.29580756436705175,,0.5,0.0
179,179,refinement,0.5,0,0.3527655873304888,0.21018666722227558,,0.4,0.0
179,179,refinement,0.5,1,0.3534170228904492,0.21557432908224733,,0.4,0.0
179,179,refinement,0.5,2,0.4441392740952351,0.2205876855725322,,0.5,0.0
179,179,refinement,0.5,3,0.4437683214974087,0.2205876855725322,,0.5,0.0
179,179,refinement,0.5,4,0.4444289165776763,0.2205876855725322,,0.5,0.0
179,179,refinement,0.5,5,0.4436511366457767,0.2205876855725322,,0.5,0.0
179,179,refinement,0.5,6,0.4437701824458067,0.2205876855725322,,0.5,0.0
179,179,refinement,0.5,7,0.4434428045267192,0.21921757572425551,,0.5,0.0
179,179,refinement,0.8,0,0.3527655873304888,0.21018666722227558,,0.4,0.0
179,179,refinement,0.8,1,0.4436944938945576,0.21996279127912563,,0.5,0.0
179,179,refinement,0.8,2,0.35373262751586787,0.21921757572425551,,0.4,0.0
179,179,refinement,0.8,3,0.3457635624023381,0.22671219369773432,,0.3333333333333333,0.0
179,179,refinement,0.8,4,0.4444801904841526,0.22507646358447514,,0.5,0.0
179,179,refinement,0.8,5,0.3440197502950919,0.22636630005200792,,0.3333333333333333,0.0
179,179,refinement,0.8,6,0.3542057805848686,0.2249515106766828,,0.4,0.0
179,179,refinement,0.8,7,0.35041183027064104,0.22507646358447514,,0.4,0.0
180,180,accumulation,N/A,0,0.25045969992845807,0.19828801805602023,,0.21052631578947367,0.0
180,180,accumulation,N/A,1,0.6127801730271968,0.10901998287156389,,1.0,1.0
180,180,accumulation,N/A,2,0.2372524062548679,0.016616761287605315,,0.1904761904761905,0.0
180,180,accumulation,N/A,3,0.34521076077060964,0.27304182214426087,,0.17391304347826084,0.0
180,180,accumulation,N/A,4,0.2993342730650147,0.26872005387046727,,0.16666666666666669,0.0
180,180,accumulation,N/A,5,0.39594827418860085,0.3583275210052231,,0.2857142857142857,0.3333333333333333
180,180,accumulation,N/A,6,0.41611541325008017,0.18202694317737692,,0.5714285714285715,0.3333333333333333
180,180,accumulation,N/A,7,0.28460894496436584,0.24912802865428957,,0.10526315789473684,0.25
180,180,refinement,0.5,0,0.25045969992845807,0.19828801805602023,,0.21052631578947367,0.0
180,180,refinement,0.5,1,0.3309436206254596,0.20039031009864117,,0.5,0.0
180,180,refinement,0.5,2,0.3167586402664567,0.20266168646446697,,0.5714285714285715,0.0
180,180,refinement,0.5,3,0.45110681165606187,0.20168909611953972,,0.8,0.0
180,180,refinement,0.5,4,0.45068663940875475,0.20227340874628708,,0.8,0.0
180,180,refinement,0.5,5,0.4506128448994361,0.20227340874628708,,0.8,0.0
180,180,refinement,0.5,6,0.3534558936787359,0.1995862492002929,,0.6666666666666666,0.0
180,180,refinement,0.5,7,0.43035042106339194,0.20196982431983485,,0.6666666666666666,0.0
180,180,refinement,0.8,0,0.25045969992845807,0.19828801805602023,,0.21052631578947367,0.0
180,180,refinement,0.8,1,0.28833060705740543,0.201989317999288,,0.4,0.0
180,180,refinement,0.8,2,0.349291612178064,0.20251118692271958,,0.6666666666666666,0.0
180,180,refinement,0.8,3,0.62320713484519,0.20745349931318585,,1.0,1.0
180,180,refinement,0.8,4,0.6241457018457497,0.20153525057873817,,1.0,1.0
180,180,refinement,0.8,5,0.6250264220658837,0.20511752048513343,,1.0,1.0
180,180,refinement,0.8,6,0.42474339073560297,0.2036439774562802,,0.6666666666666666,0.5
180,180,refinement,0.8,7,0.38970227676992075,0.20109312635879995,,0.4444444444444445,0.5
181,181,accumulation,N/A,0,0.3382651745382079,0.009931692942632717,,0.4444444444444445,0.14285714285714285
181,181,accumulation,N/A,1,0.3644722484952975,0.018044639843707983,,0.3246753246753247,0.14285714285714285
181,181,accumulation,N/A,2,0.32225407565765285,0.014411743072145888,,0.317948717948718,0.0
181,181,accumulation,N/A,3,0.31557553498811497,0.008207667644855983,,0.25306122448979596,0.0
181,181,accumulation,N/A,4,0.3625027966791865,0.06725165262504063,,0.36464088397790057,0.0
181,181,accumulation,N/A,5,0.35953250393540814,0.010281566296923898,,0.45801526717557256,0.0
181,181,accumulation,N/A,6,0.3498541303838393,0.012795844069254896,,0.32631578947368417,0.0
181,181,accumulation,N/A,7,0.3127831721940785,0.015309274699307799,,0.4615384615384615,0.0
181,181,refinement,0.5,0,0.3382651745382079,0.009931692942632717,,0.4444444444444445,0.14285714285714285
181,181,refinement,0.5,1,0.3024889034989742,0.009752618987755394,,0.42857142857142855,0.0
181,181,refinement,0.5,2,0.3341571196529752,0.013180883835442454,,0.4444444444444445,0.14285714285714285
181,181,refinement,0.5,3,0.33252775251610267,0.012762213726724923,,0.43636363636363634,0.14285714285714285
181,181,refinement,0.5,4,0.3095433211077564,0.0115753309095357,,0.41935483870967744,0.0
181,181,refinement,0.5,5,0.3050406188531933,0.010882408757149615,,0.45901639344262296,0.0
181,181,refinement,0.5,6,0.31186413403365737,0.011654368060627137,,0.4923076923076923,0.0
181,181,refinement,0.5,7,0.31064664449322643,0.020449716025877872,,0.42424242424242425,0.0
181,181,refinement,0.8,0,0.3382651745382079,0.009931692942632717,,0.4444444444444445,0.14285714285714285
181,181,refinement,0.8,1,0.3231139867182752,0.0034506726869943257,,0.4516129032258065,0.0
181,181,refinement,0.8,2,0.3249609600543994,0.006412105138968009,,0.4227642276422764,0.0
181,181,refinement,0.8,3,0.35913817027608896,0.014173604674451045,,0.3170731707317074,0.14285714285714285
181,181,refinement,0.8,4,0.32681491233004,0.005480718520819525,,0.28901734104046245,0.0
181,181,refinement,0.8,5,0.3400536005045903,0.015226707920829679,,0.2857142857142857,0.25
181,181,refinement,0.8,6,0.3018993735104418,0.009403230182916245,,0.28409090909090906,0.0
181,181,refinement,0.8,7,0.30605583083046184,0.006913651146710493,,0.25,0.0
182,182,accumulation,N/A,0,0.3615179168552427,0.03858070164796157,,0.16393442622950818,0.4
182,182,accumulation,N/A,1,0.37803170187335994,0.005495797200561448,,0.325,0.2
182,182,accumulation,N/A,2,0.4121274371326249,0.00913210378673093,,0.5652173913043479,0.16666666666666666
182,182,accumulation,N/A,3,0.3327643251925527,0.0013927937150886925,,0.2898550724637682,0.16666666666666666
182,182,accumulation,N/A,4,0.2395764852510508,0.02621412447935615,,0.19999999999999996,0.0
182,182,accumulation,N/A,5,0.2717718656195672,0.0,,0.2028985507246377,0.0
182,182,accumulation,N/A,6,0.33204160946952427,0.0036268475328172503,,0.32911392405063294,0.16666666666666666
182,182,accumulation,N/A,7,0.37410365749366314,0.0021875776725424536,,0.43678160919540227,0.16666666666666666
182,182,refinement,0.5,0,0.3615179168552427,0.03858070164796157,,0.16393442622950818,0.4
182,182,refinement,0.5,1,0.34861391575473566,0.038915583005609856,,0.19047619047619047,0.2
182,182,refinement,0.5,2,0.3330397211818399,0.02817861299113353,,0.2121212121212121,0.16666666666666666
182,182,refinement,0.5,3,0.2875799877570946,0.02916125372162666,,0.24615384615384614,0.0
182,182,refinement,0.5,4,0.28799853055975033,0.020030884657871537,,0.2898550724637682,0.0
182,182,refinement,0.5,5,0.3150173911730746,0.022704671128481655,,0.2898550724637682,0.0
182,182,refinement,0.5,6,0.30277630709589043,0.03296569972454037,,0.34782608695652173,0.0
182,182,refinement,0.5,7,0.2762137878002151,0.021440983843681313,,0.26865671641791045,0.0
182,182,refinement,0.8,0,0.3615179168552427,0.03858070164796157,,0.16393442622950818,0.4
182,182,refinement,0.8,1,0.29158717654032196,0.01698741630777435,,0.2985074626865672,0.0
182,182,refinement,0.8,2,0.30928295239765613,0.017732281748085162,,0.3561643835616438,0.0
182,182,refinement,0.8,3,0.30356643061272914,0.030643511226806114,,0.22535211267605632,0.0
182,182,refinement,0.8,4,0.28632524389024444,0.03155808616513074,,0.15151515151515152,0.0
182,182,refinement,0.8,5,0.37769707019949783,0.0164190078096828,,0.2352941176470588,0.2
182,182,refinement,0.8,6,0.31252238864769816,0.022176401571362955,,0.2647058823529412,0.0
182,182,refinement,0.8,7,0.3370088344993186,0.012365124503223355,,0.3188405797101449,0.0
183,183,accumulation,N/A,0,0.27663451608203254,0.04618100387386866,,0.2,0.0
183,183,accumulation,N/A,1,0.3712178070839699,0.03181767132599631,,0.29729729729729726,0.14285714285714285
183,183,accumulation,N/A,2,0.3801247953732582,0.018501986289481867,,0.2452830188679245,0.14285714285714285
183,183,accumulation,N/A,3,0.2991091107668654,0.12044454596686378,,0.3508771929824562,0.0
183,183,accumulation,N/A,4,0.31788491961587323,0.05309797514942827,,0.203125,0.0
183,183,accumulation,N/A,5,0.34850173109173177,0.046960502670538924,,0.27956989247311825,0.0
183,183,accumulation,N/A,6,0.37185274317840256,0.016940550076878818,,0.21212121212121215,0.125
183,183,accumulation,N/A,7,0.3859282665482413,0.047859364292010466,,0.22807017543859648,0.14285714285714285
183,183,refinement,0.5,0,0.27663451608203254,0.04618100387386866,,0.2,0.0
183,183,refinement,0.5,1,0.3006056656492793,0.06251868646474099,,0.25,0.0
183,183,refinement,0.5,2,0.29299743602437905,0.04395869699589589,,0.27272727272727276,0.0
183,183,refinement,0.5,3,0.3431372397010829,0.020175136667341546,,0.25,0.16666666666666666
183,183,refinement,0.5,4,0.3746327626336537,0.0785010843513603,,0.2,0.3333333333333333
183,183,refinement,0.5,5,0.3088073427825452,0.04819623754068318,,0.3333333333333333,0.0
183,183,refinement,0.5,6,0.2918712473257011,0.05238715157615598,,0.3448275862068965,0.0
183,183,refinement,0.5,7,0.3357814483891784,0.057201309074218325,,0.3870967741935484,0.14285714285714285
183,183,refinement,0.8,0,0.27663451608203254,0.04618100387386866,,0.2,0.0
183,183,refinement,0.8,1,0.3113524904691038,0.013700585538334625,,0.21875000000000003,0.14285714285714285
183,183,refinement,0.8,2,0.31628363594715947,0.02300011363956683,,0.32352941176470584,0.0
183,183,refinement,0.8,3,0.3310029713815702,0.022085704748755073,,0.3492063492063492,0.0
183,183,refinement,0.8,4,0.3209458562722929,0.005858753654410703,,0.2857142857142857,0.14285714285714285
183,183,refinement,0.8,5,0.2922685613269209,0.005837513718088895,,0.22727272727272727,0.0
183,183,refinement,0.8,6,0.30052188785290146,0.004904796806505405,,0.2891566265060241,0.0
183,183,refinement,0.8,7,0.32632468788533947,0.020043183839705173,,0.3170731707317073,0.0
184,184,accumulation,N/A,0,0.3272959164244218,0.19474537335025405,,0.3333333333333333,0.0
184,184,accumulation,N/A,1,0.48554635068336777,0.08351169490509254,,0.8,0.5
184,184,accumulation,N/A,2,0.39645995195732997,0.2640093131198201,,0.4,0.0
184,184,accumulation,N/A,3,0.39330402725179997,0.18277794717124207,,0.28571428571428575,0.25
184,184,accumulation,N/A,4,0.35711792640675805,0.10768036702576117,,0.3333333333333333,0.25
184,184,accumulation,N/A,5,0.2489912484175389,0.044447798433910196,,0.28571428571428575,0.0
184,184,accumulation,N/A,6,0.4200262420103367,0.30456263376992476,,0.3333333333333333,0.3333333333333333
184,184,accumulation,N/A,7,0.21501170737924757,0.002478789966007712,,0.23529411764705882,0.16666666666666666
184,184,refinement,0.5,0,0.3272959164244218,0.19474537335025405,,0.3333333333333333,0.0
184,184,refinement,0.5,1,0.32858512493982495,0.20842900845097154,,0.3333333333333333,0.0
184,184,refinement,0.5,2,0.32802545806642447,0.201605020661173,,0.3333333333333333,0.0
184,184,refinement,0.5,3,0.2964235642001283,0.19975697431374265,,0.28571428571428575,0.0
184,184,refinement,0.5,4,0.3288408231165606,0.2034512388647558,,0.3333333333333333,0.0
184,184,refinement,0.5,5,0.2966069681445112,0.2034512388647558,,0.28571428571428575,0.0
184,184,refinement,0.5,6,0.4663374976449252,0.10199513454058853,,0.5714285714285715,0.5
184,184,refinement,0.5,7,0.32906810270591447,0.2034512388647558,,0.3333333333333333,0.0
184,184,refinement,0.8,0,0.3272959164244218,0.19474537335025405,,0.3333333333333333,0.0
184,184,refinement,0.8,1,0.3308422491789323,0.21758281403115412,,0.3333333333333333,0.0
184,184,refinement,0.8,2,0.29786209788222917,0.2139398818079672,,0.28571428571428575,0.0
184,184,refinement,0.8,3,0.2977045922945669,0.21070854111282084,,0.28571428571428575,0.0
184,184,refinement,0.8,4,0.2627981425269485,0.1018741983639241,,0.2,0.16666666666666666
184,184,refinement,0.8,5,0.2894699312763082,0.20194021820234423,,0.25,0.0
184,184,refinement,0.8,6,0.2868524293193092,0.2104492912913689,,0.2222222222222222,0.0
184,184,refinement,0.8,7,0.2513325341378985,0.20194021820234423,,0.11764705882352941,0.0
185,185,accumulation,N/A,0,0.6622305674742149,0.29226760830250487,,1.0,1.0
185,185,accumulation,N/A,1,0.44144712855803864,0.5317502427484282,,0.3636363636363636,0.0
185,185,accumulation,N/A,2,0.5313249779699654,0.6269842606112002,,0.6666666666666666,0.0
185,185,accumulation,N/A,3,0.316634553480364,0.12566809973944237,,0.5,0.0
185,185,accumulation,N/A,4,0.4122389621124919,0.28466417013472894,,0.5714285714285715,0.0
185,185,accumulation,N/A,5,0.6431521028560134,0.5756367761059656,,0.5,1.0
185,185,accumulation,N/A,6,0.5030257220310832,0.6763572759900661,,0.4,0.0
185,185,accumulation,N/A,7,0.2673257073658243,0.22518251288986169,,0.3076923076923077,0.0
185,185,refinement,0.5,0,0.6622305674742149,0.29226760830250487,,1.0,1.0
185,185,refinement,0.5,1,0.4822474789780105,0.2898972499318473,,0.8,0.5
185,185,refinement,0.5,2,0.4809106607338677,0.2798043638318766,,0.8,0.5
185,185,refinement,0.5,3,0.4809935946147801,0.2798043638318766,,0.8,0.5
185,185,refinement,0.5,4,0.48149742244127935,0.28700175749825974,,0.8,0.5
185,185,refinement,0.5,5,0.48133467986641065,0.2838467432191037,,0.8,0.5
185,185,refinement,0.5,6,0.4388469420762364,0.15603726473359084,,0.6666666666666666,0.5
185,185,refinement,0.5,7,0.4811582112730275,0.28417477196356655,,0.8,0.5
185,185,refinement,0.8,0,0.6622305674742149,0.29226760830250487,,1.0,1.0
185,185,refinement,0.8,1,0.4810772051947007,0.2893755603343079,,0.8,0.5
185,185,refinement,0.8,2,0.6615311568151501,0.28949127504310085,,1.0,1.0
185,185,refinement,0.8,3,0.40179476702685835,0.2283562808466474,,0.22222222222222224,0.5
185,185,refinement,0.8,4,0.6622001866494359,0.2796064705737782,,1.0,1.0
185,185,refinement,0.8,5,0.6616223936761203,0.28022892274258127,,1.0,1.0
185,185,refinement,0.8,6,0.6607051453182381,0.27342011785978687,,1.0,1.0
185,185,refinement,0.8,7,0.6150044803525596,0.1300362154821185,,1.0,1.0
186,186,accumulation,N/A,0,0.4400390301374096,0.0007829930872585849,,0.6551724137931034,0.2
186,186,accumulation,N/A,1,0.37976370784430785,0.0010732389651150667,,0.3652173913043478,0.0
186,186,accumulation,N/A,2,0.284909639018157,0.02370959975406514,,0.17100371747211898,0.14285714285714285
186,186,accumulation,N/A,3,0.2894400112017985,0.019008678805991566,,0.2681564245810056,0.0
186,186,accumulation,N/A,4,0.345617789959357,0.07220404932552807,,0.32727272727272727,0.0
186,186,accumulation,N/A,5,0.44207594581807863,0.048943980545713896,,0.5274725274725275,0.0
186,186,accumulation,N/A,6,0.3384092948192735,0.01282636541281425,,0.24669603524229075,0.0
186,186,accumulation,N/A,7,0.35289562019463316,0.03278952811156493,,0.41428571428571426,0.0
186,186,refinement,0.5,0,0.4400390301374096,0.0007829930872585849,,0.6551724137931034,0.2
186,186,refinement,0.5,1,0.44342136837747226,0.002145509925244018,,0.7058823529411765,0.2
186,186,refinement,0.5,2,0.3715765313522269,0.0038442027914621564,,0.5714285714285714,0.0
186,186,refinement,0.5,3,0.4285163522314169,0.008172698878038658,,0.5818181818181819,0.2
186,186,refinement,0.5,4,0.42893093904482416,0.004942955653913028,,0.576271186440678,0.2
186,186,refinement,0.5,5,0.39825995771051137,0.005300751063086436,,0.5964912280701754,0.0
186,186,refinement,0.5,6,0.3940225418068456,0.004455697969622854,,0.5797101449275363,0.0
186,186,refinement,0.5,7,0.38996919822214715,0.005359313148986702,,0.5614035087719299,0.0
186,186,refinement,0.8,0,0.4400390301374096,0.0007829930872585849,,0.6551724137931034,0.2
186,186,refinement,0.8,1,0.4677171913808737,0.004897069577632436,,0.6172839506172839,0.4
186,186,refinement,0.8,2,0.38371915344541907,0.005408758565624944,,0.49056603773584906,0.0
186,186,refinement,0.8,3,0.4358120260697397,0.002651252033893598,,0.6829268292682926,0.2
186,186,refinement,0.8,4,0.3748387745201769,0.012315313117508308,,0.41666666666666663,0.0
186,186,refinement,0.8,5,0.3878146264933108,0.019796155325818205,,0.3178807947019867,0.2
186,186,refinement,0.8,6,0.35705912974544335,0.02262294677956966,,0.33333333333333337,0.16666666666666666
186,186,refinement,0.8,7,0.36275350160097947,0.014220030310412262,,0.3576158940397351,0.0
187,187,accumulation,N/A,0,0.4342659036577896,0.0,,0.6666666666666666,0.5
187,187,accumulation,N/A,1,0.36447639382616104,0.0,,0.5,0.3333333333333333
187,187,accumulation,N/A,2,0.3783459564111243,0.03377347922406824,,0.25,0.2
187,187,accumulation,N/A,3,0.5202573682369558,0.618784016480017,,0.125,0.0
187,187,accumulation,N/A,4,0.42511464759336837,0.3567539896830721,,0.5,0.0
187,187,accumulation,N/A,5,0.4677953699165178,0.46369304088684654,,0.28571428571428575,0.0
187,187,accumulation,N/A,6,0.41429873196390543,0.3242509536275613,,0.28571428571428575,0.25
187,187,accumulation,N/A,7,0.5052005799230092,0.5700860199798374,,0.4,0.3333333333333333
187,187,refinement,0.5,0,0.4342659036577896,0.0,,0.6666666666666666,0.5
187,187,refinement,0.5,1,0.4350608357502891,0.0,,0.6666666666666666,0.5
187,187,refinement,0.5,2,0.43460064972651075,0.0,,0.6666666666666666,0.5
187,187,refinement,0.5,3,0.4344422611462534,0.0,,0.6666666666666666,0.5
187,187,refinement,0.5,4,0.4334607283402256,0.0,,0.6666666666666666,0.5
187,187,refinement,0.5,5,0.33337462241868,0.0,,0.5,0.0
187,187,refinement,0.5,6,0.43390952764455415,0.0,,0.6666666666666666,0.5
187,187,refinement,0.5,7,0.4341701329665847,0.0,,0.6666666666666666,0.5
187,187,refinement,0.8,0,0.4342659036577896,0.0,,0.6666666666666666,0.5
187,187,refinement,0.8,1,0.43212217922901885,0.0,,0.6666666666666666,0.5
187,187,refinement,0.8,2,0.35717049743064755,0.0,,0.5,0.3333333333333333
187,187,refinement,0.8,3,0.3139252348348891,0.0,,0.4,0.25
187,187,refinement,0.8,4,0.43144964423606813,0.0,,0.6666666666666666,0.5
187,187,refinement,0.8,5,0.35475250474873166,0.0,,0.5,0.3333333333333333
187,187,refinement,0.8,6,0.2668698040586182,0.0,,0.1818181818181818,0.2
187,187,refinement,0.8,7,0.2504236120987041,0.0,,0.15384615384615385,0.0
188,188,accumulation,N/A,0,0.5699134951033266,0.06000978818191376,,1.0,1.0
188,188,accumulation,N/A,1,0.22096945083844727,0.0031705069633726785,,0.2222222222222222,0.0
188,188,accumulation,N/A,2,0.1884272177657726,0.0019246508076766044,,0.0967741935483871,0.0
188,188,accumulation,N/A,3,0.23318616759500793,0.0,,0.2222222222222222,0.0
188,188,accumulation,N/A,4,0.22176151797036195,0.01753621402424698,,0.4615384615384615,0.0
188,188,accumulation,N/A,5,0.19295246258747514,0.0,,0.2727272727272727,0.0
188,188,accumulation,N/A,6,0.18087531658353884,0.0,,0.1875,0.0
188,188,accumulation,N/A,7,0.22567438613889437,0.040039953360894824,,0.11538461538461538,0.0
188,188,refinement,0.5,0,0.5699134951033266,0.06000978818191376,,1.0,1.0
188,188,refinement,0.5,1,0.39792357798356276,0.0556735786079311,,0.8571428571428571,0.5
188,188,refinement,0.5,2,0.33264172331791503,0.06000978818191376,,0.7499999999999999,0.3333333333333333
188,188,refinement,0.5,3,0.39831017426120563,0.0577017194056863,,0.8571428571428571,0.5
188,188,refinement,0.5,4,0.3987807195533458,0.057824703102468726,,0.8571428571428571,0.5
188,188,refinement,0.5,5,0.28616402410520825,0.06805655523357945,,0.6,0.0
188,188,refinement,0.5,6,0.3994259387030023,0.06788934011015545,,0.8571428571428571,0.5
188,188,refinement,0.5,7,0.5705973496027862,0.06597381579784199,,1.0,1.0
188,188,refinement,0.8,0,0.5699134951033266,0.06000978818191376,,1.0,1.0
188,188,refinement,0.8,1,0.22590267669073927,0.09422947865817215,,0.42857142857142855,0.0
188,188,refinement,0.8,2,0.3355074628149535,0.08939428696269584,,0.4615384615384615,0.5
188,188,refinement,0.8,3,0.23256176255373118,0.06577708827757321,,0.23076923076923078,0.25
188,188,refinement,0.8,4,0.39938219854973406,0.043208843712890764,,0.8571428571428571,0.0
188,188,refinement,0.8,5,0.25211826323232617,0.0,,0.4,0.0
188,188,refinement,0.8,6,0.2732807602173459,0.0,,0.42857142857142855,0.3333333333333333
188,188,refinement,0.8,7,0.40066328504811133,0.014683498970364401,,0.8571428571428571,0.5
189,189,accumulation,N/A,0,0.18653231566094597,0.0,,0.2777777777777778,0.14285714285714285
189,189,accumulation,N/A,1,0.35046216936526325,0.06959299433128864,,0.3928571428571429,0.0
189,189,accumulation,N/A,2,0.3375363704267382,0.03896932858437242,,0.4444444444444444,0.125
189,189,accumulation,N/A,3,0.3059668403815441,0.18380324207822976,,0.30769230769230765,0.25
189,189,accumulation,N/A,4,0.2905107904581632,0.0,,0.2716049382716049,0.125
189,189,accumulation,N/A,5,0.33758450831813736,0.046132714257393896,,0.2857142857142857,0.0
189,189,accumulation,N/A,6,0.3683609810432251,0.1368750488712488,,0.303030303030303,0.0
189,189,accumulation,N/A,7,0.2758006166567195,0.016979524077886013,,0.36065573770491804,0.125
189,189,refinement,0.5,0,0.18653231566094597,0.0,,0.2777777777777778,0.14285714285714285
189,189,refinement,0.5,1,0.17839705609517206,0.0,,0.3571428571428571,0.0
189,189,refinement,0.5,2,0.18159893001032323,0.0,,0.28571428571428575,0.125
189,189,refinement,0.5,3,0.1737474703009303,0.0,,0.25,0.125
189,189,refinement,0.5,4,0.17925693361949604,0.0,,0.2222222222222222,0.14285714285714285
189,189,refinement,0.5,5,0.16372638318115956,0.0,,0.2127659574468085,0.125
189,189,refinement,0.5,6,0.20953237471159775,0.0,,0.32558139534883723,0.25
189,189,refinement,0.5,7,0.2200598069624522,0.0,,0.3684210526315789,0.25
189,189,refinement,0.8,0,0.18653231566094597,0.0,,0.2777777777777778,0.14285714285714285
189,189,refinement,0.8,1,0.19252728369516403,0.013692915898518907,,0.2857142857142857,0.0
189,189,refinement,0.8,2,0.16269293913174218,0.05978097992019121,,0.21621621621621623,0.0
189,189,refinement,0.8,3,0.17288055103328814,0.00570276844057143,,0.25806451612903225,0.0
189,189,refinement,0.8,4,0.19128720390529297,0.008483754100035622,,0.35714285714285715,0.0
189,189,refinement,0.8,5,0.21060947729374263,0.0758329727187739,,0.2456140350877193,0.125
189,189,refinement,0.8,6,0.25846275951853254,0.053268344346894946,,0.40816326530612246,0.375
189,189,refinement,0.8,7,0.2057829103347905,0.05652666170166216,,0.326530612244898,0.125
190,190,accumulation,N/A,0,0.3127295027222973,0.04452905715859364,,0.47619047619047616,0.0
190,190,accumulation,N/A,1,0.3424902885669312,0.01146592289015349,,0.33587786259541985,0.0
190,190,accumulation,N/A,2,0.3438392207001643,0.01961013072731175,,0.30612244897959184,0.0
190,190,accumulation,N/A,3,0.3384017391310896,0.008232997920521632,,0.34146341463414637,0.0
190,190,accumulation,N/A,4,0.3432971059726756,0.019329593756549905,,0.30927835051546393,0.0
190,190,accumulation,N/A,5,0.30999257815094783,0.010338180412704382,,0.42424242424242425,0.0
190,190,accumulation,N/A,6,0.3051883103824232,0.014106625848298386,,0.38427947598253276,0.125
190,190,accumulation,N/A,7,0.322411605127515,0.006244339297425555,,0.28104575163398693,0.0
190,190,refinement,0.5,0,0.3127295027222973,0.04452905715859364,,0.47619047619047616,0.0
190,190,refinement,0.5,1,0.3257766653099581,0.044780497124408146,,0.4395604395604396,0.125
190,190,refinement,0.5,2,0.3359013535481331,0.048357818940835386,,0.3956043956043956,0.14285714285714285
190,190,refinement,0.5,3,0.4006432229523934,0.03152357171575753,,0.5,0.2857142857142857
190,190,refinement,0.5,4,0.3477579477359001,0.031146698672414593,,0.4660194174757281,0.0
190,190,refinement,0.5,5,0.3680262467308861,0.03430755649286898,,0.45217391304347826,0.14285714285714285
190,190,refinement,0.5,6,0.3253593452714808,0.031290829162308076,,0.4727272727272727,0.0
190,190,refinement,0.5,7,0.34339844297026867,0.030463690274801378,,0.4251968503937008,0.125
190,190,refinement,0.8,0,0.3127295027222973,0.04452905715859364,,0.47619047619047616,0.0
190,190,refinement,0.8,1,0.3420815579580856,0.027386616793814326,,0.4367816091954024,0.0
190,190,refinement,0.8,2,0.3816800529519456,0.01868912788856551,,0.43820224719101125,0.14285714285714285
190,190,refinement,0.8,3,0.3294512588703352,0.025303848089421183,,0.34513274336283184,0.0
190,190,refinement,0.8,4,0.39646895386666337,0.01913942051170397,,0.3744292237442922,0.2857142857142857
190,190,refinement,0.8,5,0.3354777575395599,0.029078418085766194,,0.30000000000000004,0.0
190,190,refinement,0.8,6,0.3668116344360862,0.023846213434030834,,0.3292181069958848,0.14285714285714285
190,190,refinement,0.8,7,0.3475316440778928,0.017153835240828266,,0.332046332046332,0.0
191,191,accumulation,N/A,0,0.3871683078457823,0.3346429386093179,,0.15384615384615383,0.0
191,191,accumulation,N/A,1,0.3320313529281853,0.20729992515444376,,0.25,0.0
191,191,accumulation,N/A,2,0.27020252505398157,0.25766104828599234,,0.057971014492753624,0.0
191,191,accumulation,N/A,3,0.3235735661614964,0.029370718526549232,,0.5,0.0
191,191,accumulation,N/A,4,0.3297700978830591,0.26397997455039424,,0.28571428571428575,0.0
191,191,accumulation,N/A,5,0.17386266407498113,0.0,,0.08,0.0
191,191,accumulation,N/A,6,0.20763587769210792,0.000897689259926927,,0.2105263157894737,0.0
191,191,accumulation,N/A,7,0.23836221580566536,0.1632660708760677,,0.10256410256410256,0.0
191,191,refinement,0.5,0,0.3871683078457823,0.3346429386093179,,0.15384615384615383,0.0
191,191,refinement,0.5,1,0.3317141305280968,0.3346429386093179,,0.125,0.0
191,191,refinement,0.5,2,0.32505781603521944,0.3346429386093179,,0.16666666666666666,0.0
191,191,refinement,0.5,3,0.31697971512397605,0.3240526726428402,,0.16666666666666666,0.0
191,191,refinement,0.5,4,0.33088374797708264,0.3240526726428402,,0.11764705882352941,0.0
191,191,refinement,0.5,5,0.32529832567328054,0.32490183595828437,,0.08,0.0
191,191,refinement,0.5,6,0.2892542134434112,0.16245091797914218,,0.15384615384615385,0.0
191,191,refinement,0.5,7,0.23870885562795102,0.16245091797914218,,0.13333333333333336,0.0
191,191,refinement,0.8,0,0.3871683078457823,0.3346429386093179,,0.15384615384615383,0.0
191,191,refinement,0.8,1,0.36456409053609706,0.31758370030765487,,0.16666666666666666,0.0
191,191,refinement,0.8,2,0.34846630112842847,0.3162272623047004,,0.22222222222222224,0.0
191,191,refinement,0.8,3,0.38149711916054574,0.3044077458294907,,0.28571428571428575,0.0
191,191,refinement,0.8,4,0.37870031350348654,0.2915978748964104,,0.28571428571428575,0.0
191,191,refinement,0.8,5,0.34304763926677223,0.2792728220499117,,0.22222222222222224,0.0
191,191,refinement,0.8,6,0.3470394415245566,0.28237870555410155,,0.25,0.0
191,191,refinement,0.8,7,0.394841428205601,0.46842965567091516,,0.28571428571428575,0.0
