eval_idx,dataset_idx,method,noise_strength,n_povs,unified_score,mean_bbox_iou,mean_camera_similarity,detection_f1,count_accuracy
0,0,accumulation,N/A,0,0.24506422404448705,0.04404363108141523,,0.1592920353982301,0.0
0,0,accumulation,N/A,1,0.3644643691105655,0.08004661595974281,,0.18823529411764706,0.2
0,0,accumulation,N/A,2,0.3114501551661998,0.15223599071694618,,0.30000000000000004,0.0
0,0,accumulation,N/A,3,0.21572125934346342,0.0005248629837688849,,0.11764705882352941,0.0
0,0,accumulation,N/A,4,0.3135736394223485,0.06436007261378943,,0.26666666666666666,0.0
0,0,accumulation,N/A,5,0.3961052064483117,0.05098950803094925,,0.29090909090909095,0.2
0,0,accumulation,N/A,6,0.33022005443504143,0.12091043790449671,,0.17821782178217824,0.0
0,0,accumulation,N/A,7,0.22260332121802948,0.006327170556835639,,0.12903225806451613,0.0
0,0,refinement,0.5,0,0.24506422404448705,0.04404363108141523,,0.1592920353982301,0.0
0,0,refinement,0.5,1,0.2390578598330678,0.04482444600054575,,0.17647058823529413,0.0
0,0,refinement,0.5,2,0.27092446547348203,0.04983783858268004,,0.2727272727272727,0.125
0,0,refinement,0.5,3,0.26316798392123675,0.05192697903863202,,0.2903225806451613,0.0
0,0,refinement,0.5,4,0.26798541265812365,0.05281827452605541,,0.32142857142857145,0.0
0,0,refinement,0.5,5,0.27264247564400473,0.053561059482572726,,0.2647058823529412,0.0
0,0,refinement,0.5,6,0.2649946374961414,0.05598509383004031,,0.24000000000000002,0.0
0,0,refinement,0.5,7,0.2608228001264351,0.05421086820440792,,0.2195121951219512,0.0
0,0,refinement,0.8,0,0.24506422404448705,0.04404363108141523,,0.1592920353982301,0.0
0,0,refinement,0.8,1,0.25299071272175505,0.06261877295446766,,0.20930232558139536,0.0
0,0,refinement,0.8,2,0.28095608664450583,0.04930636532189402,,0.24000000000000002,0.0
0,0,refinement,0.8,3,0.30175052225234056,0.051077282058837326,,0.23376623376623376,0.0
0,0,refinement,0.8,4,0.30708269474244365,0.0684244380413003,,0.21686746987951808,0.16666666666666666
0,0,refinement,0.8,5,0.27787325236823285,0.07749297745676961,,0.2465753424657534,0.0
0,0,refinement,0.8,6,0.24720374650265253,0.02078102368428444,,0.17777777777777778,0.0
0,0,refinement,0.8,7,0.2599148237024495,0.02323042970191235,,0.19718309859154928,0.0
1,1,accumulation,N/A,0,0.1939658250422422,0.019804066806247658,,0.017543859649122806,0.0
1,1,accumulation,N/A,1,0.11211119972756559,0.0,,0.0909090909090909,0.0
1,1,accumulation,N/A,2,0.08548731879452333,0.0,,0.04545454545454545,0.0
1,1,accumulation,N/A,3,0.17585748862114245,0.03090446704997781,,0.0392156862745098,0.0
1,1,accumulation,N/A,4,0.17042990942412423,0.0,,0.06349206349206349,0.0
1,1,accumulation,N/A,5,0.2516566225493303,0.3528415874136056,,0.125,0.0
1,1,accumulation,N/A,6,0.2218382392845667,0.002317712772105943,,0.04938271604938272,0.0
1,1,accumulation,N/A,7,0.24550918199601632,0.09263732863396323,,0.08333333333333333,0.0
1,1,refinement,0.5,0,0.1939658250422422,0.019804066806247658,,0.017543859649122806,0.0
1,1,refinement,0.5,1,0.19459309305682565,0.029240325118980545,,0.024539877300613494,0.0
1,1,refinement,0.5,2,0.1946768132652203,0.03473464052287577,,0.027027027027027025,0.0
1,1,refinement,0.5,3,0.19589231686787462,0.034811148541648636,,0.027972027972027972,0.0
1,1,refinement,0.5,4,0.1956274469154015,0.03580698354729912,,0.029411764705882353,0.0
1,1,refinement,0.5,5,0.19478161134890437,0.034557422969187596,,0.029411764705882353,0.0
1,1,refinement,0.5,6,0.19508657123278103,0.03588655462184867,,0.032,0.0
1,1,refinement,0.5,7,0.20152064023718919,0.0372985719900432,,0.03418803418803419,0.0
1,1,refinement,0.8,0,0.1939658250422422,0.019804066806247658,,0.017543859649122806,0.0
1,1,refinement,0.8,1,0.20137305387429674,0.0335430465354524,,0.031007751937984496,0.0
1,1,refinement,0.8,2,0.1863581553556652,0.002767756988378855,,0.032,0.0
1,1,refinement,0.8,3,0.1857224024174775,0.0024655695611577795,,0.03603603603603604,0.0
1,1,refinement,0.8,4,0.16200388844039854,0.0,,0.037037037037037035,0.0
1,1,refinement,0.8,5,0.2097807944563705,0.13839373066119243,,0.03571428571428572,0.0
1,1,refinement,0.8,6,0.20238442179871008,0.13627139307705374,,0.052631578947368425,0.0
1,1,refinement,0.8,7,0.1735946426063043,0.004098631991925786,,0.035398230088495575,0.0
2,2,accumulation,N/A,0,0.2113154793911393,0.01798633067759791,,0.05,0.0
2,2,accumulation,N/A,1,0.3555341786454948,0.3932977114682943,,0.3,0.0
2,2,accumulation,N/A,2,0.42230667397828736,0.47579993649734303,,0.16666666666666666,0.3333333333333333
2,2,accumulation,N/A,3,0.36619220932284596,0.23336820062534383,,0.25,0.25
2,2,accumulation,N/A,4,0.32044997415935617,0.15151068527614528,,0.1904761904761905,0.0
2,2,accumulation,N/A,5,0.24628235265106685,0.27531464365806013,,0.061538461538461535,0.0
2,2,accumulation,N/A,6,0.3868573813477022,0.32754350996388515,,0.36363636363636365,0.3333333333333333
2,2,accumulation,N/A,7,0.43068156984707484,0.2933621987273606,,0.5333333333333333,0.25
2,2,refinement,0.5,0,0.2113154793911393,0.01798633067759791,,0.05,0.0
2,2,refinement,0.5,1,0.21915388809803601,0.014948448920947682,,0.05882352941176471,0.0
2,2,refinement,0.5,2,0.21774584314132733,0.012304489164119957,,0.08247422680412372,0.0
2,2,refinement,0.5,3,0.22366239216273054,0.024068710904891835,,0.07999999999999999,0.0
2,2,refinement,0.5,4,0.2239397310869492,0.02521601118975978,,0.07547169811320754,0.0
2,2,refinement,0.5,5,0.22384760718372426,0.02796313029139315,,0.07843137254901959,0.0
2,2,refinement,0.5,6,0.24643384430133206,0.028771530971588834,,0.09302325581395349,0.14285714285714285
2,2,refinement,0.5,7,0.22270119555585385,0.031553914828141474,,0.07207207207207207,0.0
2,2,refinement,0.8,0,0.2113154793911393,0.01798633067759791,,0.05,0.0
2,2,refinement,0.8,1,0.21102721485294543,0.04119925152185584,,0.09638554216867469,0.0
2,2,refinement,0.8,2,0.2485802506543631,0.013491789715382169,,0.17391304347826084,0.14285714285714285
2,2,refinement,0.8,3,0.22585146420189897,0.02030973912143263,,0.10169491525423728,0.0
2,2,refinement,0.8,4,0.22459595827551365,0.017915594176119543,,0.11594202898550725,0.0
2,2,refinement,0.8,5,0.2193505949633962,0.01859770433511924,,0.16,0.0
2,2,refinement,0.8,6,0.23298652241680462,0.028514831892452602,,0.10909090909090909,0.0
2,2,refinement,0.8,7,0.23473985270533457,0.0335792359635224,,0.14285714285714285,0.0
3,3,accumulation,N/A,0,0.18043133962328767,0.0046901219157393535,,0.17177914110429446,0.0
3,3,accumulation,N/A,1,0.23671178799366627,9.331197922669969e-05,,0.4057971014492754,0.14285714285714285
3,3,accumulation,N/A,2,0.19980218465942712,4.941890561951764e-05,,0.36923076923076925,0.0
3,3,accumulation,N/A,3,0.24051671828558122,0.017471877457517004,,0.2608695652173913,0.0
3,3,accumulation,N/A,4,0.2469921401637142,0.012746815606862126,,0.5217391304347825,0.0
3,3,accumulation,N/A,5,0.2318505083477288,5.387649655339924e-06,,0.3188405797101449,0.14285714285714285
3,3,accumulation,N/A,6,0.3192480198026675,0.023882933777505257,,0.23529411764705882,0.5
3,3,accumulation,N/A,7,0.22849407646339676,0.027886006545668352,,0.2978723404255319,0.125
3,3,refinement,0.5,0,0.18043133962328767,0.0046901219157393535,,0.17177914110429446,0.0
3,3,refinement,0.5,1,0.1853970741861462,0.004694635135314718,,0.21875,0.0
3,3,refinement,0.5,2,0.18355528302754848,0.004729218718332227,,0.23333333333333334,0.0
3,3,refinement,0.5,3,0.18646252570743388,0.0051458110427607595,,0.23853211009174316,0.0
3,3,refinement,0.5,4,0.19574031612113668,0.006934455149952505,,0.2631578947368421,0.0
3,3,refinement,0.5,5,0.20266470279389603,0.0088112347494177,,0.23188405797101444,0.0
3,3,refinement,0.5,6,0.19555409496903176,0.013184443753040138,,0.23333333333333334,0.0
3,3,refinement,0.5,7,0.21113460258384276,0.011230129758383731,,0.2622950819672131,0.0
3,3,refinement,0.8,0,0.18043133962328767,0.0046901219157393535,,0.17177914110429446,0.0
3,3,refinement,0.8,1,0.23935815832534474,0.00010257852681734201,,0.4210526315789474,0.0
3,3,refinement,0.8,2,0.22497772020030216,0.0008090789832705102,,0.32558139534883723,0.0
3,3,refinement,0.8,3,0.26810501386213714,0.0028830719084115075,,0.42424242424242425,0.2
3,3,refinement,0.8,4,0.25269927236042555,0.007822067107518985,,0.5294117647058824,0.0
3,3,refinement,0.8,5,0.20736739168209783,0.010581661966634145,,0.22580645161290322,0.0
3,3,refinement,0.8,6,0.2780742553665243,0.01807627990738359,,0.38095238095238093,0.0
3,3,refinement,0.8,7,0.28313272025434066,0.016211928934010154,,0.38095238095238093,0.2
4,4,accumulation,N/A,0,0.1629163855027934,0.004227691340562628,,0.10582010582010581,0.0
4,4,accumulation,N/A,1,0.39658423689520267,0.3409408702341503,,0.28571428571428575,0.25
4,4,accumulation,N/A,2,0.4481132028174746,0.043054110124817184,,0.5454545454545454,0.0
4,4,accumulation,N/A,3,0.3529019845804599,0.2777377285729583,,0.22222222222222224,0.0
4,4,accumulation,N/A,4,0.1943117827823863,0.019008863083282975,,0.19354838709677416,0.0
4,4,accumulation,N/A,5,0.40244610304261363,0.41378253803230514,,0.125,0.0
4,4,accumulation,N/A,6,0.26202012119983564,0.04387907578535682,,0.22222222222222224,0.0
4,4,accumulation,N/A,7,0.47903119569884767,0.22573775115846006,,0.33333333333333337,0.5
4,4,refinement,0.5,0,0.1629163855027934,0.004227691340562628,,0.10582010582010581,0.0
4,4,refinement,0.5,1,0.16966645403435532,0.0023377838982939075,,0.1282051282051282,0.0
4,4,refinement,0.5,2,0.1679275877386459,0.0011066562323194813,,0.1492537313432836,0.0
4,4,refinement,0.5,3,0.1810294115741023,0.00011001592289986158,,0.19607843137254902,0.0
4,4,refinement,0.5,4,0.20062089455307097,6.875995181241607e-05,,0.1851851851851852,0.0
4,4,refinement,0.5,5,0.20856290150741696,0.00012376791326234639,,0.1851851851851852,0.0
4,4,refinement,0.5,6,0.20474172965484994,0.00013751990362482932,,0.2222222222222222,0.0
4,4,refinement,0.5,7,0.21949710091879723,0.007126869832349264,,0.2222222222222222,0.0
4,4,refinement,0.8,0,0.1629163855027934,0.004227691340562628,,0.10582010582010581,0.0
4,4,refinement,0.8,1,0.1643409629911433,0.0005924548124036577,,0.23529411764705882,0.0
4,4,refinement,0.8,2,0.18449557372522796,0.01926574264217761,,0.2181818181818182,0.0
4,4,refinement,0.8,3,0.2254402913657954,0.0008537836200231231,,0.13793103448275862,0.0
4,4,refinement,0.8,4,0.22397368005703933,0.004980404450134877,,0.375,0.0
4,4,refinement,0.8,5,0.19305691105221712,0.003005840448762821,,0.2727272727272727,0.0
4,4,refinement,0.8,6,0.20213768580714095,0.011535074674737666,,0.14285714285714285,0.0
4,4,refinement,0.8,7,0.1820606428922446,0.010734681738123258,,0.11320754716981132,0.0
5,5,accumulation,N/A,0,0.35009573638453095,0.001947901063907633,,0.3468208092485549,0.125
5,5,accumulation,N/A,1,0.40951734482217733,0.03276068529955796,,0.6428571428571429,0.25
5,5,accumulation,N/A,2,0.3327054664540554,0.1128789446676357,,0.40816326530612246,0.125
5,5,accumulation,N/A,3,0.4073370209157522,0.04519615450161307,,0.56,0.125
5,5,accumulation,N/A,4,0.43397356947830107,0.07009944588293357,,0.5964912280701754,0.375
5,5,accumulation,N/A,5,0.35311733752276436,0.11848303751656603,,0.6206896551724138,0.0
5,5,accumulation,N/A,6,0.357287104776823,0.016551094768465686,,0.5373134328358209,0.0
5,5,accumulation,N/A,7,0.3943968907969965,0.03631948592428476,,0.6575342465753423,0.0
5,5,refinement,0.5,0,0.35009573638453095,0.001947901063907633,,0.3468208092485549,0.125
5,5,refinement,0.5,1,0.36018429108687605,0.008195834901660202,,0.3941605839416058,0.125
5,5,refinement,0.5,2,0.38427552311788077,0.006013197376515059,,0.434108527131783,0.25
5,5,refinement,0.5,3,0.3621052666789346,0.016895815031815323,,0.37931034482758624,0.125
5,5,refinement,0.5,4,0.3745580334504553,0.010981625683905809,,0.41904761904761906,0.25
5,5,refinement,0.5,5,0.361661544390826,0.012916510648876185,,0.3958333333333333,0.125
5,5,refinement,0.5,6,0.37900871403467173,0.02356080517866287,,0.49350649350649345,0.125
5,5,refinement,0.5,7,0.373710854023919,0.023160540994318114,,0.48780487804878053,0.125
5,5,refinement,0.8,0,0.35009573638453095,0.001947901063907633,,0.3468208092485549,0.125
5,5,refinement,0.8,1,0.41189735061280713,0.013677267733420562,,0.6470588235294118,0.25
5,5,refinement,0.8,2,0.3571604376702085,0.011939110530890787,,0.5333333333333333,0.125
5,5,refinement,0.8,3,0.40701272117324516,0.02485697232376941,,0.59375,0.25
5,5,refinement,0.8,4,0.378169263465502,0.015735806162218115,,0.40909090909090917,0.125
5,5,refinement,0.8,5,0.34663151229771433,0.0162045105782919,,0.5614035087719298,0.125
5,5,refinement,0.8,6,0.3240279751462388,0.05200618324856591,,0.4814814814814815,0.125
5,5,refinement,0.8,7,0.33182605647551955,0.03120769837396749,,0.45569620253164556,0.0
6,6,accumulation,N/A,0,0.16939239205224582,0.05464672709724619,,0.029126213592233007,0.0
6,6,accumulation,N/A,1,0.5447853561164548,0.4507114333706407,,0.5,0.0
6,6,accumulation,N/A,2,0.16192901701918028,0.014702027773237987,,0.045454545454545456,0.0
6,6,accumulation,N/A,3,0.292628579834203,0.10260085061466927,,0.20689655172413793,0.0
6,6,accumulation,N/A,4,0.39460905091412646,0.1038714511723852,,0.7499999999999999,0.0
6,6,accumulation,N/A,5,0.23982854108957513,0.05319887236593355,,0.20689655172413793,0.0
6,6,accumulation,N/A,6,0.2547395311299153,0.00877644981490062,,0.23529411764705882,0.0
6,6,accumulation,N/A,7,0.2884203439034895,0.012357168390381873,,0.42857142857142855,0.0
6,6,refinement,0.5,0,0.16939239205224582,0.05464672709724619,,0.029126213592233007,0.0
6,6,refinement,0.5,1,0.17812534827870924,0.12092852589697593,,0.040268456375838924,0.0
6,6,refinement,0.5,2,0.17841195322123365,0.12714084514730287,,0.04347826086956522,0.0
6,6,refinement,0.5,3,0.17339866991484187,0.09553752351757906,,0.05084745762711864,0.0
6,6,refinement,0.5,4,0.1752094675944908,0.09722815909057292,,0.0689655172413793,0.0
6,6,refinement,0.5,5,0.17541596110805846,0.10066391949176784,,0.06315789473684211,0.0
6,6,refinement,0.5,6,0.17291198452416245,0.048574080194884545,,0.06741573033707865,0.0
6,6,refinement,0.5,7,0.18420950895429947,0.11695199055705789,,0.07228915662650602,0.0
6,6,refinement,0.8,0,0.16939239205224582,0.05464672709724619,,0.029126213592233007,0.0
6,6,refinement,0.8,1,0.18055473382111564,0.016881546102575987,,0.08695652173913045,0.0
6,6,refinement,0.8,2,0.18732603028651135,0.009045134457281317,,0.10714285714285715,0.0
6,6,refinement,0.8,3,0.16667721306318567,0.0,,0.06779661016949153,0.0
6,6,refinement,0.8,4,0.1735720066065109,0.005479608490036265,,0.07692307692307693,0.0
6,6,refinement,0.8,5,0.1806544880915134,0.0,,0.11764705882352941,0.0
6,6,refinement,0.8,6,0.1732803093720786,0.0,,0.0967741935483871,0.0
6,6,refinement,0.8,7,0.21153964991143306,0.014563787165220235,,0.19354838709677416,0.0
7,7,accumulation,N/A,0,0.28219344378471417,0.010640284855126969,,0.18823529411764708,0.0
7,7,accumulation,N/A,1,0.344747599186544,0.008254993930914929,,0.4615384615384615,0.125
7,7,accumulation,N/A,2,0.31096077037294845,0.0012716881819988186,,0.2987012987012987,0.0
7,7,accumulation,N/A,3,0.2997852114961787,0.007009510366914496,,0.3595505617977528,0.0
7,7,accumulation,N/A,4,0.31455134165228527,0.03491873490877688,,0.31034482758620685,0.0
7,7,accumulation,N/A,5,0.31940516707075883,0.012660388988568465,,0.28070175438596495,0.125
7,7,accumulation,N/A,6,0.29802038541193165,0.011727822678829566,,0.3232323232323232,0.0
7,7,accumulation,N/A,7,0.244550229212249,0.010782140513628902,,0.20895522388059706,0.0
7,7,refinement,0.5,0,0.28219344378471417,0.010640284855126969,,0.18823529411764708,0.0
7,7,refinement,0.5,1,0.28920647178455106,0.0009261603731873944,,0.20320855614973263,0.0
7,7,refinement,0.5,2,0.29410018451676545,0.001833017344570552,,0.20731707317073172,0.125
7,7,refinement,0.5,3,0.3143918115400537,0.00010190311868068216,,0.2857142857142857,0.125
7,7,refinement,0.5,4,0.2972980334105454,0.0003647092546820448,,0.2638888888888889,0.0
7,7,refinement,0.5,5,0.2963996280013246,0.0008475315278409013,,0.26143790849673204,0.0
7,7,refinement,0.5,6,0.25119520492349057,0.0,,0.21935483870967742,0.0
7,7,refinement,0.5,7,0.28277135880729165,0.0012048363555648672,,0.22535211267605632,0.0
7,7,refinement,0.8,0,0.28219344378471417,0.010640284855126969,,0.18823529411764708,0.0
7,7,refinement,0.8,1,0.3004480753622645,0.012282278308591844,,0.4418604651162791,0.0
7,7,refinement,0.8,2,0.3139034991851084,0.016203920594438353,,0.3488372093023256,0.125
7,7,refinement,0.8,3,0.34841864968559366,0.004796287586004257,,0.38461538461538464,0.14285714285714285
7,7,refinement,0.8,4,0.2913706786497525,0.005960949804868179,,0.2857142857142857,0.125
7,7,refinement,0.8,5,0.28804621212100584,0.0021958705885431746,,0.26530612244897955,0.0
7,7,refinement,0.8,6,0.309591283044513,0.0038916223555164596,,0.25,0.125
7,7,refinement,0.8,7,0.2988710750567139,0.023084420221705183,,0.2894736842105263,0.125
8,8,accumulation,N/A,0,0.32960075987210957,0.014336332992845107,,0.29906542056074764,0.0
8,8,accumulation,N/A,1,0.2743271986051452,0.09359176949387514,,0.13333333333333333,0.0
8,8,accumulation,N/A,2,0.30192593608096774,0.23193967857634182,,0.2857142857142857,0.3333333333333333
8,8,accumulation,N/A,3,0.4047651009997844,0.4108815128019718,,0.1904761904761905,0.3333333333333333
8,8,accumulation,N/A,4,0.3634888960196031,0.09505777542082537,,0.25,0.3333333333333333
8,8,accumulation,N/A,5,0.3141974206185353,0.24106842343752374,,0.1739130434782609,0.16666666666666666
8,8,accumulation,N/A,6,0.30390057269290593,0.06003319946717537,,0.3870967741935484,0.16666666666666666
8,8,accumulation,N/A,7,0.3362832324115022,0.15557432799279192,,0.16666666666666666,0.3333333333333333
8,8,refinement,0.5,0,0.32960075987210957,0.014336332992845107,,0.29906542056074764,0.0
8,8,refinement,0.5,1,0.3341981211122209,0.02662266332308627,,0.3368421052631579,0.0
8,8,refinement,0.5,2,0.3440536499702431,0.021623191006688386,,0.4047619047619047,0.0
8,8,refinement,0.5,3,0.3293173090624814,0.007052612726059199,,0.29885057471264365,0.0
8,8,refinement,0.5,4,0.3435742418159681,0.03408597925985942,,0.38297872340425526,0.0
8,8,refinement,0.5,5,0.34513103986624605,0.009853469629460628,,0.417910447761194,0.0
8,8,refinement,0.5,6,0.34866199733257036,0.03565440679259059,,0.3880597014925374,0.0
8,8,refinement,0.5,7,0.3458710137794959,0.023502930183749302,,0.4117647058823529,0.0
8,8,refinement,0.8,0,0.32960075987210957,0.014336332992845107,,0.29906542056074764,0.0
8,8,refinement,0.8,1,0.3743248054064455,0.024099322766766917,,0.4383561643835616,0.125
8,8,refinement,0.8,2,0.3585590881796956,0.022007691042351493,,0.42307692307692313,0.0
8,8,refinement,0.8,3,0.3680884822796514,0.03245597604724593,,0.31884057971014496,0.0
8,8,refinement,0.8,4,0.3358950557200494,0.025146341508177093,,0.4255319148936171,0.0
8,8,refinement,0.8,5,0.3532533210662845,0.031256510826535557,,0.2857142857142857,0.0
8,8,refinement,0.8,6,0.32074848917300725,0.02171645391928324,,0.3,0.0
8,8,refinement,0.8,7,0.3501236736437709,0.016651213124635165,,0.4210526315789474,0.125
9,9,accumulation,N/A,0,0.19756193517967963,0.09946660183519529,,0.026666666666666665,0.0
9,9,accumulation,N/A,1,0.5592540354631879,0.18425210534257086,,0.8,0.5
9,9,accumulation,N/A,2,0.5197738969381516,0.16079635285937677,,0.8,0.5
9,9,accumulation,N/A,3,0.500137821788069,0.2760640519687316,,0.6666666666666666,0.0
9,9,accumulation,N/A,4,0.5414829421032644,0.2218928887225694,,0.5,0.5
9,9,accumulation,N/A,5,0.42718607404566805,0.16370143880686647,,0.6666666666666666,0.0
9,9,accumulation,N/A,6,0.36128006057370277,0.23820315636290648,,0.5,0.0
9,9,accumulation,N/A,7,0.3319331037079087,0.20076469991130108,,0.33333333333333337,0.0
9,9,refinement,0.5,0,0.19756193517967963,0.09946660183519529,,0.026666666666666665,0.0
9,9,refinement,0.5,1,0.1815172900494521,0.09380124395792017,,0.033613445378151266,0.0
9,9,refinement,0.5,2,0.20395288126949263,0.0912695675266064,,0.047058823529411764,0.0
9,9,refinement,0.5,3,0.17299331241617,0.08002418625160039,,0.04597701149425288,0.0
9,9,refinement,0.5,4,0.19272296669845507,0.008065218337759911,,0.04081632653061225,0.0
9,9,refinement,0.5,5,0.19083011729987048,0.0,,0.048192771084337345,0.0
9,9,refinement,0.5,6,0.19864675335534232,0.0,,0.05714285714285715,0.0
9,9,refinement,0.5,7,0.19683744439897705,0.0,,0.05,0.0
9,9,refinement,0.8,0,0.19756193517967963,0.09946660183519529,,0.026666666666666665,0.0
9,9,refinement,0.8,1,0.23673355419351572,0.17822236352004833,,0.08695652173913042,0.0
9,9,refinement,0.8,2,0.2814635706165614,0.18955987101679836,,0.13333333333333336,0.2
9,9,refinement,0.8,3,0.2586982186203722,0.0470348024485293,,0.15384615384615385,0.0
9,9,refinement,0.8,4,0.25448889601900054,0.09700960299854586,,0.09999999999999999,0.0
9,9,refinement,0.8,5,0.2659173994871693,0.23243332725292332,,0.13333333333333336,0.0
9,9,refinement,0.8,6,0.2032890621388739,0.06658503239120808,,0.33333333333333337,0.0
9,9,refinement,0.8,7,0.2340892453403838,0.16182285379716735,,0.2666666666666667,0.0
10,10,accumulation,N/A,0,0.21456448245635895,0.06101885739913184,,0.031007751937984496,0.0
10,10,accumulation,N/A,1,0.33825496642591973,0.20473561659107598,,0.4444444444444445,0.0
10,10,accumulation,N/A,2,0.48980845137539863,0.22192279539991888,,0.6666666666666666,0.0
10,10,accumulation,N/A,3,0.29302726148178354,0.055594494296862675,,0.4,0.0
10,10,accumulation,N/A,4,0.4126875968229453,0.38786272240577985,,0.5,0.0
10,10,accumulation,N/A,5,0.43228168090142693,0.6710390062132652,,0.28571428571428575,0.0
10,10,accumulation,N/A,6,0.30422072100738995,0.09795103320671855,,0.4,0.0
10,10,accumulation,N/A,7,0.19825531762257384,0.23208460646541934,,0.0689655172413793,0.0
10,10,refinement,0.5,0,0.21456448245635895,0.06101885739913184,,0.031007751937984496,0.0
10,10,refinement,0.5,1,0.21673042079118066,0.06622698738578661,,0.04166666666666667,0.0
10,10,refinement,0.5,2,0.2179521736988561,0.06139366861200728,,0.04597701149425288,0.0
10,10,refinement,0.5,3,0.21909004329917992,0.07380852336329032,,0.04395604395604395,0.0
10,10,refinement,0.5,4,0.21811946348180955,0.06931368450363642,,0.0449438202247191,0.0
10,10,refinement,0.5,5,0.21937690766124948,0.07652120917069463,,0.048192771084337345,0.0
10,10,refinement,0.5,6,0.21795357587021996,0.07611705510626313,,0.047058823529411764,0.0
10,10,refinement,0.5,7,0.21593740017414004,0.07514584289176514,,0.05405405405405406,0.0
10,10,refinement,0.8,0,0.21456448245635895,0.06101885739913184,,0.031007751937984496,0.0
10,10,refinement,0.8,1,0.2128066603655298,0.11854470470529506,,0.08888888888888888,0.0
10,10,refinement,0.8,2,0.21112210511113338,0.1195534568686896,,0.09523809523809523,0.0
10,10,refinement,0.8,3,0.2085529527328458,0.12442904064221734,,0.0625,0.0
10,10,refinement,0.8,4,0.2137823023838647,0.13187286844644006,,0.09302325581395349,0.0
10,10,refinement,0.8,5,0.2195957654266592,0.12058862558257209,,0.1,0.0
10,10,refinement,0.8,6,0.223539280873348,0.12242430261369054,,0.11764705882352941,0.0
10,10,refinement,0.8,7,0.18706543999748984,0.10822683625196555,,0.09756097560975609,0.0
11,11,accumulation,N/A,0,0.29412610407634526,0.001069407080592659,,0.2857142857142857,0.0
11,11,accumulation,N/A,1,0.2904709746088123,0.004070450810646063,,0.37837837837837834,0.0
11,11,accumulation,N/A,2,0.3432314144127535,0.023965860765630485,,0.5494505494505494,0.0
11,11,accumulation,N/A,3,0.3425844544606951,0.0051228586936761964,,0.3356643356643356,0.125
11,11,accumulation,N/A,4,0.35754380387348017,0.0,,0.4594594594594595,0.0
11,11,accumulation,N/A,5,0.3494093199962163,0.00038392227789418973,,0.36496350364963503,0.125
11,11,accumulation,N/A,6,0.35296326099514375,0.010859788258276529,,0.4262295081967213,0.14285714285714285
11,11,accumulation,N/A,7,0.4142162503953515,0.002855309134442345,,0.5736434108527132,0.0
11,11,refinement,0.5,0,0.29412610407634526,0.001069407080592659,,0.2857142857142857,0.0
11,11,refinement,0.5,1,0.29909886757322224,0.005843630977762647,,0.3333333333333333,0.0
11,11,refinement,0.5,2,0.30166982882473736,0.007632163861342261,,0.3076923076923077,0.0
11,11,refinement,0.5,3,0.3000502147186037,0.008804154440538786,,0.31506849315068497,0.0
11,11,refinement,0.5,4,0.2939927780445828,0.012362170236285244,,0.2658227848101266,0.0
11,11,refinement,0.5,5,0.3130662313111026,0.007902429866117095,,0.41481481481481475,0.0
11,11,refinement,0.5,6,0.3179546294066413,0.012764224316812608,,0.302158273381295,0.125
11,11,refinement,0.5,7,0.33811946202820253,0.002401660141087434,,0.3969465648854961,0.125
11,11,refinement,0.8,0,0.29412610407634526,0.001069407080592659,,0.2857142857142857,0.0
11,11,refinement,0.8,1,0.2930297261643145,0.0002046388219820691,,0.39622641509433965,0.0
11,11,refinement,0.8,2,0.29359802520297723,0.002399302550287551,,0.4329896907216495,0.0
11,11,refinement,0.8,3,0.3364360169633883,0.0021779071568948506,,0.4461538461538462,0.0
11,11,refinement,0.8,4,0.3357153316487671,0.002167284688775072,,0.37349397590361444,0.0
11,11,refinement,0.8,5,0.32269863782097236,0.0020724887677606688,,0.3684210526315789,0.0
11,11,refinement,0.8,6,0.30986345328559833,0.0,,0.366412213740458,0.0
11,11,refinement,0.8,7,0.32670194797352786,0.001055730206975018,,0.37606837606837606,0.0
12,12,accumulation,N/A,0,0.28284358363463535,0.011880823815935191,,0.2727272727272727,0.0
12,12,accumulation,N/A,1,0.18409276344236708,0.0014746936046398488,,0.2857142857142857,0.0
12,12,accumulation,N/A,2,0.31738817857874857,0.0049062149745448345,,0.45333333333333337,0.14285714285714285
12,12,accumulation,N/A,3,0.2825554437940004,0.01469387309635523,,0.6,0.0
12,12,accumulation,N/A,4,0.2983499189266232,0.004135079173958946,,0.3178807947019867,0.14285714285714285
12,12,accumulation,N/A,5,0.2511793161869825,0.0,,0.4255319148936171,0.0
12,12,accumulation,N/A,6,0.3054783467666633,0.007156872581255961,,0.4952380952380952,0.0
12,12,accumulation,N/A,7,0.26842472569890785,0.009573739282089695,,0.5346534653465346,0.0
12,12,refinement,0.5,0,0.28284358363463535,0.011880823815935191,,0.2727272727272727,0.0
12,12,refinement,0.5,1,0.29168891547142034,0.008133482707048017,,0.30414746543778803,0.0
12,12,refinement,0.5,2,0.29026331321399734,0.004965071426464148,,0.28292682926829266,0.0
12,12,refinement,0.5,3,0.30450800082596047,0.016134539975768664,,0.3,0.125
12,12,refinement,0.5,4,0.3291079190075572,0.025274086655686277,,0.3163841807909605,0.14285714285714285
12,12,refinement,0.5,5,0.29910067748139607,0.01120708340844985,,0.3866666666666667,0.0
12,12,refinement,0.5,6,0.3361112021697264,0.007910146859618862,,0.40298507462686567,0.14285714285714285
12,12,refinement,0.5,7,0.3706951667227177,0.0038430704002217894,,0.4786324786324786,0.2857142857142857
12,12,refinement,0.8,0,0.28284358363463535,0.011880823815935191,,0.2727272727272727,0.0
12,12,refinement,0.8,1,0.32658873997806875,0.025741197477178783,,0.4539007092198582,0.0
12,12,refinement,0.8,2,0.2882497338765694,0.036771105065094865,,0.4090909090909091,0.0
12,12,refinement,0.8,3,0.33264202036252294,0.002402047581502684,,0.5255474452554745,0.0
12,12,refinement,0.8,4,0.33247735027287306,0.0031599269929957663,,0.5454545454545455,0.0
12,12,refinement,0.8,5,0.30944677658886854,0.005805183567623222,,0.5842696629213483,0.0
12,12,refinement,0.8,6,0.3946842016248165,0.0019231407568558053,,0.6451612903225806,0.2857142857142857
12,12,refinement,0.8,7,0.2958015864508399,0.003438547921031543,,0.4722222222222222,0.0
13,13,accumulation,N/A,0,0.1810678976380586,0.01809403994504888,,0.020304568527918784,0.0
13,13,accumulation,N/A,1,0.21480882394108064,0.025381736612665014,,0.039999999999999994,0.0
13,13,accumulation,N/A,2,0.18308997200096994,0.007423592874483592,,0.05633802816901409,0.0
13,13,accumulation,N/A,3,0.19581064453139843,0.0231987277327612,,0.03603603603603604,0.0
13,13,accumulation,N/A,4,0.1930838959706085,0.06374204563554423,,0.07547169811320754,0.0
13,13,accumulation,N/A,5,0.6760483964277014,0.14330946105528033,,1.0,1.0
13,13,accumulation,N/A,6,0.17752249898109518,0.0018937736924703023,,0.0625,0.0
13,13,accumulation,N/A,7,0.1883154006905552,0.05596478666259177,,0.09523809523809523,0.0
13,13,refinement,0.5,0,0.1810678976380586,0.01809403994504888,,0.020304568527918784,0.0
13,13,refinement,0.5,1,0.18149006839934417,0.017631112937770713,,0.026845637583892617,0.0
13,13,refinement,0.5,2,0.1805373644367685,0.016988402416886456,,0.02777777777777778,0.0
13,13,refinement,0.5,3,0.18097549040534325,0.0175951310746324,,0.027586206896551724,0.0
13,13,refinement,0.5,4,0.18086806077164677,0.017639322378393236,,0.030534351145038167,0.0
13,13,refinement,0.5,5,0.18227426305889338,0.01892135399141619,,0.03636363636363636,0.0
13,13,refinement,0.5,6,0.18189228477900765,0.01884611938361837,,0.03603603603603604,0.0
13,13,refinement,0.5,7,0.18176544036809647,0.015711971268654475,,0.038461538461538464,0.0
13,13,refinement,0.8,0,0.1810678976380586,0.01809403994504888,,0.020304568527918784,0.0
13,13,refinement,0.8,1,0.1936249318484366,0.01956594124200167,,0.06349206349206349,0.0
13,13,refinement,0.8,2,0.17890412308387682,0.02917190815556584,,0.05479452054794521,0.0
13,13,refinement,0.8,3,0.2110483901488927,0.038189828978385236,,0.03225806451612903,0.0
13,13,refinement,0.8,4,0.16034941476485987,0.0,,0.03448275862068965,0.0
13,13,refinement,0.8,5,0.17764405371574227,0.08534887957984873,,0.04597701149425288,0.0
13,13,refinement,0.8,6,0.18997163003370415,0.02901752128351495,,0.06060606060606061,0.0
13,13,refinement,0.8,7,0.18033643241810507,0.04967656714346481,,0.08333333333333333,0.0
14,14,accumulation,N/A,0,0.2100410940840743,0.0005716899894034206,,0.06060606060606061,0.0
14,14,accumulation,N/A,1,0.4047434007312135,0.2127122356551817,,0.4444444444444445,0.0
14,14,accumulation,N/A,2,0.3844415264765272,0.09383372940629596,,0.30000000000000004,0.0
14,14,accumulation,N/A,3,0.28817501234493165,0.08601016413357777,,0.12121212121212123,0.0
14,14,accumulation,N/A,4,0.32820392356481964,0.05629869221920359,,0.09836065573770493,0.4
14,14,accumulation,N/A,5,0.3310012480182094,0.1178433401600362,,0.4,0.0
14,14,accumulation,N/A,6,0.26976766492880777,0.021634294245264984,,0.24137931034482762,0.0
14,14,accumulation,N/A,7,0.24938151996822613,0.08220323510065893,,0.23076923076923078,0.0
14,14,refinement,0.5,0,0.2100410940840743,0.0005716899894034206,,0.06060606060606061,0.0
14,14,refinement,0.5,1,0.22570311752175148,0.017887960576821366,,0.08641975308641975,0.0
14,14,refinement,0.5,2,0.23221421484903965,0.016420393464511424,,0.10606060606060606,0.0
14,14,refinement,0.5,3,0.23680285473555607,0.019855544017920473,,0.13333333333333333,0.0
14,14,refinement,0.5,4,0.22114056087524342,0.005335542314670649,,0.11764705882352941,0.0
14,14,refinement,0.5,5,0.23065939450510675,0.02034936277194713,,0.1443298969072165,0.0
14,14,refinement,0.5,6,0.2307759182170171,0.01802668903851507,,0.14285714285714288,0.0
14,14,refinement,0.5,7,0.23861918027328266,0.016910581599300593,,0.14285714285714288,0.0
14,14,refinement,0.8,0,0.2100410940840743,0.0005716899894034206,,0.06060606060606061,0.0
14,14,refinement,0.8,1,0.2229293365401038,0.003495088947109995,,0.13592233009708737,0.0
14,14,refinement,0.8,2,0.23984009323732908,0.008719696039949388,,0.2222222222222222,0.0
14,14,refinement,0.8,3,0.29764251854946433,0.015591257476297754,,0.1951219512195122,0.2857142857142857
14,14,refinement,0.8,4,0.24094601230289397,0.010614027744941077,,0.19672131147540986,0.0
14,14,refinement,0.8,5,0.23854856658741952,0.01709443342949956,,0.14285714285714282,0.0
14,14,refinement,0.8,6,0.24658469224472118,0.016761980354479605,,0.21428571428571427,0.0
14,14,refinement,0.8,7,0.23920401053102788,0.002010841235254719,,0.11627906976744187,0.0
15,15,accumulation,N/A,0,0.26836152409148056,0.006243151239112561,,0.2589928057553957,0.0
15,15,accumulation,N/A,1,0.2578136451752767,0.00524723741917429,,0.20338983050847456,0.0
15,15,accumulation,N/A,2,0.17388305325205106,0.0,,0.21052631578947367,0.0
15,15,accumulation,N/A,3,0.3129947551872238,0.0,,0.3582089552238806,0.0
15,15,accumulation,N/A,4,0.2601077901665275,0.019953558653003498,,0.2413793103448276,0.0
15,15,accumulation,N/A,5,0.3733877082261317,0.02073764852511113,,0.38095238095238093,0.2
15,15,accumulation,N/A,6,0.28757236166755107,0.0,,0.24615384615384617,0.0
15,15,accumulation,N/A,7,0.21029899901838012,0.012156186181565271,,0.2222222222222222,0.0
15,15,refinement,0.5,0,0.26836152409148056,0.006243151239112561,,0.2589928057553957,0.0
15,15,refinement,0.5,1,0.25588618042285727,0.002234187403252258,,0.27027027027027023,0.0
15,15,refinement,0.5,2,0.2686568509420314,0.0019116495953878092,,0.32653061224489793,0.0
15,15,refinement,0.5,3,0.26607700175169857,0.0023326305767330632,,0.3137254901960785,0.0
15,15,refinement,0.5,4,0.2846565446545217,0.0019342804290322971,,0.34408602150537637,0.0
15,15,refinement,0.5,5,0.31006127707808007,0.0018189837893057554,,0.3617021276595745,0.0
15,15,refinement,0.5,6,0.3402563352377758,0.001666209526130514,,0.38709677419354843,0.0
15,15,refinement,0.5,7,0.3071117862781765,0.002027042462654869,,0.3908045977011494,0.0
15,15,refinement,0.8,0,0.26836152409148056,0.006243151239112561,,0.2589928057553957,0.0
15,15,refinement,0.8,1,0.2846902900165914,0.013118567238645674,,0.3953488372093023,0.0
15,15,refinement,0.8,2,0.27316574510808905,0.015732718878837156,,0.3421052631578947,0.0
15,15,refinement,0.8,3,0.29792526508086525,0.006993598311849378,,0.345679012345679,0.0
15,15,refinement,0.8,4,0.3175360813515596,0.004293523770595927,,0.3684210526315789,0.16666666666666666
15,15,refinement,0.8,5,0.3263773388668584,0.0014456933247023543,,0.4166666666666667,0.0
15,15,refinement,0.8,6,0.3209326112037031,0.0,,0.41269841269841273,0.0
15,15,refinement,0.8,7,0.3486328680702607,0.01185640177102272,,0.2903225806451613,0.3333333333333333
16,16,accumulation,N/A,0,0.18942379432429488,0.04774945917242467,,0.04968944099378882,0.0
16,16,accumulation,N/A,1,0.3202095355188864,0.026918124973146093,,0.33333333333333337,0.0
16,16,accumulation,N/A,2,0.2818955295976596,0.13490057264094643,,0.2857142857142857,0.0
16,16,accumulation,N/A,3,0.27791254611498845,0.055035367980017985,,0.23529411764705882,0.0
16,16,accumulation,N/A,4,0.30221759052757435,0.1476683352382454,,0.16666666666666669,0.0
16,16,accumulation,N/A,5,0.32778925091060535,0.21412081723146226,,0.29629629629629634,0.0
16,16,accumulation,N/A,6,0.3531478411349445,0.32541729255837787,,0.1702127659574468,0.0
16,16,accumulation,N/A,7,0.3046642035233869,0.05132262490673734,,0.3076923076923077,0.0
16,16,refinement,0.5,0,0.18942379432429488,0.04774945917242467,,0.04968944099378882,0.0
16,16,refinement,0.5,1,0.18622747360682954,0.02348387942644415,,0.04878048780487806,0.0
16,16,refinement,0.5,2,0.1908133147757165,0.021008891172813012,,0.059701492537313446,0.0
16,16,refinement,0.5,3,0.1905559227563399,0.01987628008758061,,0.05673758865248227,0.0
16,16,refinement,0.5,4,0.18968479632513652,0.02271640357654032,,0.05517241379310345,0.0
16,16,refinement,0.5,5,0.20413402993100674,0.01964021598776573,,0.0689655172413793,0.0
16,16,refinement,0.5,6,0.20255884446688477,0.02058133934484437,,0.059259259259259255,0.0
16,16,refinement,0.5,7,0.20295263938253966,0.017875412093367047,,0.06504065040650406,0.0
16,16,refinement,0.8,0,0.18942379432429488,0.04774945917242467,,0.04968944099378882,0.0
16,16,refinement,0.8,1,0.20322717251816727,0.073759516773862,,0.09756097560975609,0.0
16,16,refinement,0.8,2,0.21243924771478528,0.029048245914008036,,0.07339449541284404,0.0
16,16,refinement,0.8,3,0.22506050934809274,0.024797060598530485,,0.16,0.0
16,16,refinement,0.8,4,0.2627065271296021,0.14755007244422602,,0.13114754098360656,0.0
16,16,refinement,0.8,5,0.26051527292473176,0.10491756965122753,,0.17777777777777776,0.0
16,16,refinement,0.8,6,0.2739189165528051,0.06789902284813551,,0.13333333333333333,0.0
16,16,refinement,0.8,7,0.251087544670735,0.10739358512443764,,0.10126582278481014,0.0
17,17,accumulation,N/A,0,0.2659204323218953,0.011332044185362902,,0.15625,0.0
17,17,accumulation,N/A,1,0.35822709279667647,0.020417359126502572,,0.4406779661016949,0.0
17,17,accumulation,N/A,2,0.3870449871739155,0.00628069585943326,,0.672566371681416,0.0
17,17,accumulation,N/A,3,0.3171905408548527,0.014554968871752115,,0.4242424242424243,0.14285714285714285
17,17,accumulation,N/A,4,0.3590052380208347,0.0013217595365421046,,0.49645390070921985,0.0
17,17,accumulation,N/A,5,0.3542095188224996,0.006530627581795332,,0.4720496894409937,0.0
17,17,accumulation,N/A,6,0.32622453057476974,0.006558876914145565,,0.48598130841121495,0.125
17,17,accumulation,N/A,7,0.3692780316178588,0.024601275945115325,,0.6031746031746031,0.0
17,17,refinement,0.5,0,0.2659204323218953,0.011332044185362902,,0.15625,0.0
17,17,refinement,0.5,1,0.3123073353148398,0.008186508836650718,,0.25,0.14285714285714285
17,17,refinement,0.5,2,0.24193483022068796,0.08594160314255378,,0.18867924528301885,0.0
17,17,refinement,0.5,3,0.23804518283398818,0.03786423365654321,,0.2222222222222222,0.0
17,17,refinement,0.5,4,0.2109021995194756,0.01937962956744069,,0.11764705882352941,0.0
17,17,refinement,0.5,5,0.2216008672971217,0.029182978657949256,,0.0784313725490196,0.0
17,17,refinement,0.5,6,0.20095158249326361,0.019882036445768362,,0.11764705882352941,0.0
17,17,refinement,0.5,7,0.20080812455209252,0.029969336492296994,,0.08,0.0
17,17,refinement,0.8,0,0.2659204323218953,0.011332044185362902,,0.15625,0.0
17,17,refinement,0.8,1,0.2683531583017308,0.0093027057445301,,0.2181818181818182,0.14285714285714285
17,17,refinement,0.8,2,0.3500473483162255,0.009954463521118433,,0.380952380952381,0.2857142857142857
17,17,refinement,0.8,3,0.26363181935448965,0.005684767929434359,,0.33333333333333337,0.0
17,17,refinement,0.8,4,0.2776714974270799,0.005902306860569383,,0.3508771929824561,0.0
17,17,refinement,0.8,5,0.3228177427367923,0.004759765506909225,,0.3870967741935484,0.14285714285714285
17,17,refinement,0.8,6,0.23162961336818985,0.0048917755681923214,,0.1923076923076923,0.0
17,17,refinement,0.8,7,0.30920739013114024,0.002403802911170744,,0.3448275862068965,0.14285714285714285
18,18,accumulation,N/A,0,0.25226098463362195,0.00044832904508508174,,0.099009900990099,0.0
18,18,accumulation,N/A,1,0.2858880744527224,0.041692807148863094,,0.2696629213483146,0.0
18,18,accumulation,N/A,2,0.2806722803851191,0.04884891248869066,,0.1951219512195122,0.0
18,18,accumulation,N/A,3,0.28633149874412356,0.035406369787845914,,0.3013698630136986,0.0
18,18,accumulation,N/A,4,0.2957953595940995,0.03652928227370786,,0.27692307692307694,0.0
18,18,accumulation,N/A,5,0.29699152313252175,0.010929899607939957,,0.39999999999999997,0.0
18,18,accumulation,N/A,6,0.28734808026155656,0.0,,0.21621621621621623,0.125
18,18,accumulation,N/A,7,0.21641944537295535,0.017943619759014554,,0.15384615384615385,0.0
18,18,refinement,0.5,0,0.25226098463362195,0.00044832904508508174,,0.099009900990099,0.0
18,18,refinement,0.5,1,0.2606096650222365,0.02234969528168358,,0.16568047337278105,0.0
18,18,refinement,0.5,2,0.25408254463760077,0.034509996742994015,,0.1566265060240964,0.0
18,18,refinement,0.5,3,0.2626560700790303,0.028506222983984697,,0.1568627450980392,0.125
18,18,refinement,0.5,4,0.2754878334162887,0.039915350186463514,,0.14184397163120568,0.125
18,18,refinement,0.5,5,0.267844822197379,0.04313660216160578,,0.11180124223602485,0.125
18,18,refinement,0.5,6,0.2660535444055066,0.0387873527578392,,0.13432835820895522,0.0
18,18,refinement,0.5,7,0.2684584961633248,0.05798508035017429,,0.08860759493670886,0.0
18,18,refinement,0.8,0,0.25226098463362195,0.00044832904508508174,,0.099009900990099,0.0
18,18,refinement,0.8,1,0.24246919525237878,0.011865625948663512,,0.1656050955414013,0.0
18,18,refinement,0.8,2,0.31821742547509124,0.05592653224367044,,0.2807017543859649,0.0
18,18,refinement,0.8,3,0.2762035235878805,0.04764102974803788,,0.24742268041237114,0.0
18,18,refinement,0.8,4,0.2735721479238005,0.01957202965550087,,0.33333333333333337,0.0
18,18,refinement,0.8,5,0.28369702318120843,0.007396111229839169,,0.26,0.125
18,18,refinement,0.8,6,0.27414301588600487,0.02757966777800399,,0.3661971830985915,0.0
18,18,refinement,0.8,7,0.3103218307183318,0.011768922685680612,,0.273972602739726,0.0
19,19,accumulation,N/A,0,0.3396992944354189,0.01038266989161033,,0.38818565400843885,0.125
19,19,accumulation,N/A,1,0.33408286629037265,0.017076226213237008,,0.5106382978723404,0.0
19,19,accumulation,N/A,2,0.35111800026065537,0.016919659741422437,,0.4473684210526316,0.14285714285714285
19,19,accumulation,N/A,3,0.33368761364768407,0.007813198993265328,,0.4444444444444445,0.0
19,19,accumulation,N/A,4,0.2753611549705848,0.0030585394581774607,,0.33333333333333337,0.0
19,19,accumulation,N/A,5,0.285204425965796,0.0055253130712758355,,0.43137254901960786,0.0
19,19,accumulation,N/A,6,0.3431453519173395,0.0036432052801447226,,0.5686274509803921,0.0
19,19,accumulation,N/A,7,0.3248069430378706,0.001786880403245291,,0.5179856115107915,0.0
19,19,refinement,0.5,0,0.3396992944354189,0.01038266989161033,,0.38818565400843885,0.125
19,19,refinement,0.5,1,0.31678408892281995,0.013716563044547207,,0.456140350877193,0.0
19,19,refinement,0.5,2,0.31676428563377806,0.01772897288301042,,0.34355828220858897,0.125
19,19,refinement,0.5,3,0.3048021783451851,0.01706005373356893,,0.3728813559322034,0.0
19,19,refinement,0.5,4,0.32294382914846076,0.01754984185201038,,0.3934426229508197,0.125
19,19,refinement,0.5,5,0.3109371963674584,0.02128513702948871,,0.39240506329113917,0.0
19,19,refinement,0.5,6,0.30884178854466077,0.020261338286090808,,0.4413793103448275,0.0
19,19,refinement,0.5,7,0.2992973010749381,0.014815711496521979,,0.34394904458598724,0.0
19,19,refinement,0.8,0,0.3396992944354189,0.01038266989161033,,0.38818565400843885,0.125
19,19,refinement,0.8,1,0.3092855699409872,0.025073354074923043,,0.4255319148936171,0.0
19,19,refinement,0.8,2,0.33498115870767414,0.004889437379548146,,0.48571428571428577,0.0
19,19,refinement,0.8,3,0.3027949580100353,0.007020703177394064,,0.37777777777777777,0.0
19,19,refinement,0.8,4,0.3806303186833138,0.00923413665061094,,0.5039370078740157,0.25
19,19,refinement,0.8,5,0.37513330907442255,0.02398654958646949,,0.4485981308411215,0.14285714285714285
19,19,refinement,0.8,6,0.3454941006767818,0.0074041797897809545,,0.5045045045045045,0.0
19,19,refinement,0.8,7,0.35315357083058985,0.007026094195886671,,0.5043478260869566,0.14285714285714285
20,20,accumulation,N/A,0,0.34878960598945763,0.013931791508332911,,0.47328244274809156,0.0
20,20,accumulation,N/A,1,0.3188614547150906,0.033901893099272606,,0.4477611940298507,0.0
20,20,accumulation,N/A,2,0.2172976746219617,0.009590297006581268,,0.32727272727272727,0.0
20,20,accumulation,N/A,3,0.24794303893379283,0.007518208569001573,,0.3018867924528302,0.0
20,20,accumulation,N/A,4,0.2860383656200966,0.0009773176519799703,,0.2682926829268293,0.0
20,20,accumulation,N/A,5,0.3351325659414787,0.0457634730852748,,0.45098039215686275,0.0
20,20,accumulation,N/A,6,0.3259615992355396,0.01646069987253524,,0.45669291338582674,0.0
20,20,accumulation,N/A,7,0.3195900937483689,0.03766591544313039,,0.26229508196721313,0.2857142857142857
20,20,refinement,0.5,0,0.34878960598945763,0.013931791508332911,,0.47328244274809156,0.0
20,20,refinement,0.5,1,0.34771867711486276,0.014680409534210716,,0.4482758620689655,0.0
20,20,refinement,0.5,2,0.3669659946495121,0.027433618409215987,,0.4444444444444444,0.0
20,20,refinement,0.5,3,0.4012875199606809,0.013156763560914785,,0.5490196078431373,0.14285714285714285
20,20,refinement,0.5,4,0.37502480448649234,0.015331341456642058,,0.4897959183673469,0.0
20,20,refinement,0.5,5,0.3736464813714015,0.014196516935090874,,0.5048543689320388,0.0
20,20,refinement,0.5,6,0.39757824308294487,0.013574527278473705,,0.5294117647058824,0.14285714285714285
20,20,refinement,0.5,7,0.3736366632025441,0.013233708741093794,,0.5142857142857143,0.0
20,20,refinement,0.8,0,0.34878960598945763,0.013931791508332911,,0.47328244274809156,0.0
20,20,refinement,0.8,1,0.34194486557059095,0.003447843058303471,,0.47244094488188976,0.0
20,20,refinement,0.8,2,0.33069167748373335,0.011069505646634904,,0.43243243243243246,0.0
20,20,refinement,0.8,3,0.35420841638790573,0.01054221223822399,,0.4545454545454546,0.0
20,20,refinement,0.8,4,0.36268318394557075,0.00807467357474322,,0.4859813084112149,0.0
20,20,refinement,0.8,5,0.31231095010832594,0.007025834934740643,,0.45871559633027525,0.0
20,20,refinement,0.8,6,0.3299383221361576,0.007213464481835873,,0.4462809917355372,0.125
20,20,refinement,0.8,7,0.38521706003308354,0.004524003767032296,,0.5599999999999999,0.14285714285714285
21,21,accumulation,N/A,0,0.23897558153333787,0.021899353981161218,,0.1226993865030675,0.0
21,21,accumulation,N/A,1,0.36673212220284834,0.06868780310401007,,0.4347826086956522,0.25
21,21,accumulation,N/A,2,0.42993888177277995,0.22699811602046005,,0.5000000000000001,0.0
21,21,accumulation,N/A,3,0.3300037088993153,0.1539489465182798,,0.22222222222222218,0.0
21,21,accumulation,N/A,4,0.39613200948034333,0.047097156677090066,,0.4444444444444444,0.2
21,21,accumulation,N/A,5,0.3350543716239178,0.195881256731878,,0.35,0.0
21,21,accumulation,N/A,6,0.3711770023082232,0.09527983552243735,,0.37499999999999994,0.3333333333333333
21,21,accumulation,N/A,7,0.2970838172086671,0.05616956307872045,,0.3829787234042553,0.0
21,21,refinement,0.5,0,0.23897558153333787,0.021899353981161218,,0.1226993865030675,0.0
21,21,refinement,0.5,1,0.24402522014801464,0.016741838503221532,,0.14184397163120568,0.0
21,21,refinement,0.5,2,0.24536451430060022,0.0033515374868355306,,0.14388489208633096,0.0
21,21,refinement,0.5,3,0.26121014590798286,0.013198824247825128,,0.16666666666666669,0.0
21,21,refinement,0.5,4,0.25846403424474523,0.013234271592993596,,0.15748031496062995,0.0
21,21,refinement,0.5,5,0.26263046856244654,0.01461255526841675,,0.1639344262295082,0.0
21,21,refinement,0.5,6,0.26308654271037063,0.015241358365309238,,0.17543859649122806,0.0
21,21,refinement,0.5,7,0.267492437808748,0.014931487811014115,,0.1923076923076923,0.0
21,21,refinement,0.8,0,0.23897558153333787,0.021899353981161218,,0.1226993865030675,0.0
21,21,refinement,0.8,1,0.25854343624058906,0.02513869424721495,,0.18181818181818182,0.0
21,21,refinement,0.8,2,0.26441903523117616,0.002484473022401591,,0.23529411764705882,0.0
21,21,refinement,0.8,3,0.2775389624276859,0.0027864104129610243,,0.21686746987951808,0.0
21,21,refinement,0.8,4,0.2732451361554362,0.02756198310379622,,0.31034482758620696,0.0
21,21,refinement,0.8,5,0.27748243965194186,0.022491167128177857,,0.2857142857142857,0.0
21,21,refinement,0.8,6,0.2534331207166431,0.016048625423095916,,0.25316455696202533,0.0
21,21,refinement,0.8,7,0.26161368060852974,0.025851589914459405,,0.3,0.0
22,22,accumulation,N/A,0,0.3134967357526438,0.008194310823063643,,0.29333333333333333,0.0
22,22,accumulation,N/A,1,0.35114088023938655,0.005765412865436686,,0.5853658536585366,0.0
22,22,accumulation,N/A,2,0.36106769223625645,0.00080298964527014,,0.5714285714285714,0.0
22,22,accumulation,N/A,3,0.37117262436824894,0.005191852796169499,,0.47692307692307695,0.14285714285714285
22,22,accumulation,N/A,4,0.3794407878573383,0.02088001646511969,,0.46511627906976744,0.14285714285714285
22,22,accumulation,N/A,5,0.3142195954371736,0.025284816646738355,,0.4259259259259259,0.0
22,22,accumulation,N/A,6,0.31532275670422816,0.012426108101631169,,0.3716814159292036,0.0
22,22,accumulation,N/A,7,0.37688654739711347,0.024533940877195206,,0.4406779661016949,0.14285714285714285
22,22,refinement,0.5,0,0.3134967357526438,0.008194310823063643,,0.29333333333333333,0.0
22,22,refinement,0.5,1,0.3124923778848346,0.011764895153641059,,0.27802690582959644,0.0
22,22,refinement,0.5,2,0.31458373283701563,0.010409702641691127,,0.29850746268656714,0.0
22,22,refinement,0.5,3,0.32313116734854025,0.014030173958469314,,0.35,0.0
22,22,refinement,0.5,4,0.30283907432255963,0.00861404431624151,,0.33532934131736525,0.0
22,22,refinement,0.5,5,0.35095151567594884,0.008773605689044993,,0.4117647058823529,0.125
22,22,refinement,0.5,6,0.33113702603531586,0.011168951749976022,,0.39999999999999997,0.0
22,22,refinement,0.5,7,0.33580422991890946,0.015106354728642846,,0.4521739130434783,0.125
22,22,refinement,0.8,0,0.3134967357526438,0.008194310823063643,,0.29333333333333333,0.0
22,22,refinement,0.8,1,0.3222037250643206,0.005799810156768378,,0.358695652173913,0.0
22,22,refinement,0.8,2,0.3250584276915486,0.0036134269299377855,,0.40764331210191085,0.0
22,22,refinement,0.8,3,0.3318125012703281,0.00914925930557485,,0.4369747899159664,0.0
22,22,refinement,0.8,4,0.3670069495967742,0.010163471962225487,,0.4628099173553719,0.125
22,22,refinement,0.8,5,0.33945533782260073,0.006512229428958756,,0.3058823529411765,0.0
22,22,refinement,0.8,6,0.3625679455020866,0.014727160403619953,,0.42372881355932207,0.0
22,22,refinement,0.8,7,0.3489792386707269,0.004975605538478047,,0.42857142857142855,0.0
23,23,accumulation,N/A,0,0.24140780773808945,0.03923228257707383,,0.15068493150684933,0.0
23,23,accumulation,N/A,1,0.346650869189835,0.05297481608494579,,0.43478260869565216,0.16666666666666666
23,23,accumulation,N/A,2,0.2832528986228875,0.02435573158854013,,0.34146341463414637,0.0
23,23,accumulation,N/A,3,0.3057786513465444,0.07430658523995452,,0.35714285714285715,0.0
23,23,accumulation,N/A,4,0.3031762302341949,0.05253332825134599,,0.339622641509434,0.0
23,23,accumulation,N/A,5,0.31077351080998233,0.1006914306376561,,0.35714285714285715,0.0
23,23,accumulation,N/A,6,0.2815821621024096,0.0990123653214048,,0.35294117647058826,0.0
23,23,accumulation,N/A,7,0.3276864836228582,0.15511341693310257,,0.32558139534883723,0.14285714285714285
23,23,refinement,0.5,0,0.24140780773808945,0.03923228257707383,,0.15068493150684933,0.0
23,23,refinement,0.5,1,0.23499745866315416,0.046507092716449136,,0.14925373134328357,0.0
23,23,refinement,0.5,2,0.24130260280590327,0.046944255344763805,,0.17857142857142858,0.0
23,23,refinement,0.5,3,0.24103573650008228,0.04815899844732454,,0.16806722689075632,0.0
23,23,refinement,0.5,4,0.2336950627704691,0.045249546034899196,,0.18181818181818182,0.0
23,23,refinement,0.5,5,0.2544822000938899,0.039627491633265385,,0.18803418803418803,0.0
23,23,refinement,0.5,6,0.2522398830096257,0.03113615473097942,,0.18803418803418803,0.0
23,23,refinement,0.5,7,0.24502298198951905,0.021899469806144,,0.21359223300970875,0.0
23,23,refinement,0.8,0,0.24140780773808945,0.03923228257707383,,0.15068493150684933,0.0
23,23,refinement,0.8,1,0.25077448192402496,0.06592081344258299,,0.15,0.0
23,23,refinement,0.8,2,0.25713855709650396,0.014905919695298845,,0.18867924528301888,0.0
23,23,refinement,0.8,3,0.25371825121351543,0.07869958658527619,,0.21052631578947367,0.0
23,23,refinement,0.8,4,0.2654080264593475,0.03754155095793673,,0.339622641509434,0.0
23,23,refinement,0.8,5,0.27938707873337165,0.03501595901602136,,0.27906976744186046,0.0
23,23,refinement,0.8,6,0.26419660177762777,0.03340176495756559,,0.29411764705882354,0.0
23,23,refinement,0.8,7,0.29786002001552414,0.037532385340222366,,0.2535211267605634,0.0
24,24,accumulation,N/A,0,0.19112713386563643,0.05585015169502708,,0.014184397163120567,0.0
24,24,accumulation,N/A,1,0.4186046013526682,0.5509089571349077,,0.10526315789473684,0.25
24,24,accumulation,N/A,2,0.4336902961437316,0.6632888839397566,,0.19999999999999998,0.25
24,24,accumulation,N/A,3,0.19198048270748105,0.03355288806812347,,0.04166666666666667,0.0
24,24,accumulation,N/A,4,0.29067061862914245,0.45543539916927406,,0.08333333333333333,0.0
24,24,accumulation,N/A,5,0.193815954527213,0.021289974092894598,,0.016260162601626018,0.0
24,24,accumulation,N/A,6,0.2007258601415271,0.08304556484570542,,0.011764705882352941,0.0
24,24,accumulation,N/A,7,0.19135993396253134,0.03615195757819148,,0.0196078431372549,0.0
24,24,refinement,0.5,0,0.19112713386563643,0.05585015169502708,,0.014184397163120567,0.0
24,24,refinement,0.5,1,0.19466340561749543,0.055333669100981954,,0.024390243902439022,0.0
24,24,refinement,0.5,2,0.2028005020870901,0.09814790387274219,,0.024390243902439022,0.0
24,24,refinement,0.5,3,0.203588858270492,0.08607459637930531,,0.03571428571428572,0.0
24,24,refinement,0.5,4,0.20009313807704132,0.09350765716593354,,0.030303030303030307,0.0
24,24,refinement,0.5,5,0.19924750702186378,0.09135805585177417,,0.027027027027027025,0.0
24,24,refinement,0.5,6,0.20024475353771343,0.09115042390665652,,0.026666666666666665,0.0
24,24,refinement,0.5,7,0.20584283258335664,0.09722711883376706,,0.0273972602739726,0.0
24,24,refinement,0.8,0,0.19112713386563643,0.05585015169502708,,0.014184397163120567,0.0
24,24,refinement,0.8,1,0.21496112523715263,0.04122515501211489,,0.07142857142857142,0.0
24,24,refinement,0.8,2,0.20865367600552756,0.01208839846462618,,0.06451612903225806,0.0
24,24,refinement,0.8,3,0.22407029637266695,0.019742154328785854,,0.07692307692307693,0.0
24,24,refinement,0.8,4,0.2316723153526109,0.02363804247460756,,0.07999999999999999,0.0
24,24,refinement,0.8,5,0.2237965336536472,0.01613766159589109,,0.07142857142857142,0.0
24,24,refinement,0.8,6,0.22530072122736028,0.029125770892468466,,0.05882352941176471,0.0
24,24,refinement,0.8,7,0.21587539382154985,0.011019151122168747,,0.04878048780487806,0.0
25,25,accumulation,N/A,0,0.2801199883074573,0.018529688730299164,,0.3829787234042553,0.0
25,25,accumulation,N/A,1,0.21128047105743436,0.005145235120074099,,0.25,0.0
25,25,accumulation,N/A,2,0.2536396752946981,0.020450091062553206,,0.4705882352941176,0.14285714285714285
25,25,accumulation,N/A,3,0.2391397135124223,0.06253175251552896,,0.13636363636363635,0.0
25,25,accumulation,N/A,4,0.22641568991797384,0.0,,0.21978021978021978,0.0
25,25,accumulation,N/A,5,0.23155207160308816,0.0,,0.21739130434782605,0.0
25,25,accumulation,N/A,6,0.23523299478138787,0.02631261502396845,,0.20408163265306123,0.0
25,25,accumulation,N/A,7,0.22712543747294933,0.0,,0.21276595744680848,0.0
25,25,refinement,0.5,0,0.2801199883074573,0.018529688730299164,,0.3829787234042553,0.0
25,25,refinement,0.5,1,0.2578706756622091,0.018551634568593687,,0.3356643356643357,0.0
25,25,refinement,0.5,2,0.24471603062594205,0.017929962659117393,,0.30434782608695654,0.0
25,25,refinement,0.5,3,0.26303411302638574,0.000997467465597695,,0.2898550724637681,0.0
25,25,refinement,0.5,4,0.25597239269106575,0.016735988804392466,,0.35483870967741943,0.0
25,25,refinement,0.5,5,0.2560498104905563,0.0031370034013237197,,0.34375,0.0
25,25,refinement,0.5,6,0.24682322021547445,0.006431368732832753,,0.2923076923076923,0.0
25,25,refinement,0.5,7,0.24854252450652173,0.00071218499440589,,0.30303030303030304,0.0
25,25,refinement,0.8,0,0.2801199883074573,0.018529688730299164,,0.3829787234042553,0.0
25,25,refinement,0.8,1,0.2539973379875931,0.005863651848106888,,0.24742268041237114,0.0
25,25,refinement,0.8,2,0.30271185012678065,0.011694988546247235,,0.3888888888888889,0.125
25,25,refinement,0.8,3,0.30297597887099337,0.03629847485227337,,0.29508196721311475,0.25
25,25,refinement,0.8,4,0.2808485305078038,0.007171715331980022,,0.2894736842105263,0.0
25,25,refinement,0.8,5,0.28098498352322915,0.011801822603814611,,0.34782608695652173,0.0
25,25,refinement,0.8,6,0.2727287577344589,0.006249353510155461,,0.3529411764705882,0.0
25,25,refinement,0.8,7,0.2694476412904589,0.0033466516087498383,,0.3636363636363636,0.0
26,26,accumulation,N/A,0,0.23104675337371328,0.002166214281062713,,0.140625,0.0
26,26,accumulation,N/A,1,0.2586824132030072,0.0,,0.1111111111111111,0.25
26,26,accumulation,N/A,2,0.2566880890257727,0.0008298161766717651,,0.36734693877551017,0.0
26,26,accumulation,N/A,3,0.2871242756583523,0.0,,0.1111111111111111,0.25
26,26,accumulation,N/A,4,0.27136271019316693,0.009767601266442579,,0.14814814814814814,0.16666666666666666
26,26,accumulation,N/A,5,0.21977027453933173,0.0,,0.1923076923076923,0.0
26,26,accumulation,N/A,6,0.2632180512896187,0.0,,0.1111111111111111,0.25
26,26,accumulation,N/A,7,0.22543088299642494,0.03414105647015301,,0.21052631578947364,0.0
26,26,refinement,0.5,0,0.23104675337371328,0.002166214281062713,,0.140625,0.0
26,26,refinement,0.5,1,0.22898216149415807,0.0016183397550110822,,0.14634146341463414,0.0
26,26,refinement,0.5,2,0.2325767871935041,8.616753290049351e-05,,0.12962962962962965,0.0
26,26,refinement,0.5,3,0.22996423780967434,6.68142405976624e-05,,0.16363636363636364,0.0
26,26,refinement,0.5,4,0.2423920454711122,0.0032395161669252787,,0.13333333333333333,0.0
26,26,refinement,0.5,5,0.23877604053133222,0.0004423266688891997,,0.13333333333333333,0.0
26,26,refinement,0.5,6,0.2340542844753536,0.004878872088774753,,0.12903225806451613,0.0
26,26,refinement,0.5,7,0.24405572436156697,0.005779152228060526,,0.12048192771084336,0.0
26,26,refinement,0.8,0,0.23104675337371328,0.002166214281062713,,0.140625,0.0
26,26,refinement,0.8,1,0.28965084999917573,0.0029715332723249457,,0.21739130434782608,0.0
26,26,refinement,0.8,2,0.26597396981322435,0.00011172403981757171,,0.28571428571428575,0.0
26,26,refinement,0.8,3,0.23997291673964383,0.0011921775772388878,,0.23728813559322032,0.0
26,26,refinement,0.8,4,0.2578262724339636,0.0015335779260207834,,0.1818181818181818,0.0
26,26,refinement,0.8,5,0.24018922400065923,0.0029871344429624677,,0.16666666666666666,0.0
26,26,refinement,0.8,6,0.318601436609114,0.004080249944453729,,0.2222222222222222,0.2
26,26,refinement,0.8,7,0.2423727884675914,0.0026078560010602075,,0.24242424242424243,0.0
27,27,accumulation,N/A,0,0.20698457974660503,0.015276167969537053,,0.23728813559322035,0.0
27,27,accumulation,N/A,1,0.3421051473756316,0.02057183406147493,,0.41975308641975306,0.0
27,27,accumulation,N/A,2,0.2753276319461632,0.03541267227826088,,0.30000000000000004,0.0
27,27,accumulation,N/A,3,0.239910601596664,0.00761164070324865,,0.15625,0.0
27,27,accumulation,N/A,4,0.2566265955851893,0.0027100743243755085,,0.24390243902439024,0.0
27,27,accumulation,N/A,5,0.2489590428767138,0.00018306397910878517,,0.2608695652173913,0.0
27,27,accumulation,N/A,6,0.23359284559680316,0.014567809389277823,,0.2765957446808511,0.0
27,27,accumulation,N/A,7,0.42534006743571273,0.05804678725684492,,0.6530612244897959,0.3333333333333333
27,27,refinement,0.5,0,0.20698457974660503,0.015276167969537053,,0.23728813559322035,0.0
27,27,refinement,0.5,1,0.19271083076057466,0.0031651284911858838,,0.22413793103448276,0.0
27,27,refinement,0.5,2,0.22577933515374843,0.016249077482280744,,0.20183486238532108,0.0
27,27,refinement,0.5,3,0.19964803651643837,0.0012045903133028999,,0.2222222222222222,0.0
27,27,refinement,0.5,4,0.2694810635198561,0.0,,0.29702970297029707,0.16666666666666666
27,27,refinement,0.5,5,0.2193665214451786,0.0011145361627130162,,0.27522935779816515,0.0
27,27,refinement,0.5,6,0.22107295911000782,0.0022866939417386005,,0.3018867924528302,0.0
27,27,refinement,0.5,7,0.23702167167526209,0.002916835435641817,,0.24528301886792456,0.0
27,27,refinement,0.8,0,0.20698457974660503,0.015276167969537053,,0.23728813559322035,0.0
27,27,refinement,0.8,1,0.20014226932850726,0.056705441910195976,,0.13513513513513514,0.0
27,27,refinement,0.8,2,0.20823929325390764,0.0306579312622402,,0.16867469879518074,0.0
27,27,refinement,0.8,3,0.19563494049875868,0.005123648256824755,,0.3125,0.0
27,27,refinement,0.8,4,0.22131171484742748,0.014739619760068686,,0.28571428571428575,0.0
27,27,refinement,0.8,5,0.23564019961998064,0.040797385183558486,,0.136986301369863,0.0
27,27,refinement,0.8,6,0.2588864663685416,0.022046724152118263,,0.2571428571428571,0.16666666666666666
27,27,refinement,0.8,7,0.23677010471911822,0.017496090874705758,,0.2716049382716049,0.0
28,28,accumulation,N/A,0,0.19936228332103106,0.0,,0.035398230088495575,0.0
28,28,accumulation,N/A,1,0.5031284962653052,0.15863498909579574,,0.8,0.5
28,28,accumulation,N/A,2,0.4351235104057119,0.15253243039771022,,0.6666666666666666,0.3333333333333333
28,28,accumulation,N/A,3,0.36837445169593364,0.0,,0.3333333333333333,0.0
28,28,accumulation,N/A,4,0.3555531191701127,0.12166272722686866,,0.2857142857142857,0.0
28,28,accumulation,N/A,5,0.33875114559380076,0.04288119981716571,,0.4444444444444445,0.0
28,28,accumulation,N/A,6,0.5342110160653815,0.3027204383282361,,0.6666666666666666,0.0
28,28,accumulation,N/A,7,0.21806391670761593,0.058934066590402345,,0.12121212121212122,0.0
28,28,refinement,0.5,0,0.19936228332103106,0.0,,0.035398230088495575,0.0
28,28,refinement,0.5,1,0.20138022848985668,0.0,,0.044444444444444446,0.0
28,28,refinement,0.5,2,0.2026875257572458,0.0,,0.05128205128205127,0.0
28,28,refinement,0.5,3,0.20872839920304317,0.0,,0.05479452054794521,0.0
28,28,refinement,0.5,4,0.2090555339280026,0.0,,0.05479452054794521,0.0
28,28,refinement,0.5,5,0.20771711882304283,0.0,,0.05063291139240507,0.0
28,28,refinement,0.5,6,0.2100910765946441,0.0,,0.06349206349206349,0.0
28,28,refinement,0.5,7,0.2039947505779815,0.0,,0.05333333333333332,0.0
28,28,refinement,0.8,0,0.19936228332103106,0.0,,0.035398230088495575,0.0
28,28,refinement,0.8,1,0.21478418483104417,0.0017535077998157246,,0.06349206349206349,0.0
28,28,refinement,0.8,2,0.23635818410846846,0.0,,0.048780487804878044,0.0
28,28,refinement,0.8,3,0.26889144931642617,0.0,,0.08695652173913042,0.0
28,28,refinement,0.8,4,0.2967964607951354,0.0,,0.2,0.0
28,28,refinement,0.8,5,0.2535172332983867,0.0,,0.09523809523809525,0.0
28,28,refinement,0.8,6,0.2540619909513713,0.0,,0.06896551724137931,0.0
28,28,refinement,0.8,7,0.23846400947730056,0.0,,0.05405405405405405,0.0
29,29,accumulation,N/A,0,0.19593149167417206,0.012614904626831083,,0.10191082802547771,0.0
29,29,accumulation,N/A,1,0.292011739761778,0.08113388284172977,,0.20833333333333334,0.0
29,29,accumulation,N/A,2,0.3107854690211874,0.17912863576282564,,0.06796116504854369,0.14285714285714285
29,29,accumulation,N/A,3,0.24535201153070546,0.007380846015573547,,0.10738255033557045,0.0
29,29,accumulation,N/A,4,0.19027764416819268,0.0003757854121516353,,0.13793103448275862,0.0
29,29,accumulation,N/A,5,0.3314980083246748,0.09281214162899382,,0.1797752808988764,0.0
29,29,accumulation,N/A,6,0.24543057997272572,0.024479185165498574,,0.15053763440860213,0.0
29,29,accumulation,N/A,7,0.3075237938864127,0.04854361471843893,,0.2285714285714286,0.0
29,29,refinement,0.5,0,0.19593149167417206,0.012614904626831083,,0.10191082802547771,0.0
29,29,refinement,0.5,1,0.19682141923677587,0.013012680593821359,,0.1095890410958904,0.0
29,29,refinement,0.5,2,0.20892630463629078,0.011162182800835418,,0.1272727272727273,0.0
29,29,refinement,0.5,3,0.19913217883718934,0.013679258477090988,,0.11851851851851852,0.0
29,29,refinement,0.5,4,0.2041171648471978,0.013679835868854157,,0.11111111111111112,0.0
29,29,refinement,0.5,5,0.20579160612298358,0.014522871999600543,,0.11666666666666667,0.0
29,29,refinement,0.5,6,0.20344262595527413,0.0120141569975064,,0.11023622047244094,0.0
29,29,refinement,0.5,7,0.2090100751121713,0.012122434738670232,,0.09999999999999999,0.0
29,29,refinement,0.8,0,0.19593149167417206,0.012614904626831083,,0.10191082802547771,0.0
29,29,refinement,0.8,1,0.21633564471849864,0.0050690512583152145,,0.09523809523809525,0.0
29,29,refinement,0.8,2,0.18814381573165745,0.003034174285320663,,0.10596026490066224,0.0
29,29,refinement,0.8,3,0.18513446303458797,0.005240352730488647,,0.07734806629834255,0.0
29,29,refinement,0.8,4,0.2028018854117309,0.004305766312479239,,0.07441860465116279,0.0
29,29,refinement,0.8,5,0.20941815775931016,0.004969842706124423,,0.07999999999999999,0.0
29,29,refinement,0.8,6,0.19395429805554865,0.01627091936217214,,0.14545454545454545,0.0
29,29,refinement,0.8,7,0.18604866888629348,0.005276892125018124,,0.13793103448275862,0.0
30,30,accumulation,N/A,0,0.2962308679665377,0.019006797724546425,,0.1761006289308176,0.0
30,30,accumulation,N/A,1,0.2674986966240083,0.0,,0.3111111111111111,0.0
30,30,accumulation,N/A,2,0.2779700239933216,0.01440357710762506,,0.5714285714285713,0.0
30,30,accumulation,N/A,3,0.31334021790810007,0.014970313194816917,,0.25210084033613445,0.0
30,30,accumulation,N/A,4,0.2627374589264787,0.008325438617759567,,0.37500000000000006,0.0
30,30,accumulation,N/A,5,0.33822448223070456,0.03149814690401703,,0.34615384615384615,0.0
30,30,accumulation,N/A,6,0.24561463745641532,0.009526681335324283,,0.46153846153846156,0.0
30,30,accumulation,N/A,7,0.2639985927144814,0.018314178496863388,,0.20689655172413793,0.14285714285714285
30,30,refinement,0.5,0,0.2962308679665377,0.019006797724546425,,0.1761006289308176,0.0
30,30,refinement,0.5,1,0.31789353120896846,0.018209488494124758,,0.23333333333333334,0.0
30,30,refinement,0.5,2,0.31336177925283176,0.011915549471799342,,0.2162162162162162,0.125
30,30,refinement,0.5,3,0.3536022103925516,0.004096219915060065,,0.22950819672131148,0.2857142857142857
30,30,refinement,0.5,4,0.30615602714387485,0.0265684235544776,,0.18045112781954886,0.0
30,30,refinement,0.5,5,0.33831574450168667,0.037564988665322395,,0.23076923076923078,0.14285714285714285
30,30,refinement,0.5,6,0.2958226312647201,0.018119015207531067,,0.18803418803418803,0.0
30,30,refinement,0.5,7,0.3223617187049069,0.018313523714873544,,0.2826086956521739,0.0
30,30,refinement,0.8,0,0.2962308679665377,0.019006797724546425,,0.1761006289308176,0.0
30,30,refinement,0.8,1,0.33339159242993327,0.05799790861168213,,0.23913043478260873,0.0
30,30,refinement,0.8,2,0.3962991017471732,0.02420111707959292,,0.42622950819672134,0.0
30,30,refinement,0.8,3,0.43393434868214287,0.027049925460746648,,0.4888888888888888,0.3333333333333333
30,30,refinement,0.8,4,0.3793577419189181,0.038405946918931365,,0.44,0.14285714285714285
30,30,refinement,0.8,5,0.3523960538468822,0.020837092899736995,,0.4489795918367347,0.0
30,30,refinement,0.8,6,0.35602904584226575,0.034949727375044426,,0.39999999999999997,0.0
30,30,refinement,0.8,7,0.34470055147905815,0.01713878668127847,,0.42105263157894735,0.0
31,31,accumulation,N/A,0,0.3787750375313675,0.010185749856505591,,0.421875,0.125
31,31,accumulation,N/A,1,0.36584754218653504,0.0035280441911229943,,0.639344262295082,0.0
31,31,accumulation,N/A,2,0.36218117213592793,0.013685643893644583,,0.6756756756756758,0.125
31,31,accumulation,N/A,3,0.3209782857476149,0.001266879487202834,,0.4247787610619469,0.0
31,31,accumulation,N/A,4,0.35028014175234323,0.0006500274998230755,,0.515625,0.0
31,31,accumulation,N/A,5,0.31591265349540165,0.0037931150533008014,,0.45238095238095233,0.0
31,31,accumulation,N/A,6,0.349025554240477,0.023465648626091545,,0.4840764331210191,0.0
31,31,accumulation,N/A,7,0.3275927857007105,0.004514157036685928,,0.46875000000000006,0.125
31,31,refinement,0.5,0,0.3787750375313675,0.010185749856505591,,0.421875,0.125
31,31,refinement,0.5,1,0.3792623836506779,0.004342195234138948,,0.6153846153846153,0.0
31,31,refinement,0.5,2,0.3678058025205252,0.007007830768703928,,0.5148514851485149,0.125
31,31,refinement,0.5,3,0.39165924363493915,0.0008418815599886664,,0.5306122448979591,0.25
31,31,refinement,0.5,4,0.39887664764232794,0.00392988776507722,,0.5660377358490567,0.125
31,31,refinement,0.5,5,0.3666066361558362,0.004125454648549814,,0.5979381443298969,0.0
31,31,refinement,0.5,6,0.3705552231151791,0.0018060311035917151,,0.4814814814814815,0.125
31,31,refinement,0.5,7,0.33371689183554387,0.008247846780106581,,0.4905660377358491,0.0
31,31,refinement,0.8,0,0.3787750375313675,0.010185749856505591,,0.421875,0.125
31,31,refinement,0.8,1,0.3683040800839339,0.004311078774014924,,0.5517241379310344,0.0
31,31,refinement,0.8,2,0.3553459859877746,0.00174664097281176,,0.5607476635514018,0.0
31,31,refinement,0.8,3,0.35296185567989075,0.0022645170283700587,,0.4791666666666667,0.0
31,31,refinement,0.8,4,0.3689598396179605,0.012747714755838174,,0.4835164835164835,0.125
31,31,refinement,0.8,5,0.39626520621562855,0.009041741088466398,,0.564102564102564,0.125
31,31,refinement,0.8,6,0.3439006115899576,0.003214212790983026,,0.36,0.0
31,31,refinement,0.8,7,0.3133461466119771,0.00661769226496869,,0.421875,0.0
32,32,accumulation,N/A,0,0.30653117739844604,0.006102836695566996,,0.34108527131782945,0.125
32,32,accumulation,N/A,1,0.35050947098231416,0.02003712384824742,,0.6268656716417911,0.0
32,32,accumulation,N/A,2,0.2615534001177193,0.05894196245717377,,0.2222222222222222,0.0
32,32,accumulation,N/A,3,0.39688653531203716,0.0328982331162764,,0.4897959183673469,0.3333333333333333
32,32,accumulation,N/A,4,0.3725067585685004,0.06560968993837203,,0.5714285714285714,0.0
32,32,accumulation,N/A,5,0.3056518258395527,0.016857497367149844,,0.45901639344262296,0.0
32,32,accumulation,N/A,6,0.3083969119278954,0.008134873646149055,,0.4324324324324324,0.125
32,32,accumulation,N/A,7,0.3370154446297245,0.02550096753413565,,0.4642857142857143,0.0
32,32,refinement,0.5,0,0.30653117739844604,0.006102836695566996,,0.34108527131782945,0.125
32,32,refinement,0.5,1,0.28629804555801375,0.008563649711732924,,0.3114754098360656,0.0
32,32,refinement,0.5,2,0.2724891423150049,0.011455804654705838,,0.4044943820224719,0.0
32,32,refinement,0.5,3,0.2716730224353434,0.011971964742140021,,0.3191489361702128,0.0
32,32,refinement,0.5,4,0.26991999985330417,0.011823937503693092,,0.3232323232323232,0.0
32,32,refinement,0.5,5,0.286458163010712,0.008613551282039845,,0.30952380952380953,0.125
32,32,refinement,0.5,6,0.28155690918038956,0.001348862108355779,,0.28888888888888886,0.125
32,32,refinement,0.5,7,0.2616812056612194,0.0048239612950713405,,0.2857142857142857,0.0
32,32,refinement,0.8,0,0.30653117739844604,0.006102836695566996,,0.34108527131782945,0.125
32,32,refinement,0.8,1,0.27820591557587393,0.0051688650950483,,0.3846153846153846,0.0
32,32,refinement,0.8,2,0.28625621017848474,0.000434635685201586,,0.40540540540540543,0.0
32,32,refinement,0.8,3,0.2819430088838297,0.0,,0.3695652173913043,0.0
32,32,refinement,0.8,4,0.27320992324280796,0.00027073254166055553,,0.29702970297029707,0.125
32,32,refinement,0.8,5,0.2997542104487599,0.0030296604471982615,,0.37209302325581395,0.125
32,32,refinement,0.8,6,0.3259805861518896,0.0023708235142547132,,0.38636363636363635,0.25
32,32,refinement,0.8,7,0.29985635200089505,0.0014499755268655874,,0.2809917355371901,0.125
33,33,accumulation,N/A,0,0.21677864957222773,0.008053491037796293,,0.11483253588516747,0.0
33,33,accumulation,N/A,1,0.22653089497037543,0.018164131470413823,,0.2456140350877193,0.125
33,33,accumulation,N/A,2,0.22447519537215982,0.024878707802635694,,0.16666666666666666,0.0
33,33,accumulation,N/A,3,0.30097793249502225,0.1528474983577706,,0.2,0.0
33,33,accumulation,N/A,4,0.23896848891649092,0.012070600122615929,,0.34782608695652173,0.0
33,33,accumulation,N/A,5,0.23824711093338405,0.07403024924528598,,0.06896551724137931,0.0
33,33,accumulation,N/A,6,0.38838555788464624,0.05453356158030206,,0.7272727272727273,0.0
33,33,accumulation,N/A,7,0.1171416793114064,0.0,,0.13333333333333333,0.0
33,33,refinement,0.5,0,0.21677864957222773,0.008053491037796293,,0.11483253588516747,0.0
33,33,refinement,0.5,1,0.2216729256322411,0.005913695836176436,,0.16,0.0
33,33,refinement,0.5,2,0.21671047885111938,0.005785361417720385,,0.19834710743801653,0.0
33,33,refinement,0.5,3,0.22233120923388422,0.006284957315278197,,0.22018348623853212,0.0
33,33,refinement,0.5,4,0.22791992991912038,0.0061566928802725155,,0.24000000000000002,0.0
33,33,refinement,0.5,5,0.22975089247452773,0.006821776431055346,,0.29333333333333333,0.0
33,33,refinement,0.5,6,0.2438999766973844,0.007656899188942513,,0.3384615384615385,0.0
33,33,refinement,0.5,7,0.2350702120065149,0.007563141239690145,,0.2891566265060241,0.0
33,33,refinement,0.8,0,0.21677864957222773,0.008053491037796293,,0.11483253588516747,0.0
33,33,refinement,0.8,1,0.22428729205899323,0.03890443390638082,,0.24000000000000002,0.0
33,33,refinement,0.8,2,0.24175220079655668,0.08894232570632127,,0.1935483870967742,0.0
33,33,refinement,0.8,3,0.2483356643213648,0.0505200677125787,,0.27692307692307694,0.0
33,33,refinement,0.8,4,0.28443325754696036,0.036264979433657314,,0.45283018867924524,0.0
33,33,refinement,0.8,5,0.25028984846000707,0.07612273273662272,,0.2553191489361702,0.0
33,33,refinement,0.8,6,0.24223236086906533,0.107861558364944,,0.163265306122449,0.0
33,33,refinement,0.8,7,0.24487858108596225,0.10617741196892025,,0.18181818181818182,0.0
34,34,accumulation,N/A,0,0.3395181429473041,0.0,,0.5510204081632654,0.0
34,34,accumulation,N/A,1,0.27023514775026736,0.004731819779170662,,0.3050847457627119,0.0
34,34,accumulation,N/A,2,0.22859339130779385,0.00570483276793869,,0.196078431372549,0.0
34,34,accumulation,N/A,3,0.28054519199972633,0.0,,0.25,0.0
34,34,accumulation,N/A,4,0.2304429224198009,0.004868911566360403,,0.29906542056074764,0.0
34,34,accumulation,N/A,5,0.23506281039935029,0.0,,0.2222222222222222,0.0
34,34,accumulation,N/A,6,0.25314383730043133,0.0,,0.18181818181818182,0.0
34,34,accumulation,N/A,7,0.2347684556621874,0.0,,0.21739130434782608,0.0
34,34,refinement,0.5,0,0.3395181429473041,0.0,,0.5510204081632654,0.0
34,34,refinement,0.5,1,0.3257117082947784,0.0,,0.4810126582278481,0.125
34,34,refinement,0.5,2,0.2913718595855603,0.0,,0.5263157894736842,0.0
34,34,refinement,0.5,3,0.3552354319115151,0.0,,0.525,0.14285714285714285
34,34,refinement,0.5,4,0.34175618245615125,0.0,,0.6027397260273972,0.0
34,34,refinement,0.5,5,0.36020309630038094,0.0,,0.5714285714285715,0.14285714285714285
34,34,refinement,0.5,6,0.3551352886235177,0.0,,0.5185185185185186,0.14285714285714285
34,34,refinement,0.5,7,0.33153103331323136,0.0,,0.525,0.0
34,34,refinement,0.8,0,0.3395181429473041,0.0,,0.5510204081632654,0.0
34,34,refinement,0.8,1,0.2690479223053376,0.0,,0.4,0.0
34,34,refinement,0.8,2,0.361047612026616,0.0,,0.4927536231884058,0.14285714285714285
34,34,refinement,0.8,3,0.3062655219951592,0.0,,0.2807017543859649,0.0
34,34,refinement,0.8,4,0.27280087528783126,0.0,,0.34615384615384615,0.0
34,34,refinement,0.8,5,0.3007932180540617,0.0,,0.392156862745098,0.14285714285714285
34,34,refinement,0.8,6,0.2965528494747097,0.0,,0.326530612244898,0.14285714285714285
34,34,refinement,0.8,7,0.2959332508859,0.0,,0.34615384615384615,0.0
35,35,accumulation,N/A,0,0.2278789633937078,0.21000074914154945,,0.034482758620689655,0.0
35,35,accumulation,N/A,1,0.7172687142391304,0.8132099056412725,,0.8,0.0
35,35,accumulation,N/A,2,0.45817407516676495,0.11794633442357906,,0.5714285714285715,0.0
35,35,accumulation,N/A,3,0.44366622291085756,0.09782627453521298,,0.4444444444444445,0.25
35,35,accumulation,N/A,4,0.40013770435103313,0.19872366665478639,,0.4,0.25
35,35,accumulation,N/A,5,0.6339050196481758,0.40040382625075194,,0.5,1.0
35,35,accumulation,N/A,6,0.23679923392073204,0.12441674294960844,,0.18181818181818182,0.0
35,35,accumulation,N/A,7,0.36778434834981244,0.24093277535161364,,0.2,0.25
35,35,refinement,0.5,0,0.2278789633937078,0.21000074914154945,,0.034482758620689655,0.0
35,35,refinement,0.5,1,0.23675306567046606,0.21323746073626043,,0.03636363636363636,0.0
35,35,refinement,0.5,2,0.23547344553894586,0.20657379008825227,,0.05194805194805195,0.0
35,35,refinement,0.5,3,0.23371277041044952,0.15227623680594482,,0.04938271604938272,0.0
35,35,refinement,0.5,4,0.22788252326792802,0.17852434119425603,,0.07272727272727272,0.0
35,35,refinement,0.5,5,0.2323128627295401,0.18092851514914526,,0.10256410256410257,0.0
35,35,refinement,0.5,6,0.23767940806950402,0.17896190085404584,,0.125,0.0
35,35,refinement,0.5,7,0.23617497143214677,0.18048614714144562,,0.09302325581395349,0.0
35,35,refinement,0.8,0,0.2278789633937078,0.21000074914154945,,0.034482758620689655,0.0
35,35,refinement,0.8,1,0.19754497779223,0.07974512910897531,,0.07999999999999999,0.0
35,35,refinement,0.8,2,0.2805488773231718,0.10972929765394995,,0.1111111111111111,0.2
35,35,refinement,0.8,3,0.19961991368259882,0.0645991079325264,,0.13333333333333333,0.0
35,35,refinement,0.8,4,0.26165813298234275,0.09336499517537962,,0.10526315789473684,0.0
35,35,refinement,0.8,5,0.23955378584269396,0.13446588979062896,,0.07142857142857144,0.0
35,35,refinement,0.8,6,0.3105928769910219,0.18565824670439415,,0.16666666666666669,0.0
35,35,refinement,0.8,7,0.3452513278879774,0.214007000065346,,0.2,0.3333333333333333
36,36,accumulation,N/A,0,0.2954951310839679,0.003476157117534476,,0.29824561403508776,0.0
36,36,accumulation,N/A,1,0.373940805876821,0.01980880842866434,,0.47058823529411764,0.0
36,36,accumulation,N/A,2,0.354924478313835,0.015079240526925344,,0.5952380952380952,0.0
36,36,accumulation,N/A,3,0.38520234496433403,0.017755344433510935,,0.4533333333333333,0.14285714285714285
36,36,accumulation,N/A,4,0.46927423783335476,0.0009459568464502213,,0.5970149253731343,0.5
36,36,accumulation,N/A,5,0.39948388148521197,0.019277123585312524,,0.5376344086021505,0.0
36,36,accumulation,N/A,6,0.36350283234873043,0.013701936331390841,,0.5641025641025641,0.0
36,36,accumulation,N/A,7,0.3951538180147889,0.0008102264770915693,,0.4533333333333333,0.16666666666666666
36,36,refinement,0.5,0,0.2954951310839679,0.003476157117534476,,0.29824561403508776,0.0
36,36,refinement,0.5,1,0.2758982982016276,0.011939439602712798,,0.2905982905982906,0.0
36,36,refinement,0.5,2,0.27725906597152417,0.00503964697513114,,0.3404255319148936,0.0
36,36,refinement,0.5,3,0.29822213185918484,0.0060212830202704525,,0.3191489361702128,0.0
36,36,refinement,0.5,4,0.3281327183605102,0.01317745844173035,,0.38461538461538464,0.14285714285714285
36,36,refinement,0.5,5,0.3264448450848398,0.012580677486179142,,0.3950617283950617,0.14285714285714285
36,36,refinement,0.5,6,0.34591062806059325,0.0031759737130349795,,0.40963855421686746,0.14285714285714285
36,36,refinement,0.5,7,0.31822844446645737,0.01316439698389857,,0.35714285714285715,0.14285714285714285
36,36,refinement,0.8,0,0.2954951310839679,0.003476157117534476,,0.29824561403508776,0.0
36,36,refinement,0.8,1,0.3384214066113535,0.004427236359442121,,0.3738317757009345,0.14285714285714285
36,36,refinement,0.8,2,0.351714695994413,0.0012173565971034315,,0.43010752688172044,0.14285714285714285
36,36,refinement,0.8,3,0.328434804627344,0.00244983908493328,,0.4047619047619047,0.14285714285714285
36,36,refinement,0.8,4,0.3653377315056026,0.000623860647568436,,0.3838383838383838,0.2857142857142857
36,36,refinement,0.8,5,0.3249602847531308,0.003984036380424072,,0.3518518518518518,0.0
36,36,refinement,0.8,6,0.39159606288429205,0.02015762046200004,,0.47887323943661975,0.16666666666666666
36,36,refinement,0.8,7,0.33464389248766624,0.0005229420134029513,,0.4197530864197531,0.0
37,37,accumulation,N/A,0,0.22297989329639842,0.01962818358856265,,0.12658227848101267,0.0
37,37,accumulation,N/A,1,0.23298256106408055,0.012050795956718978,,0.21052631578947367,0.0
37,37,accumulation,N/A,2,0.312678717067254,0.09950463485416192,,0.3125,0.0
37,37,accumulation,N/A,3,0.4024234617226686,0.2848952128279761,,0.28571428571428564,0.2
37,37,accumulation,N/A,4,0.24662373289250472,0.03676701235925722,,0.15789473684210525,0.0
37,37,accumulation,N/A,5,0.4444023146889592,0.701433532362714,,0.23529411764705882,0.25
37,37,accumulation,N/A,6,0.35070594861323234,0.3263942327006601,,0.33333333333333326,0.0
37,37,accumulation,N/A,7,0.38685921952627167,0.3895656447594471,,0.32,0.0
37,37,refinement,0.5,0,0.22297989329639842,0.01962818358856265,,0.12658227848101267,0.0
37,37,refinement,0.5,1,0.22530030379778687,0.02830688336774771,,0.14388489208633096,0.0
37,37,refinement,0.5,2,0.22555855062307462,0.02980160452222898,,0.1834862385321101,0.0
37,37,refinement,0.5,3,0.22762302322513767,0.02663973408185456,,0.21739130434782605,0.0
37,37,refinement,0.5,4,0.2235163293453879,0.026893678798896387,,0.1834862385321101,0.0
37,37,refinement,0.5,5,0.22317449565360356,0.02409891750630401,,0.1694915254237288,0.0
37,37,refinement,0.5,6,0.22688139456511452,0.024268889132138566,,0.20833333333333334,0.0
37,37,refinement,0.5,7,0.22806000460833392,0.02461615301249822,,0.24390243902439027,0.0
37,37,refinement,0.8,0,0.22297989329639842,0.01962818358856265,,0.12658227848101267,0.0
37,37,refinement,0.8,1,0.2787986662435363,0.013831483772899588,,0.4255319148936171,0.14285714285714285
37,37,refinement,0.8,2,0.2607901466902306,0.011003686736565647,,0.25,0.14285714285714285
37,37,refinement,0.8,3,0.30925336700395617,0.01889722826698326,,0.4081632653061224,0.2
37,37,refinement,0.8,4,0.30318600967724296,0.07975981970153714,,0.4651162790697675,0.16666666666666666
37,37,refinement,0.8,5,0.23049015340558826,0.03376512056427717,,0.23529411764705882,0.0
37,37,refinement,0.8,6,0.29552271656917106,0.10804245725590686,,0.4390243902439024,0.14285714285714285
37,37,refinement,0.8,7,0.34311378572507734,0.06820311866658743,,0.5405405405405406,0.2
38,38,accumulation,N/A,0,0.1975362799362055,0.0007882899298811005,,0.06722689075630252,0.0
38,38,accumulation,N/A,1,0.19863244770939054,0.0,,0.125,0.0
38,38,accumulation,N/A,2,0.13031831289500942,0.0,,0.15384615384615383,0.0
38,38,accumulation,N/A,3,0.29997487543172213,0.04787619909121326,,0.2857142857142857,0.16666666666666666
38,38,accumulation,N/A,4,0.14869430969787362,0.006870569700951323,,0.21621621621621623,0.0
38,38,accumulation,N/A,5,0.2779405551636278,0.07522444796572016,,0.17142857142857143,0.14285714285714285
38,38,accumulation,N/A,6,0.1327804286879647,0.025155383987522564,,0.0027624309392265192,0.0
38,38,accumulation,N/A,7,0.17067599274453782,0.007180267026814344,,0.10256410256410256,0.0
38,38,refinement,0.5,0,0.1975362799362055,0.0007882899298811005,,0.06722689075630252,0.0
38,38,refinement,0.5,1,0.19902583395191004,0.00031174869018049726,,0.08080808080808081,0.0
38,38,refinement,0.5,2,0.20783468345488615,0.0007670085401334167,,0.06976744186046513,0.0
38,38,refinement,0.5,3,0.2102776730079357,0.007982090129406661,,0.11594202898550726,0.0
38,38,refinement,0.5,4,0.18604645743373527,0.00031681329651847974,,0.0923076923076923,0.0
38,38,refinement,0.5,5,0.18940642791639656,0.013414477081726014,,0.10714285714285714,0.0
38,38,refinement,0.5,6,0.18830748920796475,0.012420812112709277,,0.09836065573770493,0.0
38,38,refinement,0.5,7,0.1957073851030676,0.014685221705564752,,0.1,0.0
38,38,refinement,0.8,0,0.1975362799362055,0.0007882899298811005,,0.06722689075630252,0.0
38,38,refinement,0.8,1,0.21586448700828653,0.002486566106404422,,0.13114754098360656,0.0
38,38,refinement,0.8,2,0.24503020604700834,0.03803174469157356,,0.13333333333333333,0.125
38,38,refinement,0.8,3,0.2601907252510468,0.038191646736553016,,0.24489795918367344,0.14285714285714285
38,38,refinement,0.8,4,0.2530402637068631,0.14263772490686688,,0.1951219512195122,0.0
38,38,refinement,0.8,5,0.27453879545042176,0.13026217294253262,,0.23255813953488372,0.16666666666666666
38,38,refinement,0.8,6,0.2687326378103624,0.1221339188413329,,0.3333333333333333,0.0
38,38,refinement,0.8,7,0.24778487703501412,0.2799962675159805,,0.0975609756097561,0.0
39,39,accumulation,N/A,0,0.11452230266196725,0.0,,0.016949152542372885,0.0
39,39,accumulation,N/A,1,0.2883639933740917,0.0,,0.33333333333333337,0.0
39,39,accumulation,N/A,2,0.6744152451838014,0.0,,1.0,1.0
39,39,accumulation,N/A,3,0.8014911218715028,0.30096284639799376,,1.0,1.0
39,39,accumulation,N/A,4,0.18571315103880062,0.0,,0.0,0.0
39,39,accumulation,N/A,5,0.20350037233908197,0.0,,0.0,0.0
39,39,accumulation,N/A,6,0.5024629741562142,0.0,,0.0,1.0
39,39,accumulation,N/A,7,0.4977367137381421,0.023348746674072184,,0.6666666666666666,0.5
39,39,refinement,0.5,0,0.11452230266196725,0.0,,0.016949152542372885,0.0
39,39,refinement,0.5,1,0.13642075216300512,0.0,,0.017543859649122806,0.0
39,39,refinement,0.5,2,0.214281685734661,0.0,,0.02173913043478261,0.0
39,39,refinement,0.5,3,0.21151987861468985,0.0,,0.02,0.0
39,39,refinement,0.5,4,0.2108368715243708,0.0,,0.02469135802469136,0.0
39,39,refinement,0.5,5,0.20881733568009483,0.0,,0.024999999999999998,0.0
39,39,refinement,0.5,6,0.2026602536327638,0.0,,0.025974025974025976,0.0
39,39,refinement,0.5,7,0.2027361219935279,0.0,,0.031746031746031744,0.0
39,39,refinement,0.8,0,0.11452230266196725,0.0,,0.016949152542372885,0.0
39,39,refinement,0.8,1,0.2106922232836395,0.0,,0.06060606060606061,0.0
39,39,refinement,0.8,2,0.15946218978257815,0.0,,0.09523809523809523,0.0
39,39,refinement,0.8,3,0.15336327172971387,0.0,,0.08333333333333333,0.0
39,39,refinement,0.8,4,0.14498533303350028,0.0,,0.07692307692307693,0.0
39,39,refinement,0.8,5,0.19553604423474868,0.0,,0.18181818181818182,0.0
39,39,refinement,0.8,6,0.27202963073480074,0.0,,0.18181818181818182,0.0
39,39,refinement,0.8,7,0.17455583622993193,0.0,,0.18181818181818182,0.0
40,40,accumulation,N/A,0,0.1979400387810325,0.0024970041069911964,,0.014084507042253521,0.0
40,40,accumulation,N/A,1,0.2308640929505043,0.04801024655436849,,0.025641025641025647,0.0
40,40,accumulation,N/A,2,0.22677679449624186,0.03640744634794984,,0.026666666666666665,0.0
40,40,accumulation,N/A,3,0.20403487410981175,0.021151586368977775,,0.02247191011235955,0.0
40,40,accumulation,N/A,4,0.20855861685462973,0.03645710928319634,,0.05405405405405406,0.0
40,40,accumulation,N/A,5,0.21346245321909962,0.024620639258650504,,0.018018018018018018,0.0
40,40,accumulation,N/A,6,0.18113003126552224,0.07113626072139186,,0.02469135802469136,0.0
40,40,accumulation,N/A,7,0.21441325194639704,0.0,,0.01941747572815534,0.0
40,40,refinement,0.5,0,0.1979400387810325,0.0024970041069911964,,0.014084507042253521,0.0
40,40,refinement,0.5,1,0.18942526032087764,0.04158152408127641,,0.01886792452830189,0.0
40,40,refinement,0.5,2,0.19235987070430524,0.05434117966087272,,0.015873015873015872,0.0
40,40,refinement,0.5,3,0.19120784174342043,0.04757674545681232,,0.015873015873015872,0.0
40,40,refinement,0.5,4,0.19118620700836603,0.047469590624702365,,0.018691588785046728,0.0
40,40,refinement,0.5,5,0.191134839239321,0.04868675961507934,,0.01785714285714286,0.0
40,40,refinement,0.5,6,0.19043846256138688,0.04210037101097187,,0.019801980198019802,0.0
40,40,refinement,0.5,7,0.1897873353111864,0.04248223378658157,,0.0196078431372549,0.0
40,40,refinement,0.8,0,0.1979400387810325,0.0024970041069911964,,0.014084507042253521,0.0
40,40,refinement,0.8,1,0.1962926726684556,0.0414714068351606,,0.024390243902439022,0.0
40,40,refinement,0.8,2,0.19985838927516592,0.07146533752894997,,0.016949152542372885,0.0
40,40,refinement,0.8,3,0.22283426041763862,0.18260307450165844,,0.028985507246376812,0.0
40,40,refinement,0.8,4,0.2398711588023548,0.338323523248442,,0.021276595744680854,0.0
40,40,refinement,0.8,5,0.23009054432310855,0.1423235975203784,,0.017391304347826087,0.0
40,40,refinement,0.8,6,0.20871036508367274,0.03218296476644112,,0.028169014084507043,0.0
40,40,refinement,0.8,7,0.21647567121712533,0.031426469134717895,,0.042553191489361694,0.0
41,41,accumulation,N/A,0,0.29176031233626154,0.0008580553638511833,,0.23711340206185566,0.0
41,41,accumulation,N/A,1,0.2571398337399543,0.010511534239559526,,0.1839080459770115,0.0
41,41,accumulation,N/A,2,0.3029078898075806,0.002233561651512226,,0.178343949044586,0.0
41,41,accumulation,N/A,3,0.25977996542623705,0.000496918037787013,,0.22680412371134018,0.125
41,41,accumulation,N/A,4,0.22228436406387286,0.0527378930530266,,0.11764705882352941,0.0
41,41,accumulation,N/A,5,0.28578224462817525,0.017444299618402413,,0.21621621621621623,0.0
41,41,accumulation,N/A,6,0.30338726093405294,0.010878233901062748,,0.3333333333333333,0.125
41,41,accumulation,N/A,7,0.29916819356567614,0.013537055824781789,,0.13872832369942195,0.0
41,41,refinement,0.5,0,0.29176031233626154,0.0008580553638511833,,0.23711340206185566,0.0
41,41,refinement,0.5,1,0.29975395824882267,0.012188881718531318,,0.2408376963350785,0.0
41,41,refinement,0.5,2,0.31889663756508235,0.002796868766524049,,0.25698324022346375,0.0
41,41,refinement,0.5,3,0.3239824750006761,0.0040225396649786055,,0.2804878048780488,0.0
41,41,refinement,0.5,4,0.323837409474522,0.010354088988548137,,0.26829268292682923,0.125
41,41,refinement,0.5,5,0.31865596144127445,0.008468803961460854,,0.26744186046511625,0.0
41,41,refinement,0.5,6,0.3216823533442492,0.0012021581465893095,,0.3137254901960784,0.125
41,41,refinement,0.5,7,0.3124461958728774,0.006756416749182691,,0.26249999999999996,0.125
41,41,refinement,0.8,0,0.29176031233626154,0.0008580553638511833,,0.23711340206185566,0.0
41,41,refinement,0.8,1,0.3130259330768895,0.017685166416290074,,0.3464566929133858,0.0
41,41,refinement,0.8,2,0.31850662626500686,0.005853879926286505,,0.3037974683544304,0.125
41,41,refinement,0.8,3,0.29382630963949785,9.33692551932616e-05,,0.2692307692307692,0.0
41,41,refinement,0.8,4,0.31678619535702496,0.004566671231083408,,0.29166666666666674,0.125
41,41,refinement,0.8,5,0.2684241256695274,0.0,,0.16296296296296298,0.0
41,41,refinement,0.8,6,0.3111709665028697,0.019503179705002687,,0.2155688622754491,0.125
41,41,refinement,0.8,7,0.2602118817406394,0.0,,0.2077922077922078,0.0
42,42,accumulation,N/A,0,0.2524258529060841,0.0009451060785352538,,0.13270142180094785,0.0
42,42,accumulation,N/A,1,0.25535951388917627,4.652431030287775e-05,,0.36363636363636365,0.0
42,42,accumulation,N/A,2,0.26934254783918954,0.007506754201577061,,0.3181818181818182,0.0
42,42,accumulation,N/A,3,0.1880451806855822,0.0,,0.08,0.0
42,42,accumulation,N/A,4,0.3139732974051478,0.028719790012740762,,0.33663366336633666,0.0
42,42,accumulation,N/A,5,0.2705374634429486,0.004096269836069579,,0.326530612244898,0.0
42,42,accumulation,N/A,6,0.3598978133877388,0.0002926255702038382,,0.7804878048780487,0.0
42,42,accumulation,N/A,7,0.17165074854577042,0.008072465648572565,,0.2616822429906542,0.0
42,42,refinement,0.5,0,0.2524258529060841,0.0009451060785352538,,0.13270142180094785,0.0
42,42,refinement,0.5,1,0.2594543757210098,0.007844610443723228,,0.16666666666666669,0.0
42,42,refinement,0.5,2,0.26096425929015843,0.00037784751376079926,,0.21333333333333332,0.0
42,42,refinement,0.5,3,0.2632617430555111,0.0004563510172528223,,0.1954887218045113,0.0
42,42,refinement,0.5,4,0.27581740811944055,3.6089710811232275e-05,,0.28037383177570085,0.0
42,42,refinement,0.5,5,0.2697907106124562,0.0014911136499960087,,0.21848739495798317,0.0
42,42,refinement,0.5,6,0.264724522375694,0.0010838435303017135,,0.23728813559322037,0.0
42,42,refinement,0.5,7,0.26511761960190866,0.0,,0.23931623931623933,0.0
42,42,refinement,0.8,0,0.2524258529060841,0.0009451060785352538,,0.13270142180094785,0.0
42,42,refinement,0.8,1,0.26511750614058266,0.0005089387308600368,,0.19767441860465118,0.0
42,42,refinement,0.8,2,0.24556501018874494,0.0,,0.174496644295302,0.0
42,42,refinement,0.8,3,0.27384573714926486,0.004704309266077609,,0.2027027027027027,0.14285714285714285
42,42,refinement,0.8,4,0.25512530533941474,0.004775285696129368,,0.203125,0.0
42,42,refinement,0.8,5,0.2654326832138539,0.005733108292129825,,0.22429906542056074,0.0
42,42,refinement,0.8,6,0.25371400331106464,0.0007106672679079903,,0.24390243902439024,0.0
42,42,refinement,0.8,7,0.27383176063624814,0.0018842390965923429,,0.2595419847328244,0.0
43,43,accumulation,N/A,0,0.33331177778945503,0.022624742934648376,,0.46376811594202894,0.0
43,43,accumulation,N/A,1,0.3404469493714678,0.015258593165837069,,0.5783132530120482,0.25
43,43,accumulation,N/A,2,0.3152571169743273,0.00396428712334767,,0.6031746031746033,0.125
43,43,accumulation,N/A,3,0.29551278923191754,0.018543708540193552,,0.4666666666666667,0.0
43,43,accumulation,N/A,4,0.20680274319196498,0.0029821512255769427,,0.4776119402985074,0.25
43,43,accumulation,N/A,5,0.2974331800280464,0.005577925771714278,,0.5185185185185185,0.25
43,43,accumulation,N/A,6,0.13431006011042113,0.005575663556036851,,0.30303030303030304,0.0
43,43,accumulation,N/A,7,0.14290115554079086,0.015685682173567066,,0.12,0.0
43,43,refinement,0.5,0,0.33331177778945503,0.022624742934648376,,0.46376811594202894,0.0
43,43,refinement,0.5,1,0.345239189320945,0.010495948905327002,,0.42962962962962964,0.125
43,43,refinement,0.5,2,0.3382051309005184,0.010220702883794008,,0.5196850393700787,0.0
43,43,refinement,0.5,3,0.3294615090922651,0.002393479747247474,,0.46616541353383456,0.0
43,43,refinement,0.5,4,0.3340363456268589,0.011171647775539518,,0.48000000000000004,0.0
43,43,refinement,0.5,5,0.34661117961774046,0.010796876444843563,,0.44776119402985076,0.125
43,43,refinement,0.5,6,0.33348432828577024,0.010621546056332387,,0.5,0.125
43,43,refinement,0.5,7,0.3497150774946194,0.012345997945869316,,0.5714285714285715,0.125
43,43,refinement,0.8,0,0.33331177778945503,0.022624742934648376,,0.46376811594202894,0.0
43,43,refinement,0.8,1,0.34445209620323153,0.014880949104126361,,0.5567010309278351,0.125
43,43,refinement,0.8,2,0.34062385046129245,0.014381223275506496,,0.5346534653465347,0.125
43,43,refinement,0.8,3,0.3383814093451636,0.0299584062870892,,0.6170212765957447,0.0
43,43,refinement,0.8,4,0.2583860285781485,0.02136441945267718,,0.48101265822784817,0.0
43,43,refinement,0.8,5,0.32195066832862657,0.03202468400020233,,0.5945945945945946,0.25
43,43,refinement,0.8,6,0.33451755687131435,0.020697642843577658,,0.5454545454545454,0.25
43,43,refinement,0.8,7,0.35867615346888837,0.01599039103397772,,0.5882352941176471,0.25
44,44,accumulation,N/A,0,0.3331560083241118,0.007723452009543012,,0.45810055865921784,0.0
44,44,accumulation,N/A,1,0.16948813175044813,0.011540807042696588,,0.06896551724137931,0.0
44,44,accumulation,N/A,2,0.24893512949134183,0.0,,0.16,0.125
44,44,accumulation,N/A,3,0.35728352350128645,0.015483880644433432,,0.37499999999999994,0.2857142857142857
44,44,accumulation,N/A,4,0.24048731662432665,0.024408874173191413,,0.20895522388059698,0.0
44,44,accumulation,N/A,5,0.39726598745523106,0.0031229630241373183,,0.5148514851485148,0.14285714285714285
44,44,accumulation,N/A,6,0.1790634164130287,0.0003474300081925815,,0.19672131147540983,0.0
44,44,accumulation,N/A,7,0.34387250933480956,0.015598202299426326,,0.33707865168539325,0.25
44,44,refinement,0.5,0,0.3331560083241118,0.007723452009543012,,0.45810055865921784,0.0
44,44,refinement,0.5,1,0.36327014560031645,0.006442371794087608,,0.543046357615894,0.125
44,44,refinement,0.5,2,0.3439634434189255,0.010770743178625385,,0.4966442953020134,0.0
44,44,refinement,0.5,3,0.3514217350887532,0.013686107668272277,,0.5323741007194245,0.0
44,44,refinement,0.5,4,0.3354583239505713,0.005990094818531824,,0.45859872611464964,0.0
44,44,refinement,0.5,5,0.35056407223806985,0.00800603055611767,,0.5581395348837209,0.0
44,44,refinement,0.5,6,0.37623219548564724,0.009680322749496017,,0.45925925925925926,0.25
44,44,refinement,0.5,7,0.35233804528676543,0.008788222463014249,,0.5483870967741936,0.0
44,44,refinement,0.8,0,0.3331560083241118,0.007723452009543012,,0.45810055865921784,0.0
44,44,refinement,0.8,1,0.35562362348814525,0.006255569980829405,,0.5106382978723405,0.125
44,44,refinement,0.8,2,0.30293458043683463,0.008741598932231816,,0.3728813559322034,0.0
44,44,refinement,0.8,3,0.32973162330522776,0.005388628109171675,,0.44827586206896547,0.0
44,44,refinement,0.8,4,0.32195817420806516,0.0036392067214892163,,0.421875,0.0
44,44,refinement,0.8,5,0.3204238223771949,0.015949063775252407,,0.26530612244897955,0.125
44,44,refinement,0.8,6,0.2878646871621505,0.00366313668569686,,0.24060150375939848,0.125
44,44,refinement,0.8,7,0.3561512035425357,0.0016063210559883298,,0.537037037037037,0.0
45,45,accumulation,N/A,0,0.19945096426421566,0.028430961803093662,,0.026845637583892617,0.0
45,45,accumulation,N/A,1,0.19378916447388705,0.04577019725906758,,0.03636363636363636,0.0
45,45,accumulation,N/A,2,0.25248135347423173,0.11549827636230871,,0.027397260273972605,0.2
45,45,accumulation,N/A,3,0.31012405933332465,0.17465063586995883,,0.08,0.3333333333333333
45,45,accumulation,N/A,4,0.2641002073821944,0.44312572791303906,,0.05263157894736842,0.0
45,45,accumulation,N/A,5,0.19247953852902283,0.019127291071128243,,0.06153846153846154,0.0
45,45,accumulation,N/A,6,0.1964677603624259,0.0072622414408175994,,0.04395604395604395,0.0
45,45,accumulation,N/A,7,0.1569064482707564,0.01662437850625593,,0.0909090909090909,0.0
45,45,refinement,0.5,0,0.19945096426421566,0.028430961803093662,,0.026845637583892617,0.0
45,45,refinement,0.5,1,0.20002186805567498,0.03193095968308463,,0.029411764705882353,0.0
45,45,refinement,0.5,2,0.2016821077589826,0.034693068065337916,,0.03669724770642201,0.0
45,45,refinement,0.5,3,0.20094583552088427,0.024807577745821374,,0.04210526315789474,0.0
45,45,refinement,0.5,4,0.20123782181698546,0.026201386671245414,,0.0449438202247191,0.0
45,45,refinement,0.5,5,0.20152613667896419,0.024305290001295117,,0.048192771084337345,0.0
45,45,refinement,0.5,6,0.19956591658400585,0.013719058646394656,,0.04395604395604395,0.0
45,45,refinement,0.5,7,0.20060193575685306,0.015331517115863988,,0.05194805194805195,0.0
45,45,refinement,0.8,0,0.19945096426421566,0.028430961803093662,,0.026845637583892617,0.0
45,45,refinement,0.8,1,0.21064784075068366,0.04309949225334491,,0.041237113402061855,0.0
45,45,refinement,0.8,2,0.2145028839961912,0.06601476215824237,,0.04081632653061224,0.0
45,45,refinement,0.8,3,0.21094654860329443,0.06126521522059469,,0.04545454545454545,0.0
45,45,refinement,0.8,4,0.22271828149662454,0.06738152742031776,,0.06896551724137931,0.0
45,45,refinement,0.8,5,0.21618363470343532,0.018438863097439372,,0.11764705882352941,0.0
45,45,refinement,0.8,6,0.19687906892948925,0.016012044949107605,,0.05479452054794521,0.0
45,45,refinement,0.8,7,0.22022308402095525,0.023060766817606642,,0.1142857142857143,0.0
46,46,accumulation,N/A,0,0.18103237742491857,0.0007703788632367584,,0.022857142857142854,0.0
46,46,accumulation,N/A,1,0.15491259765701504,0.03219248218807297,,0.10526315789473684,0.0
46,46,accumulation,N/A,2,0.24154220753031652,0.15296624837719325,,0.18181818181818182,0.0
46,46,accumulation,N/A,3,0.14716594516310144,0.012644466968077906,,0.041237113402061855,0.0
46,46,accumulation,N/A,4,0.15338504989547994,0.08407433941590473,,0.1904761904761905,0.0
46,46,accumulation,N/A,5,0.18307628947993343,0.0366827608290273,,0.047619047619047616,0.0
46,46,accumulation,N/A,6,0.2425840049262501,0.0,,0.1818181818181818,0.0
46,46,accumulation,N/A,7,0.19871925207774443,0.021039036373958125,,0.04597701149425288,0.0
46,46,refinement,0.5,0,0.18103237742491857,0.0007703788632367584,,0.022857142857142854,0.0
46,46,refinement,0.5,1,0.18537166901697313,0.0001974180477190364,,0.030303030303030307,0.0
46,46,refinement,0.5,2,0.1755413667093481,0.02181219917402084,,0.032,0.0
46,46,refinement,0.5,3,0.17707875175721183,0.019879345895514773,,0.03960396039603961,0.0
46,46,refinement,0.5,4,0.1858206146809379,0.017502896603989862,,0.03418803418803419,0.0
46,46,refinement,0.5,5,0.18136213916911698,0.0,,0.03960396039603961,0.0
46,46,refinement,0.5,6,0.17129375227123758,0.0,,0.043010752688172046,0.0
46,46,refinement,0.5,7,0.18914474534594433,0.01397491548811719,,0.038834951456310676,0.0
46,46,refinement,0.8,0,0.18103237742491857,0.0007703788632367584,,0.022857142857142854,0.0
46,46,refinement,0.8,1,0.19472190331168937,0.035698787948322104,,0.07843137254901959,0.0
46,46,refinement,0.8,2,0.21686082333325937,0.03513407776829282,,0.044444444444444446,0.0
46,46,refinement,0.8,3,0.20608564417622033,0.06740063608264489,,0.06451612903225806,0.0
46,46,refinement,0.8,4,0.2225978270147623,0.13160460355529133,,0.041237113402061855,0.0
46,46,refinement,0.8,5,0.2544317959130788,0.13645231612378328,,0.14285714285714288,0.0
46,46,refinement,0.8,6,0.22865980992559853,0.09543467831671187,,0.1142857142857143,0.0
46,46,refinement,0.8,7,0.19327847955357236,0.051147198422697146,,0.06153846153846154,0.0
47,47,accumulation,N/A,0,0.29993142978147486,0.010437756443471438,,0.2645502645502646,0.0
47,47,accumulation,N/A,1,0.19765050059392458,0.0,,0.19999999999999998,0.0
47,47,accumulation,N/A,2,0.32083440396595486,0.03176391076267728,,0.42857142857142855,0.0
47,47,accumulation,N/A,3,0.35984428950136443,0.02054777465244896,,0.6206896551724138,0.0
47,47,accumulation,N/A,4,0.3235432496412786,0.020689069256114585,,0.5384615384615384,0.14285714285714285
47,47,accumulation,N/A,5,0.41696317368105057,0.03949113723549085,,0.6666666666666665,0.5
47,47,accumulation,N/A,6,0.35187515596994257,0.03329447081531222,,0.6046511627906976,0.0
47,47,accumulation,N/A,7,0.34490183170667654,0.015802566068051267,,0.41269841269841273,0.14285714285714285
47,47,refinement,0.5,0,0.29993142978147486,0.010437756443471438,,0.2645502645502646,0.0
47,47,refinement,0.5,1,0.3106668130018595,0.007148552632963691,,0.2823529411764706,0.0
47,47,refinement,0.5,2,0.31105420027065445,0.0031035528072596162,,0.3026315789473685,0.0
47,47,refinement,0.5,3,0.3292923660128747,0.006205483278499945,,0.28767123287671237,0.125
47,47,refinement,0.5,4,0.311319950813376,0.002617885553265989,,0.31496062992125984,0.125
47,47,refinement,0.5,5,0.3052994623398136,0.022721232850273963,,0.3448275862068966,0.0
47,47,refinement,0.5,6,0.3027185095120828,0.023065396682132012,,0.3103448275862069,0.0
47,47,refinement,0.5,7,0.3104996497040736,0.034259185013360345,,0.44680851063829796,0.0
47,47,refinement,0.8,0,0.29993142978147486,0.010437756443471438,,0.2645502645502646,0.0
47,47,refinement,0.8,1,0.31493696838146445,0.0017634702092867724,,0.3953488372093023,0.0
47,47,refinement,0.8,2,0.3217325189819368,0.04263326086927772,,0.37500000000000006,0.0
47,47,refinement,0.8,3,0.30207970336007706,0.03909704249670653,,0.4193548387096775,0.0
47,47,refinement,0.8,4,0.38433144656700885,0.029968345882280947,,0.5581395348837209,0.3333333333333333
47,47,refinement,0.8,5,0.3265558347454636,0.03761163873537943,,0.3859649122807018,0.14285714285714285
47,47,refinement,0.8,6,0.31522234504946933,0.0565660968484643,,0.3333333333333333,0.0
47,47,refinement,0.8,7,0.275848305981671,0.0330421554234419,,0.411764705882353,0.0
48,48,accumulation,N/A,0,0.2543384475476588,0.021845586200040703,,0.12977099236641224,0.0
48,48,accumulation,N/A,1,0.217592735358681,0.012915905590099511,,0.027649769585253454,0.0
48,48,accumulation,N/A,2,0.21620335995960582,0.0,,0.31746031746031744,0.0
48,48,accumulation,N/A,3,0.3084384355307183,0.00590741048657213,,0.5,0.0
48,48,accumulation,N/A,4,0.18628804078464375,0.0,,0.0945945945945946,0.0
48,48,accumulation,N/A,5,0.24127751966437644,0.0,,0.3103448275862069,0.0
48,48,accumulation,N/A,6,0.2031843916969392,0.0,,0.3181818181818182,0.0
48,48,accumulation,N/A,7,0.22339832961724215,0.001636410342308571,,0.12173913043478263,0.0
48,48,refinement,0.5,0,0.2543384475476588,0.021845586200040703,,0.12977099236641224,0.0
48,48,refinement,0.5,1,0.29811410767489643,0.018414724759068215,,0.17391304347826084,0.25
48,48,refinement,0.5,2,0.24578852967800313,0.03372868947374674,,0.20547945205479454,0.0
48,48,refinement,0.5,3,0.24872119184229968,0.019379633070496203,,0.24806201550387594,0.0
48,48,refinement,0.5,4,0.24297794174165083,0.032810450254729354,,0.1904761904761905,0.0
48,48,refinement,0.5,5,0.24668062252797085,0.02701880392660117,,0.19402985074626866,0.0
48,48,refinement,0.5,6,0.24873258210642213,0.014358480641757031,,0.23529411764705885,0.0
48,48,refinement,0.5,7,0.25039378482651686,0.018164512440855086,,0.2727272727272727,0.0
48,48,refinement,0.8,0,0.2543384475476588,0.021845586200040703,,0.12977099236641224,0.0
48,48,refinement,0.8,1,0.24171894316721015,0.01898879730477743,,0.17647058823529413,0.0
48,48,refinement,0.8,2,0.3004395195660443,0.02000793081921169,,0.4150943396226416,0.0
48,48,refinement,0.8,3,0.29881559843457167,0.0,,0.35087719298245607,0.0
48,48,refinement,0.8,4,0.30419153223237294,0.00020892904349857316,,0.45283018867924524,0.0
48,48,refinement,0.8,5,0.3274824134139181,0.0,,0.5217391304347826,0.0
48,48,refinement,0.8,6,0.293075040512003,0.0,,0.46153846153846156,0.0
48,48,refinement,0.8,7,0.3023236079392849,0.0,,0.5,0.0
49,49,accumulation,N/A,0,0.27191755979912513,0.01215218328650285,,0.11564625850340136,0.0
49,49,accumulation,N/A,1,0.2971703049258444,0.0,,0.5517241379310345,0.0
49,49,accumulation,N/A,2,0.3527225305879935,0.05907576576206688,,0.4230769230769231,0.14285714285714285
49,49,accumulation,N/A,3,0.28661101789452204,0.0008474030833707521,,0.26666666666666666,0.0
49,49,accumulation,N/A,4,0.2736969271666532,0.013892226629803729,,0.3181818181818182,0.14285714285714285
49,49,accumulation,N/A,5,0.41271400455742935,0.035454381406235844,,0.4827586206896552,0.2
49,49,accumulation,N/A,6,0.3265135445757749,0.0,,0.2608695652173913,0.16666666666666666
49,49,accumulation,N/A,7,0.39403992278978833,0.038002198389666696,,0.5660377358490566,0.16666666666666666
49,49,refinement,0.5,0,0.27191755979912513,0.01215218328650285,,0.11564625850340136,0.0
49,49,refinement,0.5,1,0.2773858054249865,0.013464603252362116,,0.1566820276497696,0.0
49,49,refinement,0.5,2,0.2895162558642424,0.027875666533254476,,0.15920398009950248,0.125
49,49,refinement,0.5,3,0.2583582673845006,0.02099506896019198,,0.17142857142857143,0.0
49,49,refinement,0.5,4,0.26595733953375883,0.012510812599421453,,0.175,0.0
49,49,refinement,0.5,5,0.2686891735456301,0.021149666734645484,,0.16883116883116883,0.0
49,49,refinement,0.5,6,0.2697641334114645,0.0403066694275171,,0.15286624203821655,0.0
49,49,refinement,0.5,7,0.27797619803969476,0.03212192051711061,,0.20634920634920637,0.0
49,49,refinement,0.8,0,0.27191755979912513,0.01215218328650285,,0.11564625850340136,0.0
49,49,refinement,0.8,1,0.2228265605690605,0.006673227404644145,,0.13636363636363638,0.0
49,49,refinement,0.8,2,0.24795393327891013,0.005411473018906441,,0.26506024096385544,0.0
49,49,refinement,0.8,3,0.21720272731954698,0.000630550256900312,,0.1869158878504673,0.0
49,49,refinement,0.8,4,0.23835343436674356,0.0006909573025088721,,0.19565217391304346,0.0
49,49,refinement,0.8,5,0.23572794349044074,0.0007773269653224811,,0.09302325581395349,0.0
49,49,refinement,0.8,6,0.22675649601232134,0.003370042016230093,,0.16363636363636364,0.0
49,49,refinement,0.8,7,0.24016945024896402,0.0025049351548722823,,0.14492753623188406,0.14285714285714285
50,50,accumulation,N/A,0,0.29170150208317686,0.005615681297513911,,0.24875621890547264,0.125
50,50,accumulation,N/A,1,0.3374598568754415,0.0053125368617315824,,0.41025641025641024,0.25
50,50,accumulation,N/A,2,0.20590704482277597,0.013097704881665772,,0.2285714285714286,0.0
50,50,accumulation,N/A,3,0.16859011373853533,0.04428340011936229,,0.0689655172413793,0.0
50,50,accumulation,N/A,4,0.21759476306919717,0.007634385348470667,,0.18181818181818182,0.0
50,50,accumulation,N/A,5,0.1893770118293621,0.0,,0.0689655172413793,0.0
50,50,accumulation,N/A,6,0.4159787486384973,0.017763017836972345,,0.5517241379310344,0.2857142857142857
50,50,accumulation,N/A,7,0.299198645058992,0.0014045494006527848,,0.2641509433962264,0.14285714285714285
50,50,refinement,0.5,0,0.29170150208317686,0.005615681297513911,,0.24875621890547264,0.125
50,50,refinement,0.5,1,0.2937475700084462,0.0048549612798135236,,0.3609022556390978,0.0
50,50,refinement,0.5,2,0.29752016473680454,0.0057880531387244395,,0.3503649635036496,0.0
50,50,refinement,0.5,3,0.32361225375712105,0.005627859130079433,,0.4403669724770642,0.125
50,50,refinement,0.5,4,0.30712409676034924,0.008994776200432729,,0.4752475247524752,0.0
50,50,refinement,0.5,5,0.29333295298422646,0.006525913240835057,,0.38655462184873945,0.0
50,50,refinement,0.5,6,0.3220124269867901,0.010127959128830157,,0.42,0.0
50,50,refinement,0.5,7,0.3200177777984953,0.008911848509644773,,0.423076923076923,0.0
50,50,refinement,0.8,0,0.29170150208317686,0.005615681297513911,,0.24875621890547264,0.125
50,50,refinement,0.8,1,0.2723435063450065,0.008440116776610808,,0.3511450381679389,0.0
50,50,refinement,0.8,2,0.3557890884743116,0.006484708923019025,,0.3125,0.14285714285714285
50,50,refinement,0.8,3,0.32863418637852293,0.01496910355823437,,0.39999999999999997,0.14285714285714285
50,50,refinement,0.8,4,0.3530056459848904,0.013933186254903729,,0.4597701149425287,0.125
50,50,refinement,0.8,5,0.3323619922400929,0.013881181537555728,,0.3738317757009346,0.125
50,50,refinement,0.8,6,0.3110293820343988,0.01588854184373089,,0.4038461538461538,0.0
50,50,refinement,0.8,7,0.3346815378005095,0.012554137357723878,,0.4,0.14285714285714285
51,51,accumulation,N/A,0,0.15599015388398868,0.0,,0.031746031746031744,0.0
51,51,accumulation,N/A,1,0.78302084226457,0.4459454977231477,,1.0,1.0
51,51,accumulation,N/A,2,0.4304590758004002,0.6562927522008095,,0.08,0.0
51,51,accumulation,N/A,3,0.48595478334142705,0.7607773316858734,,0.28571428571428575,0.3333333333333333
51,51,accumulation,N/A,4,0.30883995917502205,0.12110547554699944,,0.12903225806451613,0.0
51,51,accumulation,N/A,5,0.5001620754715439,0.32625909631773536,,0.4,0.0
51,51,accumulation,N/A,6,0.21601527390481473,0.05348126042089523,,0.18181818181818182,0.0
51,51,accumulation,N/A,7,0.34484995333518415,0.1580093250590204,,0.5714285714285715,0.0
51,51,refinement,0.5,0,0.15599015388398868,0.0,,0.031746031746031744,0.0
51,51,refinement,0.5,1,0.15888256168602238,9.550930430156306e-05,,0.0392156862745098,0.0
51,51,refinement,0.5,2,0.15886688809335617,0.00011765390193387408,,0.038461538461538464,0.0
51,51,refinement,0.5,3,0.15845560133094402,0.0,,0.039999999999999994,0.0
51,51,refinement,0.5,4,0.16850804098943395,0.00011115116886570254,,0.039999999999999994,0.0
51,51,refinement,0.5,5,0.15863942068597436,0.0,,0.03603603603603604,0.0
51,51,refinement,0.5,6,0.15843692480463126,0.003947863745211281,,0.03305785123966942,0.0
51,51,refinement,0.5,7,0.15949145270095466,0.003713320233792698,,0.04210526315789474,0.0
51,51,refinement,0.8,0,0.15599015388398868,0.0,,0.031746031746031744,0.0
51,51,refinement,0.8,1,0.18887143422150426,0.029599506644991495,,0.047058823529411764,0.0
51,51,refinement,0.8,2,0.19708367843947291,0.04493558377897662,,0.05797101449275362,0.0
51,51,refinement,0.8,3,0.21097109739650904,0.05469215624605242,,0.06666666666666667,0.0
51,51,refinement,0.8,4,0.1882655344158614,0.02761588413531111,,0.07407407407407407,0.0
51,51,refinement,0.8,5,0.2130084958246365,0.062196024068809114,,0.1081081081081081,0.0
51,51,refinement,0.8,6,0.201298289494622,0.04397509845919029,,0.07017543859649122,0.0
51,51,refinement,0.8,7,0.20561602664410317,0.05457338040170798,,0.05194805194805195,0.0
52,52,accumulation,N/A,0,0.20661917494685011,0.036826235250828405,,0.017467248908296942,0.0
52,52,accumulation,N/A,1,0.572628751203358,0.48113171163139073,,0.6666666666666666,0.0
52,52,accumulation,N/A,2,0.17149059424691904,0.0,,0.07017543859649122,0.0
52,52,accumulation,N/A,3,0.527742508790595,0.5351588059216226,,0.5714285714285715,0.3333333333333333
52,52,accumulation,N/A,4,0.8235536658573177,0.5991676644415215,,1.0,1.0
52,52,accumulation,N/A,5,0.3601263472160694,0.33949178103489214,,0.12121212121212122,0.0
52,52,accumulation,N/A,6,0.20208850344638285,0.02474374533017879,,0.032520325203252036,0.0
52,52,accumulation,N/A,7,0.5086927192434958,0.4059008970163822,,0.6666666666666666,0.5
52,52,refinement,0.5,0,0.20661917494685011,0.036826235250828405,,0.017467248908296942,0.0
52,52,refinement,0.5,1,0.20451410331616535,0.02779718305940619,,0.017621145374449337,0.0
52,52,refinement,0.5,2,0.20344741591025128,0.016925403851150912,,0.020833333333333332,0.0
52,52,refinement,0.5,3,0.19905980769539922,0.017444006171445054,,0.02631578947368421,0.0
52,52,refinement,0.5,4,0.19917548503800725,0.020351340533352556,,0.023255813953488372,0.0
52,52,refinement,0.5,5,0.20003592245220186,0.02079319975160693,,0.031746031746031744,0.0
52,52,refinement,0.5,6,0.2035489570912291,0.020793546877694177,,0.032520325203252036,0.0
52,52,refinement,0.5,7,0.1997084637958229,0.017091456984075132,,0.02985074626865672,0.0
52,52,refinement,0.8,0,0.20661917494685011,0.036826235250828405,,0.017467248908296942,0.0
52,52,refinement,0.8,1,0.2071576236152567,0.015532766574626634,,0.02259887005649718,0.0
52,52,refinement,0.8,2,0.22507668695871735,0.044653920357147714,,0.019047619047619046,0.0
52,52,refinement,0.8,3,0.19936392317723403,0.02664603609190626,,0.059701492537313446,0.0
52,52,refinement,0.8,4,0.23127052300115147,0.0437592190141658,,0.07142857142857142,0.0
52,52,refinement,0.8,5,0.23003370720507993,0.058865148924595184,,0.05063291139240507,0.0
52,52,refinement,0.8,6,0.21191930521539332,0.05721574082749445,,0.0689655172413793,0.0
52,52,refinement,0.8,7,0.21628756313189562,0.04905269267746011,,0.07692307692307693,0.0
53,53,accumulation,N/A,0,0.20833852961708246,0.017641898318396215,,0.03333333333333333,0.0
53,53,accumulation,N/A,1,0.22388066938584475,0.09617582751899756,,0.007194244604316546,0.0
53,53,accumulation,N/A,2,0.25350165834418253,0.24151711240338863,,0.09090909090909091,0.0
53,53,accumulation,N/A,3,0.25338862469876267,0.14356326807121095,,0.30769230769230765,0.0
53,53,accumulation,N/A,4,0.31924723523031195,0.28641646656724146,,0.36363636363636365,0.0
53,53,accumulation,N/A,5,0.2792366794248158,0.05839169862031535,,0.26666666666666666,0.2
53,53,accumulation,N/A,6,0.47551413628384254,0.5561633541493981,,0.5714285714285715,0.0
53,53,accumulation,N/A,7,0.3861190341107546,0.19943439957842996,,0.4,0.3333333333333333
53,53,refinement,0.5,0,0.20833852961708246,0.017641898318396215,,0.03333333333333333,0.0
53,53,refinement,0.5,1,0.21425837176243673,0.015918094797524537,,0.046153846153846156,0.0
53,53,refinement,0.5,2,0.21307285811736154,0.02166090046640333,,0.05454545454545455,0.0
53,53,refinement,0.5,3,0.21759195079293414,0.027777122513959543,,0.0625,0.0
53,53,refinement,0.5,4,0.21961957677610752,0.023712907917276774,,0.05882352941176471,0.0
53,53,refinement,0.5,5,0.22925297284528884,0.02385788489800347,,0.06382978723404255,0.0
53,53,refinement,0.5,6,0.220089269239591,0.02527596003347718,,0.06000000000000001,0.0
53,53,refinement,0.5,7,0.22505315028586104,0.024574019067947563,,0.08571428571428572,0.0
53,53,refinement,0.8,0,0.20833852961708246,0.017641898318396215,,0.03333333333333333,0.0
53,53,refinement,0.8,1,0.2339223549722849,0.02350751157149129,,0.07142857142857142,0.0
53,53,refinement,0.8,2,0.23207292255943235,0.04246404007710305,,0.07894736842105263,0.0
53,53,refinement,0.8,3,0.22996248791175178,0.050699744640415496,,0.08450704225352113,0.0
53,53,refinement,0.8,4,0.23106603065395065,0.049904861872397926,,0.0689655172413793,0.0
53,53,refinement,0.8,5,0.23721687012459236,0.03357631237775684,,0.08333333333333333,0.0
53,53,refinement,0.8,6,0.2400686451964678,0.03634750521954284,,0.12244897959183672,0.0
53,53,refinement,0.8,7,0.21840037144309918,0.03150366075913542,,0.125,0.0
54,54,accumulation,N/A,0,0.19889382981228443,0.004616710080820162,,0.05737704918032786,0.0
54,54,accumulation,N/A,1,0.21686179144778758,0.3175547231915722,,0.22222222222222224,0.25
54,54,accumulation,N/A,2,0.21071379191222486,0.14832580419839517,,0.1176470588235294,0.0
54,54,accumulation,N/A,3,0.3263263293256795,0.024630625975870606,,0.16666666666666669,0.0
54,54,accumulation,N/A,4,0.23299569760441607,0.0,,0.4,0.0
54,54,accumulation,N/A,5,0.30351094769458276,0.06404303786486798,,0.2,0.2
54,54,accumulation,N/A,6,0.3732617899048644,0.12592235467152385,,0.47058823529411764,0.2
54,54,accumulation,N/A,7,0.44007374066513705,0.16915373453239474,,0.5333333333333333,0.25
54,54,refinement,0.5,0,0.19889382981228443,0.004616710080820162,,0.05737704918032786,0.0
54,54,refinement,0.5,1,0.21286522733028967,0.016332406461161707,,0.08333333333333333,0.0
54,54,refinement,0.5,2,0.20935153356573985,0.02856131955068195,,0.10687022900763359,0.0
54,54,refinement,0.5,3,0.20331968960600716,0.0023769988727955485,,0.125,0.0
54,54,refinement,0.5,4,0.21934013589134166,0.006320230258054359,,0.1590909090909091,0.0
54,54,refinement,0.5,5,0.20005647602399468,0.006498288794803623,,0.14736842105263157,0.0
54,54,refinement,0.5,6,0.2043851520375965,0.0062838338253317725,,0.17073170731707318,0.0
54,54,refinement,0.5,7,0.21075094301284358,0.005650910012313387,,0.21212121212121215,0.0
54,54,refinement,0.8,0,0.19889382981228443,0.004616710080820162,,0.05737704918032786,0.0
54,54,refinement,0.8,1,0.20373417414315287,0.0034881869092113025,,0.21818181818181817,0.0
54,54,refinement,0.8,2,0.22925363962572598,0.0010823995351698548,,0.20338983050847456,0.0
54,54,refinement,0.8,3,0.2505457653066032,0.00017828941602779556,,0.23076923076923078,0.0
54,54,refinement,0.8,4,0.2336715578310568,2.462038709607715e-05,,0.18181818181818182,0.0
54,54,refinement,0.8,5,0.21151136699701123,2.6125605466047573e-05,,0.19047619047619044,0.0
54,54,refinement,0.8,6,0.22878058510911867,0.028618566155983956,,0.1176470588235294,0.0
54,54,refinement,0.8,7,0.22930848603008824,0.021382119864753434,,0.19047619047619044,0.0
55,55,accumulation,N/A,0,0.32830677625368904,0.01316056388655439,,0.37142857142857144,0.0
55,55,accumulation,N/A,1,0.34109792560447283,0.047867228513803206,,0.3508771929824561,0.14285714285714285
55,55,accumulation,N/A,2,0.3180906851344485,0.01743378001480956,,0.3820224719101123,0.0
55,55,accumulation,N/A,3,0.21423643328693903,0.08866819770983037,,0.2608695652173913,0.0
55,55,accumulation,N/A,4,0.24663645691878278,0.023392656875412046,,0.35714285714285715,0.125
55,55,accumulation,N/A,5,0.28933215936247464,0.03313710584935822,,0.3555555555555555,0.42857142857142855
55,55,accumulation,N/A,6,0.3086895511069583,0.056634070961672035,,0.39024390243902435,0.14285714285714285
55,55,accumulation,N/A,7,0.3136659413533794,0.09894641392386963,,0.368421052631579,0.14285714285714285
55,55,refinement,0.5,0,0.32830677625368904,0.01316056388655439,,0.37142857142857144,0.0
55,55,refinement,0.5,1,0.3425861747167541,0.00616933787319655,,0.44444444444444436,0.0
55,55,refinement,0.5,2,0.36025154134359433,0.003933073929834364,,0.5274725274725275,0.125
55,55,refinement,0.5,3,0.3350253611499385,0.0024830152049820477,,0.5154639175257733,0.0
55,55,refinement,0.5,4,0.3562893793373646,0.01033971450918598,,0.5,0.125
55,55,refinement,0.5,5,0.33967122791827015,0.0007797322819531492,,0.5434782608695653,0.0
55,55,refinement,0.5,6,0.33497121973808497,0.001313578378092672,,0.505050505050505,0.0
55,55,refinement,0.5,7,0.3286859442838945,0.012754349272075326,,0.4578313253012048,0.125
55,55,refinement,0.8,0,0.32830677625368904,0.01316056388655439,,0.37142857142857144,0.0
55,55,refinement,0.8,1,0.30456635556629774,0.026954592566806112,,0.2916666666666667,0.0
55,55,refinement,0.8,2,0.3384600649006025,4.4927704831635234e-05,,0.3888888888888889,0.125
55,55,refinement,0.8,3,0.3318999009417958,0.022085876577325515,,0.430379746835443,0.125
55,55,refinement,0.8,4,0.376696541887666,7.167370713641857e-05,,0.49350649350649356,0.25
55,55,refinement,0.8,5,0.335660315661658,2.201457536750139e-05,,0.3529411764705882,0.0
55,55,refinement,0.8,6,0.36715951867071994,7.971529961575036e-05,,0.36363636363636365,0.14285714285714285
55,55,refinement,0.8,7,0.3525895958913625,0.02198623215773187,,0.4675324675324675,0.14285714285714285
56,56,accumulation,N/A,0,0.3313637914240881,0.004081006579259367,,0.4470588235294118,0.125
56,56,accumulation,N/A,1,0.32531200640349817,0.00983734538206874,,0.5641025641025641,0.14285714285714285
56,56,accumulation,N/A,2,0.34508637327284425,0.007920459623137015,,0.4774193548387096,0.14285714285714285
56,56,accumulation,N/A,3,0.32290782568007304,0.02885011517798233,,0.37254901960784315,0.0
56,56,accumulation,N/A,4,0.31517850644335116,0.0040178754791793635,,0.43529411764705883,0.0
56,56,accumulation,N/A,5,0.3239220963335183,0.030477099703729593,,0.4705882352941177,0.0
56,56,accumulation,N/A,6,0.35218313404655743,0.0006377587698863799,,0.4806201550387597,0.0
56,56,accumulation,N/A,7,0.32704218575319194,0.01490990737295833,,0.46428571428571425,0.0
56,56,refinement,0.5,0,0.3313637914240881,0.004081006579259367,,0.4470588235294118,0.125
56,56,refinement,0.5,1,0.30880577811094856,0.0028345328350444917,,0.4482758620689655,0.0
56,56,refinement,0.5,2,0.3206277162833779,0.0025612077678505677,,0.503225806451613,0.0
56,56,refinement,0.5,3,0.31558280956775975,0.0029111745256435546,,0.49333333333333335,0.0
56,56,refinement,0.5,4,0.3403574095178324,0.003652936187200999,,0.47407407407407404,0.125
56,56,refinement,0.5,5,0.3383592853093195,0.016218537911005002,,0.496,0.125
56,56,refinement,0.5,6,0.3164956308356604,0.015722918532454434,,0.460431654676259,0.0
56,56,refinement,0.5,7,0.31750896190978406,0.008725815031366239,,0.46478873239436624,0.0
56,56,refinement,0.8,0,0.3313637914240881,0.004081006579259367,,0.4470588235294118,0.125
56,56,refinement,0.8,1,0.306146153368047,0.01565261311632177,,0.3010752688172043,0.0
56,56,refinement,0.8,2,0.28675814829097035,0.014003201180220201,,0.37762237762237766,0.0
56,56,refinement,0.8,3,0.3223524387210624,0.008211749728924033,,0.44285714285714284,0.125
56,56,refinement,0.8,4,0.3302464191937328,0.011924366435045486,,0.5833333333333334,0.125
56,56,refinement,0.8,5,0.3124047712383544,0.004606087686813676,,0.3529411764705882,0.0
56,56,refinement,0.8,6,0.2914052983831944,0.011916849120218467,,0.3899371069182391,0.125
56,56,refinement,0.8,7,0.3092622692940074,0.011369951352231641,,0.4393939393939394,0.0
57,57,accumulation,N/A,0,0.21694677667573964,0.06492293828064269,,0.024096385542168676,0.0
57,57,accumulation,N/A,1,0.27718097260616015,0.18918982687687153,,0.018518518518518517,0.0
57,57,accumulation,N/A,2,0.41430802421097335,0.18505915790865243,,0.6666666666666666,0.0
57,57,accumulation,N/A,3,0.2871486734561709,0.05264585993142223,,0.3636363636363636,0.0
57,57,accumulation,N/A,4,0.3875037534725881,0.4637538440857186,,0.3636363636363636,0.0
57,57,accumulation,N/A,5,0.4488700340637991,0.44517496513538835,,0.5714285714285715,0.0
57,57,accumulation,N/A,6,0.2685887043689752,0.15720298341313663,,0.2222222222222222,0.0
57,57,accumulation,N/A,7,0.34157997864612993,0.2458857841080619,,0.6666666666666666,0.0
57,57,refinement,0.5,0,0.21694677667573964,0.06492293828064269,,0.024096385542168676,0.0
57,57,refinement,0.5,1,0.2174834973515335,0.06673674224669708,,0.03508771929824561,0.0
57,57,refinement,0.5,2,0.22196166459082045,0.06673674224669708,,0.04545454545454545,0.0
57,57,refinement,0.5,3,0.2237121527791296,0.07477506134083697,,0.04878048780487806,0.0
57,57,refinement,0.5,4,0.22583421974115037,0.08294799675480542,,0.06557377049180328,0.0
57,57,refinement,0.5,5,0.22453898083350682,0.08157695548613095,,0.07142857142857142,0.0
57,57,refinement,0.5,6,0.22651955381597952,0.07371486724719867,,0.07272727272727272,0.0
57,57,refinement,0.5,7,0.2306376262853782,0.07434977202209439,,0.07547169811320754,0.0
57,57,refinement,0.8,0,0.21694677667573964,0.06492293828064269,,0.024096385542168676,0.0
57,57,refinement,0.8,1,0.23302162002580973,0.050724714174869,,0.09523809523809523,0.0
57,57,refinement,0.8,2,0.2228741661855292,0.033195363406297286,,0.1081081081081081,0.0
57,57,refinement,0.8,3,0.2589020249079808,0.06444870829287813,,0.14814814814814814,0.0
57,57,refinement,0.8,4,0.24280429581966007,0.08184622216268098,,0.16666666666666669,0.0
57,57,refinement,0.8,5,0.241512532704741,0.06467823008623977,,0.19999999999999998,0.0
57,57,refinement,0.8,6,0.21520686634779146,0.09468752417311323,,0.12903225806451613,0.0
57,57,refinement,0.8,7,0.23799598272715455,0.2104818098800522,,0.08695652173913045,0.0
58,58,accumulation,N/A,0,0.22009597530713676,0.08178597399017172,,0.017543859649122806,0.0
58,58,accumulation,N/A,1,0.33659850987311757,0.26800031750251024,,0.1111111111111111,0.25
58,58,accumulation,N/A,2,0.26101930465687306,0.1134948904169931,,0.0909090909090909,0.0
58,58,accumulation,N/A,3,0.3508278050701758,0.4840010014827548,,0.1,0.0
58,58,accumulation,N/A,4,0.3724268188585099,0.5121078827199802,,0.2222222222222222,0.0
58,58,accumulation,N/A,5,0.3773987838095252,0.6255896679650277,,0.25,0.0
58,58,accumulation,N/A,6,0.23234706947611836,0.0877500509076249,,0.028985507246376812,0.0
58,58,accumulation,N/A,7,0.30940332652374153,0.5935970842088081,,0.15384615384615385,0.0
58,58,refinement,0.5,0,0.22009597530713676,0.08178597399017172,,0.017543859649122806,0.0
58,58,refinement,0.5,1,0.2182943207981478,0.07344380464317403,,0.028985507246376812,0.0
58,58,refinement,0.5,2,0.21972170235264205,0.08474285151135477,,0.031746031746031744,0.0
58,58,refinement,0.5,3,0.22034320622348513,0.07643842953696792,,0.03773584905660378,0.0
58,58,refinement,0.5,4,0.22116672212122773,0.08160422738130452,,0.03389830508474576,0.0
58,58,refinement,0.5,5,0.2212816566905742,0.08455495161886843,,0.038461538461538464,0.0
58,58,refinement,0.5,6,0.22235951722732994,0.08455495161886843,,0.04878048780487806,0.0
58,58,refinement,0.5,7,0.22342160734776773,0.087492619554496,,0.05555555555555556,0.0
58,58,refinement,0.8,0,0.22009597530713676,0.08178597399017172,,0.017543859649122806,0.0
58,58,refinement,0.8,1,0.20609910189745503,0.026735690514746127,,0.04347826086956522,0.0
58,58,refinement,0.8,2,0.21944553359975102,0.0,,0.09523809523809523,0.0
58,58,refinement,0.8,3,0.23389651608832018,0.0,,0.125,0.0
58,58,refinement,0.8,4,0.18279263091771736,0.0,,0.09523809523809523,0.0
58,58,refinement,0.8,5,0.1939727788653744,0.0,,0.13333333333333333,0.0
58,58,refinement,0.8,6,0.22141113659818784,0.06189091141264941,,0.14285714285714288,0.0
58,58,refinement,0.8,7,0.2106832283477467,0.0,,0.13333333333333333,0.0
59,59,accumulation,N/A,0,0.2067931948225724,0.016452418060161407,,0.02857142857142857,0.0
59,59,accumulation,N/A,1,0.2848911113407089,0.07866254922314476,,0.14285714285714288,0.0
59,59,accumulation,N/A,2,0.30807405808605737,0.12507199726518112,,0.1081081081081081,0.0
59,59,accumulation,N/A,3,0.22186509732751616,0.09635974373509083,,0.0081799591002045,0.0
59,59,accumulation,N/A,4,0.28957620868951695,0.22167791221091107,,0.14285714285714285,0.0
59,59,accumulation,N/A,5,0.3213579609930431,0.003023145614234869,,0.4,0.0
59,59,accumulation,N/A,6,0.25815398533559664,0.0020184515268486893,,0.2666666666666667,0.0
59,59,accumulation,N/A,7,0.3498629847469764,0.4010133731323752,,0.4,0.0
59,59,refinement,0.5,0,0.2067931948225724,0.016452418060161407,,0.02857142857142857,0.0
59,59,refinement,0.5,1,0.19483241057132988,0.0,,0.03773584905660378,0.0
59,59,refinement,0.5,2,0.19704680950034847,0.0,,0.05882352941176471,0.0
59,59,refinement,0.5,3,0.19796409798141393,0.0,,0.05555555555555556,0.0
59,59,refinement,0.5,4,0.20012351592097744,0.0,,0.07272727272727272,0.0
59,59,refinement,0.5,5,0.20061533658426212,0.0,,0.07547169811320754,0.0
59,59,refinement,0.5,6,0.1949555192186847,0.0,,0.07017543859649122,0.0
59,59,refinement,0.5,7,0.20153287976696826,0.0,,0.07547169811320754,0.0
59,59,refinement,0.8,0,0.2067931948225724,0.016452418060161407,,0.02857142857142857,0.0
59,59,refinement,0.8,1,0.20960709019367368,0.00987958163405322,,0.06349206349206349,0.0
59,59,refinement,0.8,2,0.21601398730506643,0.007771032805301618,,0.0851063829787234,0.0
59,59,refinement,0.8,3,0.21303064977858743,0.01042450805067261,,0.06349206349206349,0.0
59,59,refinement,0.8,4,0.213033894365955,0.014649913176213855,,0.07407407407407407,0.0
59,59,refinement,0.8,5,0.20732859219159527,0.02692825085415648,,0.06060606060606061,0.0
59,59,refinement,0.8,6,0.1682792653086186,0.0,,0.05128205128205127,0.0
59,59,refinement,0.8,7,0.17330617284035676,0.008338141124828433,,0.06557377049180328,0.0
60,60,accumulation,N/A,0,0.2258740002559136,0.0027249472625628093,,0.09278350515463918,0.0
60,60,accumulation,N/A,1,0.232840439224703,0.0,,0.2857142857142857,0.2
60,60,accumulation,N/A,2,0.383030468188628,0.13627330587188174,,0.3333333333333333,0.25
60,60,accumulation,N/A,3,0.2459959596757166,0.0577874086821901,,0.28571428571428575,0.16666666666666666
60,60,accumulation,N/A,4,0.25516196917599626,0.0,,0.35294117647058826,0.16666666666666666
60,60,accumulation,N/A,5,0.2624928774300894,0.0002060010025713486,,0.3703703703703704,0.0
60,60,accumulation,N/A,6,0.33522382573679393,0.01997820301668144,,0.5384615384615384,0.2
60,60,accumulation,N/A,7,0.26165891099062066,0.026545052075453754,,0.23529411764705882,0.125
60,60,refinement,0.5,0,0.2258740002559136,0.0027249472625628093,,0.09278350515463918,0.0
60,60,refinement,0.5,1,0.22864487745499193,0.0003160942967215013,,0.09574468085106383,0.0
60,60,refinement,0.5,2,0.2246210494769913,0.0022797696216099875,,0.09210526315789473,0.0
60,60,refinement,0.5,3,0.2486867424598731,0.008717427250625579,,0.112,0.125
60,60,refinement,0.5,4,0.24550561903494,0.002501944638109343,,0.15094339622641506,0.0
60,60,refinement,0.5,5,0.25153486496487,0.0017352070073209753,,0.16822429906542058,0.0
60,60,refinement,0.5,6,0.252636953795665,0.030547262273124487,,0.1875,0.0
60,60,refinement,0.5,7,0.2593570619436578,0.0050992165799904465,,0.1346153846153846,0.125
60,60,refinement,0.8,0,0.2258740002559136,0.0027249472625628093,,0.09278350515463918,0.0
60,60,refinement,0.8,1,0.24852606941952948,0.005139730527921204,,0.13861386138613863,0.0
60,60,refinement,0.8,2,0.21261018610987897,0.0016581016197035222,,0.18918918918918923,0.0
60,60,refinement,0.8,3,0.3006781456159264,0.00029365314925078746,,0.23728813559322035,0.25
60,60,refinement,0.8,4,0.25225648203368023,0.0004719581584558969,,0.1627906976744186,0.14285714285714285
60,60,refinement,0.8,5,0.2186682063126904,0.0054596459055320954,,0.1414141414141414,0.0
60,60,refinement,0.8,6,0.29696003910017965,0.006910350757952858,,0.3636363636363636,0.16666666666666666
60,60,refinement,0.8,7,0.3294335420843553,0.0011554846630162355,,0.3555555555555555,0.2
61,61,accumulation,N/A,0,0.3204705424681895,0.00773889548369862,,0.31496062992125984,0.125
61,61,accumulation,N/A,1,0.2248406269292081,0.0248998670632107,,0.16,0.0
61,61,accumulation,N/A,2,0.34365977197589415,0.03034019643970821,,0.5714285714285715,0.0
61,61,accumulation,N/A,3,0.32588371930069404,0.009922401363842735,,0.591549295774648,0.0
61,61,accumulation,N/A,4,0.3055231321676111,0.02769068032995765,,0.25,0.375
61,61,accumulation,N/A,5,0.18137995127239637,0.022500868444245346,,0.10256410256410256,0.0
61,61,accumulation,N/A,6,0.20759443807125724,0.020536539606442236,,0.0851063829787234,0.0
61,61,accumulation,N/A,7,0.22699466555682904,0.033683627428903636,,0.10256410256410256,0.0
61,61,refinement,0.5,0,0.3204705424681895,0.00773889548369862,,0.31496062992125984,0.125
61,61,refinement,0.5,1,0.3065047028256112,0.005167512232680227,,0.2857142857142857,0.125
61,61,refinement,0.5,2,0.30602021172507926,0.004383930969777945,,0.30303030303030304,0.125
61,61,refinement,0.5,3,0.306902541223762,0.006388397497102229,,0.32989690721649484,0.125
61,61,refinement,0.5,4,0.3353616683677366,0.005798261676362804,,0.4044943820224719,0.25
61,61,refinement,0.5,5,0.33678082722462094,0.005540661061313189,,0.38636363636363635,0.125
61,61,refinement,0.5,6,0.35005913591468796,0.004817940207634953,,0.42105263157894735,0.125
61,61,refinement,0.5,7,0.3404030885678966,0.007068058397405239,,0.35714285714285715,0.125
61,61,refinement,0.8,0,0.3204705424681895,0.00773889548369862,,0.31496062992125984,0.125
61,61,refinement,0.8,1,0.31223328429721603,0.0004171984107330143,,0.4418604651162791,0.0
61,61,refinement,0.8,2,0.37792452054824655,0.02854373862846212,,0.4383561643835616,0.375
61,61,refinement,0.8,3,0.3265674795431142,0.002043640845364059,,0.4126984126984127,0.25
61,61,refinement,0.8,4,0.3447544906262875,0.006322935797799579,,0.39393939393939387,0.25
61,61,refinement,0.8,5,0.3088969574566764,0.0016795810553772274,,0.4383561643835616,0.0
61,61,refinement,0.8,6,0.29071566561397305,0.00402665976290392,,0.4,0.0
61,61,refinement,0.8,7,0.28531662674436914,0.0,,0.43333333333333335,0.125
62,62,accumulation,N/A,0,0.27819123596323736,0.011271062652981306,,0.34653465346534656,0.0
62,62,accumulation,N/A,1,0.3361770887976041,0.008064673853256949,,0.5957446808510638,0.14285714285714285
62,62,accumulation,N/A,2,0.3315478898483531,0.006413937605357237,,0.7560975609756098,0.14285714285714285
62,62,accumulation,N/A,3,0.35111252894276934,0.0029082025551928816,,0.5663716814159292,0.16666666666666666
62,62,accumulation,N/A,4,0.34507214131195457,0.006381791849476921,,0.7012987012987013,0.14285714285714285
62,62,accumulation,N/A,5,0.3640089958152605,0.0016289585335499009,,0.7045454545454547,0.14285714285714285
62,62,accumulation,N/A,6,0.3439546133134477,0.005101195418262579,,0.6506024096385543,0.0
62,62,accumulation,N/A,7,0.2595471110733599,0.003292628297314163,,0.5647058823529412,0.0
62,62,refinement,0.5,0,0.27819123596323736,0.011271062652981306,,0.34653465346534656,0.0
62,62,refinement,0.5,1,0.2960107308553063,0.010209498062517607,,0.41573033707865176,0.0
62,62,refinement,0.5,2,0.301642956545063,0.01743298598236253,,0.44755244755244755,0.0
62,62,refinement,0.5,3,0.3320140995480682,0.0123160965873573,,0.5441176470588235,0.125
62,62,refinement,0.5,4,0.3183566638019835,0.004942867506582856,,0.4625850340136054,0.0
62,62,refinement,0.5,5,0.3511420189437102,0.017513446387240842,,0.512,0.14285714285714285
62,62,refinement,0.5,6,0.3172667685281192,0.016002171536767872,,0.4335664335664336,0.0
62,62,refinement,0.5,7,0.32762861103459856,0.018319936363858265,,0.504201680672269,0.0
62,62,refinement,0.8,0,0.27819123596323736,0.011271062652981306,,0.34653465346534656,0.0
62,62,refinement,0.8,1,0.31001645570739633,0.025550298527202954,,0.5,0.0
62,62,refinement,0.8,2,0.31231286510475464,0.012663352413665955,,0.588235294117647,0.0
62,62,refinement,0.8,3,0.3785978017351808,0.013260472356831235,,0.6407766990291262,0.16666666666666666
62,62,refinement,0.8,4,0.33508863957551727,0.007049049997518249,,0.5151515151515151,0.0
62,62,refinement,0.8,5,0.3512481750966114,0.012052370162471843,,0.5283018867924528,0.2857142857142857
62,62,refinement,0.8,6,0.30014124030163825,0.013727996059667702,,0.45833333333333337,0.0
62,62,refinement,0.8,7,0.30597753177950815,0.013739658454584143,,0.5714285714285714,0.0
63,63,accumulation,N/A,0,0.2683366393774976,0.0015789599978613491,,0.2363636363636364,0.125
63,63,accumulation,N/A,1,0.2944047025468139,0.028677250712805902,,0.297029702970297,0.0
63,63,accumulation,N/A,2,0.33359294998552863,0.08144585755856225,,0.47457627118644075,0.0
63,63,accumulation,N/A,3,0.5039889535907628,0.17743109559522516,,0.5238095238095238,0.25
63,63,accumulation,N/A,4,0.2886896394257867,0.030394179756383106,,0.3191489361702127,0.0
63,63,accumulation,N/A,5,0.3805686216835655,0.046391979433789046,,0.28985507246376807,0.0
63,63,accumulation,N/A,6,0.3662718391788137,0.032872050527632576,,0.3500000000000001,0.0
63,63,accumulation,N/A,7,0.3923140400797564,0.05584574861674717,,0.47619047619047616,0.2
63,63,refinement,0.5,0,0.2683366393774976,0.0015789599978613491,,0.2363636363636364,0.125
63,63,refinement,0.5,1,0.25326838377231004,0.0007559063367224857,,0.2857142857142857,0.0
63,63,refinement,0.5,2,0.2614227722580316,0.002529125206666452,,0.29411764705882354,0.0
63,63,refinement,0.5,3,0.2816985110247219,0.0033636547633502374,,0.36144578313253006,0.0
63,63,refinement,0.5,4,0.2824792427772701,0.002383163129710571,,0.3488372093023256,0.0
63,63,refinement,0.5,5,0.2920048819997103,0.021304604582304335,,0.3846153846153846,0.0
63,63,refinement,0.5,6,0.28057022561206707,0.0019261363460139564,,0.4347826086956522,0.0
63,63,refinement,0.5,7,0.2947646782962019,0.0021727315297768264,,0.43749999999999994,0.0
63,63,refinement,0.8,0,0.2683366393774976,0.0015789599978613491,,0.2363636363636364,0.125
63,63,refinement,0.8,1,0.2804909555285059,0.0067753509346925025,,0.3370786516853933,0.0
63,63,refinement,0.8,2,0.29954067060523115,0.01396728610794011,,0.3146067415730337,0.0
63,63,refinement,0.8,3,0.28665630729269415,0.03620881058585844,,0.2380952380952381,0.0
63,63,refinement,0.8,4,0.27140521699911957,0.02970109934087948,,0.2542372881355932,0.0
63,63,refinement,0.8,5,0.3132271297395294,0.04360421670267852,,0.3870967741935484,0.0
63,63,refinement,0.8,6,0.3350096393443006,0.046347625654970886,,0.4363636363636363,0.0
63,63,refinement,0.8,7,0.2598877553732114,0.025791627087614212,,0.2608695652173913,0.0
64,64,accumulation,N/A,0,0.28226909657712046,0.011130558387686493,,0.31092436974789917,0.0
64,64,accumulation,N/A,1,0.35246552857754376,0.012442173637995367,,0.49484536082474223,0.0
64,64,accumulation,N/A,2,0.317209219777554,0.0001334387953713125,,0.5,0.25
64,64,accumulation,N/A,3,0.39858624668734804,0.02340426564158242,,0.6136363636363638,0.14285714285714285
64,64,accumulation,N/A,4,0.39547381644867613,0.027343815409531937,,0.7128712871287127,0.125
64,64,accumulation,N/A,5,0.3293600692987274,0.0004581648948229065,,0.5454545454545454,0.0
64,64,accumulation,N/A,6,0.3318131947632964,0.01180074087835168,,0.6470588235294118,0.0
64,64,accumulation,N/A,7,0.35510200787668517,0.02540246223192688,,0.5797101449275361,0.0
64,64,refinement,0.5,0,0.28226909657712046,0.011130558387686493,,0.31092436974789917,0.0
64,64,refinement,0.5,1,0.2821457193284035,0.001128757843366638,,0.353448275862069,0.0
64,64,refinement,0.5,2,0.292100857375247,0.013673365008937616,,0.3917525773195877,0.0
64,64,refinement,0.5,3,0.29582350916824957,0.009546312015558656,,0.3937823834196891,0.0
64,64,refinement,0.5,4,0.30898436440535715,0.01045031669670521,,0.49101796407185627,0.0
64,64,refinement,0.5,5,0.31233743496396893,0.022959032499445173,,0.4768211920529802,0.0
64,64,refinement,0.5,6,0.3046757247242799,0.02047004099595968,,0.4473684210526316,0.0
64,64,refinement,0.5,7,0.30032138673493397,0.01222304133158003,,0.42953020134228187,0.0
64,64,refinement,0.8,0,0.28226909657712046,0.011130558387686493,,0.31092436974789917,0.0
64,64,refinement,0.8,1,0.3007135544229127,0.0180212510155982,,0.4155844155844156,0.0
64,64,refinement,0.8,2,0.33645756122999276,0.018222392814961845,,0.5068493150684932,0.0
64,64,refinement,0.8,3,0.31660924326606077,0.004867376436283207,,0.41860465116279066,0.0
64,64,refinement,0.8,4,0.31267198148182634,0.007647476014565288,,0.4512195121951219,0.0
64,64,refinement,0.8,5,0.3283130870497399,0.016414690900866828,,0.5401459854014599,0.0
64,64,refinement,0.8,6,0.3164724390077036,0.012917495860675952,,0.4024390243902439,0.0
64,64,refinement,0.8,7,0.3463316291414402,0.012529601590539544,,0.44827586206896547,0.14285714285714285
65,65,accumulation,N/A,0,0.34004658209710137,0.007080224357106317,,0.44897959183673475,0.0
65,65,accumulation,N/A,1,0.3624432105236929,0.00043392510426113064,,0.5033112582781457,0.125
65,65,accumulation,N/A,2,0.3848067120242958,0.018173855542762088,,0.505050505050505,0.25
65,65,accumulation,N/A,3,0.37640100777448476,0.00047996962115677045,,0.5961538461538461,0.125
65,65,accumulation,N/A,4,0.35951604676928645,0.005065905136179998,,0.5147058823529412,0.125
65,65,accumulation,N/A,5,0.3641495057972049,0.0008210889814418331,,0.4897959183673469,0.125
65,65,accumulation,N/A,6,0.3554004100744701,0.0,,0.5833333333333334,0.0
65,65,accumulation,N/A,7,0.37890333839800827,0.004945110500138411,,0.6984126984126985,0.25
65,65,refinement,0.5,0,0.34004658209710137,0.007080224357106317,,0.44897959183673475,0.0
65,65,refinement,0.5,1,0.3384059502921073,0.007391493624084764,,0.4428571428571429,0.0
65,65,refinement,0.5,2,0.34994350037997113,0.007772655975180933,,0.5299145299145299,0.0
65,65,refinement,0.5,3,0.3958272569188037,0.004911238771832332,,0.6715328467153285,0.125
65,65,refinement,0.5,4,0.36844698188801756,0.01333542669081139,,0.45669291338582674,0.125
65,65,refinement,0.5,5,0.3520499285108906,0.011559352038821951,,0.481203007518797,0.0
65,65,refinement,0.5,6,0.3847337935403965,0.009321301520128833,,0.5777777777777777,0.125
65,65,refinement,0.5,7,0.35951357749658525,0.01173223758765324,,0.5499999999999999,0.0
65,65,refinement,0.8,0,0.34004658209710137,0.007080224357106317,,0.44897959183673475,0.0
65,65,refinement,0.8,1,0.3871995508488891,0.012696010259109498,,0.576271186440678,0.125
65,65,refinement,0.8,2,0.3925374462105965,0.004555655964283445,,0.574468085106383,0.375
65,65,refinement,0.8,3,0.3407046158356613,0.001094078467645795,,0.4597701149425288,0.125
65,65,refinement,0.8,4,0.3412206789978709,0.003018246217652613,,0.5909090909090908,0.0
65,65,refinement,0.8,5,0.3739613474820131,0.0014142931264878875,,0.5567010309278351,0.125
65,65,refinement,0.8,6,0.3517307690643274,0.001206040527159951,,0.5245901639344263,0.125
65,65,refinement,0.8,7,0.3811776596618943,0.0016067249148929204,,0.5454545454545454,0.25
66,66,accumulation,N/A,0,0.32978357327125285,0.0010960309817260136,,0.47798742138364786,0.125
66,66,accumulation,N/A,1,0.2765809615638845,7.314608160487463e-05,,0.4397163120567376,0.0
66,66,accumulation,N/A,2,0.3440159650675109,0.0042290959506340806,,0.5467625899280576,0.14285714285714285
66,66,accumulation,N/A,3,0.30643657983608796,0.00029583737069925896,,0.5967741935483871,0.0
66,66,accumulation,N/A,4,0.32140126737990504,0.02009101852973334,,0.5764705882352941,0.0
66,66,accumulation,N/A,5,0.28217423191396174,0.011475724896327148,,0.4081632653061224,0.0
66,66,accumulation,N/A,6,0.3312504844594341,0.0066366221577341955,,0.425531914893617,0.0
66,66,accumulation,N/A,7,0.3204774858318494,0.0,,0.5333333333333333,0.0
66,66,refinement,0.5,0,0.32978357327125285,0.0010960309817260136,,0.47798742138364786,0.125
66,66,refinement,0.5,1,0.3192961424035369,0.0001547159122148989,,0.45945945945945943,0.125
66,66,refinement,0.5,2,0.3038472494283974,0.0017866881165114383,,0.4444444444444444,0.0
66,66,refinement,0.5,3,0.3140111017484567,0.00040472076839917563,,0.5166666666666667,0.0
66,66,refinement,0.5,4,0.33368348057273645,0.0019195354499264839,,0.5344827586206897,0.0
66,66,refinement,0.5,5,0.34020155481722164,0.00012123726619262373,,0.6034482758620691,0.0
66,66,refinement,0.5,6,0.33853914752566017,0.00021021426460550636,,0.5913043478260869,0.125
66,66,refinement,0.5,7,0.32237794337537584,0.0014032751865802196,,0.6306306306306307,0.0
66,66,refinement,0.8,0,0.32978357327125285,0.0010960309817260136,,0.47798742138364786,0.125
66,66,refinement,0.8,1,0.2824936631314634,0.00148273010842082,,0.36,0.0
66,66,refinement,0.8,2,0.362192294364816,0.0009375995031845391,,0.6274509803921569,0.14285714285714285
66,66,refinement,0.8,3,0.3614895631977145,0.00029848543580277844,,0.543859649122807,0.16666666666666666
66,66,refinement,0.8,4,0.398364994785388,0.007798190749664092,,0.7210884353741497,0.42857142857142855
66,66,refinement,0.8,5,0.31271315165471647,0.007401646626207015,,0.5121951219512195,0.0
66,66,refinement,0.8,6,0.37048601660988634,0.006306163748970347,,0.6717557251908397,0.16666666666666666
66,66,refinement,0.8,7,0.31979260361933276,0.006002086302948328,,0.6433566433566433,0.0
67,67,accumulation,N/A,0,0.2025195946793104,0.0,,0.010695187165775402,0.0
67,67,accumulation,N/A,1,0.49175346248838625,0.4091300749863083,,0.2857142857142857,0.5
67,67,accumulation,N/A,2,0.21078623106608768,0.054028482238826864,,0.0028776978417266188,0.0
67,67,accumulation,N/A,3,0.2247698137894535,0.03100414889099579,,0.13333333333333333,0.0
67,67,accumulation,N/A,4,0.6995113436677093,0.43351729424143337,,1.0,1.0
67,67,accumulation,N/A,5,0.24225761840506657,0.031485296701175745,,0.1,0.0
67,67,accumulation,N/A,6,0.2110738487999656,0.034786892414465385,,0.044444444444444446,0.0
67,67,accumulation,N/A,7,0.13847929721905786,0.06649196156246823,,0.024096385542168676,0.0
67,67,refinement,0.5,0,0.2025195946793104,0.0,,0.010695187165775402,0.0
67,67,refinement,0.5,1,0.2066421598773615,0.002140448084142804,,0.011976047904191616,0.0
67,67,refinement,0.5,2,0.2101519730844556,0.007864322463698703,,0.0136986301369863,0.0
67,67,refinement,0.5,3,0.20978407172168984,0.00970904007864047,,0.014925373134328356,0.0
67,67,refinement,0.5,4,0.20902313232217834,0.00930130076556658,,0.014814814814814815,0.0
67,67,refinement,0.5,5,0.20971453966047093,0.008913746567001297,,0.01904761904761905,0.0
67,67,refinement,0.5,6,0.21109846511496239,0.013079954201577931,,0.01941747572815534,0.0
67,67,refinement,0.5,7,0.2132824746084941,0.01598661069081747,,0.02,0.0
67,67,refinement,0.8,0,0.2025195946793104,0.0,,0.010695187165775402,0.0
67,67,refinement,0.8,1,0.22451707918138192,0.013630239491046223,,0.02857142857142857,0.0
67,67,refinement,0.8,2,0.21482143148024074,0.005512908050311761,,0.0196078431372549,0.0
67,67,refinement,0.8,3,0.21551714202646566,0.004549138084569039,,0.018518518518518517,0.0
67,67,refinement,0.8,4,0.16945965696480175,0.0,,0.022727272727272724,0.0
67,67,refinement,0.8,5,0.18198445881930136,0.00992854881085316,,0.01904761904761905,0.0
67,67,refinement,0.8,6,0.20761949438999783,0.0,,0.03225806451612903,0.0
67,67,refinement,0.8,7,0.19579266275222673,0.0,,0.02,0.0
68,68,accumulation,N/A,0,0.21610336477404116,0.0,,0.022988505747126436,0.0
68,68,accumulation,N/A,1,0.5150853923627841,0.0,,0.0,1.0
68,68,accumulation,N/A,2,0.09913736821669336,0.0,,0.125,0.0
68,68,accumulation,N/A,3,0.3396156820044478,0.0,,0.0,0.5
68,68,accumulation,N/A,4,0.3318388032121985,0.0,,0.0,0.0
68,68,accumulation,N/A,5,0.4816121736021122,0.2185394356437075,,0.5,0.0
68,68,accumulation,N/A,6,0.6574404172842399,0.0,,1.0,1.0
68,68,accumulation,N/A,7,0.34611254413999337,0.0,,0.0,0.5
68,68,refinement,0.5,0,0.21610336477404116,0.0,,0.022988505747126436,0.0
68,68,refinement,0.5,1,0.21662893725642302,0.0,,0.025641025641025647,0.0
68,68,refinement,0.5,2,0.2159513945783478,0.0,,0.0392156862745098,0.0
68,68,refinement,0.5,3,0.2165338628134509,0.0,,0.038461538461538464,0.0
68,68,refinement,0.5,4,0.21894969277911056,0.0,,0.044444444444444446,0.0
68,68,refinement,0.5,5,0.21736249769192306,0.0,,0.034482758620689655,0.0
68,68,refinement,0.5,6,0.21730496378797137,0.0,,0.03389830508474576,0.0
68,68,refinement,0.5,7,0.21984267779285097,0.0,,0.05,0.0
68,68,refinement,0.8,0,0.21610336477404116,0.0,,0.022988505747126436,0.0
68,68,refinement,0.8,1,0.18737466262674568,0.0,,0.05555555555555556,0.0
68,68,refinement,0.8,2,0.26936080518080996,0.0,,0.05405405405405406,0.2
68,68,refinement,0.8,3,0.23742682950632782,0.0,,0.0625,0.0
68,68,refinement,0.8,4,0.243504946788264,0.0,,0.0909090909090909,0.0
68,68,refinement,0.8,5,0.24903207729067542,0.0,,0.11764705882352941,0.0
68,68,refinement,0.8,6,0.2727737320185448,0.0,,0.1,0.16666666666666666
68,68,refinement,0.8,7,0.24656780061625344,0.0,,0.07692307692307693,0.0
69,69,accumulation,N/A,0,0.2567492040095601,0.02985973454999511,,0.09691629955947137,0.0
69,69,accumulation,N/A,1,0.3116411532443451,0.11874848171354546,,0.25,0.0
69,69,accumulation,N/A,2,0.32415432652713116,0.0,,0.22727272727272727,0.16666666666666666
69,69,accumulation,N/A,3,0.31922026478467097,0.08390297459974634,,0.26666666666666666,0.2
69,69,accumulation,N/A,4,0.39042203979481765,0.0307766740570051,,0.4,0.16666666666666666
69,69,accumulation,N/A,5,0.25932690841207384,0.007337915250006082,,0.25396825396825395,0.16666666666666666
69,69,accumulation,N/A,6,0.3970868186706785,0.007078302021616664,,0.4242424242424242,0.2
69,69,accumulation,N/A,7,0.2871893653607023,0.007804712955817482,,0.392156862745098,0.14285714285714285
69,69,refinement,0.5,0,0.2567492040095601,0.02985973454999511,,0.09691629955947137,0.0
69,69,refinement,0.5,1,0.2506990056787077,0.01767337975614469,,0.11538461538461539,0.0
69,69,refinement,0.5,2,0.2675371552833147,0.010998399181019624,,0.14388489208633093,0.125
69,69,refinement,0.5,3,0.25181053750922533,0.010963299362137259,,0.1234567901234568,0.0
69,69,refinement,0.5,4,0.2875670619980891,0.01266926291565611,,0.1487603305785124,0.125
69,69,refinement,0.5,5,0.2631446031755962,0.017541493189780866,,0.14285714285714285,0.0
69,69,refinement,0.5,6,0.2623070110008026,0.016299488873967958,,0.205607476635514,0.0
69,69,refinement,0.5,7,0.2706630200138435,0.016172176441891215,,0.17857142857142858,0.0
69,69,refinement,0.8,0,0.2567492040095601,0.02985973454999511,,0.09691629955947137,0.0
69,69,refinement,0.8,1,0.31434782425001573,0.023290649750346663,,0.1794871794871795,0.0
69,69,refinement,0.8,2,0.3005101143965773,0.0011785107286906072,,0.2631578947368421,0.0
69,69,refinement,0.8,3,0.3293907575945293,0.0,,0.3214285714285714,0.14285714285714285
69,69,refinement,0.8,4,0.28212197976751596,0.047611790635240805,,0.18604651162790697,0.0
69,69,refinement,0.8,5,0.30233847198196817,0.01683608422250829,,0.2978723404255319,0.0
69,69,refinement,0.8,6,0.3227447898188417,0.016716786375925656,,0.27999999999999997,0.14285714285714285
69,69,refinement,0.8,7,0.3098723795602801,0.05802685874060418,,0.2777777777777778,0.0
70,70,accumulation,N/A,0,0.3368164680944501,0.023639706229175928,,0.3222748815165877,0.0
70,70,accumulation,N/A,1,0.3990149442020105,0.01935235663220301,,0.4155844155844156,0.5714285714285714
70,70,accumulation,N/A,2,0.2020783883133057,0.0668623200678206,,0.25,0.0
70,70,accumulation,N/A,3,0.2639403212197917,0.10524239843896188,,0.14285714285714285,0.14285714285714285
70,70,accumulation,N/A,4,0.23867385866328283,0.07049388321467077,,0.23255813953488372,0.0
70,70,accumulation,N/A,5,0.3050895426601832,0.012828523512189346,,0.5853658536585366,0.125
70,70,accumulation,N/A,6,0.25543206462509466,0.03278086018994259,,0.2727272727272727,0.0
70,70,accumulation,N/A,7,0.286007158090512,0.03605405944459234,,0.3278688524590164,0.0
70,70,refinement,0.5,0,0.3368164680944501,0.023639706229175928,,0.3222748815165877,0.0
70,70,refinement,0.5,1,0.35322617849494453,0.03175819901217328,,0.4,0.0
70,70,refinement,0.5,2,0.37624558854040036,0.03279000401341868,,0.4558823529411764,0.125
70,70,refinement,0.5,3,0.37738056649019375,0.03453799784721716,,0.4335664335664336,0.125
70,70,refinement,0.5,4,0.37846776266456705,0.036771680637644646,,0.4878048780487805,0.125
70,70,refinement,0.5,5,0.38258880825274755,0.03332557844799893,,0.4881889763779527,0.125
70,70,refinement,0.5,6,0.4049632947819894,0.03524576287855798,,0.5087719298245613,0.14285714285714285
70,70,refinement,0.5,7,0.41398037000175025,0.03832377657932617,,0.5405405405405406,0.14285714285714285
70,70,refinement,0.8,0,0.3368164680944501,0.023639706229175928,,0.3222748815165877,0.0
70,70,refinement,0.8,1,0.35460768123645564,0.029396694052850992,,0.4715447154471545,0.0
70,70,refinement,0.8,2,0.39568031007798954,0.047161521886322784,,0.5405405405405405,0.125
70,70,refinement,0.8,3,0.3942154456823049,0.022427013729131296,,0.5542168674698795,0.25
70,70,refinement,0.8,4,0.38043119057593466,0.02633962199181317,,0.605263157894737,0.0
70,70,refinement,0.8,5,0.3912564027219224,0.029467282705867993,,0.5116279069767442,0.125
70,70,refinement,0.8,6,0.39357057961271447,0.031172138561078765,,0.6236559139784946,0.0
70,70,refinement,0.8,7,0.3729795447605524,0.049342332643125576,,0.6060606060606061,0.0
71,71,accumulation,N/A,0,0.2549914375854472,0.00043506325676417304,,0.3586206896551724,0.0
71,71,accumulation,N/A,1,0.2398889717654966,0.00641274103280001,,0.3846153846153846,0.14285714285714285
71,71,accumulation,N/A,2,0.36039137678172584,0.007203093676729732,,0.44680851063829785,0.14285714285714285
71,71,accumulation,N/A,3,0.3477904595891294,0.012768497922100122,,0.5765765765765766,0.0
71,71,accumulation,N/A,4,0.3989764800808969,0.0015347864887336425,,0.5818181818181818,0.125
71,71,accumulation,N/A,5,0.2991902097443909,0.007710750011926259,,0.5396825396825397,0.0
71,71,accumulation,N/A,6,0.2659940448516175,0.011460291404672316,,0.5,0.0
71,71,accumulation,N/A,7,0.3760538035502755,0.010082879286067228,,0.4339622641509434,0.14285714285714285
71,71,refinement,0.5,0,0.2549914375854472,0.00043506325676417304,,0.3586206896551724,0.0
71,71,refinement,0.5,1,0.2418917662736104,0.004661051333235965,,0.32167832167832167,0.0
71,71,refinement,0.5,2,0.26898089784721624,0.005019744679801891,,0.36923076923076925,0.125
71,71,refinement,0.5,3,0.2678450456261127,0.005516476407164449,,0.3448275862068965,0.125
71,71,refinement,0.5,4,0.26498016366948346,0.006305329791174909,,0.3387096774193548,0.125
71,71,refinement,0.5,5,0.2416635524738069,0.007869321569095014,,0.4173913043478261,0.0
71,71,refinement,0.5,6,0.26985984233083465,0.005489483162866576,,0.411214953271028,0.125
71,71,refinement,0.5,7,0.2756097196155706,0.004007059251460014,,0.45454545454545453,0.125
71,71,refinement,0.8,0,0.2549914375854472,0.00043506325676417304,,0.3586206896551724,0.0
71,71,refinement,0.8,1,0.2583851888404771,0.009278170436179912,,0.4028776978417266,0.0
71,71,refinement,0.8,2,0.2664152994342415,0.030923938061022335,,0.29411764705882354,0.14285714285714285
71,71,refinement,0.8,3,0.2547455459123209,0.028272396606871083,,0.48275862068965514,0.0
71,71,refinement,0.8,4,0.322716058238556,0.033405559193599596,,0.6021505376344085,0.25
71,71,refinement,0.8,5,0.2285300147916821,0.042749765692429,,0.3636363636363636,0.0
71,71,refinement,0.8,6,0.23548573663454098,0.013081351639145346,,0.42857142857142855,0.0
71,71,refinement,0.8,7,0.21879185199896162,0.02675845031480539,,0.30927835051546393,0.0
72,72,accumulation,N/A,0,0.2123554585084813,0.005040596592955543,,0.10457516339869281,0.0
72,72,accumulation,N/A,1,0.3163805932025089,0.09613147750906567,,0.3684210526315789,0.0
72,72,accumulation,N/A,2,0.37419893148839756,0.09489002031642846,,0.3225806451612903,0.2
72,72,accumulation,N/A,3,0.3901376892885666,0.03763543500347738,,0.4375,0.25
72,72,accumulation,N/A,4,0.2599542537389336,0.00012728620955254752,,0.3478260869565218,0.14285714285714285
72,72,accumulation,N/A,5,0.37433658273829307,0.05188657007502925,,0.4242424242424242,0.25
72,72,accumulation,N/A,6,0.3589027179426584,0.08316313402651682,,0.22727272727272727,0.2
72,72,accumulation,N/A,7,0.3944682791396494,0.29303663614572606,,0.2,0.25
72,72,refinement,0.5,0,0.2123554585084813,0.005040596592955543,,0.10457516339869281,0.0
72,72,refinement,0.5,1,0.23970921350761068,7.713398066779042e-05,,0.09230769230769231,0.125
72,72,refinement,0.5,2,0.22329488509309264,0.00428953640215988,,0.08264462809917356,0.0
72,72,refinement,0.5,3,0.22332954734967858,0.002007272867643983,,0.17647058823529416,0.0
72,72,refinement,0.5,4,0.24231771349712705,0.006411613812469962,,0.1414141414141414,0.125
72,72,refinement,0.5,5,0.22865646453975869,0.015129328261816776,,0.15517241379310343,0.0
72,72,refinement,0.5,6,0.22492532132220588,0.012305998617213392,,0.18181818181818182,0.0
72,72,refinement,0.5,7,0.2405377813860689,0.016501643683657453,,0.15841584158415842,0.0
72,72,refinement,0.8,0,0.2123554585084813,0.005040596592955543,,0.10457516339869281,0.0
72,72,refinement,0.8,1,0.24798665967283978,0.013756468964461881,,0.25,0.0
72,72,refinement,0.8,2,0.23752794291102713,0.06445781400864765,,0.18181818181818182,0.0
72,72,refinement,0.8,3,0.24060943018515044,0.0444804567041009,,0.13793103448275862,0.0
72,72,refinement,0.8,4,0.23548530057845046,0.03856021419539202,,0.17543859649122806,0.0
72,72,refinement,0.8,5,0.21996843732944077,0.02808896074447113,,0.23333333333333336,0.0
72,72,refinement,0.8,6,0.22241267442243812,0.03708683610593802,,0.2105263157894737,0.0
72,72,refinement,0.8,7,0.23622054818320232,0.026179065854730402,,0.30769230769230765,0.0
73,73,accumulation,N/A,0,0.17491237926310083,0.01578450685080111,,0.011904761904761906,0.0
73,73,accumulation,N/A,1,0.7638786566955924,0.40679481218709634,,1.0,1.0
73,73,accumulation,N/A,2,0.7586809698689362,0.2820686569235649,,1.0,1.0
73,73,accumulation,N/A,3,0.711415259855332,0.17785731567969443,,1.0,1.0
73,73,accumulation,N/A,4,0.3558835225142133,0.061108756234686534,,0.25,0.0
73,73,accumulation,N/A,5,0.5327415814497634,0.3233520581755666,,0.6666666666666666,0.0
73,73,accumulation,N/A,6,0.387176602186298,0.29964674614270964,,0.25,0.0
73,73,accumulation,N/A,7,0.3166091390009149,0.3170344854589225,,0.0909090909090909,0.0
73,73,refinement,0.5,0,0.17491237926310083,0.01578450685080111,,0.011904761904761906,0.0
73,73,refinement,0.5,1,0.17426504407000712,0.008754980881281328,,0.01785714285714286,0.0
73,73,refinement,0.5,2,0.17686264638155663,0.008860967382093195,,0.017543859649122806,0.0
73,73,refinement,0.5,3,0.18050818404862473,0.00706722045834603,,0.023529411764705882,0.0
73,73,refinement,0.5,4,0.1479977724138755,0.0,,0.020833333333333332,0.0
73,73,refinement,0.5,5,0.1752520881880286,0.0030150361868624795,,0.021276595744680854,0.0
73,73,refinement,0.5,6,0.1749255597492521,0.0,,0.02197802197802198,0.0
73,73,refinement,0.5,7,0.17763310391628237,0.0,,0.024096385542168676,0.0
73,73,refinement,0.8,0,0.17491237926310083,0.01578450685080111,,0.011904761904761906,0.0
73,73,refinement,0.8,1,0.22727028579686726,0.0,,0.0625,0.0
73,73,refinement,0.8,2,0.2518199133804331,0.0,,0.07999999999999999,0.0
73,73,refinement,0.8,3,0.2933907793163911,0.0,,0.08695652173913045,0.2
73,73,refinement,0.8,4,0.2665622956749032,0.0,,0.07407407407407407,0.0
73,73,refinement,0.8,5,0.3007487219542546,0.0,,0.15384615384615385,0.2
73,73,refinement,0.8,6,0.2941284669214167,0.0,,0.13333333333333333,0.2
73,73,refinement,0.8,7,0.2972731745716354,0.0,,0.16666666666666669,0.2
74,74,accumulation,N/A,0,0.2692177959841984,0.01532856809843906,,0.08045977011494253,0.0
74,74,accumulation,N/A,1,0.28306210534280407,0.030705243000305093,,0.2622950819672131,0.0
74,74,accumulation,N/A,2,0.36970161616601144,0.11922856198645354,,0.40909090909090906,0.125
74,74,accumulation,N/A,3,0.2619078528106183,0.06962401645547972,,0.21052631578947364,0.125
74,74,accumulation,N/A,4,0.37123634438470743,0.23516591971447978,,0.11764705882352941,0.375
74,74,accumulation,N/A,5,0.4486614534977653,0.3044291905472355,,0.45714285714285713,0.14285714285714285
74,74,accumulation,N/A,6,0.34323615580766453,0.010364545894751168,,0.2535211267605634,0.125
74,74,accumulation,N/A,7,0.3332920121707371,0.2485251121101414,,0.26666666666666666,0.14285714285714285
74,74,refinement,0.5,0,0.2692177959841984,0.01532856809843906,,0.08045977011494253,0.0
74,74,refinement,0.5,1,0.26565958542411394,0.027161130217998746,,0.0979020979020979,0.0
74,74,refinement,0.5,2,0.2546563330291899,0.02936252720720037,,0.12280701754385964,0.0
74,74,refinement,0.5,3,0.25590645566292475,0.019231376447100608,,0.09929078014184396,0.0
74,74,refinement,0.5,4,0.25972387743322184,0.01941044393707995,,0.14893617021276595,0.0
74,74,refinement,0.5,5,0.27761771530554025,0.019128369952688858,,0.16216216216216214,0.0
74,74,refinement,0.5,6,0.2614237207364355,0.02010260515506572,,0.16901408450704225,0.0
74,74,refinement,0.5,7,0.2563414696331699,0.010949109754004606,,0.16470588235294115,0.0
74,74,refinement,0.8,0,0.2692177959841984,0.01532856809843906,,0.08045977011494253,0.0
74,74,refinement,0.8,1,0.2952022924640126,0.02674405196784461,,0.10447761194029852,0.125
74,74,refinement,0.8,2,0.28080903513541255,0.07093133833583372,,0.1206896551724138,0.0
74,74,refinement,0.8,3,0.29655126145815824,0.07751264931678536,,0.25,0.125
74,74,refinement,0.8,4,0.30540787599300023,0.07673909210789945,,0.1971830985915493,0.125
74,74,refinement,0.8,5,0.2750019836777474,0.08474823421949303,,0.15189873417721517,0.0
74,74,refinement,0.8,6,0.3025442485602329,0.07402253862578591,,0.2978723404255319,0.0
74,74,refinement,0.8,7,0.2838465650848135,0.08819804652187065,,0.22222222222222218,0.0
75,75,accumulation,N/A,0,0.41233822534464676,0.0,,0.5675675675675677,0.16666666666666666
75,75,accumulation,N/A,1,0.41746191599122934,0.009851762764102127,,0.5098039215686275,0.16666666666666666
75,75,accumulation,N/A,2,0.4649597120791329,0.018126668175364565,,0.6478873239436619,0.2857142857142857
75,75,accumulation,N/A,3,0.4036794296555608,0.009346711638855369,,0.47058823529411764,0.16666666666666666
75,75,accumulation,N/A,4,0.3682372999355348,0.018891451552770347,,0.43243243243243246,0.16666666666666666
75,75,accumulation,N/A,5,0.41074253421187495,0.0023246523230870115,,0.735632183908046,0.42857142857142855
75,75,accumulation,N/A,6,0.3457713212543873,0.020905200429334032,,0.4318181818181818,0.0
75,75,accumulation,N/A,7,0.3587663774035717,0.00820234452377917,,0.3448275862068966,0.0
75,75,refinement,0.5,0,0.41233822534464676,0.0,,0.5675675675675677,0.16666666666666666
75,75,refinement,0.5,1,0.3187661515993538,0.0,,0.4375,0.0
75,75,refinement,0.5,2,0.3727124581870387,0.0,,0.49275362318840576,0.0
75,75,refinement,0.5,3,0.36869421756871706,0.0,,0.5,0.0
75,75,refinement,0.5,4,0.372670858046133,0.0,,0.49180327868852464,0.16666666666666666
75,75,refinement,0.5,5,0.36332356219035805,0.0,,0.46875,0.0
75,75,refinement,0.5,6,0.37822886452138016,0.0,,0.4262295081967213,0.16666666666666666
75,75,refinement,0.5,7,0.3604946142640983,0.0,,0.45614035087719296,0.0
75,75,refinement,0.8,0,0.41233822534464676,0.0,,0.5675675675675677,0.16666666666666666
75,75,refinement,0.8,1,0.4323195669922389,0.0,,0.3666666666666667,0.5
75,75,refinement,0.8,2,0.3429316180593209,0.0,,0.39999999999999997,0.0
75,75,refinement,0.8,3,0.39230786427334574,0.005366202285258021,,0.4590163934426229,0.16666666666666666
75,75,refinement,0.8,4,0.34969329007360883,0.013583718757626956,,0.5161290322580646,0.0
75,75,refinement,0.8,5,0.38729462486392063,0.006151692904747541,,0.4516129032258065,0.2857142857142857
75,75,refinement,0.8,6,0.40314210015654395,0.0,,0.49230769230769234,0.16666666666666666
75,75,refinement,0.8,7,0.43623576699159333,0.0,,0.7294117647058823,0.16666666666666666
76,76,accumulation,N/A,0,0.17425725194562894,0.0014707363931405696,,0.1348314606741573,0.0
76,76,accumulation,N/A,1,0.331874117085012,0.004372339211477326,,0.3759398496240601,0.0
76,76,accumulation,N/A,2,0.33978275341585035,0.0003519879874455206,,0.5058823529411764,0.0
76,76,accumulation,N/A,3,0.3661362322568331,0.0030124746014545917,,0.5694444444444445,0.0
76,76,accumulation,N/A,4,0.3699222351615624,0.0232315484682899,,0.5531914893617023,0.0
76,76,accumulation,N/A,5,0.34259331745218113,0.0003357289974213583,,0.39603960396039606,0.0
76,76,accumulation,N/A,6,0.31556066696899293,0.0,,0.4460431654676259,0.0
76,76,accumulation,N/A,7,0.36232752547741653,0.008670365007172314,,0.36697247706422015,0.14285714285714285
76,76,refinement,0.5,0,0.17425725194562894,0.0014707363931405696,,0.1348314606741573,0.0
76,76,refinement,0.5,1,0.17776933213205115,0.003201509760198526,,0.07317073170731707,0.125
76,76,refinement,0.5,2,0.18667474833384845,0.0015244738526454694,,0.09876543209876543,0.0
76,76,refinement,0.5,3,0.17791420984488654,0.003947659157746307,,0.052631578947368425,0.0
76,76,refinement,0.5,4,0.16369599258015036,0.0028799921279200414,,0.047619047619047616,0.0
76,76,refinement,0.5,5,0.2225562756561264,0.002654087020729496,,0.07228915662650603,0.125
76,76,refinement,0.5,6,0.20194242001561827,0.0013371877858544452,,0.1348314606741573,0.0
76,76,refinement,0.5,7,0.15673993013948467,0.004011563357563336,,0.05,0.0
76,76,refinement,0.8,0,0.17425725194562894,0.0014707363931405696,,0.1348314606741573,0.0
76,76,refinement,0.8,1,0.19166824552912315,0.007480533094951036,,0.02531645569620253,0.0
76,76,refinement,0.8,2,0.22058232879380796,0.0,,0.07792207792207792,0.0
76,76,refinement,0.8,3,0.21291170844512353,0.0,,0.10666666666666667,0.0
76,76,refinement,0.8,4,0.32572716908349303,0.0009707581680248442,,0.41071428571428575,0.16666666666666666
76,76,refinement,0.8,5,0.30286157024544824,0.008952720594380318,,0.5416666666666666,0.14285714285714285
76,76,refinement,0.8,6,0.3472678971219378,0.0017229783443215847,,0.44210526315789467,0.16666666666666666
76,76,refinement,0.8,7,0.27511880557090423,0.005447723242415087,,0.2588235294117647,0.0
77,77,accumulation,N/A,0,0.3181286656627911,0.0014303651286063455,,0.4096385542168675,0.0
77,77,accumulation,N/A,1,0.3616911616371629,0.011739861851759502,,0.4972972972972973,0.0
77,77,accumulation,N/A,2,0.37247839443565756,0.014223134512402173,,0.6577181208053692,0.0
77,77,accumulation,N/A,3,0.36570348932412516,0.007426359773650878,,0.6666666666666667,0.0
77,77,accumulation,N/A,4,0.3769748656748913,0.00257415661151727,,0.5428571428571428,0.25
77,77,accumulation,N/A,5,0.33564769527090343,0.00651062458633768,,0.5521472392638036,0.0
77,77,accumulation,N/A,6,0.363901674130821,0.024773322713392554,,0.5441176470588235,0.25
77,77,accumulation,N/A,7,0.3987104434560915,0.010659436223109586,,0.7246376811594203,0.0
77,77,refinement,0.5,0,0.3181286656627911,0.0014303651286063455,,0.4096385542168675,0.0
77,77,refinement,0.5,1,0.3343047250362202,0.0009215410858090856,,0.5464480874316939,0.0
77,77,refinement,0.5,2,0.3403727679470767,0.0007896152337004364,,0.5208333333333334,0.0
77,77,refinement,0.5,3,0.34054802616864444,0.0007405230092179448,,0.52,0.0
77,77,refinement,0.5,4,0.3357678987589716,0.0020119680829492432,,0.49032258064516127,0.0
77,77,refinement,0.5,5,0.352801502857155,0.002845469488019619,,0.5064935064935066,0.125
77,77,refinement,0.5,6,0.3486673888145059,0.0021279179582355686,,0.46341463414634143,0.125
77,77,refinement,0.5,7,0.33300055736312584,0.0019483694752077346,,0.5222929936305732,0.0
77,77,refinement,0.8,0,0.3181286656627911,0.0014303651286063455,,0.4096385542168675,0.0
77,77,refinement,0.8,1,0.3235555411649517,0.008145507198088129,,0.4692737430167597,0.0
77,77,refinement,0.8,2,0.3581529987507778,0.0041439535339479,,0.5473684210526316,0.125
77,77,refinement,0.8,3,0.33386466877283094,0.005768290798397036,,0.6282051282051283,0.0
77,77,refinement,0.8,4,0.36010285953490984,0.001745691027164998,,0.6470588235294118,0.0
77,77,refinement,0.8,5,0.312606451519464,0.0,,0.5289256198347108,0.0
77,77,refinement,0.8,6,0.38842583992208396,0.0,,0.5932203389830508,0.25
77,77,refinement,0.8,7,0.33922754489655976,0.00019211299346594466,,0.5714285714285715,0.125
78,78,accumulation,N/A,0,0.15788408424660297,0.011601257987888467,,0.06504065040650406,0.0
78,78,accumulation,N/A,1,0.20122729073398044,0.052601789518387086,,0.049079754601226995,0.0
78,78,accumulation,N/A,2,0.231157221230124,0.0,,0.24999999999999997,0.2
78,78,accumulation,N/A,3,0.217422399977349,0.0,,0.23529411764705882,0.0
78,78,accumulation,N/A,4,0.2004867617608093,0.020804786310551222,,0.1818181818181818,0.0
78,78,accumulation,N/A,5,0.27093144959957843,0.026220457087733337,,0.39999999999999997,0.0
78,78,accumulation,N/A,6,0.21847498035523039,0.01282813178948451,,0.16216216216216214,0.0
78,78,accumulation,N/A,7,0.18139545562363196,0.004357346572994729,,0.2222222222222222,0.0
78,78,refinement,0.5,0,0.15788408424660297,0.011601257987888467,,0.06504065040650406,0.0
78,78,refinement,0.5,1,0.15185670588084088,0.010439010439010434,,0.08163265306122448,0.0
78,78,refinement,0.5,2,0.15390923394809147,0.008699175365842077,,0.09523809523809523,0.0
78,78,refinement,0.5,3,0.14231151705971926,0.008892620640149888,,0.15384615384615385,0.0
78,78,refinement,0.5,4,0.15880565920492568,0.008940819126004359,,0.125,0.0
78,78,refinement,0.5,5,0.16370427116313357,0.007501565315476782,,0.163265306122449,0.0
78,78,refinement,0.5,6,0.1627358636704912,0.009134134134134182,,0.14814814814814814,0.0
78,78,refinement,0.5,7,0.16001824597130387,0.012146018435326677,,0.11320754716981131,0.0
78,78,refinement,0.8,0,0.15788408424660297,0.011601257987888467,,0.06504065040650406,0.0
78,78,refinement,0.8,1,0.12939336010243338,0.017913785017405204,,0.07142857142857142,0.0
78,78,refinement,0.8,2,0.14127229718605042,0.0,,0.07547169811320753,0.0
78,78,refinement,0.8,3,0.18847122726671267,0.04256991289540898,,0.09999999999999999,0.14285714285714285
78,78,refinement,0.8,4,0.1963835403559342,0.0037156487670892864,,0.10526315789473685,0.14285714285714285
78,78,refinement,0.8,5,0.15534282223896373,0.0014787388927138493,,0.13636363636363635,0.0
78,78,refinement,0.8,6,0.1759964085756573,0.004989277025866295,,0.12903225806451613,0.0
78,78,refinement,0.8,7,0.16092447225806175,0.014762861272107398,,0.08695652173913042,0.0
79,79,accumulation,N/A,0,0.19821887912589226,0.0,,0.007662835249042146,0.0
79,79,accumulation,N/A,1,0.5530849693730027,0.3612580911356349,,0.6666666666666666,0.5
79,79,accumulation,N/A,2,0.41590306665649224,0.5833088082065722,,0.33333333333333337,0.0
79,79,accumulation,N/A,3,0.31246795665618454,0.1387431862593846,,0.16666666666666669,0.0
79,79,accumulation,N/A,4,0.6181137290135369,0.6203029019684603,,0.6666666666666666,0.5
79,79,accumulation,N/A,5,0.5015823983949679,0.2380226041110679,,0.5,0.3333333333333333
79,79,accumulation,N/A,6,0.2718646666244613,0.1947780378314084,,0.0689655172413793,0.0
79,79,accumulation,N/A,7,0.22468093266864334,0.0,,0.05,0.0
79,79,refinement,0.5,0,0.19821887912589226,0.0,,0.007662835249042146,0.0
79,79,refinement,0.5,1,0.19915950151677053,0.003776685652388668,,0.011235955056179775,0.0
79,79,refinement,0.5,2,0.21686270676147462,0.03425294373570244,,0.013513513513513513,0.0
79,79,refinement,0.5,3,0.2178954254959172,0.041184764760476826,,0.014184397163120567,0.0
79,79,refinement,0.5,4,0.19992072121755056,0.0,,0.017699115044247787,0.0
79,79,refinement,0.5,5,0.22519287861571857,0.07042898347246163,,0.015267175572519085,0.0
79,79,refinement,0.5,6,0.22240057454049827,0.06189947812515253,,0.016,0.0
79,79,refinement,0.5,7,0.22822356215410092,0.06664797753906664,,0.022988505747126436,0.0
79,79,refinement,0.8,0,0.19821887912589226,0.0,,0.007662835249042146,0.0
79,79,refinement,0.8,1,0.22953791626192277,0.03293039734174862,,0.030303030303030307,0.0
79,79,refinement,0.8,2,0.20079211033321492,0.09984294308207212,,0.03636363636363636,0.0
79,79,refinement,0.8,3,0.245283196676281,0.08787737155518631,,0.05,0.0
79,79,refinement,0.8,4,0.246023936848163,0.10830559822495305,,0.03125,0.0
79,79,refinement,0.8,5,0.2321778381562477,0.12492924818506207,,0.022988505747126436,0.0
79,79,refinement,0.8,6,0.2379250918871349,0.11227714422910884,,0.06451612903225806,0.0
79,79,refinement,0.8,7,0.22642665498965003,0.12163496780695694,,0.02985074626865672,0.0
80,80,accumulation,N/A,0,0.18287730241113237,0.0,,0.012121212121212121,0.0
80,80,accumulation,N/A,1,0.2803341821439085,0.0,,0.16666666666666669,0.0
80,80,accumulation,N/A,2,0.17376737406527104,0.02924964805916368,,0.0689655172413793,0.0
80,80,accumulation,N/A,3,0.2962655514847512,0.0,,0.15384615384615385,0.0
80,80,accumulation,N/A,4,0.2608939534686331,0.0,,0.19999999999999998,0.0
80,80,accumulation,N/A,5,0.46882851486536037,0.0,,0.6666666666666666,0.0
80,80,accumulation,N/A,6,0.4543569138847606,0.0,,0.5,0.0
80,80,accumulation,N/A,7,0.2977839839814611,0.0,,0.33333333333333337,0.0
80,80,refinement,0.5,0,0.18287730241113237,0.0,,0.012121212121212121,0.0
80,80,refinement,0.5,1,0.18020507420504267,0.0,,0.0125,0.0
80,80,refinement,0.5,2,0.16146956525769018,0.003929781626505914,,0.014705882352941178,0.0
80,80,refinement,0.5,3,0.18265860090958627,0.0,,0.015037593984962407,0.0
80,80,refinement,0.5,4,0.18443756472706946,0.0,,0.016260162601626018,0.0
80,80,refinement,0.5,5,0.18413644480153785,0.0,,0.020202020202020204,0.0
80,80,refinement,0.5,6,0.18504107131589198,0.0,,0.02150537634408602,0.0
80,80,refinement,0.5,7,0.1713645185817851,0.0391231593038824,,0.022727272727272724,0.0
80,80,refinement,0.8,0,0.18287730241113237,0.0,,0.012121212121212121,0.0
80,80,refinement,0.8,1,0.1513099121867183,0.029751451942115544,,0.03125,0.0
80,80,refinement,0.8,2,0.15713985023827898,0.06018947585212661,,0.031746031746031744,0.0
80,80,refinement,0.8,3,0.16736716979226865,0.07281473311084702,,0.05,0.0
80,80,refinement,0.8,4,0.16342372748409628,0.0447121820615795,,0.05128205128205127,0.0
80,80,refinement,0.8,5,0.21759808797987829,0.0,,0.05128205128205127,0.0
80,80,refinement,0.8,6,0.2147443650299889,0.0,,0.03571428571428572,0.0
80,80,refinement,0.8,7,0.20586244473382678,0.0,,0.042553191489361694,0.0
81,81,accumulation,N/A,0,0.3673147130051511,0.006239567803637062,,0.5,0.14285714285714285
81,81,accumulation,N/A,1,0.21398959450243943,0.008494865083868585,,0.12698412698412698,0.0
81,81,accumulation,N/A,2,0.2399143897207682,0.034646873809147764,,0.21212121212121215,0.0
81,81,accumulation,N/A,3,0.1978353082071365,0.015857663498175426,,0.0967741935483871,0.0
81,81,accumulation,N/A,4,0.20384786216450201,0.004710161860198789,,0.15625,0.0
81,81,accumulation,N/A,5,0.3685522208585319,0.001929227667673199,,0.6229508196721311,0.0
81,81,accumulation,N/A,6,0.29318678430108414,0.015554503907096404,,0.34234234234234234,0.0
81,81,accumulation,N/A,7,0.3978860687367514,0.025398444626968844,,0.5370370370370371,0.0
81,81,refinement,0.5,0,0.3673147130051511,0.006239567803637062,,0.5,0.14285714285714285
81,81,refinement,0.5,1,0.3400832790407612,0.00797250232656193,,0.5426356589147286,0.0
81,81,refinement,0.5,2,0.346995819238144,0.007150857842079157,,0.4615384615384615,0.0
81,81,refinement,0.5,3,0.3624125150875934,0.006464736093367443,,0.46031746031746035,0.14285714285714285
81,81,refinement,0.5,4,0.39108195627277825,0.006582912276504326,,0.4878048780487804,0.2857142857142857
81,81,refinement,0.5,5,0.34570869886579403,0.010722393491351005,,0.4793388429752066,0.0
81,81,refinement,0.5,6,0.34788423795036016,0.018437963788488356,,0.4754098360655738,0.0
81,81,refinement,0.5,7,0.35818005315977486,0.011682204976661396,,0.5693430656934306,0.0
81,81,refinement,0.8,0,0.3673147130051511,0.006239567803637062,,0.5,0.14285714285714285
81,81,refinement,0.8,1,0.33704372213044453,0.007347988524805782,,0.3728813559322034,0.14285714285714285
81,81,refinement,0.8,2,0.3674393066505459,0.005531800214441606,,0.3846153846153846,0.14285714285714285
81,81,refinement,0.8,3,0.3585279830174685,0.007030592498480131,,0.46715328467153283,0.125
81,81,refinement,0.8,4,0.3589721594211405,0.0002484627973503584,,0.5652173913043479,0.0
81,81,refinement,0.8,5,0.36244718155687417,0.0010229999964187278,,0.5967741935483871,0.0
81,81,refinement,0.8,6,0.4021031122408116,0.0010326326408400671,,0.55,0.2857142857142857
81,81,refinement,0.8,7,0.37880516562055955,0.0033060352622494163,,0.5289256198347108,0.14285714285714285
82,82,accumulation,N/A,0,0.2698164636476045,0.0031219982311945066,,0.19277108433734938,0.0
82,82,accumulation,N/A,1,0.33679566813043293,0.000336431241032699,,0.4266666666666667,0.0
82,82,accumulation,N/A,2,0.3917324750554299,0.0209837808171667,,0.6551724137931034,0.14285714285714285
82,82,accumulation,N/A,3,0.35321740153332665,0.017716563628539756,,0.31578947368421056,0.16666666666666666
82,82,accumulation,N/A,4,0.337327640434693,0.0003131472986645125,,0.5,0.0
82,82,accumulation,N/A,5,0.38296484619707905,0.019109186980112304,,0.4745762711864407,0.14285714285714285
82,82,accumulation,N/A,6,0.3298620628423455,0.0156700881303784,,0.45,0.0
82,82,accumulation,N/A,7,0.34804959768975613,0.0,,0.43636363636363634,0.16666666666666666
82,82,refinement,0.5,0,0.2698164636476045,0.0031219982311945066,,0.19277108433734938,0.0
82,82,refinement,0.5,1,0.26675097706984735,0.008499868613171478,,0.1375,0.125
82,82,refinement,0.5,2,0.2733368779463195,0.020541826092786573,,0.1929824561403509,0.0
82,82,refinement,0.5,3,0.31502865939845925,0.013760044775856307,,0.19672131147540983,0.14285714285714285
82,82,refinement,0.5,4,0.24311524299310872,0.019709288162626747,,0.1724137931034483,0.0
82,82,refinement,0.5,5,0.24440470038118373,0.021566416150456125,,0.1592920353982301,0.0
82,82,refinement,0.5,6,0.24305766638281595,0.022401418723959322,,0.1724137931034483,0.0
82,82,refinement,0.5,7,0.2606181781841373,0.019026009282919167,,0.17600000000000002,0.0
82,82,refinement,0.8,0,0.2698164636476045,0.0031219982311945066,,0.19277108433734938,0.0
82,82,refinement,0.8,1,0.3158544711495218,0.01079366011536648,,0.2857142857142857,0.125
82,82,refinement,0.8,2,0.27788701456959103,0.024965388921024942,,0.22222222222222224,0.0
82,82,refinement,0.8,3,0.27867921299212794,0.008588513650900676,,0.2465753424657534,0.0
82,82,refinement,0.8,4,0.27621315533678537,0.0,,0.2985074626865672,0.0
82,82,refinement,0.8,5,0.3115201282433965,0.01333895749637046,,0.31746031746031744,0.0
82,82,refinement,0.8,6,0.33345684986157337,0.00012794715395075717,,0.3684210526315789,0.14285714285714285
82,82,refinement,0.8,7,0.28218679452820333,0.010352581135397582,,0.3466666666666666,0.0
83,83,accumulation,N/A,0,0.29798668353321345,0.02153923684339164,,0.4262295081967213,0.0
83,83,accumulation,N/A,1,0.3261308489650138,0.027492074914030433,,0.417910447761194,0.0
83,83,accumulation,N/A,2,0.41347096259781135,0.08973378852686877,,0.36111111111111105,0.0
83,83,accumulation,N/A,3,0.32053233064963665,0.04644380792598531,,0.4117647058823529,0.2
83,83,accumulation,N/A,4,0.34061897115463535,0.038738443370861485,,0.5714285714285714,0.0
83,83,accumulation,N/A,5,0.32390218490523487,0.017189963209693467,,0.5279999999999999,0.14285714285714285
83,83,accumulation,N/A,6,0.26002002905929944,0.012849811111173585,,0.40310077519379844,0.0
83,83,accumulation,N/A,7,0.27416512655252456,0.00020940223597384813,,0.3835616438356164,0.14285714285714285
83,83,refinement,0.5,0,0.29798668353321345,0.02153923684339164,,0.4262295081967213,0.0
83,83,refinement,0.5,1,0.30620173381125665,0.026243869725189793,,0.45882352941176474,0.0
83,83,refinement,0.5,2,0.3119413983069418,0.021945519966830973,,0.4473684210526315,0.125
83,83,refinement,0.5,3,0.2957532595725392,0.01808799320242611,,0.41379310344827586,0.0
83,83,refinement,0.5,4,0.29742593036106246,0.010895325349379079,,0.4740740740740741,0.0
83,83,refinement,0.5,5,0.3009038878519382,0.01590061854916821,,0.42748091603053434,0.0
83,83,refinement,0.5,6,0.2943536877586873,0.011827101497660749,,0.4305555555555556,0.0
83,83,refinement,0.5,7,0.2966052549969016,0.018250983869297535,,0.4657534246575343,0.0
83,83,refinement,0.8,0,0.29798668353321345,0.02153923684339164,,0.4262295081967213,0.0
83,83,refinement,0.8,1,0.33720133153755694,0.01719255955653107,,0.5882352941176471,0.14285714285714285
83,83,refinement,0.8,2,0.28971900021809005,0.012188139039435763,,0.484375,0.0
83,83,refinement,0.8,3,0.31577105976771236,0.01683775347388691,,0.5309734513274336,0.0
83,83,refinement,0.8,4,0.29637367572375245,0.006487621442091766,,0.45901639344262296,0.0
83,83,refinement,0.8,5,0.28187726309168043,0.022544277483056506,,0.3652173913043478,0.0
83,83,refinement,0.8,6,0.3174698627076467,0.022234631697360816,,0.37500000000000006,0.0
83,83,refinement,0.8,7,0.32947262559192736,0.02061952813822716,,0.5301204819277109,0.0
84,84,accumulation,N/A,0,0.3629718043055386,0.004003921477089395,,0.35537190082644626,0.125
84,84,accumulation,N/A,1,0.28624989414756746,0.0,,0.393939393939394,0.125
84,84,accumulation,N/A,2,0.38556159468651263,0.0005427682042576382,,0.7126436781609196,0.25
84,84,accumulation,N/A,3,0.32067699634038543,0.006131543515199554,,0.5842696629213483,0.0
84,84,accumulation,N/A,4,0.2851817134135272,0.0,,0.45569620253164556,0.125
84,84,accumulation,N/A,5,0.3548033125259836,0.010086808466838949,,0.6050420168067226,0.0
84,84,accumulation,N/A,6,0.3525092654445387,0.008144256691938388,,0.6470588235294118,0.125
84,84,accumulation,N/A,7,0.3411138947438279,0.014140711175516981,,0.48484848484848486,0.125
84,84,refinement,0.5,0,0.3629718043055386,0.004003921477089395,,0.35537190082644626,0.125
84,84,refinement,0.5,1,0.39978109782090643,0.006561921645905662,,0.5,0.25
84,84,refinement,0.5,2,0.3625101276544226,0.00025359387520997023,,0.45508982035928147,0.125
84,84,refinement,0.5,3,0.3799563249028277,0.003945452260374281,,0.4968152866242038,0.25
84,84,refinement,0.5,4,0.3818074695803486,0.005337080016518567,,0.5306122448979592,0.25
84,84,refinement,0.5,5,0.35033231923043734,0.006972724604044758,,0.4472049689440994,0.0
84,84,refinement,0.5,6,0.42064352215592854,0.0005723319116577811,,0.5369127516778522,0.375
84,84,refinement,0.5,7,0.41367306868245607,0.008912398021969609,,0.6218487394957983,0.25
84,84,refinement,0.8,0,0.3629718043055386,0.004003921477089395,,0.35537190082644626,0.125
84,84,refinement,0.8,1,0.32466302010946135,0.004319569252874479,,0.4268292682926829,0.125
84,84,refinement,0.8,2,0.29882227040673504,0.011071930091876741,,0.3559322033898305,0.125
84,84,refinement,0.8,3,0.295081125824522,0.0026012824249489978,,0.4444444444444444,0.0
84,84,refinement,0.8,4,0.35760574836284287,0.0001748644114100934,,0.4864864864864865,0.125
84,84,refinement,0.8,5,0.3190991392597141,0.000185550734848468,,0.6506024096385542,0.0
84,84,refinement,0.8,6,0.30657149637295944,0.0009866599188285074,,0.5263157894736842,0.125
84,84,refinement,0.8,7,0.36713758805218594,0.0031009834516617725,,0.547945205479452,0.25
85,85,accumulation,N/A,0,0.17890412426978117,0.04395405838544429,,0.022988505747126436,0.0
85,85,accumulation,N/A,1,0.19560707429752563,0.022945021258206782,,0.0909090909090909,0.0
85,85,accumulation,N/A,2,0.21220150745927185,0.12891357818818533,,0.14814814814814814,0.0
85,85,accumulation,N/A,3,0.4580877246209295,0.19328860411834037,,0.8,0.0
85,85,accumulation,N/A,4,0.22520124228186297,0.04669145713793185,,0.02469135802469136,0.0
85,85,accumulation,N/A,5,0.3337795921189649,0.12262296572733673,,0.4444444444444445,0.0
85,85,accumulation,N/A,6,0.2647273984863441,0.0993595497921752,,0.1142857142857143,0.0
85,85,accumulation,N/A,7,0.22081651930781204,0.0,,0.06779661016949151,0.0
85,85,refinement,0.5,0,0.17890412426978117,0.04395405838544429,,0.022988505747126436,0.0
85,85,refinement,0.5,1,0.17944426103301353,0.04990354583869193,,0.028368794326241138,0.0
85,85,refinement,0.5,2,0.20228011990337114,0.05160328342607682,,0.030303030303030307,0.0
85,85,refinement,0.5,3,0.20460250977841535,0.04616092659354147,,0.038834951456310676,0.0
85,85,refinement,0.5,4,0.20360750399514183,0.041692288771368866,,0.038834951456310676,0.0
85,85,refinement,0.5,5,0.20286050477536371,0.04983148772267694,,0.043010752688172046,0.0
85,85,refinement,0.5,6,0.19853948821774275,0.053422916841039815,,0.048192771084337345,0.0
85,85,refinement,0.5,7,0.1957207784840828,0.08654779059483589,,0.05,0.0
85,85,refinement,0.8,0,0.17890412426978117,0.04395405838544429,,0.022988505747126436,0.0
85,85,refinement,0.8,1,0.19484632034502056,0.06576669760236534,,0.03333333333333333,0.0
85,85,refinement,0.8,2,0.19349249365086668,0.023000072364549772,,0.039999999999999994,0.0
85,85,refinement,0.8,3,0.19518985411085332,0.0385106678325885,,0.04597701149425288,0.0
85,85,refinement,0.8,4,0.19971683514135,0.03758209830713961,,0.05633802816901409,0.0
85,85,refinement,0.8,5,0.20663536204211494,0.1318527841797697,,0.04597701149425288,0.0
85,85,refinement,0.8,6,0.20411421317204778,0.1208618531464583,,0.03738317757009346,0.0
85,85,refinement,0.8,7,0.19640640865052042,0.09440663900414946,,0.031746031746031744,0.0
86,86,accumulation,N/A,0,0.3321232410346992,0.020260318821197387,,0.3614457831325302,0.0
86,86,accumulation,N/A,1,0.36160993773765565,0.023739532167452605,,0.5207100591715976,0.0
86,86,accumulation,N/A,2,0.3903921173844179,0.03475181343675446,,0.4583333333333333,0.0
86,86,accumulation,N/A,3,0.37140172210317657,0.02035956729454259,,0.4505494505494505,0.0
86,86,accumulation,N/A,4,0.3126405503258936,0.03345751976843541,,0.2939068100358423,0.0
86,86,accumulation,N/A,5,0.3346821937785369,0.023285491534013034,,0.3548387096774194,0.0
86,86,accumulation,N/A,6,0.3430915540461457,0.03052429011249067,,0.5522388059701493,0.0
86,86,accumulation,N/A,7,0.3514814407795894,0.029451417728271676,,0.4421052631578948,0.0
86,86,refinement,0.5,0,0.3321232410346992,0.020260318821197387,,0.3614457831325302,0.0
86,86,refinement,0.5,1,0.3359872390494897,0.02749437268836588,,0.3320158102766798,0.0
86,86,refinement,0.5,2,0.3329743976362169,0.02447874420705666,,0.4017467248908297,0.0
86,86,refinement,0.5,3,0.34364799137800717,0.018741640641287596,,0.4591836734693877,0.0
86,86,refinement,0.5,4,0.3479771384334472,0.019016960088700106,,0.4812834224598931,0.0
86,86,refinement,0.5,5,0.3436394621787869,0.02097187464398698,,0.4299065420560748,0.0
86,86,refinement,0.5,6,0.34312263092907713,0.0170760744788324,,0.4343434343434343,0.0
86,86,refinement,0.5,7,0.3415970366705212,0.0198244777689589,,0.43269230769230776,0.0
86,86,refinement,0.8,0,0.3321232410346992,0.020260318821197387,,0.3614457831325302,0.0
86,86,refinement,0.8,1,0.3613217197380809,0.03129999227289259,,0.4181818181818182,0.0
86,86,refinement,0.8,2,0.3690830168711743,0.03011351358326094,,0.3833333333333333,0.0
86,86,refinement,0.8,3,0.3509512162311236,0.035756712419748905,,0.4597701149425288,0.0
86,86,refinement,0.8,4,0.3805057836197702,0.026753278212280584,,0.38532110091743116,0.125
86,86,refinement,0.8,5,0.37500976398896135,0.024338615575444582,,0.4588235294117647,0.125
86,86,refinement,0.8,6,0.3886091223782372,0.036939645863661635,,0.37037037037037046,0.14285714285714285
86,86,refinement,0.8,7,0.3240355380217655,0.011369185417811515,,0.2783882783882784,0.0
87,87,accumulation,N/A,0,0.18773139369595307,0.018795782535370845,,0.05095541401273886,0.0
87,87,accumulation,N/A,1,0.2623803589515677,0.04835016800535294,,0.15789473684210525,0.0
87,87,accumulation,N/A,2,0.21934343816916124,0.011963680783809995,,0.19999999999999998,0.0
87,87,accumulation,N/A,3,0.23044058649466698,0.007308779254350602,,0.15384615384615385,0.0
87,87,accumulation,N/A,4,0.2731748419664047,0.10837240067301429,,0.2666666666666667,0.0
87,87,accumulation,N/A,5,0.32273576263640974,0.043956561995581754,,0.6,0.0
87,87,accumulation,N/A,6,0.2657264150912076,0.008851384433255637,,0.2222222222222222,0.16666666666666666
87,87,accumulation,N/A,7,0.3813288988725824,0.09382521359968835,,0.6153846153846153,0.0
87,87,refinement,0.5,0,0.18773139369595307,0.018795782535370845,,0.05095541401273886,0.0
87,87,refinement,0.5,1,0.18420367586713893,0.0,,0.07339449541284404,0.0
87,87,refinement,0.5,2,0.18106818398302982,0.018986726116584408,,0.07017543859649122,0.0
87,87,refinement,0.5,3,0.18476249348655394,0.02461184302173039,,0.08247422680412372,0.0
87,87,refinement,0.5,4,0.18555287201816878,0.020034230639046503,,0.09523809523809523,0.0
87,87,refinement,0.5,5,0.18709356083632642,0.0007313635894095377,,0.08791208791208792,0.0
87,87,refinement,0.5,6,0.20266314742418096,0.0,,0.10526315789473684,0.0
87,87,refinement,0.5,7,0.1936624719445984,0.022992034016411044,,0.10389610389610389,0.0
87,87,refinement,0.8,0,0.18773139369595307,0.018795782535370845,,0.05095541401273886,0.0
87,87,refinement,0.8,1,0.1903615358811351,0.11759674465788768,,0.08602150537634408,0.0
87,87,refinement,0.8,2,0.19399590040705378,0.009944912328657409,,0.18181818181818182,0.0
87,87,refinement,0.8,3,0.21647425543192994,0.01126730353307235,,0.2222222222222222,0.0
87,87,refinement,0.8,4,0.203667429938582,0.004547225426661695,,0.17647058823529416,0.0
87,87,refinement,0.8,5,0.19163408746566357,0.004957105188141351,,0.11320754716981131,0.0
87,87,refinement,0.8,6,0.2177844885518037,0.01549287228572615,,0.25806451612903225,0.0
87,87,refinement,0.8,7,0.20110325523207395,0.019841037880432122,,0.13043478260869565,0.0
88,88,accumulation,N/A,0,0.32565128814289257,0.0008894398722387089,,0.42038216560509556,0.0
88,88,accumulation,N/A,1,0.33950197641006463,0.01195389635700361,,0.5306122448979592,0.0
88,88,accumulation,N/A,2,0.36544940521277314,0.005862879697249564,,0.543046357615894,0.0
88,88,accumulation,N/A,3,0.36581744773899194,0.0006666729208239569,,0.5454545454545455,0.125
88,88,accumulation,N/A,4,0.3962024177127746,0.009986402153764484,,0.64,0.125
88,88,accumulation,N/A,5,0.4104450888227232,0.009395825577035733,,0.5588235294117647,0.125
88,88,accumulation,N/A,6,0.3440518211372144,0.02902218834389817,,0.5563909774436091,0.125
88,88,accumulation,N/A,7,0.368294095432278,0.011748331780220693,,0.7102803738317758,0.0
88,88,refinement,0.5,0,0.32565128814289257,0.0008894398722387089,,0.42038216560509556,0.0
88,88,refinement,0.5,1,0.30801617801450776,0.0016172397631163775,,0.3773584905660377,0.0
88,88,refinement,0.5,2,0.33350373769466424,0.0009720741339365352,,0.369047619047619,0.0
88,88,refinement,0.5,3,0.33916748431797544,0.002658557353563465,,0.40522875816993464,0.0
88,88,refinement,0.5,4,0.36403429564066725,0.000200695085709634,,0.4,0.125
88,88,refinement,0.5,5,0.3445015503232233,0.0008844189621682669,,0.42528735632183906,0.0
88,88,refinement,0.5,6,0.33531883117180356,0.0007410888021743053,,0.3825136612021858,0.0
88,88,refinement,0.5,7,0.3142944358342901,0.0008068150311355314,,0.35359116022099446,0.0
88,88,refinement,0.8,0,0.32565128814289257,0.0008894398722387089,,0.42038216560509556,0.0
88,88,refinement,0.8,1,0.32152001647532885,0.0010737107157279574,,0.3958333333333333,0.0
88,88,refinement,0.8,2,0.33274654046804336,0.003949569528306325,,0.43523316062176165,0.0
88,88,refinement,0.8,3,0.36380300940764837,0.005282885601029724,,0.46987951807228917,0.0
88,88,refinement,0.8,4,0.34065942021183915,0.02065362572650402,,0.43786982248520706,0.0
88,88,refinement,0.8,5,0.3380324015149333,0.008795679553160757,,0.41134751773049644,0.0
88,88,refinement,0.8,6,0.38624461658472553,0.02041503501483535,,0.46258503401360546,0.125
88,88,refinement,0.8,7,0.36043038375552205,0.01911500591089531,,0.44311377245508987,0.0
89,89,accumulation,N/A,0,0.22297639646052975,0.06675804222277008,,0.015384615384615384,0.0
89,89,accumulation,N/A,1,0.5572784814284134,0.33885938457280806,,0.6666666666666666,0.5
89,89,accumulation,N/A,2,0.384556539715996,0.22402396359418075,,0.2857142857142857,0.0
89,89,accumulation,N/A,3,0.23079709323697423,0.07013781273498176,,0.031746031746031744,0.0
89,89,accumulation,N/A,4,0.11629053056608865,0.0,,0.06060606060606061,0.0
89,89,accumulation,N/A,5,0.6941434914395459,0.06290913255999968,,1.0,1.0
89,89,accumulation,N/A,6,0.31045629070389325,0.12091274468587028,,0.07999999999999999,0.0
89,89,accumulation,N/A,7,0.5915780494834458,0.43544120909821504,,0.6666666666666666,0.0
89,89,refinement,0.5,0,0.22297639646052975,0.06675804222277008,,0.015384615384615384,0.0
89,89,refinement,0.5,1,0.22270386205282755,0.07029842812138135,,0.020833333333333332,0.0
89,89,refinement,0.5,2,0.22813461198654741,0.07822587187715475,,0.02173913043478261,0.0
89,89,refinement,0.5,3,0.22929703854887992,0.08051500103360053,,0.02531645569620253,0.0
89,89,refinement,0.5,4,0.23475094011247818,0.0874799971323391,,0.02777777777777778,0.0
89,89,refinement,0.5,5,0.22857448101908512,0.09210526211558126,,0.022727272727272724,0.0
89,89,refinement,0.5,6,0.22929401803228583,0.08277643091036763,,0.028169014084507043,0.0
89,89,refinement,0.5,7,0.23469158347390653,0.08408671800263397,,0.028169014084507043,0.0
89,89,refinement,0.8,0,0.22297639646052975,0.06675804222277008,,0.015384615384615384,0.0
89,89,refinement,0.8,1,0.25393451529381306,0.08523023710205045,,0.03278688524590164,0.0
89,89,refinement,0.8,2,0.2587789660589112,0.10537648608580416,,0.04878048780487806,0.0
89,89,refinement,0.8,3,0.24979209411066844,0.07070674320095215,,0.04166666666666667,0.0
89,89,refinement,0.8,4,0.24351512874140635,0.07128347103080611,,0.044444444444444446,0.0
89,89,refinement,0.8,5,0.24492347917381738,0.06955949578033262,,0.05405405405405406,0.0
89,89,refinement,0.8,6,0.261832461084493,0.15552883215048663,,0.07692307692307693,0.0
89,89,refinement,0.8,7,0.2612168174760476,0.1849228532952581,,0.038461538461538464,0.0
90,90,accumulation,N/A,0,0.31416594611584314,0.002421156658924761,,0.3376623376623377,0.0
90,90,accumulation,N/A,1,0.31520802274276,0.013083628968108236,,0.3163841807909604,0.0
90,90,accumulation,N/A,2,0.3488711821487919,0.021996583987288813,,0.42105263157894735,0.0
90,90,accumulation,N/A,3,0.34220564069635995,0.004618843042585175,,0.48351648351648346,0.0
90,90,accumulation,N/A,4,0.32334666899158476,0.005278646121372995,,0.36893203883495146,0.14285714285714285
90,90,accumulation,N/A,5,0.3065452662255216,0.007630290249597092,,0.27868852459016397,0.0
90,90,accumulation,N/A,6,0.34751935931094763,0.0,,0.35789473684210527,0.0
90,90,accumulation,N/A,7,0.3348485728506888,0.03276150795368845,,0.36363636363636365,0.0
90,90,refinement,0.5,0,0.31416594611584314,0.002421156658924761,,0.3376623376623377,0.0
90,90,refinement,0.5,1,0.31286193863721007,0.003461624003224998,,0.3134328358208955,0.0
90,90,refinement,0.5,2,0.32202981167382383,0.007033881575338,,0.35384615384615387,0.0
90,90,refinement,0.5,3,0.3332812636187304,0.007096855432210158,,0.366412213740458,0.0
90,90,refinement,0.5,4,0.3365300031680817,0.002066842797799964,,0.40707964601769914,0.0
90,90,refinement,0.5,5,0.36236153124589865,0.0017910342104886796,,0.4516129032258064,0.14285714285714285
90,90,refinement,0.5,6,0.33910701616643724,0.0014008052014252697,,0.3917525773195876,0.0
90,90,refinement,0.5,7,0.3640408258775509,0.0012734180055242236,,0.45238095238095233,0.14285714285714285
90,90,refinement,0.8,0,0.31416594611584314,0.002421156658924761,,0.3376623376623377,0.0
90,90,refinement,0.8,1,0.3246490531855988,0.0036013927674089087,,0.3076923076923077,0.0
90,90,refinement,0.8,2,0.3097461516555047,0.0,,0.28301886792452835,0.0
90,90,refinement,0.8,3,0.32966383231009977,0.026861553633824767,,0.3050847457627119,0.0
90,90,refinement,0.8,4,0.3057979847434862,0.05548425483278971,,0.32478632478632474,0.0
90,90,refinement,0.8,5,0.3331141874040841,0.01614098794856261,,0.43181818181818177,0.0
90,90,refinement,0.8,6,0.36319463371295113,0.013473259613430353,,0.4090909090909091,0.14285714285714285
90,90,refinement,0.8,7,0.3274282947755724,0.011046534254294344,,0.3333333333333333,0.0
91,91,accumulation,N/A,0,0.1847345591456944,0.04935719789836954,,0.029629629629629624,0.0
91,91,accumulation,N/A,1,0.6919871929094461,0.5572093897420181,,0.8,0.5
91,91,accumulation,N/A,2,0.47514761670475203,0.3656732791539148,,0.5714285714285715,0.0
91,91,accumulation,N/A,3,0.7330644198596818,0.826502006552546,,0.5,1.0
91,91,accumulation,N/A,4,0.756947707784811,0.5712658815766898,,1.0,1.0
91,91,accumulation,N/A,5,0.26842131337792013,0.10784627928328713,,0.2857142857142857,0.0
91,91,accumulation,N/A,6,0.5535903134262921,0.49169067024458574,,0.6666666666666666,0.0
91,91,accumulation,N/A,7,0.35414269104799717,0.19237179607481467,,0.5,0.0
91,91,refinement,0.5,0,0.1847345591456944,0.04935719789836954,,0.029629629629629624,0.0
91,91,refinement,0.5,1,0.16675593488437684,0.04452576723202158,,0.03738317757009346,0.0
91,91,refinement,0.5,2,0.1692462724738159,0.048063368438897844,,0.04545454545454545,0.0
91,91,refinement,0.5,3,0.16925668363873358,0.059377828000658286,,0.0449438202247191,0.0
91,91,refinement,0.5,4,0.17401708916642014,0.06154693507066805,,0.046511627906976744,0.0
91,91,refinement,0.5,5,0.1738840297813728,0.05827594574931027,,0.05555555555555556,0.0
91,91,refinement,0.5,6,0.17408139411222565,0.06045259153792054,,0.05797101449275362,0.0
91,91,refinement,0.5,7,0.1699400573115744,0.05540661856386205,,0.05714285714285715,0.0
91,91,refinement,0.8,0,0.1847345591456944,0.04935719789836954,,0.029629629629629624,0.0
91,91,refinement,0.8,1,0.17104695452061874,0.07787385734800423,,0.07692307692307693,0.0
91,91,refinement,0.8,2,0.21915871672890086,0.18649035800364558,,0.06060606060606061,0.0
91,91,refinement,0.8,3,0.2475888367994658,0.1976367231276089,,0.05,0.16666666666666666
91,91,refinement,0.8,4,0.20849322348493382,0.10012912272928173,,0.1081081081081081,0.0
91,91,refinement,0.8,5,0.19401618917327923,0.08840309712661513,,0.09756097560975609,0.0
91,91,refinement,0.8,6,0.22017180582455084,0.1717045512665952,,0.06666666666666667,0.0
91,91,refinement,0.8,7,0.1721957936153538,0.08581100050078154,,0.13333333333333333,0.0
92,92,accumulation,N/A,0,0.3183623375579657,6.951648743761942e-05,,0.2271062271062271,0.0
92,92,accumulation,N/A,1,0.3945732400010362,0.02733336661416063,,0.4691358024691358,0.125
92,92,accumulation,N/A,2,0.3741125993560284,0.006847415252203014,,0.5714285714285715,0.0
92,92,accumulation,N/A,3,0.3835086967980935,0.0,,0.5945945945945946,0.0
92,92,accumulation,N/A,4,0.36734979008943774,0.0,,0.5217391304347826,0.0
92,92,accumulation,N/A,5,0.37433193604629,0.01732052693187969,,0.5333333333333332,0.14285714285714285
92,92,accumulation,N/A,6,0.309924387276005,0.0,,0.37288135593220345,0.125
92,92,accumulation,N/A,7,0.3880619127516121,0.02331303862050082,,0.46511627906976744,0.0
92,92,refinement,0.5,0,0.3183623375579657,6.951648743761942e-05,,0.2271062271062271,0.0
92,92,refinement,0.5,1,0.32579861684979033,0.009640247287371312,,0.301255230125523,0.0
92,92,refinement,0.5,2,0.33523650551110534,0.01140299520387528,,0.3647058823529412,0.0
92,92,refinement,0.5,3,0.33287984814016325,0.013740539498547012,,0.3132530120481928,0.0
92,92,refinement,0.5,4,0.2970873219111921,0.012476747953602318,,0.3132530120481928,0.0
92,92,refinement,0.5,5,0.33958838669717484,0.010836603818272046,,0.37499999999999994,0.0
92,92,refinement,0.5,6,0.35251646388182,0.009487579874191179,,0.4788732394366198,0.0
92,92,refinement,0.5,7,0.3651211678394671,0.011967002820889182,,0.40298507462686567,0.0
92,92,refinement,0.8,0,0.3183623375579657,6.951648743761942e-05,,0.2271062271062271,0.0
92,92,refinement,0.8,1,0.36177084436673906,0.007840390227146714,,0.37662337662337664,0.125
92,92,refinement,0.8,2,0.3532774517551154,7.679909433567555e-05,,0.4358974358974359,0.0
92,92,refinement,0.8,3,0.3876038433125134,0.0006878782695028921,,0.5052631578947369,0.0
92,92,refinement,0.8,4,0.38915784299257833,0.0026379242683590635,,0.4736842105263158,0.14285714285714285
92,92,refinement,0.8,5,0.382842263307122,0.007241821463691707,,0.49275362318840576,0.14285714285714285
92,92,refinement,0.8,6,0.39493458724536706,0.012033745760463678,,0.5227272727272727,0.125
92,92,refinement,0.8,7,0.3539641391853229,0.026467543521456985,,0.3939393939393939,0.125
93,93,accumulation,N/A,0,0.1907778542643149,0.09900743108108848,,0.018348623853211007,0.0
93,93,accumulation,N/A,1,0.5025944295211663,0.435332314691833,,0.33333333333333337,0.5
93,93,accumulation,N/A,2,0.3807743860295217,0.250079128105985,,0.4,0.3333333333333333
93,93,accumulation,N/A,3,0.20589191901916742,0.026220187002138958,,0.02631578947368421,0.0
93,93,accumulation,N/A,4,0.46050364350007456,0.5319469440530962,,0.4,0.5
93,93,accumulation,N/A,5,0.23744930694919814,0.0,,0.0625,0.0
93,93,accumulation,N/A,6,0.33926635771520086,0.38285328293437526,,0.020833333333333332,0.3333333333333333
93,93,accumulation,N/A,7,0.20149863717563807,0.10703883776906564,,0.024999999999999998,0.0
93,93,refinement,0.5,0,0.1907778542643149,0.09900743108108848,,0.018348623853211007,0.0
93,93,refinement,0.5,1,0.17397200911545593,0.032402398686923156,,0.018691588785046728,0.0
93,93,refinement,0.5,2,0.18997545039833869,0.10493266030915795,,0.022727272727272724,0.0
93,93,refinement,0.5,3,0.1748588771819105,0.046802269963368594,,0.0196078431372549,0.0
93,93,refinement,0.5,4,0.1751905483259974,0.04350633545890601,,0.026666666666666665,0.0
93,93,refinement,0.5,5,0.17358528110170918,0.04030305164788654,,0.02380952380952381,0.0
93,93,refinement,0.5,6,0.17447431540854347,0.03953802392031665,,0.02380952380952381,0.0
93,93,refinement,0.5,7,0.17511075469424625,0.03887905685497805,,0.028169014084507043,0.0
93,93,refinement,0.8,0,0.1907778542643149,0.09900743108108848,,0.018348623853211007,0.0
93,93,refinement,0.8,1,0.1692612323107621,0.0,,0.03278688524590164,0.0
93,93,refinement,0.8,2,0.1875482160018159,0.0662439265328301,,0.02631578947368421,0.0
93,93,refinement,0.8,3,0.20842324087957947,0.023242241685755095,,0.047619047619047616,0.0
93,93,refinement,0.8,4,0.18145525416021635,0.014609634659422364,,0.029411764705882353,0.0
93,93,refinement,0.8,5,0.2106477671024757,0.13616706532914974,,0.037037037037037035,0.0
93,93,refinement,0.8,6,0.21873867439756367,0.15269357682548795,,0.05128205128205127,0.0
93,93,refinement,0.8,7,0.20370271211875052,0.08285611965918599,,0.0392156862745098,0.0
94,94,accumulation,N/A,0,0.3551924589226198,0.005470232272986093,,0.40404040404040403,0.125
94,94,accumulation,N/A,1,0.3397587300850534,0.004895310712479409,,0.4575163398692811,0.0
94,94,accumulation,N/A,2,0.37273007674985126,0.0179196940690063,,0.5918367346938775,0.14285714285714285
94,94,accumulation,N/A,3,0.3344876346212132,0.015962764787803653,,0.4861111111111111,0.0
94,94,accumulation,N/A,4,0.3942530163890267,0.03262297793408467,,0.6507936507936507,0.0
94,94,accumulation,N/A,5,0.3850653652023982,0.022655008390102087,,0.5194805194805195,0.125
94,94,accumulation,N/A,6,0.35283653540831605,0.022419328722976736,,0.43689320388349506,0.125
94,94,accumulation,N/A,7,0.3703788998161976,0.003214730871102224,,0.47761194029850745,0.25
94,94,refinement,0.5,0,0.3551924589226198,0.005470232272986093,,0.40404040404040403,0.125
94,94,refinement,0.5,1,0.3747997421546235,0.0074754267561839855,,0.45161290322580644,0.25
94,94,refinement,0.5,2,0.36120586985755265,0.007098496217356068,,0.5054945054945055,0.0
94,94,refinement,0.5,3,0.3566296244129873,0.0070226903478401775,,0.4742268041237113,0.125
94,94,refinement,0.5,4,0.3752383345530843,0.007769910915468797,,0.4489795918367347,0.125
94,94,refinement,0.5,5,0.3850131345202441,0.007185111537571485,,0.5111111111111111,0.125
94,94,refinement,0.5,6,0.3734323023577938,0.006100242063103953,,0.5490196078431372,0.0
94,94,refinement,0.5,7,0.3763508114352939,0.006860787662359107,,0.5894736842105263,0.125
94,94,refinement,0.8,0,0.3551924589226198,0.005470232272986093,,0.40404040404040403,0.125
94,94,refinement,0.8,1,0.3679639198231783,0.006922063456977424,,0.46601941747572817,0.0
94,94,refinement,0.8,2,0.39259263432914615,0.01504904618713848,,0.5517241379310344,0.0
94,94,refinement,0.8,3,0.3980460448811636,0.03183617622933608,,0.6136363636363638,0.125
94,94,refinement,0.8,4,0.3846377576162197,0.030873278504722594,,0.611764705882353,0.0
94,94,refinement,0.8,5,0.3947751952906301,0.04329713789136075,,0.6170212765957447,0.0
94,94,refinement,0.8,6,0.3839079694354306,0.02742214519896429,,0.6458333333333333,0.0
94,94,refinement,0.8,7,0.392832510259688,0.02486047626674218,,0.631578947368421,0.0
95,95,accumulation,N/A,0,0.21504957521691342,0.09831307761036273,,0.02973977695167286,0.0
95,95,accumulation,N/A,1,0.32220613962827294,0.0687860657949395,,0.4210526315789474,0.0
95,95,accumulation,N/A,2,0.3459184869936718,0.08640215557510919,,0.34782608695652173,0.0
95,95,accumulation,N/A,3,0.25928974414304423,0.06775508245070636,,0.14634146341463414,0.0
95,95,accumulation,N/A,4,0.30944315586560867,0.11600643904865472,,0.11594202898550725,0.2
95,95,accumulation,N/A,5,0.26207219672097837,0.09613421089835229,,0.10526315789473685,0.0
95,95,accumulation,N/A,6,0.2773891173867955,0.1378503399987512,,0.2758620689655173,0.0
95,95,accumulation,N/A,7,0.26525377123302507,0.07464427460476936,,0.21052631578947367,0.0
95,95,refinement,0.5,0,0.21504957521691342,0.09831307761036273,,0.02973977695167286,0.0
95,95,refinement,0.5,1,0.21194446744975315,0.031690197141464864,,0.03669724770642201,0.0
95,95,refinement,0.5,2,0.22067149829352903,0.08241343888505767,,0.04419889502762431,0.0
95,95,refinement,0.5,3,0.21656487792613383,0.035273923773231894,,0.045714285714285714,0.0
95,95,refinement,0.5,4,0.22101813098044013,0.03434876393065815,,0.04624277456647399,0.0
95,95,refinement,0.5,5,0.22832115457541885,0.05419858225329197,,0.04878048780487806,0.0
95,95,refinement,0.5,6,0.23338918974057565,0.08608513118756686,,0.055944055944055944,0.0
95,95,refinement,0.5,7,0.23044656918248552,0.08306789390819358,,0.05479452054794521,0.0
95,95,refinement,0.8,0,0.21504957521691342,0.09831307761036273,,0.02973977695167286,0.0
95,95,refinement,0.8,1,0.2588778974177629,0.1655293868999533,,0.09876543209876544,0.0
95,95,refinement,0.8,2,0.259093349309509,0.14378388106047815,,0.13793103448275862,0.0
95,95,refinement,0.8,3,0.2729627239214245,0.13729230107242135,,0.19999999999999998,0.0
95,95,refinement,0.8,4,0.26996099610215085,0.14751788918302053,,0.2424242424242424,0.0
95,95,refinement,0.8,5,0.27315524966034466,0.1393156227773663,,0.2285714285714286,0.0
95,95,refinement,0.8,6,0.31109880056551287,0.23696050401772656,,0.2857142857142857,0.0
95,95,refinement,0.8,7,0.310618625678478,0.21913736543210174,,0.21621621621621626,0.0
96,96,accumulation,N/A,0,0.2808023324543724,0.021080789807359796,,0.2828282828282828,0.0
96,96,accumulation,N/A,1,0.23766296070208362,0.0016346317534564885,,0.18461538461538463,0.14285714285714285
96,96,accumulation,N/A,2,0.25945264927948797,0.003001367905736807,,0.34920634920634924,0.0
96,96,accumulation,N/A,3,0.2664695938791691,0.028256052263793015,,0.1643835616438356,0.0
96,96,accumulation,N/A,4,0.29003823663428563,0.09392219933899079,,0.27027027027027023,0.25
96,96,accumulation,N/A,5,0.2715442136571142,0.016171244891055953,,0.46666666666666673,0.0
96,96,accumulation,N/A,6,0.3442534955382097,0.06402707230868226,,0.4642857142857143,0.25
96,96,accumulation,N/A,7,0.3127405163328881,0.023027985925035625,,0.5384615384615384,0.14285714285714285
96,96,refinement,0.5,0,0.2808023324543724,0.021080789807359796,,0.2828282828282828,0.0
96,96,refinement,0.5,1,0.24273979176203359,0.035423895695427046,,0.2127659574468085,0.0
96,96,refinement,0.5,2,0.2843855095992033,0.021341167648040085,,0.3125,0.0
96,96,refinement,0.5,3,0.2773079516986446,0.023712459063746416,,0.2947368421052632,0.0
96,96,refinement,0.5,4,0.2720614156928756,0.023829598125768924,,0.2978723404255319,0.0
96,96,refinement,0.5,5,0.2668994553603877,0.026831645063484916,,0.2300884955752212,0.0
96,96,refinement,0.5,6,0.2795603345358959,0.02071452199258949,,0.3137254901960784,0.0
96,96,refinement,0.5,7,0.2784860794376716,0.031997988820280036,,0.297029702970297,0.0
96,96,refinement,0.8,0,0.2808023324543724,0.021080789807359796,,0.2828282828282828,0.0
96,96,refinement,0.8,1,0.35424399929647876,0.016780688956812246,,0.4473684210526315,0.14285714285714285
96,96,refinement,0.8,2,0.3034767917991651,0.007551769440056293,,0.3023255813953489,0.125
96,96,refinement,0.8,3,0.2939261182920591,0.01164763377305787,,0.3260869565217392,0.125
96,96,refinement,0.8,4,0.28094324139207033,0.008223065250476063,,0.3595505617977528,0.0
96,96,refinement,0.8,5,0.2965023092837621,0.0005944564625463749,,0.30303030303030304,0.25
96,96,refinement,0.8,6,0.33002134103221537,0.0,,0.37499999999999994,0.2857142857142857
96,96,refinement,0.8,7,0.3040912799138009,0.0033843047581396447,,0.3037974683544304,0.14285714285714285
97,97,accumulation,N/A,0,0.23229777044435707,0.08284724952847634,,0.024999999999999998,0.0
97,97,accumulation,N/A,1,0.30680607172348684,0.1372922541816745,,0.3636363636363636,0.0
97,97,accumulation,N/A,2,0.26116180103762177,0.18607285782205862,,0.0909090909090909,0.0
97,97,accumulation,N/A,3,0.3595519143210453,0.17017244905761958,,0.4,0.0
97,97,accumulation,N/A,4,0.3132502133508505,0.05208008576074965,,0.5714285714285715,0.0
97,97,accumulation,N/A,5,0.3212679126943606,0.1653574555231371,,0.25,0.0
97,97,accumulation,N/A,6,0.5435690219793095,0.19189062980035052,,0.8,0.0
97,97,accumulation,N/A,7,0.2930938549310846,0.13418754464800497,,0.25,0.0
97,97,refinement,0.5,0,0.23229777044435707,0.08284724952847634,,0.024999999999999998,0.0
97,97,refinement,0.5,1,0.21562122008121917,0.035636186608901235,,0.03636363636363636,0.0
97,97,refinement,0.5,2,0.2161321368330666,0.03120998284139767,,0.03508771929824561,0.0
97,97,refinement,0.5,3,0.18746189036809385,0.018106408861889037,,0.048192771084337345,0.0
97,97,refinement,0.5,4,0.19558285966695343,0.02139704038123906,,0.05194805194805195,0.0
97,97,refinement,0.5,5,0.19938531199989132,0.024967129259949324,,0.05333333333333332,0.0
97,97,refinement,0.5,6,0.1971343958222867,0.023334377377559407,,0.05797101449275362,0.0
97,97,refinement,0.5,7,0.1972454922868941,0.026451925772132075,,0.05405405405405406,0.0
97,97,refinement,0.8,0,0.23229777044435707,0.08284724952847634,,0.024999999999999998,0.0
97,97,refinement,0.8,1,0.22794813158752364,0.048306091856192536,,0.05714285714285715,0.0
97,97,refinement,0.8,2,0.19916185716146495,0.00721846121181472,,0.10256410256410257,0.0
97,97,refinement,0.8,3,0.2151431158087483,0.008024614713141915,,0.18181818181818182,0.0
97,97,refinement,0.8,4,0.21406291480490286,0.0063047931126790175,,0.14814814814814814,0.0
97,97,refinement,0.8,5,0.23120160226004202,0.015085261777300834,,0.18181818181818182,0.0
97,97,refinement,0.8,6,0.20778065319997638,0.01810315204769032,,0.1142857142857143,0.0
97,97,refinement,0.8,7,0.22143859542783045,0.026973814461173036,,0.14814814814814814,0.0
98,98,accumulation,N/A,0,0.3142837744238676,0.0071789561972311,,0.373134328358209,0.0
98,98,accumulation,N/A,1,0.4306265373709831,0.004758241818673621,,0.5833333333333334,0.16666666666666666
98,98,accumulation,N/A,2,0.38365906626427126,0.0030450429523446623,,0.3902439024390244,0.14285714285714285
98,98,accumulation,N/A,3,0.39203509883788434,0.006107153210288347,,0.6666666666666667,0.14285714285714285
98,98,accumulation,N/A,4,0.3537326927648296,0.006923580539602068,,0.4871794871794872,0.0
98,98,accumulation,N/A,5,0.42730439288659083,0.02132529424713425,,0.4905660377358491,0.14285714285714285
98,98,accumulation,N/A,6,0.46372628793898385,0.04117282479375314,,0.5434782608695652,0.16666666666666666
98,98,accumulation,N/A,7,0.3418171331843326,0.01628660457730925,,0.3230769230769231,0.0
98,98,refinement,0.5,0,0.3142837744238676,0.0071789561972311,,0.373134328358209,0.0
98,98,refinement,0.5,1,0.32258604055215045,0.004444751330154714,,0.467741935483871,0.0
98,98,refinement,0.5,2,0.3330623889433774,0.007245768609799557,,0.4426229508196721,0.0
98,98,refinement,0.5,3,0.3400677519308366,0.012485866294838548,,0.5294117647058825,0.0
98,98,refinement,0.5,4,0.3077589583525504,0.01705163708455597,,0.4554455445544555,0.0
98,98,refinement,0.5,5,0.3349476711345498,0.011755159481632804,,0.4948453608247423,0.0
98,98,refinement,0.5,6,0.3528181260741621,0.01472721414655519,,0.5,0.125
98,98,refinement,0.5,7,0.33100355335314,0.021092716569512348,,0.46153846153846156,0.0
98,98,refinement,0.8,0,0.3142837744238676,0.0071789561972311,,0.373134328358209,0.0
98,98,refinement,0.8,1,0.3531104849479464,0.007456399991808014,,0.5294117647058825,0.0
98,98,refinement,0.8,2,0.38736910092982396,0.032379486155071475,,0.5679012345679013,0.125
98,98,refinement,0.8,3,0.338040609140264,0.027533029575526925,,0.4905660377358491,0.0
98,98,refinement,0.8,4,0.3653784060147422,0.0009577553026233005,,0.45045045045045046,0.0
98,98,refinement,0.8,5,0.38294920131733245,0.010793657327954075,,0.5882352941176471,0.0
98,98,refinement,0.8,6,0.39297275985796687,0.021449565617040256,,0.40944881889763785,0.14285714285714285
98,98,refinement,0.8,7,0.36475577002711673,0.03520244401042345,,0.40707964601769914,0.0
99,99,accumulation,N/A,0,0.27424024991948104,0.023054335425053772,,0.16326530612244897,0.0
99,99,accumulation,N/A,1,0.31218913378822033,0.015427435387820583,,0.375,0.0
99,99,accumulation,N/A,2,0.3168824885707854,0.0265181710306653,,0.41860465116279066,0.0
99,99,accumulation,N/A,3,0.38160593800062936,0.027160513157053857,,0.6382978723404255,0.0
99,99,accumulation,N/A,4,0.40208443419235196,0.027618788347524743,,0.47368421052631576,0.0
99,99,accumulation,N/A,5,0.3095004472602658,0.017785619270830895,,0.4090909090909091,0.0
99,99,accumulation,N/A,6,0.3912052449127269,0.07776003247684114,,0.5084745762711864,0.0
99,99,accumulation,N/A,7,0.3930579532423113,0.05468678671539208,,0.4444444444444445,0.125
99,99,refinement,0.5,0,0.27424024991948104,0.023054335425053772,,0.16326530612244897,0.0
99,99,refinement,0.5,1,0.2968587022651305,0.05030506796091052,,0.2686567164179105,0.14285714285714285
99,99,refinement,0.5,2,0.2946665645572749,0.020620522073000705,,0.2278481012658228,0.14285714285714285
99,99,refinement,0.5,3,0.2666725844288144,0.05648316982962198,,0.2571428571428572,0.0
99,99,refinement,0.5,4,0.2968704652848521,0.0499174650414951,,0.30985915492957744,0.0
99,99,refinement,0.5,5,0.3051328297843676,0.03782735222055004,,0.3846153846153846,0.0
99,99,refinement,0.5,6,0.2950997214314494,0.03031260916965447,,0.31683168316831684,0.0
99,99,refinement,0.5,7,0.3010139186744427,0.052232328733264416,,0.2678571428571429,0.0
99,99,refinement,0.8,0,0.27424024991948104,0.023054335425053772,,0.16326530612244897,0.0
99,99,refinement,0.8,1,0.28510862466722836,0.08532093660292892,,0.21978021978021975,0.0
99,99,refinement,0.8,2,0.31767712522397723,0.04373900184459778,,0.34234234234234234,0.0
99,99,refinement,0.8,3,0.3222971546137299,0.04752277801312693,,0.33043478260869563,0.0
99,99,refinement,0.8,4,0.311363323296937,0.03308014293297162,,0.2992125984251968,0.0
99,99,refinement,0.8,5,0.291361135842085,0.06088995753890806,,0.1651376146788991,0.0
99,99,refinement,0.8,6,0.27401594769188187,0.037908349505360456,,0.2903225806451613,0.0
99,99,refinement,0.8,7,0.27952480738334806,0.04372599849619658,,0.25,0.0
100,100,accumulation,N/A,0,0.23080078712732816,0.0036618053643303755,,0.0617283950617284,0.0
100,100,accumulation,N/A,1,0.26685057280004154,0.005419412674436629,,0.17777777777777778,0.0
100,100,accumulation,N/A,2,0.2763527480717586,0.0631338347355167,,0.2941176470588235,0.0
100,100,accumulation,N/A,3,0.31661823814704493,6.123998280352178e-05,,0.2222222222222222,0.25
100,100,accumulation,N/A,4,0.42257322655352886,0.2104593480072881,,0.33333333333333337,0.0
100,100,accumulation,N/A,5,0.20131909716906193,0.0012027177384046097,,0.25,0.0
100,100,accumulation,N/A,6,0.3343630686648734,0.011247251758906745,,0.3684210526315789,0.0
100,100,accumulation,N/A,7,0.2698575757679515,0.11449446683709057,,0.16666666666666666,0.25
100,100,refinement,0.5,0,0.23080078712732816,0.0036618053643303755,,0.0617283950617284,0.0
100,100,refinement,0.5,1,0.23469327152203215,0.003910823792483151,,0.07092198581560283,0.0
100,100,refinement,0.5,2,0.23777376850070053,0.0026795198074171405,,0.09259259259259259,0.0
100,100,refinement,0.5,3,0.23847638131582544,0.0042112245196358165,,0.09345794392523366,0.0
100,100,refinement,0.5,4,0.24294997447427788,0.00870166702246471,,0.1020408163265306,0.0
100,100,refinement,0.5,5,0.24643497185399177,0.0005289745239829065,,0.14814814814814817,0.0
100,100,refinement,0.5,6,0.2505349779496405,0.00565243218967631,,0.14492753623188404,0.0
100,100,refinement,0.5,7,0.24582819097566522,0.005704482609115489,,0.11904761904761903,0.0
100,100,refinement,0.8,0,0.23080078712732816,0.0036618053643303755,,0.0617283950617284,0.0
100,100,refinement,0.8,1,0.2679777535195753,0.0010130744571201834,,0.1627906976744186,0.0
100,100,refinement,0.8,2,0.27192148037925745,0.0002211321257073319,,0.1276595744680851,0.0
100,100,refinement,0.8,3,0.3108176707001601,0.002382021750986492,,0.2745098039215686,0.0
100,100,refinement,0.8,4,0.39172063592090234,4.470600870374956e-05,,0.2553191489361702,0.16666666666666666
100,100,refinement,0.8,5,0.34698606772003804,0.0005035447376560608,,0.22641509433962262,0.0
100,100,refinement,0.8,6,0.44948975979125944,0.0006686359396879733,,0.34285714285714286,0.2
100,100,refinement,0.8,7,0.4046856773993659,0.0,,0.25,0.2
101,101,accumulation,N/A,0,0.1942446885888537,0.03682905891298434,,0.024390243902439022,0.0
101,101,accumulation,N/A,1,0.18358040797113714,0.04215713774325378,,0.0689655172413793,0.0
101,101,accumulation,N/A,2,0.1777719528144194,0.0,,0.14814814814814814,0.0
101,101,accumulation,N/A,3,0.27125884632592523,0.20813292410192366,,0.3636363636363636,0.0
101,101,accumulation,N/A,4,0.21906592130164795,0.07284785485633402,,0.06666666666666667,0.0
101,101,accumulation,N/A,5,0.12358139187219389,0.0,,0.07142857142857142,0.0
101,101,accumulation,N/A,6,0.24416560414894253,0.09774901738282249,,0.4,0.0
101,101,accumulation,N/A,7,0.10000287842977919,0.15641347574204228,,0.07547169811320754,0.0
101,101,refinement,0.5,0,0.1942446885888537,0.03682905891298434,,0.024390243902439022,0.0
101,101,refinement,0.5,1,0.19790277410075155,0.051092991292012425,,0.031746031746031744,0.0
101,101,refinement,0.5,2,0.19701529574688936,0.04954502718295897,,0.04040404040404041,0.0
101,101,refinement,0.5,3,0.19628168336074758,0.029704456073794048,,0.05128205128205127,0.0
101,101,refinement,0.5,4,0.19708056746638006,0.03216032244843911,,0.05,0.0
101,101,refinement,0.5,5,0.19442525784952708,0.032955468507657716,,0.04166666666666667,0.0
101,101,refinement,0.5,6,0.19395284194654838,0.030895751725929104,,0.043010752688172046,0.0
101,101,refinement,0.5,7,0.19353723169737813,0.030788474810214073,,0.03809523809523809,0.0
101,101,refinement,0.8,0,0.1942446885888537,0.03682905891298434,,0.024390243902439022,0.0
101,101,refinement,0.8,1,0.18557057993039236,0.03617579880603655,,0.03571428571428572,0.0
101,101,refinement,0.8,2,0.19155953773044404,0.044929535255562314,,0.04545454545454545,0.0
101,101,refinement,0.8,3,0.17298310329660121,0.029236305099190597,,0.06557377049180328,0.0
101,101,refinement,0.8,4,0.18616640221823771,0.05394634763417417,,0.09523809523809523,0.16666666666666666
101,101,refinement,0.8,5,0.19303326808627874,0.08123064751944822,,0.1081081081081081,0.0
101,101,refinement,0.8,6,0.17265903964740026,0.09880112841231392,,0.125,0.0
101,101,refinement,0.8,7,0.16274975855339857,0.04387725322026064,,0.13333333333333333,0.0
102,102,accumulation,N/A,0,0.19694301652136442,0.023758055722745246,,0.009708737864077669,0.0
102,102,accumulation,N/A,1,0.21154121828335096,0.0,,0.07407407407407407,0.0
102,102,accumulation,N/A,2,0.2668881710552766,0.09703371485192569,,0.0020161290322580645,0.25
102,102,accumulation,N/A,3,0.22791219061177764,0.0,,0.042553191489361694,0.0
102,102,accumulation,N/A,4,0.3321569870532297,0.15971033655043465,,0.125,0.0
102,102,accumulation,N/A,5,0.26223369403445923,0.0,,0.4,0.0
102,102,accumulation,N/A,6,0.08950556449199497,0.10983429170632053,,0.15384615384615385,0.0
102,102,accumulation,N/A,7,0.20877226399902177,0.0,,0.09523809523809523,0.0
102,102,refinement,0.5,0,0.19694301652136442,0.023758055722745246,,0.009708737864077669,0.0
102,102,refinement,0.5,1,0.19902802113614326,0.014746379414117739,,0.011560693641618497,0.0
102,102,refinement,0.5,2,0.15580183298049444,0.04088996117876939,,0.012987012987012988,0.0
102,102,refinement,0.5,3,0.2062821884720635,0.03105698260124179,,0.015503875968992248,0.0
102,102,refinement,0.5,4,0.15793531341976094,0.03595134138806054,,0.014492753623188404,0.0
102,102,refinement,0.5,5,0.207315843879436,0.03224613485272022,,0.015748031496062992,0.0
102,102,refinement,0.5,6,0.20625598317971486,0.035366728548144745,,0.015267175572519085,0.0
102,102,refinement,0.5,7,0.20896422710942042,0.050847759951044715,,0.015151515151515152,0.0
102,102,refinement,0.8,0,0.19694301652136442,0.023758055722745246,,0.009708737864077669,0.0
102,102,refinement,0.8,1,0.20290141898219255,0.036756748450770364,,0.03636363636363636,0.0
102,102,refinement,0.8,2,0.20001881693060536,0.06337370422546598,,0.020202020202020204,0.0
102,102,refinement,0.8,3,0.19832371020709255,0.01792623589988892,,0.023255813953488372,0.0
102,102,refinement,0.8,4,0.1905746849738601,0.012843725764513736,,0.014705882352941178,0.0
102,102,refinement,0.8,5,0.16596643857260598,0.007992291623503043,,0.015151515151515152,0.0
102,102,refinement,0.8,6,0.1842356864571314,0.015794500158151273,,0.020202020202020204,0.0
102,102,refinement,0.8,7,0.17260706317473987,0.07438039030121446,,0.01612903225806452,0.0
103,103,accumulation,N/A,0,0.21847924323347978,0.01441417596640257,,0.19801980198019803,0.0
103,103,accumulation,N/A,1,0.27704245686119466,0.01416573520670869,,0.24324324324324328,0.16666666666666666
103,103,accumulation,N/A,2,0.25143985226566024,0.005521956382993256,,0.3492063492063492,0.0
103,103,accumulation,N/A,3,0.2907345358041574,0.05262328343629372,,0.2037037037037037,0.0
103,103,accumulation,N/A,4,0.3335161018649454,0.013233197450398627,,0.5625000000000001,0.25
103,103,accumulation,N/A,5,0.3214432414580039,0.07305693977109337,,0.17204301075268816,0.2
103,103,accumulation,N/A,6,0.24100197467177853,0.024588476137133896,,0.32352941176470584,0.0
103,103,accumulation,N/A,7,0.3329574987969115,0.009949544230983678,,0.4242424242424242,0.2
103,103,refinement,0.5,0,0.21847924323347978,0.01441417596640257,,0.19801980198019803,0.0
103,103,refinement,0.5,1,0.23253237385302647,0.009996936863481513,,0.2268041237113402,0.0
103,103,refinement,0.5,2,0.2305104894310186,0.005449186664071026,,0.18333333333333332,0.0
103,103,refinement,0.5,3,0.22961631276358033,0.006081389405723367,,0.21359223300970875,0.0
103,103,refinement,0.5,4,0.22596918485282555,0.0045068362001854595,,0.2018348623853211,0.0
103,103,refinement,0.5,5,0.2229740093254851,0.004277395002404856,,0.21782178217821782,0.0
103,103,refinement,0.5,6,0.2313995693256615,0.004249466247705082,,0.2018348623853211,0.0
103,103,refinement,0.5,7,0.23596665196344194,0.005293716173069182,,0.25,0.0
103,103,refinement,0.8,0,0.21847924323347978,0.01441417596640257,,0.19801980198019803,0.0
103,103,refinement,0.8,1,0.22855499139641894,0.03915867371853103,,0.2298850574712644,0.0
103,103,refinement,0.8,2,0.2388610602581812,0.0175693006206387,,0.2424242424242424,0.0
103,103,refinement,0.8,3,0.271738984607056,0.040602670166889565,,0.22018348623853212,0.0
103,103,refinement,0.8,4,0.2820155653931363,0.0035144404993258872,,0.20869565217391306,0.16666666666666666
103,103,refinement,0.8,5,0.3480093809495117,0.0,,0.22018348623853212,0.25
103,103,refinement,0.8,6,0.28503070467519587,0.002378728282038969,,0.21782178217821782,0.0
103,103,refinement,0.8,7,0.32803034442056295,0.003899864028404498,,0.20202020202020202,0.25
104,104,accumulation,N/A,0,0.25651968742378073,0.009053623498085465,,0.14166666666666666,0.0
104,104,accumulation,N/A,1,0.31632201011292205,0.0018216095249006898,,0.6956521739130435,0.3333333333333333
104,104,accumulation,N/A,2,0.3005906047927795,0.02219804939467731,,0.417910447761194,0.125
104,104,accumulation,N/A,3,0.3669125221523146,0.024465497211734077,,0.6190476190476191,0.25
104,104,accumulation,N/A,4,0.346263126263047,0.005092536214398815,,0.4482758620689655,0.16666666666666666
104,104,accumulation,N/A,5,0.32625067085045234,0.013707345907675217,,0.558139534883721,0.16666666666666666
104,104,accumulation,N/A,6,0.4060038858562327,0.049220791228832515,,0.4583333333333333,0.16666666666666666
104,104,accumulation,N/A,7,0.48744333989458727,0.04292372435807686,,0.6857142857142857,0.4
104,104,refinement,0.5,0,0.25651968742378073,0.009053623498085465,,0.14166666666666666,0.0
104,104,refinement,0.5,1,0.261443717210863,0.012093018857213178,,0.17894736842105263,0.0
104,104,refinement,0.5,2,0.2578916579892727,0.00973383224045182,,0.19653179190751444,0.0
104,104,refinement,0.5,3,0.27484621938938747,0.006438934199103807,,0.21656050955414013,0.0
104,104,refinement,0.5,4,0.2658061321887231,0.011164228671566976,,0.20606060606060606,0.0
104,104,refinement,0.5,5,0.26066274780460186,0.004488657407690643,,0.20359281437125748,0.0
104,104,refinement,0.5,6,0.26767172169526326,0.0059596630366332715,,0.21656050955414013,0.0
104,104,refinement,0.5,7,0.28135417067855656,0.005178478444853616,,0.24460431654676257,0.0
104,104,refinement,0.8,0,0.25651968742378073,0.009053623498085465,,0.14166666666666666,0.0
104,104,refinement,0.8,1,0.26379402128160867,0.010673388482977319,,0.1517857142857143,0.0
104,104,refinement,0.8,2,0.24910220839416025,0.011694941375428954,,0.18079096045197737,0.0
104,104,refinement,0.8,3,0.26529830009897404,0.016966508520696765,,0.20481927710843376,0.0
104,104,refinement,0.8,4,0.2989587267933943,0.0101233444321348,,0.2251655629139073,0.14285714285714285
104,104,refinement,0.8,5,0.30612444109566544,0.013110487839291963,,0.2786885245901639,0.14285714285714285
104,104,refinement,0.8,6,0.30265984315232497,0.009987863093992022,,0.26771653543307083,0.0
104,104,refinement,0.8,7,0.3291249156374339,0.0073007908691263695,,0.3529411764705882,0.16666666666666666
105,105,accumulation,N/A,0,0.272663970868609,0.0028729803917285513,,0.13880126182965302,0.0
105,105,accumulation,N/A,1,0.2574365392444493,0.0036884697895690948,,0.30769230769230765,0.0
105,105,accumulation,N/A,2,0.2910601258845434,0.0009917944771649096,,0.44,0.0
105,105,accumulation,N/A,3,0.2864197425272833,0.0005120637939935074,,0.4285714285714286,0.0
105,105,accumulation,N/A,4,0.3024540324582862,0.0,,0.55,0.0
105,105,accumulation,N/A,5,0.2400183210218013,0.0,,0.18749999999999997,0.14285714285714285
105,105,accumulation,N/A,6,0.2517501865921686,0.036831492780636084,,0.18840579710144925,0.0
105,105,accumulation,N/A,7,0.26069283584411657,0.004562878129822345,,0.4444444444444445,0.0
105,105,refinement,0.5,0,0.272663970868609,0.0028729803917285513,,0.13880126182965302,0.0
105,105,refinement,0.5,1,0.3057525949499073,0.006291601375674204,,0.2095238095238095,0.125
105,105,refinement,0.5,2,0.292431924741535,0.009687632060367731,,0.27067669172932335,0.0
105,105,refinement,0.5,3,0.3115331835344568,0.016228880724852804,,0.2769230769230769,0.125
105,105,refinement,0.5,4,0.29223421078624523,0.006549249116074188,,0.2733812949640288,0.0
105,105,refinement,0.5,5,0.29622515517541076,0.010131926040512287,,0.3140495867768595,0.0
105,105,refinement,0.5,6,0.32018284293317745,0.002409086379636822,,0.3508771929824562,0.125
105,105,refinement,0.5,7,0.3156477267602157,0.029476914118115045,,0.3191489361702127,0.0
105,105,refinement,0.8,0,0.272663970868609,0.0028729803917285513,,0.13880126182965302,0.0
105,105,refinement,0.8,1,0.25821989861937,0.008473501982146553,,0.1829268292682927,0.0
105,105,refinement,0.8,2,0.2982831763569283,0.002755937443564011,,0.3333333333333333,0.0
105,105,refinement,0.8,3,0.2940300848555042,0.011161805881315845,,0.34375000000000006,0.14285714285714285
105,105,refinement,0.8,4,0.31357309996292815,0.004346931444986322,,0.5,0.0
105,105,refinement,0.8,5,0.2615361322189971,0.021578046992844966,,0.3214285714285714,0.0
105,105,refinement,0.8,6,0.32177471838457594,0.015567882547668862,,0.44,0.0
105,105,refinement,0.8,7,0.2919024538535189,0.01496406819699495,,0.3846153846153846,0.0
106,106,accumulation,N/A,0,0.22015228900971523,0.012166335645283737,,0.060240963855421686,0.0
106,106,accumulation,N/A,1,0.19048940602908931,0.006317962789978364,,0.15873015873015872,0.0
106,106,accumulation,N/A,2,0.1712914710830123,0.005393718060074668,,0.0704225352112676,0.0
106,106,accumulation,N/A,3,0.3622937067266848,0.011727866588508206,,0.3157894736842105,0.0
106,106,accumulation,N/A,4,0.43243031300832224,0.0,,0.7499999999999999,0.0
106,106,accumulation,N/A,5,0.4397463933749796,0.00019282543857360518,,0.5454545454545454,0.0
106,106,accumulation,N/A,6,0.211048140760457,0.027337367273475258,,0.09523809523809523,0.0
106,106,accumulation,N/A,7,0.15679369538167004,0.005235899252287433,,0.13793103448275862,0.0
106,106,refinement,0.5,0,0.22015228900971523,0.012166335645283737,,0.060240963855421686,0.0
106,106,refinement,0.5,1,0.22059675795676786,0.0007201960591286117,,0.05917159763313609,0.0
106,106,refinement,0.5,2,0.22266540477818295,0.012470042796928208,,0.07299270072992702,0.0
106,106,refinement,0.5,3,0.2276075473568434,0.023112043476432358,,0.08849557522123894,0.0
106,106,refinement,0.5,4,0.22846885445756393,0.020039285799084445,,0.1,0.0
106,106,refinement,0.5,5,0.22960224574863755,0.017009676714843304,,0.10638297872340426,0.0
106,106,refinement,0.5,6,0.22953676160209868,0.013137511491018657,,0.1282051282051282,0.0
106,106,refinement,0.5,7,0.23206188539339126,0.0010939558740777023,,0.08888888888888889,0.0
106,106,refinement,0.8,0,0.22015228900971523,0.012166335645283737,,0.060240963855421686,0.0
106,106,refinement,0.8,1,0.22175004661434589,0.02464571384136904,,0.07142857142857142,0.0
106,106,refinement,0.8,2,0.22279609118404,0.02303338266318593,,0.09345794392523364,0.0
106,106,refinement,0.8,3,0.23872867441730689,0.14337098691796882,,0.11494252873563218,0.0
106,106,refinement,0.8,4,0.24714092341878482,0.1273556786926183,,0.14084507042253522,0.0
106,106,refinement,0.8,5,0.25898057582582484,0.13942087794754568,,0.18867924528301885,0.0
106,106,refinement,0.8,6,0.25019136545710374,0.05685112063976814,,0.18181818181818182,0.0
106,106,refinement,0.8,7,0.256455157543196,0.10753904944903266,,0.15625,0.0
107,107,accumulation,N/A,0,0.1578266367399726,0.0,,0.00980392156862745,0.0
107,107,accumulation,N/A,1,0.20751112690615936,0.0,,0.07407407407407407,0.0
107,107,accumulation,N/A,2,0.2732649495512196,0.0,,0.2222222222222222,0.0
107,107,accumulation,N/A,3,0.34668592180623214,0.0022362014239105015,,0.4,0.0
107,107,accumulation,N/A,4,0.33454469678261084,0.04024073830164328,,0.18181818181818182,0.0
107,107,accumulation,N/A,5,0.20930130497865268,0.0,,0.03636363636363636,0.0
107,107,accumulation,N/A,6,0.7407881397929913,0.2807421002880143,,1.0,1.0
107,107,accumulation,N/A,7,0.4018155424849043,0.1035237224422443,,0.2857142857142857,0.3333333333333333
107,107,refinement,0.5,0,0.1578266367399726,0.0,,0.00980392156862745,0.0
107,107,refinement,0.5,1,0.15840291740110327,0.0,,0.011976047904191616,0.0
107,107,refinement,0.5,2,0.15912912613080676,0.0,,0.012987012987012988,0.0
107,107,refinement,0.5,3,0.15978517846076737,0.0,,0.015873015873015872,0.0
107,107,refinement,0.5,4,0.1607655528607908,0.0,,0.016666666666666666,0.0
107,107,refinement,0.5,5,0.1706129866264633,0.0,,0.017543859649122806,0.0
107,107,refinement,0.5,6,0.1580879496434523,0.0,,0.01886792452830189,0.0
107,107,refinement,0.5,7,0.1599043571072077,0.0,,0.016949152542372885,0.0
107,107,refinement,0.8,0,0.1578266367399726,0.0,,0.00980392156862745,0.0
107,107,refinement,0.8,1,0.20109845208096888,0.0,,0.03333333333333333,0.0
107,107,refinement,0.8,2,0.1699175976670472,0.0,,0.023529411764705882,0.0
107,107,refinement,0.8,3,0.1435378073939878,0.0,,0.04347826086956522,0.0
107,107,refinement,0.8,4,0.17290401963054802,0.0,,0.08333333333333333,0.0
107,107,refinement,0.8,5,0.1648568081839697,0.0,,0.044444444444444446,0.0
107,107,refinement,0.8,6,0.21510267573871053,0.0,,0.05128205128205127,0.0
107,107,refinement,0.8,7,0.14901632360666206,0.006885167225174365,,0.03225806451612903,0.0
108,108,accumulation,N/A,0,0.1897500182859253,0.08979576775911446,,0.0223463687150838,0.0
108,108,accumulation,N/A,1,0.23932072550441297,0.15131984961459374,,0.14285714285714288,0.0
108,108,accumulation,N/A,2,0.26934976770309293,0.3147250762520049,,0.125,0.0
108,108,accumulation,N/A,3,0.31249446999682245,0.384568884386215,,0.09523809523809525,0.2
108,108,accumulation,N/A,4,0.33131987114966804,0.40630950161458623,,0.25,0.0
108,108,accumulation,N/A,5,0.17890015587370284,0.04485261179171058,,0.13333333333333333,0.0
108,108,accumulation,N/A,6,0.4388200983139089,0.20626270473303968,,0.6666666666666666,0.5
108,108,accumulation,N/A,7,0.25253715961507467,0.07111007576736966,,0.28571428571428575,0.0
108,108,refinement,0.5,0,0.1897500182859253,0.08979576775911446,,0.0223463687150838,0.0
108,108,refinement,0.5,1,0.18405438189469575,0.08812394798795775,,0.025641025641025647,0.0
108,108,refinement,0.5,2,0.183360834433359,0.07833239821151801,,0.02395209580838323,0.0
108,108,refinement,0.5,3,0.18020612108267178,0.05762969751181762,,0.02259887005649718,0.0
108,108,refinement,0.5,4,0.18248113615188288,0.06900923692096735,,0.026845637583892617,0.0
108,108,refinement,0.5,5,0.18501117044527218,0.0794103669942456,,0.02985074626865672,0.0
108,108,refinement,0.5,6,0.18508613449193612,0.07959291956204846,,0.03125,0.0
108,108,refinement,0.5,7,0.18501405126178025,0.07959291956204846,,0.03007518796992481,0.0
108,108,refinement,0.8,0,0.1897500182859253,0.08979576775911446,,0.0223463687150838,0.0
108,108,refinement,0.8,1,0.19030177443086838,0.04038694476657707,,0.027210884353741496,0.0
108,108,refinement,0.8,2,0.21086091890902192,0.1201856884620454,,0.0625,0.0
108,108,refinement,0.8,3,0.2079360979303424,0.06542685052185467,,0.12903225806451613,0.0
108,108,refinement,0.8,4,0.20057181644529715,0.07124914943707247,,0.0909090909090909,0.0
108,108,refinement,0.8,5,0.20406100295597024,0.10499657714325412,,0.10526315789473684,0.0
108,108,refinement,0.8,6,0.24964390668328607,0.011484035388987094,,0.21052631578947367,0.0
108,108,refinement,0.8,7,0.25240301280375466,0.06855117233694052,,0.25,0.0
109,109,accumulation,N/A,0,0.3438467886590841,0.005066384607051152,,0.4203821656050955,0.0
109,109,accumulation,N/A,1,0.2943502136334363,0.09056140350877186,,0.0975609756097561,0.16666666666666666
109,109,accumulation,N/A,2,0.3769735462552614,0.014231628453850667,,0.631578947368421,0.16666666666666666
109,109,accumulation,N/A,3,0.3548274785031354,0.10036788073292559,,0.11538461538461539,0.0
109,109,accumulation,N/A,4,0.27702429709932896,0.0,,0.4883720930232558,0.0
109,109,accumulation,N/A,5,0.20518260386086956,0.02285655118325336,,0.14814814814814814,0.0
109,109,accumulation,N/A,6,0.21976262733405216,0.0,,0.16438356164383564,0.0
109,109,accumulation,N/A,7,0.3105055498094071,5.0413955544881515e-05,,0.42857142857142855,0.125
109,109,refinement,0.5,0,0.3438467886590841,0.005066384607051152,,0.4203821656050955,0.0
109,109,refinement,0.5,1,0.3648822286109623,0.005502779648810652,,0.4305555555555555,0.125
109,109,refinement,0.5,2,0.3229139212312917,0.00662684563667714,,0.3684210526315789,0.0
109,109,refinement,0.5,3,0.3431574745604419,0.007341092636721776,,0.3653846153846153,0.0
109,109,refinement,0.5,4,0.3722702629683696,0.010017428050793394,,0.3820224719101124,0.14285714285714285
109,109,refinement,0.5,5,0.3807508025510742,0.009686163895674565,,0.4137931034482759,0.14285714285714285
109,109,refinement,0.5,6,0.3716316044938127,0.009811837000156951,,0.5121951219512195,0.0
109,109,refinement,0.5,7,0.35150158253381064,0.014310206178658332,,0.3544303797468354,0.0
109,109,refinement,0.8,0,0.3438467886590841,0.005066384607051152,,0.4203821656050955,0.0
109,109,refinement,0.8,1,0.3651121986800369,0.016644122358530498,,0.4477611940298507,0.0
109,109,refinement,0.8,2,0.3651477158225259,0.011991133100701296,,0.4096385542168674,0.0
109,109,refinement,0.8,3,0.31145711782661517,0.010708406227710538,,0.5135135135135135,0.0
109,109,refinement,0.8,4,0.29628269040424926,0.026102868110599267,,0.2972972972972973,0.0
109,109,refinement,0.8,5,0.30789827719942475,0.0498133190198057,,0.2641509433962264,0.0
109,109,refinement,0.8,6,0.37694695468893613,0.024201613146660757,,0.4406779661016949,0.14285714285714285
109,109,refinement,0.8,7,0.32774421146632926,0.018510636620872867,,0.3296703296703297,0.0
110,110,accumulation,N/A,0,0.3039302460758486,0.02969329153311386,,0.2122905027932961,0.0
110,110,accumulation,N/A,1,0.28923493703991726,0.03248235087236964,,0.3132530120481928,0.0
110,110,accumulation,N/A,2,0.31684267690733564,0.022371796894445833,,0.48,0.0
110,110,accumulation,N/A,3,0.31266355727447487,0.0057588780813814505,,0.4,0.125
110,110,accumulation,N/A,4,0.33004981432253916,0.0025691831150236296,,0.46376811594202905,0.16666666666666666
110,110,accumulation,N/A,5,0.29946222314206977,0.01464539119884971,,0.4242424242424242,0.0
110,110,accumulation,N/A,6,0.2776196859501928,0.0,,0.4444444444444445,0.16666666666666666
110,110,accumulation,N/A,7,0.22512145771321487,0.0,,0.34374999999999994,0.0
110,110,refinement,0.5,0,0.3039302460758486,0.02969329153311386,,0.2122905027932961,0.0
110,110,refinement,0.5,1,0.31752616707332737,0.03707396543977108,,0.192090395480226,0.14285714285714285
110,110,refinement,0.5,2,0.32521301067613106,0.053397737128750636,,0.2207792207792208,0.14285714285714285
110,110,refinement,0.5,3,0.3281410167711418,0.040161587683470557,,0.23776223776223773,0.14285714285714285
110,110,refinement,0.5,4,0.3313861343813769,0.04606301544387037,,0.2608695652173913,0.14285714285714285
110,110,refinement,0.5,5,0.29629258005985964,0.019390184395867125,,0.2695035460992908,0.0
110,110,refinement,0.5,6,0.3108397566832526,0.04331789075094495,,0.3333333333333333,0.0
110,110,refinement,0.5,7,0.31620338699047246,0.03055965398807281,,0.36170212765957444,0.0
110,110,refinement,0.8,0,0.3039302460758486,0.02969329153311386,,0.2122905027932961,0.0
110,110,refinement,0.8,1,0.3094943327540257,0.04033379359899865,,0.24827586206896554,0.0
110,110,refinement,0.8,2,0.32013408544494215,0.0576341313270532,,0.29357798165137616,0.14285714285714285
110,110,refinement,0.8,3,0.3516069091422288,0.05565698657616606,,0.39436619718309857,0.16666666666666666
110,110,refinement,0.8,4,0.3340108753716805,0.01832256510484445,,0.28571428571428575,0.2857142857142857
110,110,refinement,0.8,5,0.3012007524430008,0.035355188396596585,,0.30952380952380953,0.0
110,110,refinement,0.8,6,0.34366589600889796,0.024298478418562953,,0.35000000000000003,0.16666666666666666
110,110,refinement,0.8,7,0.2905296887364565,0.03661968749145818,,0.31746031746031744,0.0
111,111,accumulation,N/A,0,0.3303884333752195,0.011755025829165277,,0.4227642276422764,0.0
111,111,accumulation,N/A,1,0.37580599710714546,0.016108898977647106,,0.6451612903225807,0.0
111,111,accumulation,N/A,2,0.34173835493664884,0.046055585384358014,,0.6000000000000001,0.0
111,111,accumulation,N/A,3,0.38886557704212377,0.007102943932244655,,0.6545454545454545,0.14285714285714285
111,111,accumulation,N/A,4,0.37399523129296053,0.02003677560541508,,0.6176470588235294,0.14285714285714285
111,111,accumulation,N/A,5,0.34908716340354884,0.023012169983067834,,0.5671641791044776,0.14285714285714285
111,111,accumulation,N/A,6,0.32370433183944025,0.05466036608107533,,0.33999999999999997,0.0
111,111,accumulation,N/A,7,0.38777901525075265,0.00675576742210695,,0.5306122448979592,0.14285714285714285
111,111,refinement,0.5,0,0.3303884333752195,0.011755025829165277,,0.4227642276422764,0.0
111,111,refinement,0.5,1,0.3789384988288591,0.009298720245487214,,0.5,0.25
111,111,refinement,0.5,2,0.37097481729966336,0.009880454805191953,,0.5714285714285714,0.25
111,111,refinement,0.5,3,0.30647095301674276,0.010434537289133228,,0.5057471264367817,0.0
111,111,refinement,0.5,4,0.31422376597785145,0.010137103158199228,,0.5365853658536586,0.0
111,111,refinement,0.5,5,0.31192489530304895,0.010146725824011113,,0.5454545454545455,0.0
111,111,refinement,0.5,6,0.31334061546856357,0.009406799990803964,,0.5866666666666667,0.0
111,111,refinement,0.5,7,0.286350998446503,0.01060542365196463,,0.5128205128205129,0.0
111,111,refinement,0.8,0,0.3303884333752195,0.011755025829165277,,0.4227642276422764,0.0
111,111,refinement,0.8,1,0.37628632691406255,0.0013492962012616552,,0.6944444444444445,0.125
111,111,refinement,0.8,2,0.37380954471747885,0.004280304140793819,,0.5970149253731344,0.14285714285714285
111,111,refinement,0.8,3,0.37192321890345026,0.0031411622049219976,,0.625,0.25
111,111,refinement,0.8,4,0.3427449847275565,0.0034758670646369096,,0.6388888888888888,0.0
111,111,refinement,0.8,5,0.387146597263283,0.004873497719039826,,0.6666666666666667,0.25
111,111,refinement,0.8,6,0.3161156630953904,0.006210698323738677,,0.608695652173913,0.0
111,111,refinement,0.8,7,0.33959024891177897,0.0020820001429755607,,0.6037735849056604,0.125
112,112,accumulation,N/A,0,0.3353552117790383,6.420011890845569e-05,,0.3558282208588957,0.0
112,112,accumulation,N/A,1,0.42506763996347197,0.011490759021073075,,0.7435897435897436,0.14285714285714285
112,112,accumulation,N/A,2,0.4113445345046068,0.016608749893051365,,0.5283018867924528,0.14285714285714285
112,112,accumulation,N/A,3,0.3569531502643747,0.011002223164854885,,0.48695652173913045,0.0
112,112,accumulation,N/A,4,0.3699440368599371,0.0008750088259740997,,0.6666666666666667,0.0
112,112,accumulation,N/A,5,0.3656366836014763,0.016431088818786157,,0.40540540540540543,0.125
112,112,accumulation,N/A,6,0.3511080322891149,0.010983202463263137,,0.35802469135802467,0.0
112,112,accumulation,N/A,7,0.3034404772707282,0.00831754755572077,,0.3375,0.0
112,112,refinement,0.5,0,0.3353552117790383,6.420011890845569e-05,,0.3558282208588957,0.0
112,112,refinement,0.5,1,0.3397119599782322,0.0,,0.4225352112676056,0.0
112,112,refinement,0.5,2,0.35192888744691975,7.922964089643194e-05,,0.5042016806722689,0.0
112,112,refinement,0.5,3,0.35878099205912184,0.0012822642404216114,,0.42424242424242425,0.125
112,112,refinement,0.5,4,0.35776825480228414,0.0019583672035529973,,0.41904761904761906,0.125
112,112,refinement,0.5,5,0.3088552326569986,0.007795589978759485,,0.3333333333333333,0.0
112,112,refinement,0.5,6,0.33746764540774965,0.017498623809123547,,0.38775510204081637,0.125
112,112,refinement,0.5,7,0.3629848952540121,0.014615092652257987,,0.4,0.0
112,112,refinement,0.8,0,0.3353552117790383,6.420011890845569e-05,,0.3558282208588957,0.0
112,112,refinement,0.8,1,0.36222142629137644,0.026208599237616453,,0.5517241379310345,0.0
112,112,refinement,0.8,2,0.4014787597898466,0.012937770704756676,,0.5714285714285714,0.2857142857142857
112,112,refinement,0.8,3,0.30900225553566013,0.01875170151849816,,0.5,0.125
112,112,refinement,0.8,4,0.312207078012352,0.014441545496778426,,0.5507246376811593,0.0
112,112,refinement,0.8,5,0.33785215149418363,0.007644140193214905,,0.5797101449275363,0.14285714285714285
112,112,refinement,0.8,6,0.3598306820708858,0.012299255394712499,,0.5555555555555556,0.2857142857142857
112,112,refinement,0.8,7,0.3403611839159566,0.037820374398360036,,0.45360824742268036,0.14285714285714285
113,113,accumulation,N/A,0,0.27538615962927987,0.0,,0.3877551020408163,0.125
113,113,accumulation,N/A,1,0.3776715200676687,0.026559255831161203,,0.52,0.0
113,113,accumulation,N/A,2,0.43474036268553556,0.024400654083666883,,0.7017543859649122,0.0
113,113,accumulation,N/A,3,0.3629707002924866,0.04521724399644428,,0.509090909090909,0.16666666666666666
113,113,accumulation,N/A,4,0.2916251057118207,0.03308407473879543,,0.4,0.0
113,113,accumulation,N/A,5,0.3593695209649556,0.020725361448730068,,0.4675324675324676,0.2
113,113,accumulation,N/A,6,0.31066137028487506,0.008509191270793132,,0.38202247191011235,0.0
113,113,accumulation,N/A,7,0.2758387893291296,0.019048581886424065,,0.4210526315789474,0.125
113,113,refinement,0.5,0,0.27538615962927987,0.0,,0.3877551020408163,0.125
113,113,refinement,0.5,1,0.28100526932316106,0.0,,0.40425531914893614,0.125
113,113,refinement,0.5,2,0.2917878611283461,0.0,,0.4086021505376344,0.14285714285714285
113,113,refinement,0.5,3,0.2897514645068401,0.0,,0.4578313253012048,0.125
113,113,refinement,0.5,4,0.3332185424036471,0.00019273285281744867,,0.5507246376811594,0.16666666666666666
113,113,refinement,0.5,5,0.2894262939005745,4.865856482748402e-06,,0.4938271604938272,0.0
113,113,refinement,0.5,6,0.3124126844841322,0.004712443481782471,,0.4871794871794871,0.14285714285714285
113,113,refinement,0.5,7,0.2998282984838129,0.004816372275966253,,0.4691358024691357,0.14285714285714285
113,113,refinement,0.8,0,0.27538615962927987,0.0,,0.3877551020408163,0.125
113,113,refinement,0.8,1,0.24659460963218405,6.211861328779799e-05,,0.3361344537815126,0.0
113,113,refinement,0.8,2,0.27147279942029695,0.0015114463787365504,,0.3252032520325203,0.0
113,113,refinement,0.8,3,0.2573779532501562,0.009169850974483515,,0.2905982905982906,0.0
113,113,refinement,0.8,4,0.26959095641836694,0.005853177250342165,,0.3418803418803419,0.0
113,113,refinement,0.8,5,0.27811038533428245,0.004720993465434445,,0.31496062992125984,0.0
113,113,refinement,0.8,6,0.2548243952626724,0.007820214585902924,,0.3917525773195877,0.0
113,113,refinement,0.8,7,0.2916421115627353,0.009564141374608773,,0.4651162790697675,0.0
114,114,accumulation,N/A,0,0.29640978802804024,0.0021014769005860395,,0.3050847457627119,0.125
114,114,accumulation,N/A,1,0.3890197020768348,0.07925824232668421,,0.5111111111111112,0.125
114,114,accumulation,N/A,2,0.31530921631303477,0.0509284775026419,,0.20869565217391303,0.0
114,114,accumulation,N/A,3,0.2946610746651219,0.02896948454950399,,0.2424242424242424,0.0
114,114,accumulation,N/A,4,0.320603115251644,0.02229404876454372,,0.3857142857142858,0.0
114,114,accumulation,N/A,5,0.325164231136192,0.020410943083029546,,0.2787878787878788,0.125
114,114,accumulation,N/A,6,0.29611405843176264,0.019719233304649496,,0.30864197530864196,0.0
114,114,accumulation,N/A,7,0.33276991630200775,0.01509162415967875,,0.2596153846153846,0.125
114,114,refinement,0.5,0,0.29640978802804024,0.0021014769005860395,,0.3050847457627119,0.125
114,114,refinement,0.5,1,0.31296318683621854,0.0023093389703751806,,0.36363636363636365,0.125
114,114,refinement,0.5,2,0.3035730236419832,0.0021191581139913505,,0.35051546391752575,0.125
114,114,refinement,0.5,3,0.32960406062825454,0.0020967331604041387,,0.3564356435643564,0.14285714285714285
114,114,refinement,0.5,4,0.31927537139419837,0.0018210787309244285,,0.4301075268817205,0.0
114,114,refinement,0.5,5,0.3220005622690418,0.0019839117592945162,,0.43956043956043955,0.0
114,114,refinement,0.5,6,0.3177695898952967,0.0020468930849864013,,0.4375,0.0
114,114,refinement,0.5,7,0.31476912917594285,0.0019398248313101877,,0.38888888888888895,0.0
114,114,refinement,0.8,0,0.29640978802804024,0.0021014769005860395,,0.3050847457627119,0.125
114,114,refinement,0.8,1,0.3231488613242288,0.001239013422272653,,0.40707964601769914,0.0
114,114,refinement,0.8,2,0.3110952294028083,0.0010251850197896578,,0.26178010471204194,0.0
114,114,refinement,0.8,3,0.3198627644133667,0.0015793340081808383,,0.3289473684210526,0.0
114,114,refinement,0.8,4,0.2774358767884856,0.0010375578438149465,,0.22666666666666666,0.0
114,114,refinement,0.8,5,0.30348218175043506,0.0,,0.28828828828828834,0.0
114,114,refinement,0.8,6,0.29379745808359464,0.0017892391234585125,,0.2990654205607477,0.0
114,114,refinement,0.8,7,0.270379231918163,0.007375704901642648,,0.22222222222222218,0.0
115,115,accumulation,N/A,0,0.20225607696108788,0.004134665749478593,,0.09523809523809523,0.0
115,115,accumulation,N/A,1,0.2992188899081245,2.970339194378172e-05,,0.3,0.0
115,115,accumulation,N/A,2,0.29546953440052237,0.0347928829309939,,0.2608695652173913,0.14285714285714285
115,115,accumulation,N/A,3,0.31281701144563767,0.32029684659116636,,0.05714285714285715,0.14285714285714285
115,115,accumulation,N/A,4,0.29946267489091527,0.014555317701745566,,0.1111111111111111,0.16666666666666666
115,115,accumulation,N/A,5,0.21089472554760047,0.0,,0.046511627906976744,0.0
115,115,accumulation,N/A,6,0.3352226274860036,0.2707799479293613,,0.13333333333333333,0.25
115,115,accumulation,N/A,7,0.1857701043926155,0.0,,0.0851063829787234,0.0
115,115,refinement,0.5,0,0.20225607696108788,0.004134665749478593,,0.09523809523809523,0.0
115,115,refinement,0.5,1,0.2065445115176986,0.006315341751696056,,0.0916030534351145,0.0
115,115,refinement,0.5,2,0.17768879562876091,0.0,,0.12121212121212122,0.0
115,115,refinement,0.5,3,0.17881778289050412,0.0,,0.1111111111111111,0.0
115,115,refinement,0.5,4,0.18445118998662174,0.0,,0.13793103448275862,0.0
115,115,refinement,0.5,5,0.1779098268393982,0.0,,0.12371134020618557,0.0
115,115,refinement,0.5,6,0.1808036658453137,0.0,,0.15,0.0
115,115,refinement,0.5,7,0.19058273282437022,0.0,,0.18461538461538463,0.0
115,115,refinement,0.8,0,0.20225607696108788,0.004134665749478593,,0.09523809523809523,0.0
115,115,refinement,0.8,1,0.18531733689537094,0.0,,0.1411764705882353,0.0
115,115,refinement,0.8,2,0.21094835673457973,0.0,,0.10256410256410256,0.0
115,115,refinement,0.8,3,0.20487621022979732,0.0010432655000904853,,0.07339449541284404,0.0
115,115,refinement,0.8,4,0.19321471762961864,2.727176950223083e-05,,0.15,0.0
115,115,refinement,0.8,5,0.1938890125128156,0.0,,0.1176470588235294,0.0
115,115,refinement,0.8,6,0.21610189109511102,0.0,,0.12698412698412698,0.0
115,115,refinement,0.8,7,0.22640291249856825,0.0,,0.13953488372093023,0.0
116,116,accumulation,N/A,0,0.2902051516714463,0.00416940720013669,,0.2119205298013245,0.0
116,116,accumulation,N/A,1,0.4643899056815243,0.08310465831696477,,0.358974358974359,0.16666666666666666
116,116,accumulation,N/A,2,0.3047754032053515,0.014431481840692357,,0.2692307692307692,0.0
116,116,accumulation,N/A,3,0.3169547771556255,0.01924879464689248,,0.17543859649122806,0.16666666666666666
116,116,accumulation,N/A,4,0.3703564577325075,0.14114649905223123,,0.27027027027027023,0.0
116,116,accumulation,N/A,5,0.3877171213893347,0.02165212478108645,,0.4848484848484848,0.16666666666666666
116,116,accumulation,N/A,6,0.3267616997817856,0.012687837452727705,,0.39999999999999997,0.0
116,116,accumulation,N/A,7,0.3000716235839864,0.08128851633199552,,0.25,0.16666666666666666
116,116,refinement,0.5,0,0.2902051516714463,0.00416940720013669,,0.2119205298013245,0.0
116,116,refinement,0.5,1,0.29891058038237606,0.004719607348350534,,0.22413793103448276,0.0
116,116,refinement,0.5,2,0.30724038895373673,0.002640821417812034,,0.29411764705882354,0.0
116,116,refinement,0.5,3,0.3007844754690397,0.003111076079165041,,0.29090909090909095,0.0
116,116,refinement,0.5,4,0.294417829071999,0.005301294097947369,,0.2772277227722772,0.0
116,116,refinement,0.5,5,0.296991486673728,0.004693356212340815,,0.25263157894736843,0.0
116,116,refinement,0.5,6,0.2973340063511577,0.004948267708759294,,0.24761904761904766,0.0
116,116,refinement,0.5,7,0.3046974181676236,0.0055510072358042,,0.3132530120481928,0.0
116,116,refinement,0.8,0,0.2902051516714463,0.00416940720013669,,0.2119205298013245,0.0
116,116,refinement,0.8,1,0.30214073673082004,0.00682901674576014,,0.27956989247311825,0.0
116,116,refinement,0.8,2,0.3365612146606083,0.022446246196178687,,0.3333333333333333,0.0
116,116,refinement,0.8,3,0.3185272977777298,0.010606897887557228,,0.24299065420560745,0.0
116,116,refinement,0.8,4,0.30120527846817086,0.022045526446894212,,0.4262295081967213,0.0
116,116,refinement,0.8,5,0.3967658809430704,0.021704814735245586,,0.41509433962264153,0.3333333333333333
116,116,refinement,0.8,6,0.3053510639469225,0.030590759600553373,,0.2758620689655173,0.0
116,116,refinement,0.8,7,0.33738110736243637,0.020347520539620526,,0.42105263157894735,0.0
117,117,accumulation,N/A,0,0.2903996937266905,0.01232123140556955,,0.1511627906976744,0.0
117,117,accumulation,N/A,1,0.3065686361822121,0.01284734666350964,,0.3846153846153846,0.0
117,117,accumulation,N/A,2,0.382413853805787,0.03828021020750082,,0.3125,0.14285714285714285
117,117,accumulation,N/A,3,0.3365730490609477,0.0064361460488658526,,0.2162162162162162,0.14285714285714285
117,117,accumulation,N/A,4,0.3069140441472102,0.021842187929729844,,0.3793103448275862,0.16666666666666666
117,117,accumulation,N/A,5,0.4323751553014159,0.06628198095213055,,0.3333333333333333,0.16666666666666666
117,117,accumulation,N/A,6,0.32903828944095304,0.009459253060657615,,0.41379310344827586,0.14285714285714285
117,117,accumulation,N/A,7,0.3300275168476372,0.001842296511627907,,0.39999999999999997,0.16666666666666666
117,117,refinement,0.5,0,0.2903996937266905,0.01232123140556955,,0.1511627906976744,0.0
117,117,refinement,0.5,1,0.28115049512823853,0.011771040576084779,,0.16296296296296298,0.0
117,117,refinement,0.5,2,0.27199783848877696,0.011595918045556567,,0.20168067226890757,0.0
117,117,refinement,0.5,3,0.2858993920676454,0.01431156283761237,,0.2037037037037037,0.0
117,117,refinement,0.5,4,0.2827964575344553,0.013105422582421838,,0.21568627450980393,0.0
117,117,refinement,0.5,5,0.28033029709277074,0.010935257141925003,,0.23300970873786406,0.0
117,117,refinement,0.5,6,0.2839487147505867,0.009384258988623191,,0.27999999999999997,0.0
117,117,refinement,0.5,7,0.29053868636208163,0.005426018584023502,,0.3058823529411765,0.0
117,117,refinement,0.8,0,0.2903996937266905,0.01232123140556955,,0.1511627906976744,0.0
117,117,refinement,0.8,1,0.3365267329115974,0.020468518868444155,,0.3125,0.0
117,117,refinement,0.8,2,0.3450718663775328,0.013979860747879562,,0.4411764705882352,0.0
117,117,refinement,0.8,3,0.3909430616075511,0.029620755801415738,,0.46376811594202905,0.0
117,117,refinement,0.8,4,0.3879617708215271,0.043320743186531986,,0.417910447761194,0.14285714285714285
117,117,refinement,0.8,5,0.34920947814421793,0.024232444633370726,,0.42253521126760574,0.0
117,117,refinement,0.8,6,0.40119919631386247,0.02662621739715958,,0.47619047619047616,0.0
117,117,refinement,0.8,7,0.3990095371806328,0.037523446765343145,,0.46153846153846156,0.0
118,118,accumulation,N/A,0,0.3536901676905432,0.03947241354968405,,0.46788990825688076,0.0
118,118,accumulation,N/A,1,0.37313755045545627,0.027978044768945682,,0.6242774566473989,0.0
118,118,accumulation,N/A,2,0.3688711040137227,0.002995366352884701,,0.5474860335195529,0.0
118,118,accumulation,N/A,3,0.4147083848387185,0.03216672139283349,,0.6712328767123289,0.0
118,118,accumulation,N/A,4,0.4195909779920049,0.014662449364294406,,0.5913978494623655,0.14285714285714285
118,118,accumulation,N/A,5,0.361147573766335,0.01961722792703861,,0.5416666666666667,0.0
118,118,accumulation,N/A,6,0.3608161088353753,0.0030977150328887746,,0.5365853658536585,0.0
118,118,accumulation,N/A,7,0.37065968101835833,0.006099582714679388,,0.6887417218543047,0.0
118,118,refinement,0.5,0,0.3536901676905432,0.03947241354968405,,0.46788990825688076,0.0
118,118,refinement,0.5,1,0.3549887314414898,0.03572773870016032,,0.5050505050505051,0.0
118,118,refinement,0.5,2,0.3668207141355152,0.03953383952492536,,0.5729166666666666,0.0
118,118,refinement,0.5,3,0.37861266077623706,0.039361484074058414,,0.5339805825242718,0.125
118,118,refinement,0.5,4,0.3664105538657954,0.037002515042645207,,0.6,0.0
118,118,refinement,0.5,5,0.3600613237079728,0.036124238911487715,,0.5759162303664921,0.0
118,118,refinement,0.5,6,0.3648029769381489,0.035927661959557405,,0.6031746031746031,0.0
118,118,refinement,0.5,7,0.38835149924802176,0.03512627688861523,,0.6229508196721312,0.125
118,118,refinement,0.8,0,0.3536901676905432,0.03947241354968405,,0.46788990825688076,0.0
118,118,refinement,0.8,1,0.3538895270353061,0.03259063632063413,,0.5284974093264249,0.0
118,118,refinement,0.8,2,0.3780695424351649,0.01825494885026266,,0.6533333333333332,0.0
118,118,refinement,0.8,3,0.3747305534706739,0.025675613502270864,,0.6330935251798561,0.0
118,118,refinement,0.8,4,0.365856837012865,0.030931075317778858,,0.5547445255474452,0.0
118,118,refinement,0.8,5,0.3980880925370322,0.022383034066383523,,0.6527777777777777,0.0
118,118,refinement,0.8,6,0.38728882585210556,0.02653846426320738,,0.5632183908045977,0.125
118,118,refinement,0.8,7,0.3972472061709389,0.020929607125873693,,0.6821705426356589,0.125
119,119,accumulation,N/A,0,0.27053037405203273,9.79480732728071e-05,,0.19354838709677416,0.0
119,119,accumulation,N/A,1,0.3132144802468355,0.07780630373371497,,0.2222222222222222,0.25
119,119,accumulation,N/A,2,0.33480115374787867,0.1027152345332866,,0.09090909090909091,0.0
119,119,accumulation,N/A,3,0.2407997822228082,0.006092768787723735,,0.2580645161290323,0.0
119,119,accumulation,N/A,4,0.27013948299272883,0.06364141166775684,,0.27272727272727276,0.0
119,119,accumulation,N/A,5,0.22381090462690273,0.0,,0.07194244604316546,0.0
119,119,accumulation,N/A,6,0.30547911411009476,0.06288686260327736,,0.25,0.25
119,119,accumulation,N/A,7,0.23621307173157366,0.03194656847206666,,0.09803921568627451,0.0
119,119,refinement,0.5,0,0.27053037405203273,9.79480732728071e-05,,0.19354838709677416,0.0
119,119,refinement,0.5,1,0.2735416972258123,6.930040622405822e-05,,0.22222222222222218,0.0
119,119,refinement,0.5,2,0.275276900916275,0.0009804771613147864,,0.2545454545454545,0.0
119,119,refinement,0.5,3,0.27032034384638653,0.0010608256674013098,,0.2553191489361702,0.0
119,119,refinement,0.5,4,0.2826253879736229,0.0010543910532886797,,0.27184466019417475,0.0
119,119,refinement,0.5,5,0.26894638158187095,7.516205979629667e-05,,0.19417475728155337,0.0
119,119,refinement,0.5,6,0.3165886000150847,0.001078915806704984,,0.27184466019417475,0.25
119,119,refinement,0.5,7,0.3073413085135655,0.00990753746192394,,0.26666666666666666,0.125
119,119,refinement,0.8,0,0.27053037405203273,9.79480732728071e-05,,0.19354838709677416,0.0
119,119,refinement,0.8,1,0.2738196619276262,0.001518757268481665,,0.25806451612903225,0.0
119,119,refinement,0.8,2,0.30264157208078796,0.0028219071174014195,,0.25,0.14285714285714285
119,119,refinement,0.8,3,0.3000677494936145,0.0005010945555079573,,0.37499999999999994,0.0
119,119,refinement,0.8,4,0.2972017412157516,0.0032051624610836098,,0.2127659574468085,0.0
119,119,refinement,0.8,5,0.260551100536626,0.001794040619160222,,0.1616161616161616,0.0
119,119,refinement,0.8,6,0.2874247096511831,4.74820198693716e-05,,0.29411764705882354,0.0
119,119,refinement,0.8,7,0.2996010645495615,0.0020534672782925797,,0.29032258064516125,0.0
120,120,accumulation,N/A,0,0.26614404558229826,0.011836400528959979,,0.3018867924528302,0.0
120,120,accumulation,N/A,1,0.2660311243986085,0.02577765583468085,,0.41071428571428564,0.0
120,120,accumulation,N/A,2,0.31855526244862215,0.004274360091227877,,0.5128205128205128,0.0
120,120,accumulation,N/A,3,0.3791759722514194,0.05591303870887397,,0.5526315789473685,0.2
120,120,accumulation,N/A,4,0.32955083211162106,0.028093290727448747,,0.48571428571428577,0.0
120,120,accumulation,N/A,5,0.2937199092874905,0.03069008521415346,,0.5194805194805195,0.0
120,120,accumulation,N/A,6,0.35860875719254187,0.011772403630020542,,0.6575342465753425,0.14285714285714285
120,120,accumulation,N/A,7,0.35188521526303035,0.006424776285898672,,0.64,0.0
120,120,refinement,0.5,0,0.26614404558229826,0.011836400528959979,,0.3018867924528302,0.0
120,120,refinement,0.5,1,0.25046730670290435,0.011113431043290385,,0.2631578947368421,0.0
120,120,refinement,0.5,2,0.2755297582217299,0.030447539280215683,,0.3222222222222222,0.0
120,120,refinement,0.5,3,0.2672663327625854,0.0022354500110319613,,0.3068181818181818,0.0
120,120,refinement,0.5,4,0.2777979984732081,0.02751145283220195,,0.37762237762237766,0.0
120,120,refinement,0.5,5,0.2805622381637331,0.0219926697837063,,0.43283582089552236,0.0
120,120,refinement,0.5,6,0.2691096528409293,0.025263562522156377,,0.3333333333333333,0.0
120,120,refinement,0.5,7,0.28539078725994765,0.026296938858706764,,0.3835616438356164,0.0
120,120,refinement,0.8,0,0.26614404558229826,0.011836400528959979,,0.3018867924528302,0.0
120,120,refinement,0.8,1,0.28674677438043444,0.034749278595264325,,0.4693877551020408,0.0
120,120,refinement,0.8,2,0.2876969213277377,0.015341276476727459,,0.46728971962616817,0.0
120,120,refinement,0.8,3,0.2848903291010008,0.014164089102070558,,0.48421052631578954,0.0
120,120,refinement,0.8,4,0.316383820632949,0.0564441696887884,,0.5148514851485149,0.14285714285714285
120,120,refinement,0.8,5,0.2741037528633693,0.04808453536072549,,0.4065040650406504,0.0
120,120,refinement,0.8,6,0.2878523875155156,0.056129628517824236,,0.4901960784313726,0.0
120,120,refinement,0.8,7,0.2955965942110198,0.03745102314049231,,0.5333333333333334,0.0
121,121,accumulation,N/A,0,0.2945346662972302,0.012175881776009293,,0.3010033444816054,0.0
121,121,accumulation,N/A,1,0.2685906763349562,0.015495239493331096,,0.21978021978021978,0.0
121,121,accumulation,N/A,2,0.3029597205177812,0.0016831843455059033,,0.5671641791044776,0.0
121,121,accumulation,N/A,3,0.30576882662657207,0.004820853544286887,,0.5696202531645571,0.0
121,121,accumulation,N/A,4,0.35550938206839416,0.01332166137730331,,0.6096256684491979,0.125
121,121,accumulation,N/A,5,0.3885211185472476,0.0069925612154867565,,0.5827814569536425,0.0
121,121,accumulation,N/A,6,0.3713295448140933,0.00037867508186216654,,0.6814814814814815,0.0
121,121,accumulation,N/A,7,0.21270249691872217,0.0,,0.29213483146067415,0.0
121,121,refinement,0.5,0,0.2945346662972302,0.012175881776009293,,0.3010033444816054,0.0
121,121,refinement,0.5,1,0.31426560950314086,0.015698081026586867,,0.3236514522821577,0.125
121,121,refinement,0.5,2,0.30469340614731244,0.014323632828838365,,0.38181818181818183,0.0
121,121,refinement,0.5,3,0.30509210297763134,0.019524121473597895,,0.39805825242718446,0.0
121,121,refinement,0.5,4,0.29898403296884596,0.021976558123716256,,0.36649214659685864,0.0
121,121,refinement,0.5,5,0.2965827741320798,0.02220775970788588,,0.38918918918918916,0.0
121,121,refinement,0.5,6,0.3147589276689644,0.026321082411921496,,0.367816091954023,0.125
121,121,refinement,0.5,7,0.3159487772661481,0.021262424904397753,,0.36708860759493667,0.0
121,121,refinement,0.8,0,0.2945346662972302,0.012175881776009293,,0.3010033444816054,0.0
121,121,refinement,0.8,1,0.3227245910101112,0.01065321039772061,,0.375,0.0
121,121,refinement,0.8,2,0.3545499728230742,0.006368080713033086,,0.5174825174825174,0.0
121,121,refinement,0.8,3,0.3592432909393525,0.0012237745511246084,,0.5157232704402516,0.0
121,121,refinement,0.8,4,0.3403310447346029,0.009840768257352282,,0.5185185185185185,0.125
121,121,refinement,0.8,5,0.3402981477727396,0.00574681140862709,,0.5466666666666666,0.0
121,121,refinement,0.8,6,0.33064662956851265,0.006310015447625471,,0.5,0.0
121,121,refinement,0.8,7,0.3034539785412061,0.004980342313361185,,0.4247787610619469,0.0
122,122,accumulation,N/A,0,0.3066857613359734,0.015073118434627058,,0.47899159663865554,0.0
122,122,accumulation,N/A,1,0.25240069521834335,0.003747246514041113,,0.41935483870967744,0.125
122,122,accumulation,N/A,2,0.21910910826229874,0.01213584821385033,,0.28,0.0
122,122,accumulation,N/A,3,0.2919829382834289,0.0037496238132908523,,0.5039370078740157,0.0
122,122,accumulation,N/A,4,0.27246126731889797,0.01019787287839547,,0.3595505617977528,0.0
122,122,accumulation,N/A,5,0.3245419978732648,0.00014873507319020267,,0.3559322033898305,0.0
122,122,accumulation,N/A,6,0.28456543912408366,0.002286849498836718,,0.411214953271028,0.0
122,122,accumulation,N/A,7,0.3310960586856048,0.000498839048164326,,0.5255474452554745,0.0
122,122,refinement,0.5,0,0.3066857613359734,0.015073118434627058,,0.47899159663865554,0.0
122,122,refinement,0.5,1,0.2936854744958955,0.015902207055587276,,0.39473684210526316,0.0
122,122,refinement,0.5,2,0.2870111801557549,0.019692975902886264,,0.37037037037037035,0.0
122,122,refinement,0.5,3,0.2939768355201378,0.009703320684941948,,0.40404040404040403,0.0
122,122,refinement,0.5,4,0.2951727068142709,0.012705646601472267,,0.43617021276595747,0.0
122,122,refinement,0.5,5,0.29998735919988234,0.013284240075952757,,0.44,0.0
122,122,refinement,0.5,6,0.2989990763452147,0.007769395574738259,,0.47204968944099385,0.0
122,122,refinement,0.5,7,0.29582790518645974,0.01846410114885094,,0.4352941176470588,0.0
122,122,refinement,0.8,0,0.3066857613359734,0.015073118434627058,,0.47899159663865554,0.0
122,122,refinement,0.8,1,0.3008482709679132,0.009185161612091881,,0.4852941176470589,0.0
122,122,refinement,0.8,2,0.33539707672841745,0.01305796240388563,,0.4324324324324324,0.25
122,122,refinement,0.8,3,0.31405045374616936,0.012200139192477002,,0.4590163934426229,0.0
122,122,refinement,0.8,4,0.2863782405416826,0.010355130213751484,,0.3666666666666667,0.0
122,122,refinement,0.8,5,0.31898395651488803,0.010240744541892974,,0.44680851063829785,0.0
122,122,refinement,0.8,6,0.3357806601199334,0.007893887634839282,,0.44000000000000006,0.14285714285714285
122,122,refinement,0.8,7,0.2790045214071526,0.010054880827100193,,0.39999999999999997,0.0
123,123,accumulation,N/A,0,0.25301293869521135,0.0014869089634669506,,0.15853658536585363,0.125
123,123,accumulation,N/A,1,0.2107402449878213,0.0,,0.031152647975077885,0.0
123,123,accumulation,N/A,2,0.19907314329864312,0.009104201046750632,,0.2247191011235955,0.0
123,123,accumulation,N/A,3,0.2525263446234437,0.010984923182570635,,0.2828282828282828,0.0
123,123,accumulation,N/A,4,0.19697537153291902,1.0069084757151655e-05,,0.32608695652173914,0.0
123,123,accumulation,N/A,5,0.2330904876010076,0.009101630079658446,,0.2380952380952381,0.0
123,123,accumulation,N/A,6,0.19181871089805524,0.0,,0.20833333333333331,0.14285714285714285
123,123,accumulation,N/A,7,0.21166995922371157,0.0,,0.26373626373626374,0.0
123,123,refinement,0.5,0,0.25301293869521135,0.0014869089634669506,,0.15853658536585363,0.125
123,123,refinement,0.5,1,0.24532201723127278,0.022385392621163108,,0.20155038759689922,0.0
123,123,refinement,0.5,2,0.24968636928773275,0.00222192108445959,,0.24193548387096775,0.0
123,123,refinement,0.5,3,0.25558407493167423,0.0011202770956774777,,0.23931623931623935,0.0
123,123,refinement,0.5,4,0.26295319610289236,7.215916927267701e-05,,0.3191489361702127,0.0
123,123,refinement,0.5,5,0.26143846086782546,0.0003037782732659581,,0.27777777777777773,0.0
123,123,refinement,0.5,6,0.2638429314079302,0.0,,0.2912621359223301,0.0
123,123,refinement,0.5,7,0.2676662023121387,0.010937204292561061,,0.28260869565217395,0.0
123,123,refinement,0.8,0,0.25301293869521135,0.0014869089634669506,,0.15853658536585363,0.125
123,123,refinement,0.8,1,0.2662600526586912,0.013682101241987462,,0.26000000000000006,0.0
123,123,refinement,0.8,2,0.3241113638599208,0.11546651977342041,,0.20833333333333331,0.16666666666666666
123,123,refinement,0.8,3,0.3019068324983105,0.04368875291912462,,0.44827586206896547,0.0
123,123,refinement,0.8,4,0.28630867138753,0.046079455038906,,0.36923076923076925,0.125
123,123,refinement,0.8,5,0.30821647724569606,0.06946812356008457,,0.27027027027027023,0.14285714285714285
123,123,refinement,0.8,6,0.3108946715479184,0.056314294706885155,,0.3132530120481928,0.0
123,123,refinement,0.8,7,0.3072782112112509,0.06064426227354341,,0.4,0.0
124,124,accumulation,N/A,0,0.2718504918013125,0.011328575148527163,,0.2777777777777778,0.0
124,124,accumulation,N/A,1,0.3164178048840658,0.1242799591521893,,0.20833333333333331,0.2
124,124,accumulation,N/A,2,0.3113951599147131,0.015684616507094143,,0.4731182795698926,0.0
124,124,accumulation,N/A,3,0.3391694528164936,0.037036770072104395,,0.5176470588235293,0.14285714285714285
124,124,accumulation,N/A,4,0.2563360425960381,0.04166697893387441,,0.14925373134328357,0.0
124,124,accumulation,N/A,5,0.2883487325604494,0.004279616593617452,,0.2666666666666667,0.0
124,124,accumulation,N/A,6,0.3085888841394331,0.11680669240846824,,0.2727272727272727,0.16666666666666666
124,124,accumulation,N/A,7,0.23894669214469605,0.0005205723481502147,,0.20512820512820512,0.0
124,124,refinement,0.5,0,0.2718504918013125,0.011328575148527163,,0.2777777777777778,0.0
124,124,refinement,0.5,1,0.26883101132156745,0.008350081963810463,,0.29239766081871343,0.0
124,124,refinement,0.5,2,0.2688300995465086,0.004501568426445127,,0.2711864406779661,0.0
124,124,refinement,0.5,3,0.2770045340316335,0.006504688964768926,,0.3555555555555555,0.0
124,124,refinement,0.5,4,0.276988409426021,0.009790716707772592,,0.3418803418803419,0.0
124,124,refinement,0.5,5,0.2691033117507502,0.0021002289670517997,,0.30769230769230765,0.0
124,124,refinement,0.5,6,0.27376229819145265,0.002815731618317866,,0.3359999999999999,0.0
124,124,refinement,0.5,7,0.2725563397912665,0.003179437947853492,,0.29411764705882354,0.0
124,124,refinement,0.8,0,0.2718504918013125,0.011328575148527163,,0.2777777777777778,0.0
124,124,refinement,0.8,1,0.3125291790508095,0.01803074388092967,,0.44943820224719105,0.0
124,124,refinement,0.8,2,0.34088971351478115,0.0024016258657794582,,0.485981308411215,0.14285714285714285
124,124,refinement,0.8,3,0.34065023974868036,0.003225058063503724,,0.5316455696202531,0.14285714285714285
124,124,refinement,0.8,4,0.27262990828206485,0.005758006228711498,,0.32,0.0
124,124,refinement,0.8,5,0.2908354103899903,0.00676220251499884,,0.3835616438356164,0.0
124,124,refinement,0.8,6,0.26487288488414873,0.011623342749234001,,0.2456140350877193,0.14285714285714285
124,124,refinement,0.8,7,0.2833066487298096,0.027005749356743224,,0.23333333333333334,0.0
125,125,accumulation,N/A,0,0.21381931587411668,0.01691683437049002,,0.017167381974248927,0.0
125,125,accumulation,N/A,1,0.3070734450282734,0.22054919578474008,,0.059701492537313446,0.0
125,125,accumulation,N/A,2,0.21613722037359606,0.03205727890170615,,0.028985507246376812,0.0
125,125,accumulation,N/A,3,0.21388755517044059,0.026204829191795283,,0.05714285714285715,0.0
125,125,accumulation,N/A,4,0.21776998107240522,0.10628735278236093,,0.0449438202247191,0.0
125,125,accumulation,N/A,5,0.17879040506353,0.00046597755601092205,,0.0261437908496732,0.0
125,125,accumulation,N/A,6,0.27602679271916536,0.1395354285507388,,0.05194805194805195,0.0
125,125,accumulation,N/A,7,0.22271433681213704,0.04726144748017244,,0.0449438202247191,0.0
125,125,refinement,0.5,0,0.21381931587411668,0.01691683437049002,,0.017167381974248927,0.0
125,125,refinement,0.5,1,0.21369298631883554,0.019783744706572688,,0.02010050251256281,0.0
125,125,refinement,0.5,2,0.22169601377239587,0.01696030834622627,,0.021164021164021163,0.0
125,125,refinement,0.5,3,0.21093175655143234,0.015239702193126366,,0.018433179723502304,0.0
125,125,refinement,0.5,4,0.22618180475950284,0.0553778557295748,,0.021621621621621623,0.0
125,125,refinement,0.5,5,0.22773830504192472,0.056348031131327775,,0.023391812865497075,0.0
125,125,refinement,0.5,6,0.2176243336580934,0.014287148127769692,,0.027027027027027025,0.0
125,125,refinement,0.5,7,0.232308455202546,0.06814788758080516,,0.03125,0.0
125,125,refinement,0.8,0,0.21381931587411668,0.01691683437049002,,0.017167381974248927,0.0
125,125,refinement,0.8,1,0.2214569018959221,0.01936616247498475,,0.023255813953488372,0.0
125,125,refinement,0.8,2,0.22261783144191583,0.01375931817920771,,0.020408163265306124,0.0
125,125,refinement,0.8,3,0.23674576800790675,0.061002782961525365,,0.022099447513812154,0.0
125,125,refinement,0.8,4,0.2333312722387028,0.018434289875218113,,0.04040404040404041,0.0
125,125,refinement,0.8,5,0.23600173111084813,0.044523989242796616,,0.03305785123966942,0.0
125,125,refinement,0.8,6,0.2282676517910155,0.011567135619641773,,0.04166666666666667,0.0
125,125,refinement,0.8,7,0.23009248708687186,0.02903761478792646,,0.035398230088495575,0.0
126,126,accumulation,N/A,0,0.3036873459188991,0.01968089192223034,,0.49152542372881347,0.0
126,126,accumulation,N/A,1,0.3510102735888364,0.05462505037864576,,0.2619047619047619,0.0
126,126,accumulation,N/A,2,0.3519615615765662,0.0004357458197400506,,0.3620689655172414,0.25
126,126,accumulation,N/A,3,0.3754185126436428,0.05615637559371593,,0.3389830508474576,0.16666666666666666
126,126,accumulation,N/A,4,0.36318927648112365,0.005848809508140624,,0.4897959183673469,0.0
126,126,accumulation,N/A,5,0.4247483170381847,0.01762482788307005,,0.5166666666666667,0.125
126,126,accumulation,N/A,6,0.34842449021745936,0.0049137009362155305,,0.43609022556390975,0.0
126,126,accumulation,N/A,7,0.341646727329065,0.0,,0.25,0.0
126,126,refinement,0.5,0,0.3036873459188991,0.01968089192223034,,0.49152542372881347,0.0
126,126,refinement,0.5,1,0.29948261160657097,0.017728522817229135,,0.4545454545454545,0.0
126,126,refinement,0.5,2,0.3042666580438469,0.01700145905859753,,0.5274725274725275,0.0
126,126,refinement,0.5,3,0.33126318834030477,0.011868060965575246,,0.6,0.0
126,126,refinement,0.5,4,0.33809242151445407,0.017275404829345087,,0.6097560975609756,0.125
126,126,refinement,0.5,5,0.37657894316151286,0.014979423448668688,,0.6363636363636364,0.2857142857142857
126,126,refinement,0.5,6,0.36155989774403324,0.01308840068498047,,0.6666666666666667,0.25
126,126,refinement,0.5,7,0.33037068731479047,0.017640887879756286,,0.5897435897435898,0.0
126,126,refinement,0.8,0,0.3036873459188991,0.01968089192223034,,0.49152542372881347,0.0
126,126,refinement,0.8,1,0.34414841989684847,0.02117786375510477,,0.631578947368421,0.125
126,126,refinement,0.8,2,0.370047674676358,0.0,,0.7228915662650603,0.14285714285714285
126,126,refinement,0.8,3,0.3466384896461089,0.0,,0.5977011494252873,0.14285714285714285
126,126,refinement,0.8,4,0.32807879390189765,0.0,,0.4693877551020407,0.0
126,126,refinement,0.8,5,0.2956485608354784,0.0,,0.4646464646464646,0.125
126,126,refinement,0.8,6,0.3187963413790827,0.0072095568450479515,,0.41304347826086957,0.0
126,126,refinement,0.8,7,0.3111974768577102,0.0,,0.509090909090909,0.14285714285714285
127,127,accumulation,N/A,0,0.33669986361826876,0.008819551404293583,,0.4029850746268657,0.14285714285714285
127,127,accumulation,N/A,1,0.3404795262817655,0.0,,0.5957446808510638,0.14285714285714285
127,127,accumulation,N/A,2,0.31542910936347673,0.02299563818213759,,0.5750000000000001,0.125
127,127,accumulation,N/A,3,0.32626897632858,0.021686637039374065,,0.4390243902439025,0.0
127,127,accumulation,N/A,4,0.37322027308822564,0.017224475806835192,,0.5999999999999999,0.0
127,127,accumulation,N/A,5,0.41595048827605,0.0011284364751060966,,0.6329113924050633,0.16666666666666666
127,127,accumulation,N/A,6,0.2393359216451772,0.0017227709194804538,,0.4923076923076923,0.0
127,127,accumulation,N/A,7,0.26927608602381314,0.01178479944159945,,0.39344262295081966,0.0
127,127,refinement,0.5,0,0.33669986361826876,0.008819551404293583,,0.4029850746268657,0.14285714285714285
127,127,refinement,0.5,1,0.3436422408886536,0.002340630127581887,,0.4385964912280702,0.14285714285714285
127,127,refinement,0.5,2,0.3240913219495051,0.009602258962465728,,0.43200000000000005,0.0
127,127,refinement,0.5,3,0.31607362381472337,0.012855150038980183,,0.3968253968253968,0.0
127,127,refinement,0.5,4,0.3422435778061991,0.0025886682417409486,,0.4385964912280702,0.14285714285714285
127,127,refinement,0.5,5,0.35213949879373174,0.009102801943095129,,0.5054945054945055,0.14285714285714285
127,127,refinement,0.5,6,0.3724047487024443,0.01053264288720838,,0.5054945054945055,0.2857142857142857
127,127,refinement,0.5,7,0.3310158647932554,0.010646609735848162,,0.5,0.0
127,127,refinement,0.8,0,0.33669986361826876,0.008819551404293583,,0.4029850746268657,0.14285714285714285
127,127,refinement,0.8,1,0.3653273516210677,0.009240336870929533,,0.5,0.2857142857142857
127,127,refinement,0.8,2,0.3533455732650673,0.002753848592928241,,0.6506024096385542,0.0
127,127,refinement,0.8,3,0.3811632979542316,0.008348400088136069,,0.6349206349206349,0.14285714285714285
127,127,refinement,0.8,4,0.33063706281987976,0.01639262359664777,,0.44827586206896547,0.0
127,127,refinement,0.8,5,0.3181390747942578,0.02442538897338932,,0.3018867924528302,0.14285714285714285
127,127,refinement,0.8,6,0.3297187086382988,0.025946505316535078,,0.3921568627450981,0.0
127,127,refinement,0.8,7,0.32492733741238344,0.0219235377202484,,0.48484848484848486,0.0
128,128,accumulation,N/A,0,0.2178378994147228,0.0005368009297445568,,0.2948717948717948,0.0
128,128,accumulation,N/A,1,0.31093330882773595,0.021446001096487092,,0.5176470588235293,0.125
128,128,accumulation,N/A,2,0.30781429593440807,0.04572978633877935,,0.3829787234042553,0.0
128,128,accumulation,N/A,3,0.20992126349708595,0.0004996561787657927,,0.32183908045977005,0.125
128,128,accumulation,N/A,4,0.23931599570686626,0.01776744014986563,,0.4583333333333333,0.0
128,128,accumulation,N/A,5,0.38793190154032264,0.043319845301668006,,0.7428571428571428,0.16666666666666666
128,128,accumulation,N/A,6,0.2749241730897797,0.006177746956794441,,0.37037037037037035,0.0
128,128,accumulation,N/A,7,0.23477370255493,0.0057549419367317455,,0.5,0.0
128,128,refinement,0.5,0,0.2178378994147228,0.0005368009297445568,,0.2948717948717948,0.0
128,128,refinement,0.5,1,0.24056771854060083,0.0013550413080008436,,0.3008849557522124,0.0
128,128,refinement,0.5,2,0.23808736178529827,0.0,,0.30508474576271183,0.0
128,128,refinement,0.5,3,0.2772461469246884,0.0001463168113293736,,0.38095238095238104,0.14285714285714285
128,128,refinement,0.5,4,0.24117034205171212,0.0,,0.35955056179775285,0.0
128,128,refinement,0.5,5,0.2792597530501412,6.0931716422794356e-05,,0.4,0.14285714285714285
128,128,refinement,0.5,6,0.253228076417566,0.0,,0.36170212765957444,0.0
128,128,refinement,0.5,7,0.2574752654353663,0.0002023146033196293,,0.39999999999999997,0.0
128,128,refinement,0.8,0,0.2178378994147228,0.0005368009297445568,,0.2948717948717948,0.0
128,128,refinement,0.8,1,0.23639497954978322,0.004475118657525662,,0.441860465116279,0.0
128,128,refinement,0.8,2,0.17689439252044192,0.010357402637477578,,0.40579710144927533,0.0
128,128,refinement,0.8,3,0.22082090971808488,0.004832937418747017,,0.49382716049382713,0.0
128,128,refinement,0.8,4,0.20631331941534448,0.03373528377202894,,0.35714285714285715,0.0
128,128,refinement,0.8,5,0.1564354289391848,0.003847644324390708,,0.3076923076923077,0.0
128,128,refinement,0.8,6,0.17983021114455958,0.004119836592476638,,0.34285714285714286,0.0
128,128,refinement,0.8,7,0.21564226640143633,0.01788426295582219,,0.4444444444444445,0.0
129,129,accumulation,N/A,0,0.3726768995091351,0.0042306858413166185,,0.5714285714285715,0.125
129,129,accumulation,N/A,1,0.3478382169381904,0.004492441613852535,,0.55,0.125
129,129,accumulation,N/A,2,0.40514595451143726,0.004691003902392711,,0.5967741935483871,0.25
129,129,accumulation,N/A,3,0.38590878954923014,0.003617945207973012,,0.5555555555555555,0.125
129,129,accumulation,N/A,4,0.261362306001782,0.022445036639109784,,0.5176470588235293,0.0
129,129,accumulation,N/A,5,0.39717796325575944,0.012497349971900414,,0.6024096385542168,0.125
129,129,accumulation,N/A,6,0.37530775574514214,0.0007464305574373301,,0.5052631578947367,0.125
129,129,accumulation,N/A,7,0.3212512569701034,0.011044136937062519,,0.44660194174757284,0.0
129,129,refinement,0.5,0,0.3726768995091351,0.0042306858413166185,,0.5714285714285715,0.125
129,129,refinement,0.5,1,0.3933857013762143,0.008551409118895554,,0.5794392523364487,0.25
129,129,refinement,0.5,2,0.36617797922396567,0.005952497682771058,,0.6464646464646465,0.0
129,129,refinement,0.5,3,0.3548169531310071,0.010836606483148754,,0.6153846153846154,0.0
129,129,refinement,0.5,4,0.3587324529321182,0.010700545441791259,,0.6190476190476191,0.0
129,129,refinement,0.5,5,0.32302944847711973,0.006792137886615436,,0.5348837209302325,0.0
129,129,refinement,0.5,6,0.32351000054117884,0.006779305696296253,,0.558139534883721,0.0
129,129,refinement,0.5,7,0.329961985036491,0.006512646123832486,,0.588235294117647,0.0
129,129,refinement,0.8,0,0.3726768995091351,0.0042306858413166185,,0.5714285714285715,0.125
129,129,refinement,0.8,1,0.323961171372971,0.0,,0.5470085470085471,0.0
129,129,refinement,0.8,2,0.3440602496441218,0.0017349993129321024,,0.6464646464646465,0.0
129,129,refinement,0.8,3,0.3329000764842911,0.0021686338065171487,,0.5822784810126583,0.125
129,129,refinement,0.8,4,0.31458917934833724,0.004800685948576191,,0.5974025974025974,0.0
129,129,refinement,0.8,5,0.3005585027118586,0.0,,0.4657534246575343,0.0
129,129,refinement,0.8,6,0.35717401848895225,0.0002962258228020701,,0.6585365853658537,0.0
129,129,refinement,0.8,7,0.34831251051838713,0.00011504662237028021,,0.5783132530120481,0.125
130,130,accumulation,N/A,0,0.19968330606947138,0.012248856696690002,,0.024999999999999998,0.0
130,130,accumulation,N/A,1,0.32843725795720635,0.37095392189764637,,0.1904761904761905,0.0
130,130,accumulation,N/A,2,0.34074987196599726,0.30240262739531304,,0.23076923076923078,0.0
130,130,accumulation,N/A,3,0.2793971483468738,0.2809306073514117,,0.17647058823529413,0.0
130,130,accumulation,N/A,4,0.18452766545181645,0.0,,0.20689655172413793,0.0
130,130,accumulation,N/A,5,0.17382508901408175,0.018997953423101312,,0.08823529411764706,0.0
130,130,accumulation,N/A,6,0.16555656630671164,0.01791955319779416,,0.05172413793103448,0.0
130,130,accumulation,N/A,7,0.12862425601367194,0.0,,0.13333333333333333,0.14285714285714285
130,130,refinement,0.5,0,0.19968330606947138,0.012248856696690002,,0.024999999999999998,0.0
130,130,refinement,0.5,1,0.20341920430409144,0.014626277604541738,,0.037037037037037035,0.0
130,130,refinement,0.5,2,0.19614895954210168,0.017355338094636723,,0.0379746835443038,0.0
130,130,refinement,0.5,3,0.19575962803287297,0.011625938531835169,,0.04166666666666667,0.0
130,130,refinement,0.5,4,0.1960539358623669,0.016639967660737057,,0.042553191489361694,0.0
130,130,refinement,0.5,5,0.1949378090884713,0.011105801311872795,,0.037037037037037035,0.0
130,130,refinement,0.5,6,0.19252682230720058,0.016746388932855388,,0.03680981595092024,0.0
130,130,refinement,0.5,7,0.19349735385049302,0.008940599077811872,,0.03896103896103896,0.0
130,130,refinement,0.8,0,0.19968330606947138,0.012248856696690002,,0.024999999999999998,0.0
130,130,refinement,0.8,1,0.2093991110931882,0.04070068731636109,,0.06382978723404255,0.0
130,130,refinement,0.8,2,0.20598213767486173,0.05808127079984129,,0.033707865168539325,0.0
130,130,refinement,0.8,3,0.21222051881443083,0.03693892544222843,,0.0821917808219178,0.0
130,130,refinement,0.8,4,0.2107385564748824,0.056533813865908535,,0.052631578947368425,0.0
130,130,refinement,0.8,5,0.21549820212745174,0.027224308079921877,,0.07142857142857142,0.0
130,130,refinement,0.8,6,0.2055834356841908,0.019699942678603508,,0.042553191489361694,0.0
130,130,refinement,0.8,7,0.19191599775690305,0.010644383855104895,,0.046153846153846156,0.0
131,131,accumulation,N/A,0,0.2078219236483867,0.008359257436407731,,0.19999999999999998,0.0
131,131,accumulation,N/A,1,0.26129694471076076,0.012844912611117166,,0.3142857142857143,0.0
131,131,accumulation,N/A,2,0.29166285706356104,0.08625404551539771,,0.4186046511627907,0.0
131,131,accumulation,N/A,3,0.32078141511407005,0.005727740998610455,,0.2711864406779661,0.2
131,131,accumulation,N/A,4,0.28812664030639734,0.03557569535309076,,0.5454545454545454,0.0
131,131,accumulation,N/A,5,0.3267191742283878,0.024623636728214195,,0.4864864864864865,0.2857142857142857
131,131,accumulation,N/A,6,0.3353976038278914,0.04077694572015928,,0.2857142857142857,0.16666666666666666
131,131,accumulation,N/A,7,0.2785066333476949,0.057534326269099295,,0.32727272727272727,0.0
131,131,refinement,0.5,0,0.2078219236483867,0.008359257436407731,,0.19999999999999998,0.0
131,131,refinement,0.5,1,0.21091998286507468,0.015192449262522379,,0.2574257425742575,0.0
131,131,refinement,0.5,2,0.2111703860681785,0.007871744474554604,,0.25,0.0
131,131,refinement,0.5,3,0.2139733946287828,0.012502764550339069,,0.2916666666666667,0.0
131,131,refinement,0.5,4,0.2092891702756802,0.013821199113500937,,0.27184466019417475,0.0
131,131,refinement,0.5,5,0.21402384350043627,0.012490173535432149,,0.2916666666666667,0.0
131,131,refinement,0.5,6,0.24211919631021547,0.009322665407568691,,0.32499999999999996,0.125
131,131,refinement,0.5,7,0.2329463424792071,0.009662896938595095,,0.2947368421052632,0.125
131,131,refinement,0.8,0,0.2078219236483867,0.008359257436407731,,0.19999999999999998,0.0
131,131,refinement,0.8,1,0.22213443435622557,0.003978883014899906,,0.23728813559322035,0.0
131,131,refinement,0.8,2,0.23429243830096796,0.006004108214543442,,0.2434782608695652,0.0
131,131,refinement,0.8,3,0.20473790896238675,0.0,,0.30000000000000004,0.0
131,131,refinement,0.8,4,0.18630731365797826,0.00971291612509876,,0.28205128205128205,0.0
131,131,refinement,0.8,5,0.2622832915142842,0.010152916054384073,,0.375,0.25
131,131,refinement,0.8,6,0.26565672611052177,9.21012443155003e-05,,0.41379310344827586,0.125
131,131,refinement,0.8,7,0.25340486606089563,0.0332296701673172,,0.40740740740740744,0.125
132,132,accumulation,N/A,0,0.21890750711083617,0.024005638670901448,,0.009302325581395347,0.0
132,132,accumulation,N/A,1,0.5879358855388954,0.47406528623698213,,0.6666666666666666,0.0
132,132,accumulation,N/A,2,0.41152926278040275,0.3252475845441397,,0.4,0.0
132,132,accumulation,N/A,3,0.5177572444334022,0.26333789329685364,,0.5,0.0
132,132,accumulation,N/A,4,0.22315179701511373,0.0,,0.16666666666666669,0.0
132,132,accumulation,N/A,5,0.26538629275364073,0.17801813274352318,,0.0625,0.0
132,132,accumulation,N/A,6,0.4732060960246212,0.4341207383075141,,0.4,0.0
132,132,accumulation,N/A,7,0.5043803182582887,0.8927335640138406,,0.4,0.0
132,132,refinement,0.5,0,0.21890750711083617,0.024005638670901448,,0.009302325581395347,0.0
132,132,refinement,0.5,1,0.2203690928342999,0.022661022012092556,,0.01129943502824859,0.0
132,132,refinement,0.5,2,0.220281157779119,0.022708036580582472,,0.013986013986013986,0.0
132,132,refinement,0.5,3,0.2205835958837163,0.02751695530039825,,0.01612903225806452,0.0
132,132,refinement,0.5,4,0.22134017241589882,0.02751695530039827,,0.020408163265306124,0.0
132,132,refinement,0.5,5,0.22162808202204004,0.021968081669574122,,0.02150537634408602,0.0
132,132,refinement,0.5,6,0.2214359762776788,0.022567574498640722,,0.023529411764705882,0.0
132,132,refinement,0.5,7,0.22129647356377047,0.024501938027095643,,0.019801980198019802,0.0
132,132,refinement,0.8,0,0.21890750711083617,0.024005638670901448,,0.009302325581395347,0.0
132,132,refinement,0.8,1,0.23305201525798358,0.027110988834628657,,0.03225806451612903,0.0
132,132,refinement,0.8,2,0.24101342828998756,0.029842268351511325,,0.04347826086956522,0.0
132,132,refinement,0.8,3,0.25681900841582317,0.03782928674599366,,0.06451612903225806,0.0
132,132,refinement,0.8,4,0.24623210758672093,0.03980099502487549,,0.038461538461538464,0.0
132,132,refinement,0.8,5,0.24470807870893946,0.03803814409172699,,0.046511627906976744,0.0
132,132,refinement,0.8,6,0.24343747800686633,0.045645772910072144,,0.044444444444444446,0.0
132,132,refinement,0.8,7,0.2618918917257674,0.038928062709569944,,0.08333333333333333,0.0
133,133,accumulation,N/A,0,0.2290801432337683,0.02007270465556764,,0.052631578947368425,0.0
133,133,accumulation,N/A,1,0.506358237142573,0.535077675960422,,0.4,0.3333333333333333
133,133,accumulation,N/A,2,0.36574366881427267,0.2672655803891708,,0.11764705882352941,0.25
133,133,accumulation,N/A,3,0.2681234641722462,0.02071525370041583,,0.08247422680412372,0.125
133,133,accumulation,N/A,4,0.19653821811969913,0.007358540677615506,,0.05298013245033112,0.0
133,133,accumulation,N/A,5,0.21055968059868047,0.0076463693192458495,,0.07079646017699115,0.0
133,133,accumulation,N/A,6,0.2473717549594974,0.025720127898035933,,0.05031446540880503,0.0
133,133,accumulation,N/A,7,0.25017519613334827,0.0018938129749602364,,0.07207207207207207,0.125
133,133,refinement,0.5,0,0.2290801432337683,0.02007270465556764,,0.052631578947368425,0.0
133,133,refinement,0.5,1,0.23071888857845807,0.018179327636215947,,0.06382978723404256,0.0
133,133,refinement,0.5,2,0.2374412616139543,0.01342743323680144,,0.09876543209876544,0.0
133,133,refinement,0.5,3,0.23582232335973444,0.01936193966575672,,0.08571428571428572,0.0
133,133,refinement,0.5,4,0.23570187231900386,0.020487993925537525,,0.08333333333333334,0.0
133,133,refinement,0.5,5,0.2518236417819838,0.009357155339925816,,0.13333333333333333,0.125
133,133,refinement,0.5,6,0.2548495151635482,0.02112733019659875,,0.09523809523809525,0.125
133,133,refinement,0.5,7,0.253124915205581,0.01989621375401933,,0.08955223880597014,0.125
133,133,refinement,0.8,0,0.2290801432337683,0.02007270465556764,,0.052631578947368425,0.0
133,133,refinement,0.8,1,0.24904475304967635,0.014364683267411422,,0.11764705882352941,0.0
133,133,refinement,0.8,2,0.27396808082335333,0.020987608269287424,,0.14545454545454545,0.14285714285714285
133,133,refinement,0.8,3,0.2483905465246231,0.01208037201572427,,0.09756097560975609,0.0
133,133,refinement,0.8,4,0.22575162829894108,0.025213206579520153,,0.07317073170731708,0.0
133,133,refinement,0.8,5,0.22099178591191654,0.028220465357578276,,0.07272727272727272,0.0
133,133,refinement,0.8,6,0.2416358275561159,0.023975967128955857,,0.11267605633802817,0.0
133,133,refinement,0.8,7,0.25049287731057174,0.04515128924498393,,0.07547169811320754,0.125
134,134,accumulation,N/A,0,0.1710005686901953,0.02705237253775905,,0.026490066225165563,0.0
134,134,accumulation,N/A,1,0.43362837079941075,0.3774494993377364,,0.5,0.0
134,134,accumulation,N/A,2,0.33228381033395193,0.051037410420094714,,0.3076923076923077,0.0
134,134,accumulation,N/A,3,0.49697303795063175,0.1646127140799893,,0.5714285714285715,0.0
134,134,accumulation,N/A,4,0.31003710681352004,0.14519492983437934,,0.18181818181818182,0.0
134,134,accumulation,N/A,5,0.2254254077286051,0.08203727817546791,,0.17391304347826084,0.0
134,134,accumulation,N/A,6,0.34880429591867246,0.16039574230026926,,0.33333333333333337,0.0
134,134,accumulation,N/A,7,0.3279996829588848,0.13815014352547428,,0.3076923076923077,0.0
134,134,refinement,0.5,0,0.1710005686901953,0.02705237253775905,,0.026490066225165563,0.0
134,134,refinement,0.5,1,0.17940514156239945,0.027003441082514103,,0.03508771929824561,0.0
134,134,refinement,0.5,2,0.17483675102958202,0.02301463432569454,,0.03738317757009346,0.0
134,134,refinement,0.5,3,0.1752241610141948,0.023462730797171753,,0.04081632653061225,0.0
134,134,refinement,0.5,4,0.17553686733857804,0.01963208087110289,,0.05405405405405406,0.0
134,134,refinement,0.5,5,0.17372139454742713,0.01963208087110289,,0.04597701149425288,0.0
134,134,refinement,0.5,6,0.1765488795087169,0.018723304301600307,,0.05882352941176471,0.0
134,134,refinement,0.5,7,0.18077321220316064,0.015162989290689237,,0.07547169811320754,0.0
134,134,refinement,0.8,0,0.1710005686901953,0.02705237253775905,,0.026490066225165563,0.0
134,134,refinement,0.8,1,0.19761576460670033,0.028284023513930816,,0.05,0.0
134,134,refinement,0.8,2,0.22588268508274345,0.018927821217981824,,0.08695652173913045,0.0
134,134,refinement,0.8,3,0.22786298629303803,0.016571757673574463,,0.13333333333333333,0.0
134,134,refinement,0.8,4,0.2278908964717126,0.018831488187974466,,0.13333333333333333,0.0
134,134,refinement,0.8,5,0.2368260467702454,0.0,,0.21052631578947367,0.0
134,134,refinement,0.8,6,0.23741964018714462,0.02376862991234147,,0.16666666666666669,0.0
134,134,refinement,0.8,7,0.2515496879272085,0.019990919561086003,,0.17391304347826084,0.0
135,135,accumulation,N/A,0,0.18397125506512568,0.0006305962000436775,,0.016,0.0
135,135,accumulation,N/A,1,0.3361415959643511,0.1134300799190498,,0.23529411764705882,0.0
135,135,accumulation,N/A,2,0.16251885873659067,0.0,,0.07999999999999999,0.0
135,135,accumulation,N/A,3,0.2231980442788714,0.10530641158285417,,0.14285714285714288,0.0
135,135,accumulation,N/A,4,0.1974718921017442,0.03221816551613424,,0.1142857142857143,0.0
135,135,accumulation,N/A,5,0.1623691599343426,0.04036898800978925,,0.06451612903225806,0.0
135,135,accumulation,N/A,6,0.3336559567727561,0.0,,0.5714285714285715,0.0
135,135,accumulation,N/A,7,0.17823289668916414,0.0,,0.044444444444444446,0.0
135,135,refinement,0.5,0,0.18397125506512568,0.0006305962000436775,,0.016,0.0
135,135,refinement,0.5,1,0.19284780596213844,0.012265742337138869,,0.017937219730941707,0.0
135,135,refinement,0.5,2,0.21908215296781408,0.1168392684160575,,0.02857142857142857,0.0
135,135,refinement,0.5,3,0.21817999325471119,0.10253504180329599,,0.02985074626865672,0.0
135,135,refinement,0.5,4,0.21836686466110825,0.09455661128197684,,0.034482758620689655,0.0
135,135,refinement,0.5,5,0.21951358621141231,0.10352372695582994,,0.031746031746031744,0.0
135,135,refinement,0.5,6,0.21841411203455582,0.08912442278693924,,0.034482758620689655,0.0
135,135,refinement,0.5,7,0.2205791225601538,0.09089860938695436,,0.04166666666666667,0.0
135,135,refinement,0.8,0,0.18397125506512568,0.0006305962000436775,,0.016,0.0
135,135,refinement,0.8,1,0.210310259031628,0.11835594336348731,,0.046511627906976744,0.0
135,135,refinement,0.8,2,0.18218327349025362,0.023333945995331822,,0.05555555555555556,0.0
135,135,refinement,0.8,3,0.18576801744178506,0.01950089435620081,,0.07843137254901959,0.0
135,135,refinement,0.8,4,0.213142655839143,0.02179160900397975,,0.1142857142857143,0.0
135,135,refinement,0.8,5,0.19591733684075202,0.05290029378667363,,0.0851063829787234,0.0
135,135,refinement,0.8,6,0.21085748200791404,0.11061430417759123,,0.11764705882352941,0.0
135,135,refinement,0.8,7,0.2032129213448856,0.11700403642279633,,0.05555555555555556,0.0
136,136,accumulation,N/A,0,0.22343130489848684,0.001523326138610191,,0.25925925925925924,0.125
136,136,accumulation,N/A,1,0.2427223329401955,0.001581966646876728,,0.4444444444444445,0.0
136,136,accumulation,N/A,2,0.3364123392412748,0.04475940992917285,,0.44827586206896547,0.0
136,136,accumulation,N/A,3,0.23965955854070778,1.3810888038878791e-05,,0.30434782608695654,0.0
136,136,accumulation,N/A,4,0.22141968060301695,0.00010852342334133106,,0.23437500000000003,0.0
136,136,accumulation,N/A,5,0.2386514528490708,0.008671817175156955,,0.288659793814433,0.0
136,136,accumulation,N/A,6,0.28329170559622374,0.02869970372173527,,0.35616438356164387,0.0
136,136,accumulation,N/A,7,0.2063555921792822,0.0176029441813528,,0.18181818181818182,0.0
136,136,refinement,0.5,0,0.22343130489848684,0.001523326138610191,,0.25925925925925924,0.125
136,136,refinement,0.5,1,0.2163412445736942,0.012989808917937764,,0.3010752688172043,0.125
136,136,refinement,0.5,2,0.21918317744292592,0.012838071826126734,,0.33333333333333337,0.0
136,136,refinement,0.5,3,0.22770158807297855,0.01272904720999114,,0.27999999999999997,0.125
136,136,refinement,0.5,4,0.2289905890108955,0.013889476723104616,,0.32911392405063294,0.0
136,136,refinement,0.5,5,0.250839873574624,0.0011527776332316867,,0.3421052631578947,0.0
136,136,refinement,0.5,6,0.24765584638340904,0.012958993966065977,,0.3835616438356165,0.0
136,136,refinement,0.5,7,0.2651091602735244,0.013748373653404578,,0.3466666666666666,0.16666666666666666
136,136,refinement,0.8,0,0.22343130489848684,0.001523326138610191,,0.25925925925925924,0.125
136,136,refinement,0.8,1,0.19782773457690567,0.011274011528434238,,0.29885057471264365,0.0
136,136,refinement,0.8,2,0.25067924156522126,0.022521034203300434,,0.38888888888888884,0.0
136,136,refinement,0.8,3,0.25596514613738774,0.006732668999176316,,0.30952380952380953,0.0
136,136,refinement,0.8,4,0.26956497813559754,0.03185462760294037,,0.2857142857142857,0.0
136,136,refinement,0.8,5,0.27424890405415236,0.003914379657793595,,0.2978723404255319,0.0
136,136,refinement,0.8,6,0.25381286170096123,0.007250874698311666,,0.3513513513513513,0.0
136,136,refinement,0.8,7,0.22126913478928759,0.004514474071052508,,0.3728813559322034,0.0
137,137,accumulation,N/A,0,0.19617643690413927,0.0,,0.1276595744680851,0.0
137,137,accumulation,N/A,1,0.24031200240006395,0.017089430803640008,,0.24489795918367346,0.0
137,137,accumulation,N/A,2,0.24127695513957328,0.0,,0.08695652173913045,0.0
137,137,accumulation,N/A,3,0.17282306636674039,0.0,,0.08791208791208792,0.0
137,137,accumulation,N/A,4,0.1883819239783836,0.002299208661451379,,0.09356725146198831,0.0
137,137,accumulation,N/A,5,0.1788922557540417,0.0,,0.058479532163742694,0.14285714285714285
137,137,accumulation,N/A,6,0.1868876771397071,0.0,,0.06451612903225806,0.0
137,137,accumulation,N/A,7,0.17329573245542387,0.004758330695844824,,0.1037037037037037,0.0
137,137,refinement,0.5,0,0.19617643690413927,0.0,,0.1276595744680851,0.0
137,137,refinement,0.5,1,0.18495145142900737,0.0,,0.13872832369942198,0.0
137,137,refinement,0.5,2,0.1906275081472082,0.0,,0.13872832369942198,0.0
137,137,refinement,0.5,3,0.18761788601735652,8.678856403707162e-05,,0.1411764705882353,0.0
137,137,refinement,0.5,4,0.1896247413080976,0.00017299200330133716,,0.15789473684210528,0.0
137,137,refinement,0.5,5,0.18865324475409245,0.0,,0.1348314606741573,0.0
137,137,refinement,0.5,6,0.15918809339016599,0.0004586802833221368,,0.13636363636363635,0.0
137,137,refinement,0.5,7,0.17491930461975333,0.0007986440171041553,,0.07777777777777778,0.0
137,137,refinement,0.8,0,0.19617643690413927,0.0,,0.1276595744680851,0.0
137,137,refinement,0.8,1,0.16296115728072835,0.02144471079011442,,0.06222222222222222,0.0
137,137,refinement,0.8,2,0.16821911987050536,0.015628606222838543,,0.0885608856088561,0.0
137,137,refinement,0.8,3,0.1608404835915005,0.0012563233639060294,,0.10112359550561797,0.0
137,137,refinement,0.8,4,0.16731225290024382,0.00030936482717033767,,0.12121212121212122,0.0
137,137,refinement,0.8,5,0.19757219269514642,0.0,,0.18604651162790695,0.0
137,137,refinement,0.8,6,0.1813566062427912,0.020784755800675785,,0.10714285714285712,0.0
137,137,refinement,0.8,7,0.1995811239202495,0.017772536619658223,,0.21052631578947367,0.0
138,138,accumulation,N/A,0,0.33810164244567853,0.006086249418865869,,0.47321428571428575,0.0
138,138,accumulation,N/A,1,0.3798109053095873,0.02914157134894196,,0.5964912280701755,0.0
138,138,accumulation,N/A,2,0.2980919462363554,0.000992545011833245,,0.5128205128205128,0.0
138,138,accumulation,N/A,3,0.37034494861888656,0.01054870534973925,,0.5714285714285713,0.0
138,138,accumulation,N/A,4,0.38084996450968894,0.0005774226854909378,,0.534351145038168,0.0
138,138,accumulation,N/A,5,0.36578285754631634,0.009669146753571568,,0.5428571428571428,0.0
138,138,accumulation,N/A,6,0.37018390783862115,0.0022162525897326743,,0.4772727272727273,0.0
138,138,accumulation,N/A,7,0.3713241807706809,0.00563158538906456,,0.6126126126126127,0.0
138,138,refinement,0.5,0,0.33810164244567853,0.006086249418865869,,0.47321428571428575,0.0
138,138,refinement,0.5,1,0.3611930393528272,0.010053266129784895,,0.523076923076923,0.125
138,138,refinement,0.5,2,0.3393215480042412,0.01117853316615053,,0.4751381215469613,0.0
138,138,refinement,0.5,3,0.3557467995857775,0.012301684747224885,,0.4647887323943662,0.125
138,138,refinement,0.5,4,0.32689146767783683,0.011179714574458764,,0.5185185185185185,0.0
138,138,refinement,0.5,5,0.3575138445161257,0.014085057035822428,,0.4651162790697675,0.125
138,138,refinement,0.5,6,0.3847128008146422,0.010247679001702493,,0.5277777777777778,0.25
138,138,refinement,0.5,7,0.3621867452677419,0.011447481631048835,,0.5109489051094891,0.0
138,138,refinement,0.8,0,0.33810164244567853,0.006086249418865869,,0.47321428571428575,0.0
138,138,refinement,0.8,1,0.3436858054009559,0.008102373977614543,,0.4693877551020407,0.0
138,138,refinement,0.8,2,0.33365926393403367,0.01654808121157466,,0.4067796610169492,0.0
138,138,refinement,0.8,3,0.31830909389170503,0.014579671489823604,,0.3493975903614458,0.0
138,138,refinement,0.8,4,0.35893098077244456,0.013080330459290924,,0.509090909090909,0.0
138,138,refinement,0.8,5,0.3252956672766373,0.013482824448055092,,0.5038167938931298,0.0
138,138,refinement,0.8,6,0.3504087748012241,0.007681264415428799,,0.5256410256410258,0.0
138,138,refinement,0.8,7,0.3942508231795242,0.008434998422337523,,0.5641025641025641,0.14285714285714285
139,139,accumulation,N/A,0,0.31552904998586445,0.0043969526017643154,,0.34,0.0
139,139,accumulation,N/A,1,0.2863954727319282,0.011598449637194495,,0.24,0.0
139,139,accumulation,N/A,2,0.3393741310547501,0.0022303327896322136,,0.5454545454545455,0.14285714285714285
139,139,accumulation,N/A,3,0.21848381590974625,0.0036280455856797897,,0.16216216216216214,0.0
139,139,accumulation,N/A,4,0.2839720554173993,0.0,,0.4411764705882353,0.14285714285714285
139,139,accumulation,N/A,5,0.32307974693870617,0.003956616943092636,,0.3697478991596639,0.125
139,139,accumulation,N/A,6,0.17604827719642327,0.012280586766541835,,0.22641509433962265,0.0
139,139,accumulation,N/A,7,0.3473088536830994,0.01727982594725921,,0.40740740740740744,0.0
139,139,refinement,0.5,0,0.31552904998586445,0.0043969526017643154,,0.34,0.0
139,139,refinement,0.5,1,0.33187863011736013,0.0036306016850655948,,0.328042328042328,0.0
139,139,refinement,0.5,2,0.3435599676579356,0.012905347389138863,,0.36257309941520466,0.0
139,139,refinement,0.5,3,0.3662828630292394,0.013875195592890736,,0.3614457831325301,0.14285714285714285
139,139,refinement,0.5,4,0.32989229075121673,0.014818931156490007,,0.411764705882353,0.0
139,139,refinement,0.5,5,0.3508271917146565,0.018972783077496138,,0.39705882352941185,0.0
139,139,refinement,0.5,6,0.3210066807965434,0.01648586660533936,,0.3625,0.0
139,139,refinement,0.5,7,0.3222076881497677,0.01530506207772338,,0.38461538461538464,0.0
139,139,refinement,0.8,0,0.31552904998586445,0.0043969526017643154,,0.34,0.0
139,139,refinement,0.8,1,0.3325260475162146,0.002625149886519757,,0.4625,0.0
139,139,refinement,0.8,2,0.37566801428005914,0.017829256067906828,,0.456140350877193,0.14285714285714285
139,139,refinement,0.8,3,0.3503320183662137,0.016064997215720526,,0.5794392523364486,0.0
139,139,refinement,0.8,4,0.32601608559616335,0.017218457885236214,,0.4403669724770642,0.0
139,139,refinement,0.8,5,0.3559124053178536,0.016834031434072413,,0.48275862068965514,0.0
139,139,refinement,0.8,6,0.3466945661998683,0.03504225977679553,,0.4144144144144144,0.14285714285714285
139,139,refinement,0.8,7,0.28770315974559,0.05812884538268548,,0.3883495145631068,0.0
140,140,accumulation,N/A,0,0.3603123283473588,0.027387743021215,,0.3724137931034483,0.125
140,140,accumulation,N/A,1,0.36163852762997173,0.05773781888046029,,0.4931506849315069,0.125
140,140,accumulation,N/A,2,0.3651590574958069,0.04713660017588671,,0.33663366336633666,0.125
140,140,accumulation,N/A,3,0.3306557280809359,0.0063361730645272165,,0.507936507936508,0.0
140,140,accumulation,N/A,4,0.3411507782173869,0.015995259883958488,,0.5148514851485149,0.0
140,140,accumulation,N/A,5,0.2774246913693055,0.01694425746859318,,0.40963855421686746,0.0
140,140,accumulation,N/A,6,0.3217202628762855,0.014777816871745121,,0.5647058823529413,0.0
140,140,accumulation,N/A,7,0.3139477347408906,0.0013252350428712364,,0.6078431372549019,0.0
140,140,refinement,0.5,0,0.3603123283473588,0.027387743021215,,0.3724137931034483,0.125
140,140,refinement,0.5,1,0.3435081829268961,0.01868301792112987,,0.43333333333333335,0.0
140,140,refinement,0.5,2,0.33989326253093877,0.018200670966910047,,0.4065040650406504,0.125
140,140,refinement,0.5,3,0.35947313570272466,0.024019136558576407,,0.43333333333333335,0.0
140,140,refinement,0.5,4,0.33570121470274034,0.009316175399690792,,0.46956521739130436,0.0
140,140,refinement,0.5,5,0.3696401091817815,0.008439239255908091,,0.5142857142857142,0.0
140,140,refinement,0.5,6,0.3516015220546962,0.018834539203353186,,0.5087719298245613,0.0
140,140,refinement,0.5,7,0.349246711426129,0.02070312727300614,,0.49090909090909085,0.0
140,140,refinement,0.8,0,0.3603123283473588,0.027387743021215,,0.3724137931034483,0.125
140,140,refinement,0.8,1,0.3940585152524531,0.03908516644582603,,0.5294117647058824,0.25
140,140,refinement,0.8,2,0.32745802097951676,0.017306046759941632,,0.5454545454545455,0.0
140,140,refinement,0.8,3,0.31729651832268113,0.002573874040904384,,0.5714285714285715,0.0
140,140,refinement,0.8,4,0.3148951100055708,0.017243316937835682,,0.5376344086021506,0.0
140,140,refinement,0.8,5,0.3380193411394308,0.041376512834485686,,0.6666666666666666,0.0
140,140,refinement,0.8,6,0.33686889920413193,0.018534689482033555,,0.5853658536585367,0.0
140,140,refinement,0.8,7,0.33397125991694165,0.01372985383814715,,0.5609756097560976,0.125
141,141,accumulation,N/A,0,0.09126270708518644,0.00255920009158309,,0.02531645569620253,0.0
141,141,accumulation,N/A,1,0.25923136311499156,0.0692914100340028,,0.09999999999999999,0.25
141,141,accumulation,N/A,2,0.1425154864355092,0.048861042241351786,,0.04878048780487806,0.0
141,141,accumulation,N/A,3,0.2216448628974495,0.08996173064847746,,0.09523809523809523,0.0
141,141,accumulation,N/A,4,0.3162619510394697,0.15157495944938099,,0.5,0.0
141,141,accumulation,N/A,5,0.2484809041599556,0.07476380399639283,,0.21052631578947367,0.0
141,141,accumulation,N/A,6,0.313726449425373,0.1498614582329354,,0.33333333333333337,0.0
141,141,accumulation,N/A,7,0.19062080932438139,0.03314103636737952,,0.04938271604938272,0.0
141,141,refinement,0.5,0,0.09126270708518644,0.00255920009158309,,0.02531645569620253,0.0
141,141,refinement,0.5,1,0.12717822012343252,0.01857141592052417,,0.026490066225165563,0.0
141,141,refinement,0.5,2,0.1312386976178601,0.01974460321646696,,0.03389830508474576,0.0
141,141,refinement,0.5,3,0.13174752062169434,0.02069778075240205,,0.03508771929824561,0.0
141,141,refinement,0.5,4,0.1296311119085507,0.01999769365120691,,0.03669724770642201,0.0
141,141,refinement,0.5,5,0.1334901983370124,0.024257695219658617,,0.03773584905660378,0.0
141,141,refinement,0.5,6,0.1377592091513833,0.022211528614770926,,0.0449438202247191,0.0
141,141,refinement,0.5,7,0.12980769991795188,0.022211528614770926,,0.035398230088495575,0.0
141,141,refinement,0.8,0,0.09126270708518644,0.00255920009158309,,0.02531645569620253,0.0
141,141,refinement,0.8,1,0.12587937988336628,0.020039752462492098,,0.05479452054794521,0.0
141,141,refinement,0.8,2,0.1315263186530992,0.028894705085437615,,0.05405405405405406,0.0
141,141,refinement,0.8,3,0.13621529984519348,0.002227680845673986,,0.09756097560975609,0.0
141,141,refinement,0.8,4,0.19055200535997147,0.005316832735150593,,0.046511627906976744,0.0
141,141,refinement,0.8,5,0.19838858106255147,0.002449852737416929,,0.07142857142857144,0.0
141,141,refinement,0.8,6,0.2145932823979001,0.005265762763054522,,0.05714285714285715,0.14285714285714285
141,141,refinement,0.8,7,0.2002339202447312,0.07275598053570294,,0.05263157894736842,0.0
142,142,accumulation,N/A,0,0.18492709024793388,0.026574802199880385,,0.013333333333333332,0.0
142,142,accumulation,N/A,1,0.5283624082617203,0.15821515451522208,,0.6666666666666666,0.5
142,142,accumulation,N/A,2,0.2704241525824909,0.0,,0.4,0.0
142,142,accumulation,N/A,3,0.4516710206650013,0.20390847420810665,,0.2857142857142857,0.3333333333333333
142,142,accumulation,N/A,4,0.7741195431740204,0.3287262872723071,,1.0,1.0
142,142,accumulation,N/A,5,0.4082054978043395,0.0,,0.5,0.0
142,142,accumulation,N/A,6,0.7703257055343758,0.46100809633011824,,1.0,1.0
142,142,accumulation,N/A,7,0.7992333790191561,0.5945284494420826,,1.0,1.0
142,142,refinement,0.5,0,0.18492709024793388,0.026574802199880385,,0.013333333333333332,0.0
142,142,refinement,0.5,1,0.1908267481702035,0.027745819352117396,,0.014598540145985401,0.0
142,142,refinement,0.5,2,0.18920237931592768,0.02779578975032394,,0.01612903225806452,0.0
142,142,refinement,0.5,3,0.18754279022023818,0.02769602830191112,,0.020618556701030924,0.0
142,142,refinement,0.5,4,0.1920972144066997,0.02476965716996681,,0.025974025974025976,0.0
142,142,refinement,0.5,5,0.19198298243540865,0.029543587958636833,,0.028169014084507043,0.0
142,142,refinement,0.5,6,0.19609569787466197,0.03280283942885878,,0.028169014084507043,0.0
142,142,refinement,0.5,7,0.1926971641719681,0.032737316865532676,,0.02985074626865672,0.0
142,142,refinement,0.8,0,0.18492709024793388,0.026574802199880385,,0.013333333333333332,0.0
142,142,refinement,0.8,1,0.16142601755216665,0.01406384500816112,,0.046511627906976744,0.0
142,142,refinement,0.8,2,0.21036142509424643,0.03526080534288148,,0.038461538461538464,0.0
142,142,refinement,0.8,3,0.2449807653413095,0.03819455810760481,,0.0909090909090909,0.0
142,142,refinement,0.8,4,0.23477835321700186,0.036322876905994624,,0.07142857142857142,0.0
142,142,refinement,0.8,5,0.23036156922108958,0.03775613915451611,,0.05882352941176471,0.0
142,142,refinement,0.8,6,0.21267264813170275,0.009744070810977078,,0.047619047619047616,0.0
142,142,refinement,0.8,7,0.2040409688577558,0.0,,0.0625,0.0
143,143,accumulation,N/A,0,0.20825426410813275,0.00034875765376309406,,0.21428571428571425,0.0
143,143,accumulation,N/A,1,0.22274504897829378,0.07428628534236201,,0.34782608695652173,0.0
143,143,accumulation,N/A,2,0.20291814122399626,0.010816256492070556,,0.33333333333333337,0.0
143,143,accumulation,N/A,3,0.27079898946683095,0.00018534200935412808,,0.24528301886792453,0.16666666666666666
143,143,accumulation,N/A,4,0.2747260476998641,0.018147314859852805,,0.3414634146341463,0.0
143,143,accumulation,N/A,5,0.26439619032355244,0.02960215040973774,,0.21126760563380279,0.2
143,143,accumulation,N/A,6,0.2792361625229709,0.01361895531935128,,0.30952380952380953,0.0
143,143,accumulation,N/A,7,0.2479103303456313,0.012625246427325728,,0.33333333333333337,0.0
143,143,refinement,0.5,0,0.20825426410813275,0.00034875765376309406,,0.21428571428571425,0.0
143,143,refinement,0.5,1,0.21334918835250863,0.0009003741823258377,,0.2434782608695652,0.0
143,143,refinement,0.5,2,0.21022949197688953,0.004427762315856073,,0.2434782608695652,0.0
143,143,refinement,0.5,3,0.2279016236675623,0.0035732507365733314,,0.22950819672131148,0.125
143,143,refinement,0.5,4,0.21202909930760985,0.006902037673830819,,0.27350427350427353,0.0
143,143,refinement,0.5,5,0.2150554696172725,0.009187781747119006,,0.28846153846153844,0.0
143,143,refinement,0.5,6,0.21956251268865207,0.008936777240233354,,0.3106796116504854,0.0
143,143,refinement,0.5,7,0.2168635997048696,0.013879213612358617,,0.31683168316831684,0.0
143,143,refinement,0.8,0,0.20825426410813275,0.00034875765376309406,,0.21428571428571425,0.0
143,143,refinement,0.8,1,0.21933073159840905,0.0023844944392401083,,0.29357798165137616,0.0
143,143,refinement,0.8,2,0.23009683803154285,0.010782031873541102,,0.3125,0.0
143,143,refinement,0.8,3,0.2910067302627422,0.025819773220962364,,0.44117647058823534,0.2
143,143,refinement,0.8,4,0.26712891737497557,0.004557955217262894,,0.48484848484848486,0.0
143,143,refinement,0.8,5,0.2402461243483699,0.007688328624565287,,0.29213483146067415,0.0
143,143,refinement,0.8,6,0.27136014898495187,0.012541973294894445,,0.5245901639344263,0.0
143,143,refinement,0.8,7,0.2616855223548217,0.0020708555530986974,,0.4912280701754386,0.0
144,144,accumulation,N/A,0,0.1809359606221754,0.0,,0.015267175572519085,0.0
144,144,accumulation,N/A,1,0.21822899254744105,0.0,,0.06666666666666667,0.0
144,144,accumulation,N/A,2,0.17060018036608782,0.12589992980203574,,0.037037037037037035,0.0
144,144,accumulation,N/A,3,0.3246792594666787,0.2814834228470716,,0.2222222222222222,0.0
144,144,accumulation,N/A,4,0.2256333141272711,0.10658208541147533,,0.05555555555555556,0.0
144,144,accumulation,N/A,5,0.36985839194912357,0.15872532104355075,,0.33333333333333337,0.0
144,144,accumulation,N/A,6,0.43400027221690457,0.23191426482772162,,0.33333333333333337,0.0
144,144,accumulation,N/A,7,0.35270838247061476,0.2106790079195527,,0.13333333333333333,0.0
144,144,refinement,0.5,0,0.1809359606221754,0.0,,0.015267175572519085,0.0
144,144,refinement,0.5,1,0.17833060858850824,0.0,,0.020833333333333332,0.0
144,144,refinement,0.5,2,0.1783325491115626,0.0,,0.020408163265306124,0.0
144,144,refinement,0.5,3,0.18310702716529792,0.0,,0.020408163265306124,0.0
144,144,refinement,0.5,4,0.17878324486096417,0.0,,0.024999999999999998,0.0
144,144,refinement,0.5,5,0.17636432161291415,0.0,,0.025641025641025647,0.0
144,144,refinement,0.5,6,0.17918007337806371,0.0,,0.029411764705882353,0.0
144,144,refinement,0.5,7,0.17523254964951973,0.0,,0.03076923076923077,0.0
144,144,refinement,0.8,0,0.1809359606221754,0.0,,0.015267175572519085,0.0
144,144,refinement,0.8,1,0.17594791819993888,0.0,,0.027027027027027025,0.0
144,144,refinement,0.8,2,0.17743543373296305,0.0,,0.037037037037037035,0.0
144,144,refinement,0.8,3,0.2119844885534635,0.05645960747375094,,0.05555555555555556,0.0
144,144,refinement,0.8,4,0.2091244646314513,0.06370823879486016,,0.047619047619047616,0.0
144,144,refinement,0.8,5,0.16837611663012547,0.0,,0.07692307692307693,0.0
144,144,refinement,0.8,6,0.16907513082659448,0.0,,0.07999999999999999,0.0
144,144,refinement,0.8,7,0.20070117810832414,0.0,,0.09523809523809523,0.0
145,145,accumulation,N/A,0,0.3199533595962964,0.0037618725132698124,,0.3440860215053763,0.0
145,145,accumulation,N/A,1,0.35590891252127543,0.014878377582059319,,0.42396313364055294,0.0
145,145,accumulation,N/A,2,0.420151551834729,0.004684640470403684,,0.6440677966101694,0.16666666666666666
145,145,accumulation,N/A,3,0.35668081356888987,0.006887719678400268,,0.5443037974683544,0.0
145,145,accumulation,N/A,4,0.34806632737729276,0.002153277849523047,,0.45714285714285713,0.0
145,145,accumulation,N/A,5,0.3539925497855616,0.004261205107963337,,0.6534653465346534,0.0
145,145,accumulation,N/A,6,0.32847595455425294,0.012191002465326244,,0.49696969696969695,0.0
145,145,accumulation,N/A,7,0.36111407341588153,0.0014691163499232697,,0.6174496644295302,0.0
145,145,refinement,0.5,0,0.3199533595962964,0.0037618725132698124,,0.3440860215053763,0.0
145,145,refinement,0.5,1,0.33244633898852527,0.004111339856480983,,0.3815028901734104,0.0
145,145,refinement,0.5,2,0.3370429970282912,0.0042481581977466785,,0.3888888888888889,0.0
145,145,refinement,0.5,3,0.33632970068677753,0.0026424440732934163,,0.42780748663101603,0.0
145,145,refinement,0.5,4,0.3314786220082937,0.0034479998610817773,,0.38509316770186336,0.0
145,145,refinement,0.5,5,0.3544159708050195,0.0014570480139146425,,0.392156862745098,0.125
145,145,refinement,0.5,6,0.3329168617501213,0.003524440528648849,,0.34523809523809523,0.0
145,145,refinement,0.5,7,0.3364800560765998,0.005329471224440981,,0.34965034965034963,0.0
145,145,refinement,0.8,0,0.3199533595962964,0.0037618725132698124,,0.3440860215053763,0.0
145,145,refinement,0.8,1,0.33298568165816667,0.01266281381759901,,0.33170731707317075,0.0
145,145,refinement,0.8,2,0.34972927462087766,0.034899881860006775,,0.44919786096256686,0.0
145,145,refinement,0.8,3,0.36557239476258296,0.006931762873835987,,0.42253521126760557,0.0
145,145,refinement,0.8,4,0.39974972580682666,0.015153630812803928,,0.7017543859649124,0.0
145,145,refinement,0.8,5,0.3900204016835795,0.0100690907740374,,0.6268656716417911,0.0
145,145,refinement,0.8,6,0.40287681406077835,0.011351157319385775,,0.548780487804878,0.14285714285714285
145,145,refinement,0.8,7,0.37581021983985957,0.02311696860338839,,0.49367088607594933,0.0
146,146,accumulation,N/A,0,0.21680485513595693,0.0,,0.1517241379310345,0.0
146,146,accumulation,N/A,1,0.31646063783753625,0.06981390321657045,,0.45454545454545453,0.0
146,146,accumulation,N/A,2,0.30481112322111187,0.0774228382344804,,0.34285714285714286,0.0
146,146,accumulation,N/A,3,0.2320652073962104,0.0,,0.25,0.0
146,146,accumulation,N/A,4,0.3760064508788338,0.09981019677968778,,0.3225806451612903,0.0
146,146,accumulation,N/A,5,0.29398931515942567,0.0,,0.4615384615384615,0.0
146,146,accumulation,N/A,6,0.24444844722879147,0.056748469668849354,,0.25,0.0
146,146,accumulation,N/A,7,0.2920110848766974,0.10093727469358323,,0.4444444444444444,0.0
146,146,refinement,0.5,0,0.21680485513595693,0.0,,0.1517241379310345,0.0
146,146,refinement,0.5,1,0.20290369566153477,0.0,,0.15789473684210528,0.0
146,146,refinement,0.5,2,0.22662884996184168,0.0,,0.17142857142857143,0.0
146,146,refinement,0.5,3,0.22428959940897603,0.0,,0.19999999999999998,0.0
146,146,refinement,0.5,4,0.23145679591399604,0.0,,0.16822429906542055,0.14285714285714285
146,146,refinement,0.5,5,0.2349652253284245,0.0,,0.18947368421052632,0.14285714285714285
146,146,refinement,0.5,6,0.22165282157385352,0.0,,0.15384615384615383,0.0
146,146,refinement,0.5,7,0.22260049120747138,0.0,,0.11650485436893204,0.0
146,146,refinement,0.8,0,0.21680485513595693,0.0,,0.1517241379310345,0.0
146,146,refinement,0.8,1,0.23532433551847712,0.0,,0.18487394957983191,0.0
146,146,refinement,0.8,2,0.2664550526714048,0.0,,0.3448275862068965,0.0
146,146,refinement,0.8,3,0.2549137284843216,0.0,,0.3255813953488372,0.0
146,146,refinement,0.8,4,0.2782492424405689,0.0,,0.41666666666666663,0.0
146,146,refinement,0.8,5,0.3475037570625909,0.0,,0.5185185185185185,0.2
146,146,refinement,0.8,6,0.257806052378427,0.0,,0.41379310344827586,0.0
146,146,refinement,0.8,7,0.2586894159404703,0.0069477340371445215,,0.24999999999999994,0.0
147,147,accumulation,N/A,0,0.15623714048620768,0.00857237925244845,,0.02857142857142857,0.0
147,147,accumulation,N/A,1,0.3183659664128317,0.22252334042466704,,0.3636363636363636,0.0
147,147,accumulation,N/A,2,0.19547584680929841,0.04056364354178717,,0.10526315789473684,0.0
147,147,accumulation,N/A,3,0.20245259995701742,0.0,,0.15384615384615385,0.0
147,147,accumulation,N/A,4,0.36984679306302976,0.37364918493192484,,0.13333333333333336,0.0
147,147,accumulation,N/A,5,0.19932402368577049,0.011705492038605212,,0.07272727272727272,0.0
147,147,accumulation,N/A,6,0.3195644353121345,0.07220633575200969,,0.22222222222222224,0.0
147,147,accumulation,N/A,7,0.3980744998646732,0.4041213937804417,,0.3636363636363636,0.0
147,147,refinement,0.5,0,0.15623714048620768,0.00857237925244845,,0.02857142857142857,0.0
147,147,refinement,0.5,1,0.15668280973326199,0.009280981448172486,,0.03278688524590164,0.0
147,147,refinement,0.5,2,0.15645421721839706,0.006792397439111262,,0.035398230088495575,0.0
147,147,refinement,0.5,3,0.17949057904477272,0.04401292110664281,,0.03960396039603961,0.0
147,147,refinement,0.5,4,0.15827283892285607,0.006165370508259542,,0.04395604395604395,0.0
147,147,refinement,0.5,5,0.1582883686888942,0.012330741016519153,,0.03960396039603961,0.0
147,147,refinement,0.5,6,0.15955365003280747,0.011767707868973685,,0.044444444444444446,0.0
147,147,refinement,0.5,7,0.16169612046885828,0.0033532602210221466,,0.05063291139240507,0.0
147,147,refinement,0.8,0,0.15623714048620768,0.00857237925244845,,0.02857142857142857,0.0
147,147,refinement,0.8,1,0.19376393123631913,0.04149739719119514,,0.05479452054794521,0.0
147,147,refinement,0.8,2,0.15834133297413902,0.0,,0.032520325203252036,0.0
147,147,refinement,0.8,3,0.17799858680975164,0.0015367996518401974,,0.05,0.0
147,147,refinement,0.8,4,0.1592105985465313,0.0,,0.03809523809523809,0.0
147,147,refinement,0.8,5,0.18396607311455165,0.0,,0.029629629629629624,0.0
147,147,refinement,0.8,6,0.16916952775354918,0.0,,0.04166666666666667,0.0
147,147,refinement,0.8,7,0.11656121140248216,0.0,,0.04597701149425288,0.0
148,148,accumulation,N/A,0,0.283172385175153,0.002385972222501802,,0.4444444444444444,0.0
148,148,accumulation,N/A,1,0.27329922216406977,0.06907999955005882,,0.3157894736842105,0.0
148,148,accumulation,N/A,2,0.3727242220598468,0.03978986204476195,,0.6341463414634146,0.0
148,148,accumulation,N/A,3,0.36802169865347023,0.03744514136156145,,0.4776119402985074,0.125
148,148,accumulation,N/A,4,0.3852214143177585,0.017902482474407653,,0.45454545454545453,0.0
148,148,accumulation,N/A,5,0.3580127514573122,0.026072388135455198,,0.4117647058823529,0.0
148,148,accumulation,N/A,6,0.43601767515356693,0.06637071860630334,,0.4615384615384615,0.16666666666666666
148,148,accumulation,N/A,7,0.29823145863221023,0.016241752586371356,,0.3692307692307692,0.16666666666666666
148,148,refinement,0.5,0,0.283172385175153,0.002385972222501802,,0.4444444444444444,0.0
148,148,refinement,0.5,1,0.29795506546574424,0.006274958458811458,,0.5263157894736842,0.0
148,148,refinement,0.5,2,0.2810917165410707,0.007214892741454599,,0.4318181818181819,0.0
148,148,refinement,0.5,3,0.2917029245422466,0.005267470540749203,,0.46,0.0
148,148,refinement,0.5,4,0.28231621352338515,0.004594005381086674,,0.4835164835164836,0.0
148,148,refinement,0.5,5,0.29046527056673155,0.0036354363212606038,,0.5405405405405406,0.0
148,148,refinement,0.5,6,0.28524636346654275,0.007921072442506963,,0.5,0.0
148,148,refinement,0.5,7,0.32649146187707523,0.0031270237617202993,,0.5,0.25
148,148,refinement,0.8,0,0.283172385175153,0.002385972222501802,,0.4444444444444444,0.0
148,148,refinement,0.8,1,0.26776118038122604,0.0012390435813506085,,0.42718446601941745,0.0
148,148,refinement,0.8,2,0.2911650284844183,0.006085794450066781,,0.43037974683544294,0.0
148,148,refinement,0.8,3,0.2759501797383006,0.0012502491962070722,,0.4210526315789474,0.14285714285714285
148,148,refinement,0.8,4,0.33381714060769346,0.004576272526920096,,0.5862068965517241,0.25
148,148,refinement,0.8,5,0.3524308980569187,5.390695953476947e-05,,0.6071428571428571,0.16666666666666666
148,148,refinement,0.8,6,0.38866856513194975,0.00010135570283487355,,0.5714285714285714,0.3333333333333333
148,148,refinement,0.8,7,0.3335471355517939,0.004056882220317382,,0.5405405405405406,0.14285714285714285
149,149,accumulation,N/A,0,0.1844015555155759,0.0007442728197288248,,0.12578616352201258,0.0
149,149,accumulation,N/A,1,0.2544756519760736,0.4674543926670481,,0.07407407407407407,0.0
149,149,accumulation,N/A,2,0.32190322281205874,0.05279613427281257,,0.05714285714285715,0.25
149,149,accumulation,N/A,3,0.4076334487388253,0.1106835401707813,,0.27586206896551724,0.0
149,149,accumulation,N/A,4,0.22848394550522977,0.0,,0.0625,0.0
149,149,accumulation,N/A,5,0.24033325055030808,0.016102893660029607,,0.28571428571428575,0.0
149,149,accumulation,N/A,6,0.3447477685974734,0.019033411513618065,,0.13793103448275862,0.0
149,149,accumulation,N/A,7,0.36124902469897585,0.02141943602225833,,0.18181818181818182,0.0
149,149,refinement,0.5,0,0.1844015555155759,0.0007442728197288248,,0.12578616352201258,0.0
149,149,refinement,0.5,1,0.1936219596038578,0.0005959534793690464,,0.14285714285714288,0.0
149,149,refinement,0.5,2,0.18629900508421143,0.0009305167321191148,,0.10687022900763357,0.0
149,149,refinement,0.5,3,0.18782587984969762,0.0,,0.14388489208633093,0.0
149,149,refinement,0.5,4,0.18484257984139185,0.0,,0.12162162162162164,0.0
149,149,refinement,0.5,5,0.18337796615543572,0.0,,0.1095890410958904,0.0
149,149,refinement,0.5,6,0.18380247653570997,0.0,,0.1322314049586777,0.0
149,149,refinement,0.5,7,0.1821946118196913,0.0,,0.10309278350515465,0.0
149,149,refinement,0.8,0,0.1844015555155759,0.0007442728197288248,,0.12578616352201258,0.0
149,149,refinement,0.8,1,0.2071189855006985,0.008662893728797989,,0.06666666666666667,0.0
149,149,refinement,0.8,2,0.2152023176056771,0.006981550613444213,,0.07142857142857144,0.0
149,149,refinement,0.8,3,0.1865630453168166,0.0006086225624714139,,0.08695652173913043,0.0
149,149,refinement,0.8,4,0.2274290641019176,0.0,,0.03921568627450981,0.0
149,149,refinement,0.8,5,0.1999897599089574,0.0,,0.08163265306122448,0.0
149,149,refinement,0.8,6,0.24486492707631838,0.0,,0.05128205128205127,0.0
149,149,refinement,0.8,7,0.2309781812632154,0.0,,0.04081632653061224,0.0
150,150,accumulation,N/A,0,0.1926471976439605,0.017463459625727817,,0.06993006993006994,0.0
150,150,accumulation,N/A,1,0.34272036564237884,0.04025840368228174,,0.761904761904762,0.4
150,150,accumulation,N/A,2,0.3550106502992728,0.07382182088627377,,0.4615384615384615,0.2
150,150,accumulation,N/A,3,0.379740268210091,0.17675399824224172,,0.3333333333333333,0.16666666666666666
150,150,accumulation,N/A,4,0.5160104771167917,0.13186796950316632,,0.6428571428571429,0.25
150,150,accumulation,N/A,5,0.41520106336292895,0.1046869779026601,,0.5405405405405406,0.16666666666666666
150,150,accumulation,N/A,6,0.27769013442447354,0.05465183267491834,,0.4347826086956522,0.16666666666666666
150,150,accumulation,N/A,7,0.35842463483612796,0.0783475296613066,,0.3846153846153846,0.0
150,150,refinement,0.5,0,0.1926471976439605,0.017463459625727817,,0.06993006993006994,0.0
150,150,refinement,0.5,1,0.19640159482262054,0.018143332022624786,,0.09049773755656107,0.0
150,150,refinement,0.5,2,0.19116496829949792,0.009795616672592603,,0.13333333333333333,0.0
150,150,refinement,0.5,3,0.19537533043744204,0.007122091624189891,,0.13888888888888887,0.0
150,150,refinement,0.5,4,0.19673746803077163,0.01048628113607983,,0.13986013986013984,0.0
150,150,refinement,0.5,5,0.19948811750746337,0.004770683756328457,,0.15873015873015872,0.0
150,150,refinement,0.5,6,0.2081098892319691,0.0047362110601504095,,0.17094017094017094,0.0
150,150,refinement,0.5,7,0.21009366280467795,0.005606356286033423,,0.14516129032258063,0.0
150,150,refinement,0.8,0,0.1926471976439605,0.017463459625727817,,0.06993006993006994,0.0
150,150,refinement,0.8,1,0.22417501708610174,0.01452790508530321,,0.17647058823529413,0.14285714285714285
150,150,refinement,0.8,2,0.22398166107225392,0.0075754110782446215,,0.1978021978021978,0.0
150,150,refinement,0.8,3,0.22927345205749994,0.000748404586489418,,0.27397260273972607,0.0
150,150,refinement,0.8,4,0.2599487578339405,0.02308225286782793,,0.22471910112359553,0.0
150,150,refinement,0.8,5,0.25507111233954305,0.0,,0.2631578947368421,0.0
150,150,refinement,0.8,6,0.27427837554002243,0.03616457966026518,,0.2903225806451613,0.16666666666666666
150,150,refinement,0.8,7,0.24048098006908794,0.006475130330095675,,0.23376623376623376,0.0
151,151,accumulation,N/A,0,0.18842854457194752,0.017029873889563733,,0.015267175572519085,0.0
151,151,accumulation,N/A,1,0.2732016487467695,0.0,,0.16666666666666669,0.0
151,151,accumulation,N/A,2,0.33916960414797226,0.17356169908119742,,0.33333333333333337,0.0
151,151,accumulation,N/A,3,0.43172779624163937,0.0,,0.6666666666666666,0.0
151,151,accumulation,N/A,4,0.2509394206827752,0.0,,0.15384615384615385,0.0
151,151,accumulation,N/A,5,0.2806295020705813,0.0,,0.0,0.0
151,151,accumulation,N/A,6,0.41635430099984516,0.0,,0.4,0.0
151,151,accumulation,N/A,7,0.059732077490449384,0.0,,0.028169014084507043,0.0
151,151,refinement,0.5,0,0.18842854457194752,0.017029873889563733,,0.015267175572519085,0.0
151,151,refinement,0.5,1,0.2213499346003083,0.012682711082073252,,0.02150537634408602,0.0
151,151,refinement,0.5,2,0.22262779121806825,0.016640468663766835,,0.027027027027027025,0.0
151,151,refinement,0.5,3,0.22431663129149082,0.015688591739482904,,0.03508771929824561,0.0
151,151,refinement,0.5,4,0.22517559024179556,0.014539565248092856,,0.03389830508474576,0.0
151,151,refinement,0.5,5,0.22468882582657984,0.0145714458558813,,0.031746031746031744,0.0
151,151,refinement,0.5,6,0.22599399000661363,0.015843850623846464,,0.031746031746031744,0.0
151,151,refinement,0.5,7,0.22020463988375136,0.011646775993610633,,0.03508771929824561,0.0
151,151,refinement,0.8,0,0.18842854457194752,0.017029873889563733,,0.015267175572519085,0.0
151,151,refinement,0.8,1,0.20494691678258053,0.0,,0.028985507246376812,0.0
151,151,refinement,0.8,2,0.22192129858602588,0.0,,0.0689655172413793,0.0
151,151,refinement,0.8,3,0.20281293484850188,0.0,,0.03571428571428572,0.0
151,151,refinement,0.8,4,0.16461695819662245,0.0,,0.0125,0.0
151,151,refinement,0.8,5,0.2265228001914685,0.06365814412474458,,0.04878048780487806,0.0
151,151,refinement,0.8,6,0.21135246853421716,0.024146297350879305,,0.02380952380952381,0.0
151,151,refinement,0.8,7,0.21065510534387594,0.03298107997671226,,0.03125,0.0
152,152,accumulation,N/A,0,0.2096646800142773,0.011474863641194889,,0.07999999999999999,0.0
152,152,accumulation,N/A,1,0.4995155708729642,0.3087040727522843,,0.33333333333333337,0.5
152,152,accumulation,N/A,2,0.1807633733036545,0.0,,0.19607843137254902,0.0
152,152,accumulation,N/A,3,0.2227146710783108,0.04604450570285373,,0.1846153846153846,0.0
152,152,accumulation,N/A,4,0.3595724320156759,0.1635530501426549,,0.47058823529411764,0.0
152,152,accumulation,N/A,5,0.22530726397862988,0.005995626948892581,,0.37037037037037035,0.0
152,152,accumulation,N/A,6,0.25356414421369006,0.1169199598420222,,0.15384615384615385,0.0
152,152,accumulation,N/A,7,0.20181601031716384,0.0005325463500945603,,0.3076923076923077,0.0
152,152,refinement,0.5,0,0.2096646800142773,0.011474863641194889,,0.07999999999999999,0.0
152,152,refinement,0.5,1,0.19849750252759646,0.012518033063121728,,0.09756097560975609,0.0
152,152,refinement,0.5,2,0.20814647148159904,0.01518045054296479,,0.11510791366906474,0.0
152,152,refinement,0.5,3,0.20604246769876122,0.016192480579162408,,0.11267605633802819,0.0
152,152,refinement,0.5,4,0.20268873352004735,0.01992920686666146,,0.11023622047244094,0.0
152,152,refinement,0.5,5,0.20343887415638667,0.014946905149996064,,0.1515151515151515,0.0
152,152,refinement,0.5,6,0.2086061801564849,0.024199751195231812,,0.11965811965811965,0.0
152,152,refinement,0.5,7,0.2052043482245236,0.021505638269200152,,0.13333333333333333,0.0
152,152,refinement,0.8,0,0.2096646800142773,0.011474863641194889,,0.07999999999999999,0.0
152,152,refinement,0.8,1,0.22740656440513468,0.010120300361976548,,0.12048192771084336,0.0
152,152,refinement,0.8,2,0.20291337295161682,0.01577728876944032,,0.10344827586206896,0.0
152,152,refinement,0.8,3,0.21877588287460042,0.01311057822107777,,0.18604651162790697,0.0
152,152,refinement,0.8,4,0.23538244796110613,0.05931243790761962,,0.32258064516129037,0.0
152,152,refinement,0.8,5,0.25541549721511225,0.23236009918097933,,0.14285714285714285,0.0
152,152,refinement,0.8,6,0.239645906376252,0.17198605407893086,,0.16666666666666666,0.0
152,152,refinement,0.8,7,0.23846347816479466,0.14177376202552688,,0.1818181818181818,0.0
153,153,accumulation,N/A,0,0.3760848625146174,0.0044868351319841855,,0.44688644688644696,0.125
153,153,accumulation,N/A,1,0.2617280645025038,0.011543574465484803,,0.32653061224489793,0.0
153,153,accumulation,N/A,2,0.37046937538667113,0.030614436940023984,,0.6709677419354838,0.125
153,153,accumulation,N/A,3,0.40298282687870235,0.0039204539272832874,,0.6046511627906976,0.14285714285714285
153,153,accumulation,N/A,4,0.3152001517102631,0.0004858777694631157,,0.44897959183673475,0.14285714285714285
153,153,accumulation,N/A,5,0.346647244316722,0.001429067511286385,,0.5892857142857143,0.0
153,153,accumulation,N/A,6,0.3890833243400124,0.009346222360100062,,0.5729166666666666,0.0
153,153,accumulation,N/A,7,0.32225577482423645,0.0026356085319801494,,0.3149606299212599,0.125
153,153,refinement,0.5,0,0.3760848625146174,0.0044868351319841855,,0.44688644688644696,0.125
153,153,refinement,0.5,1,0.36907234326463384,0.005270713943088243,,0.54320987654321,0.0
153,153,refinement,0.5,2,0.3675397359250819,0.0033875011559350576,,0.5599999999999999,0.0
153,153,refinement,0.5,3,0.3956224453467082,0.003946538394852147,,0.6057142857142858,0.125
153,153,refinement,0.5,4,0.3785349288158,0.00380890461810629,,0.6222222222222222,0.0
153,153,refinement,0.5,5,0.3719450577906859,0.0034358176085105227,,0.5625,0.0
153,153,refinement,0.5,6,0.37642599396191034,0.0033817347478495127,,0.5989304812834224,0.0
153,153,refinement,0.5,7,0.37980452098600914,0.008577371449344597,,0.5906735751295338,0.0
153,153,refinement,0.8,0,0.3760848625146174,0.0044868351319841855,,0.44688644688644696,0.125
153,153,refinement,0.8,1,0.3700072161395937,0.0031016269169781593,,0.5408163265306122,0.0
153,153,refinement,0.8,2,0.37470514156348206,0.0006192721794288642,,0.5027322404371585,0.125
153,153,refinement,0.8,3,0.36410689676123176,0.012098034787862333,,0.6447368421052632,0.0
153,153,refinement,0.8,4,0.3682487640555488,0.001348061236074842,,0.5428571428571428,0.125
153,153,refinement,0.8,5,0.36367879967213845,0.004731886564203939,,0.5974025974025974,0.0
153,153,refinement,0.8,6,0.3335649136076295,0.0017982621266809582,,0.5149700598802395,0.0
153,153,refinement,0.8,7,0.33911530943144375,0.003956056093388623,,0.5647058823529411,0.0
154,154,accumulation,N/A,0,0.17079065287879422,0.01688229879541584,,0.06944444444444445,0.0
154,154,accumulation,N/A,1,0.2659832425828804,0.09030887658768068,,0.4,0.0
154,154,accumulation,N/A,2,0.46736093561855896,0.1929252464991039,,0.1739130434782609,0.25
154,154,accumulation,N/A,3,0.28615134239878826,0.10248079724635129,,0.19999999999999998,0.2
154,154,accumulation,N/A,4,0.3138137451717962,0.02890982429773382,,0.08547008547008547,0.0
154,154,accumulation,N/A,5,0.47988818200476324,0.5193236512655521,,0.2857142857142857,0.25
154,154,accumulation,N/A,6,0.368111132673716,0.14667237631833466,,0.18181818181818182,0.16666666666666666
154,154,accumulation,N/A,7,0.18881898231219532,0.07293855493683568,,0.2702702702702703,0.0
154,154,refinement,0.5,0,0.17079065287879422,0.01688229879541584,,0.06944444444444445,0.0
154,154,refinement,0.5,1,0.19033720942689056,0.013102932310236275,,0.10204081632653061,0.0
154,154,refinement,0.5,2,0.1906001890778427,0.01300845438689546,,0.1075268817204301,0.0
154,154,refinement,0.5,3,0.1869759502307417,0.01234799722411405,,0.0980392156862745,0.0
154,154,refinement,0.5,4,0.18851467844613579,0.01308450144058972,,0.10869565217391304,0.0
154,154,refinement,0.5,5,0.1921554314610726,0.013057916143512979,,0.12345679012345677,0.0
154,154,refinement,0.5,6,0.17930100972097573,0.01419976330619859,,0.12658227848101267,0.0
154,154,refinement,0.5,7,0.1786420129427527,0.015128496835601529,,0.14705882352941177,0.0
154,154,refinement,0.8,0,0.17079065287879422,0.01688229879541584,,0.06944444444444445,0.0
154,154,refinement,0.8,1,0.17459281031416155,0.041195031211051045,,0.1075268817204301,0.0
154,154,refinement,0.8,2,0.16268491184146788,0.030692854200785647,,0.07462686567164178,0.0
154,154,refinement,0.8,3,0.17175264903371054,0.02356175846995382,,0.09195402298850576,0.0
154,154,refinement,0.8,4,0.19206609338974082,0.050168132969158466,,0.10256410256410256,0.0
154,154,refinement,0.8,5,0.3014620130881287,0.0429985290319065,,0.3478260869565218,0.3333333333333333
154,154,refinement,0.8,6,0.2214800616959645,0.054251567300569965,,0.26666666666666666,0.0
154,154,refinement,0.8,7,0.18713838240241967,0.03765075534085914,,0.15384615384615385,0.0
155,155,accumulation,N/A,0,0.2260949510680134,0.016202771827687056,,0.07142857142857142,0.0
155,155,accumulation,N/A,1,0.36839029079523467,0.14849905633083071,,0.5,0.0
155,155,accumulation,N/A,2,0.26480158805659276,0.0,,0.13114754098360656,0.0
155,155,accumulation,N/A,3,0.3108556666879623,0.07543649061888141,,0.26666666666666666,0.0
155,155,accumulation,N/A,4,0.3101923900918089,0.16322743998285216,,0.25,0.0
155,155,accumulation,N/A,5,0.22954446565478603,0.0007546207005453359,,0.08791208791208792,0.0
155,155,accumulation,N/A,6,0.3404376819683093,0.14205311211224245,,0.16216216216216214,0.0
155,155,accumulation,N/A,7,0.24826095744560295,0.03619708541656597,,0.11594202898550725,0.0
155,155,refinement,0.5,0,0.2260949510680134,0.016202771827687056,,0.07142857142857142,0.0
155,155,refinement,0.5,1,0.23954223447838058,0.014066831021946209,,0.09411764705882353,0.0
155,155,refinement,0.5,2,0.2215891596077547,0.016347592125747327,,0.08450704225352113,0.0
155,155,refinement,0.5,3,0.2181508341075979,0.016478405696438145,,0.09375000000000001,0.0
155,155,refinement,0.5,4,0.22382412938883317,0.016413910957900235,,0.10169491525423728,0.0
155,155,refinement,0.5,5,0.22430054631368046,0.021250152579424364,,0.0967741935483871,0.0
155,155,refinement,0.5,6,0.22094117695858623,0.021333650231995776,,0.06818181818181818,0.0
155,155,refinement,0.5,7,0.21287427251445756,0.021701471787719837,,0.05405405405405405,0.0
155,155,refinement,0.8,0,0.2260949510680134,0.016202771827687056,,0.07142857142857142,0.0
155,155,refinement,0.8,1,0.24746019898494076,0.017543854494342617,,0.09302325581395349,0.0
155,155,refinement,0.8,2,0.2449429053335762,0.0010730275064858015,,0.09375000000000001,0.0
155,155,refinement,0.8,3,0.23957624807320083,0.005100041773498079,,0.10126582278481014,0.0
155,155,refinement,0.8,4,0.24330157390967283,0.013372765849039264,,0.13559322033898305,0.0
155,155,refinement,0.8,5,0.2117794839363364,0.01901921648642164,,0.14035087719298245,0.0
155,155,refinement,0.8,6,0.21825109743549592,0.0025701765570371295,,0.11538461538461539,0.0
155,155,refinement,0.8,7,0.21883075701925675,0.03352254357013265,,0.11538461538461539,0.0
156,156,accumulation,N/A,0,0.3081344441480667,0.007532054419595457,,0.3431372549019608,0.0
156,156,accumulation,N/A,1,0.4215531558864595,0.01786870617750896,,0.578125,0.16666666666666666
156,156,accumulation,N/A,2,0.41253431860944445,0.0010785762190460761,,0.4769230769230769,0.14285714285714285
156,156,accumulation,N/A,3,0.38629003739271967,0.034020275879679936,,0.5967741935483871,0.0
156,156,accumulation,N/A,4,0.35074405622431193,0.02377359578336649,,0.5637583892617449,0.0
156,156,accumulation,N/A,5,0.48847656120785954,0.006847744084974915,,0.7164179104477613,0.16666666666666666
156,156,accumulation,N/A,6,0.38103851606307193,0.002060785071405313,,0.5636363636363636,0.0
156,156,accumulation,N/A,7,0.44978174205698207,0.011406422283201257,,0.7272727272727273,0.14285714285714285
156,156,refinement,0.5,0,0.3081344441480667,0.007532054419595457,,0.3431372549019608,0.0
156,156,refinement,0.5,1,0.31016456425713473,0.005522937654218436,,0.38418079096045193,0.0
156,156,refinement,0.5,2,0.3045442914430334,0.015433880326895773,,0.36363636363636365,0.0
156,156,refinement,0.5,3,0.31419573204180096,0.016823690416249464,,0.4171779141104294,0.0
156,156,refinement,0.5,4,0.3381548677506681,0.012230196415872929,,0.4722222222222222,0.0
156,156,refinement,0.5,5,0.3162207308369442,0.01501998640804555,,0.41975308641975306,0.0
156,156,refinement,0.5,6,0.3154188407843898,0.013309116222713883,,0.4258064516129032,0.0
156,156,refinement,0.5,7,0.3686325686451529,0.005623144763316948,,0.514705882352941,0.25
156,156,refinement,0.8,0,0.3081344441480667,0.007532054419595457,,0.3431372549019608,0.0
156,156,refinement,0.8,1,0.3107335000507052,0.008290586861739183,,0.3368421052631579,0.0
156,156,refinement,0.8,2,0.33972208176466057,0.004497662432480786,,0.4461538461538462,0.125
156,156,refinement,0.8,3,0.32690018530185655,0.005327270177562207,,0.35211267605633806,0.125
156,156,refinement,0.8,4,0.34837293807853664,0.00748678461744645,,0.4788732394366198,0.0
156,156,refinement,0.8,5,0.34434308694463056,0.006740310362444575,,0.4305555555555555,0.125
156,156,refinement,0.8,6,0.35029559551062517,0.007162331211276583,,0.4137931034482759,0.125
156,156,refinement,0.8,7,0.3608093827601715,0.00712700610635345,,0.453781512605042,0.0
157,157,accumulation,N/A,0,0.12368436731515817,0.0,,0.0335195530726257,0.0
157,157,accumulation,N/A,1,0.20505146310103722,0.008941726499780832,,0.23076923076923078,0.0
157,157,accumulation,N/A,2,0.17512867393490383,0.03353483503203046,,0.06593406593406592,0.0
157,157,accumulation,N/A,3,0.3771572377885592,0.010218346056446753,,0.6,0.0
157,157,accumulation,N/A,4,0.2072111765793488,0.015881559655825665,,0.33333333333333337,0.0
157,157,accumulation,N/A,5,0.19812115663924607,0.03846743390094939,,0.18181818181818182,0.0
157,157,accumulation,N/A,6,0.14637842399305734,0.0,,0.30769230769230765,0.0
157,157,accumulation,N/A,7,0.28255707798068785,0.056496749845247746,,0.3333333333333333,0.0
157,157,refinement,0.5,0,0.12368436731515817,0.0,,0.0335195530726257,0.0
157,157,refinement,0.5,1,0.1326315806858645,0.0,,0.03428571428571429,0.0
157,157,refinement,0.5,2,0.12966602738583477,0.0,,0.03821656050955414,0.0
157,157,refinement,0.5,3,0.13198280928440342,0.0,,0.04958677685950414,0.0
157,157,refinement,0.5,4,0.13903344947888074,0.0,,0.05,0.0
157,157,refinement,0.5,5,0.1423228274003056,0.0032060253461088026,,0.06060606060606061,0.0
157,157,refinement,0.5,6,0.14335885570385032,0.003130414403254287,,0.07058823529411765,0.0
157,157,refinement,0.5,7,0.1441562435901541,0.004283706250019372,,0.07999999999999999,0.0
157,157,refinement,0.8,0,0.12368436731515817,0.0,,0.0335195530726257,0.0
157,157,refinement,0.8,1,0.14660779634955023,0.0,,0.05940594059405941,0.0
157,157,refinement,0.8,2,0.15005265271301932,0.007618380182928353,,0.1090909090909091,0.0
157,157,refinement,0.8,3,0.14426976371745,0.00903303583355948,,0.07407407407407407,0.0
157,157,refinement,0.8,4,0.16103501697805206,0.0,,0.08695652173913045,0.0
157,157,refinement,0.8,5,0.1519342481628528,0.0,,0.1090909090909091,0.0
157,157,refinement,0.8,6,0.17668372549063943,0.0,,0.17647058823529413,0.0
157,157,refinement,0.8,7,0.18025355277090288,0.0,,0.24000000000000002,0.0
158,158,accumulation,N/A,0,0.1953702589044981,0.013784860071963246,,0.03571428571428572,0.0
158,158,accumulation,N/A,1,0.15677500091435198,0.02970476134168211,,0.03314917127071823,0.0
158,158,accumulation,N/A,2,0.17586249545131105,0.023677046481048434,,0.02985074626865672,0.0
158,158,accumulation,N/A,3,0.22969306966674968,0.05883361906117146,,0.06451612903225806,0.0
158,158,accumulation,N/A,4,0.13408787561906982,0.040885722180474114,,0.10526315789473684,0.0
158,158,accumulation,N/A,5,0.1627945976313318,0.08570151273119496,,0.04545454545454545,0.0
158,158,accumulation,N/A,6,0.22168646399137937,0.15105429247176363,,0.10344827586206896,0.0
158,158,accumulation,N/A,7,0.2416865832902665,0.03994760668725631,,0.03389830508474576,0.25
158,158,refinement,0.5,0,0.1953702589044981,0.013784860071963246,,0.03571428571428572,0.0
158,158,refinement,0.5,1,0.18772634058988624,0.007852017519336544,,0.03947368421052631,0.0
158,158,refinement,0.5,2,0.18188685980287195,0.023078858123132793,,0.046875,0.0
158,158,refinement,0.5,3,0.182901053017321,0.023271717661766222,,0.053097345132743355,0.0
158,158,refinement,0.5,4,0.1834832802444396,0.018844842046407635,,0.05607476635514019,0.0
158,158,refinement,0.5,5,0.1829542738856986,0.018844842046407635,,0.061224489795918366,0.0
158,158,refinement,0.5,6,0.19422925453737916,0.011778026279004738,,0.061224489795918366,0.0
158,158,refinement,0.5,7,0.18458810111157253,0.01653056319860314,,0.05940594059405941,0.0
158,158,refinement,0.8,0,0.1953702589044981,0.013784860071963246,,0.03571428571428572,0.0
158,158,refinement,0.8,1,0.17904143623342528,0.04627265034176839,,0.04597701149425287,0.0
158,158,refinement,0.8,2,0.18605490241128053,0.08054502646661721,,0.03680981595092024,0.0
158,158,refinement,0.8,3,0.16490883976107426,0.08804860262044262,,0.061224489795918366,0.0
158,158,refinement,0.8,4,0.19901117540004565,0.0006610750457551437,,0.12,0.0
158,158,refinement,0.8,5,0.17213470487545898,0.0,,0.06818181818181818,0.0
158,158,refinement,0.8,6,0.1713583737491036,0.0006935942543021306,,0.07999999999999999,0.0
158,158,refinement,0.8,7,0.16215249096318046,0.024136110784381503,,0.05714285714285715,0.0
159,159,accumulation,N/A,0,0.1452788525026743,0.0,,0.015503875968992248,0.0
159,159,accumulation,N/A,1,0.6092908668418207,0.716843335071604,,0.6666666666666666,0.0
159,159,accumulation,N/A,2,0.1655787057279516,0.0,,0.024999999999999998,0.0
159,159,accumulation,N/A,3,0.1607578505250134,0.03740150431784678,,0.0196078431372549,0.0
159,159,accumulation,N/A,4,0.2050863401849052,0.015052449975742904,,0.015748031496062992,0.0
159,159,accumulation,N/A,5,0.19379714644724683,0.013749440275461692,,0.00749063670411985,0.0
159,159,accumulation,N/A,6,0.1914610554457289,0.09432261269757117,,0.010362694300518135,0.0
159,159,accumulation,N/A,7,0.21319102991113087,0.009261233409732967,,0.011976047904191616,0.0
159,159,refinement,0.5,0,0.1452788525026743,0.0,,0.015503875968992248,0.0
159,159,refinement,0.5,1,0.13484947781329576,0.0,,0.020618556701030924,0.0
159,159,refinement,0.5,2,0.13239052867866552,0.0,,0.024999999999999998,0.0
159,159,refinement,0.5,3,0.1579497785439574,0.0011090033345755263,,0.021052631578947368,0.0
159,159,refinement,0.5,4,0.15834358222800965,0.0,,0.025974025974025976,0.0
159,159,refinement,0.5,5,0.12902083872721437,0.0,,0.025641025641025647,0.0
159,159,refinement,0.5,6,0.15781496408584522,0.004436013338302212,,0.023529411764705882,0.0
159,159,refinement,0.5,7,0.12958292309073738,0.0,,0.02380952380952381,0.0
159,159,refinement,0.8,0,0.1452788525026743,0.0,,0.015503875968992248,0.0
159,159,refinement,0.8,1,0.20175307737492765,0.11981037774127527,,0.025974025974025976,0.0
159,159,refinement,0.8,2,0.17417035779766396,0.028542238819065962,,0.030303030303030307,0.0
159,159,refinement,0.8,3,0.15074048115618321,0.0,,0.039999999999999994,0.0
159,159,refinement,0.8,4,0.21089396674735278,0.08667785302259709,,0.02857142857142857,0.0
159,159,refinement,0.8,5,0.19927831868074122,0.09600997486067067,,0.0196078431372549,0.0
159,159,refinement,0.8,6,0.162569356829739,0.02544390885115306,,0.02173913043478261,0.0
159,159,refinement,0.8,7,0.1757821171766729,0.011076943722005343,,0.01639344262295082,0.0
160,160,accumulation,N/A,0,0.2922396563065052,0.017138301640198556,,0.36363636363636365,0.125
160,160,accumulation,N/A,1,0.24433673853431068,0.005843811997727262,,0.21428571428571427,0.0
160,160,accumulation,N/A,2,0.289392975445078,0.04050057655650388,,0.4782608695652174,0.0
160,160,accumulation,N/A,3,0.27227224918057114,0.08274556634311911,,0.4864864864864864,0.0
160,160,accumulation,N/A,4,0.23885979253108552,0.019565727732645206,,0.2469135802469136,0.0
160,160,accumulation,N/A,5,0.2945570464890506,0.06516814477454332,,0.3902439024390244,0.0
160,160,accumulation,N/A,6,0.25038625349354127,0.02586570026187451,,0.3561643835616438,0.0
160,160,accumulation,N/A,7,0.22755876059011085,0.018440374430690454,,0.23076923076923073,0.0
160,160,refinement,0.5,0,0.2922396563065052,0.017138301640198556,,0.36363636363636365,0.125
160,160,refinement,0.5,1,0.30515049057459565,0.0031211035853043302,,0.37362637362637363,0.14285714285714285
160,160,refinement,0.5,2,0.30390686536916733,0.01210064377301694,,0.33999999999999997,0.14285714285714285
160,160,refinement,0.5,3,0.31148410601634624,0.005097574617200555,,0.3777777777777778,0.14285714285714285
160,160,refinement,0.5,4,0.28622221410191556,0.006755205570041943,,0.3404255319148936,0.0
160,160,refinement,0.5,5,0.3167778226686006,0.014397520518452663,,0.38202247191011235,0.14285714285714285
160,160,refinement,0.5,6,0.28882693981830876,0.012031239173809079,,0.44155844155844154,0.0
160,160,refinement,0.5,7,0.3090654088289408,0.006913252496464161,,0.3333333333333333,0.14285714285714285
160,160,refinement,0.8,0,0.2922396563065052,0.017138301640198556,,0.36363636363636365,0.125
160,160,refinement,0.8,1,0.2585180273089414,0.00999568833970839,,0.2777777777777778,0.0
160,160,refinement,0.8,2,0.30013808741078785,0.013842726942887192,,0.33009708737864074,0.125
160,160,refinement,0.8,3,0.31602589062037945,0.02281508622408907,,0.29213483146067415,0.14285714285714285
160,160,refinement,0.8,4,0.2441103039524605,0.05268014870665864,,0.22429906542056074,0.0
160,160,refinement,0.8,5,0.3062599337085895,0.0929870224630502,,0.2528735632183908,0.0
160,160,refinement,0.8,6,0.2918767057209146,0.03443513902523793,,0.27722772277227725,0.0
160,160,refinement,0.8,7,0.3209543023084067,0.054554728827034486,,0.3291139240506329,0.0
161,161,accumulation,N/A,0,0.3044618412548654,0.009848056400637973,,0.4365482233502538,0.0
161,161,accumulation,N/A,1,0.25173410512541555,0.006807329484833404,,0.3384615384615384,0.0
161,161,accumulation,N/A,2,0.3193884178228896,0.014452776283561161,,0.42105263157894735,0.125
161,161,accumulation,N/A,3,0.3741135802443044,0.021413165195738364,,0.5656565656565656,0.14285714285714285
161,161,accumulation,N/A,4,0.2934266938168944,0.003221948112801632,,0.5591397849462365,0.0
161,161,accumulation,N/A,5,0.28929432271507644,0.002456294071539163,,0.5652173913043478,0.14285714285714285
161,161,accumulation,N/A,6,0.28028243823492716,0.012030143682486914,,0.4186046511627907,0.0
161,161,accumulation,N/A,7,0.3503654663192885,0.012353849788850757,,0.6981132075471698,0.0
161,161,refinement,0.5,0,0.3044618412548654,0.009848056400637973,,0.4365482233502538,0.0
161,161,refinement,0.5,1,0.31095930758070245,0.008912310083381123,,0.46590909090909083,0.0
161,161,refinement,0.5,2,0.3158176139531963,0.010497643472467406,,0.4675324675324675,0.0
161,161,refinement,0.5,3,0.36180059606051085,0.018595999749859777,,0.5035971223021581,0.125
161,161,refinement,0.5,4,0.3617701367871827,0.01746519510353749,,0.5352112676056339,0.125
161,161,refinement,0.5,5,0.34169868309162627,0.020405960597513918,,0.5454545454545454,0.0
161,161,refinement,0.5,6,0.34636663742017004,0.025491241019671682,,0.5454545454545454,0.0
161,161,refinement,0.5,7,0.39170759574731484,0.031152036743150632,,0.5891472868217054,0.14285714285714285
161,161,refinement,0.8,0,0.3044618412548654,0.009848056400637973,,0.4365482233502538,0.0
161,161,refinement,0.8,1,0.3660773984010173,0.007715472395079161,,0.5569620253164557,0.0
161,161,refinement,0.8,2,0.35077168367329964,0.025574479278367302,,0.4523809523809524,0.0
161,161,refinement,0.8,3,0.38192817521428657,0.03086898427643443,,0.5149700598802395,0.14285714285714285
161,161,refinement,0.8,4,0.30129299830891654,0.03178858645970224,,0.4666666666666667,0.0
161,161,refinement,0.8,5,0.34219587500787674,0.023637327361285137,,0.5035971223021581,0.14285714285714285
161,161,refinement,0.8,6,0.3274169114154053,0.039435575966381066,,0.4444444444444445,0.0
161,161,refinement,0.8,7,0.35526456105846443,0.020650769573942684,,0.515625,0.14285714285714285
162,162,accumulation,N/A,0,0.20343925406897956,0.00794370631582143,,0.010309278350515464,0.0
162,162,accumulation,N/A,1,0.49970600604759075,0.7531543928935709,,0.2857142857142857,0.0
162,162,accumulation,N/A,2,0.22918139134077814,0.045327068355856384,,0.1,0.0
162,162,accumulation,N/A,3,0.389078005335086,0.0,,0.6666666666666666,0.0
162,162,accumulation,N/A,4,0.2358285700198744,0.0,,0.18181818181818182,0.0
162,162,accumulation,N/A,5,0.1537523403227802,0.0,,0.03125,0.0
162,162,accumulation,N/A,6,0.5469251696000423,0.34597653384448035,,0.5,0.5
162,162,accumulation,N/A,7,0.4541777337747998,0.20616919357335683,,0.5,0.0
162,162,refinement,0.5,0,0.20343925406897956,0.00794370631582143,,0.010309278350515464,0.0
162,162,refinement,0.5,1,0.20147655215030333,0.006323110065502414,,0.012195121951219513,0.0
162,162,refinement,0.5,2,0.19980839970150416,0.005748281877729477,,0.014285714285714287,0.0
162,162,refinement,0.5,3,0.20061447065311366,0.004332088945383334,,0.013245033112582783,0.0
162,162,refinement,0.5,4,0.19940353259810467,0.0030324622617682747,,0.013513513513513513,0.0
162,162,refinement,0.5,5,0.19880447607225338,0.00173283557815332,,0.013888888888888888,0.0
162,162,refinement,0.5,6,0.19946441946291987,0.0011552237187688755,,0.016,0.0
162,162,refinement,0.5,7,0.19913886384213902,0.0014440296484610979,,0.015384615384615384,0.0
162,162,refinement,0.8,0,0.20343925406897956,0.00794370631582143,,0.010309278350515464,0.0
162,162,refinement,0.8,1,0.21988936006382398,0.06174153321434392,,0.034482758620689655,0.0
162,162,refinement,0.8,2,0.2243930054763596,0.07695766391418574,,0.031746031746031744,0.0
162,162,refinement,0.8,3,0.22143566634281292,0.08184458975324656,,0.03773584905660378,0.0
162,162,refinement,0.8,4,0.21939845455509444,0.08255455232067714,,0.02985074626865672,0.0
162,162,refinement,0.8,5,0.21058430966615238,0.0800668401490853,,0.037037037037037035,0.0
162,162,refinement,0.8,6,0.21097081423488118,0.07859881481270195,,0.030303030303030307,0.0
162,162,refinement,0.8,7,0.20470650048479533,0.06550679404193928,,0.03636363636363636,0.0
163,163,accumulation,N/A,0,0.14304921423341294,0.0,,0.025641025641025647,0.0
163,163,accumulation,N/A,1,0.605625346110571,0.5783876908767693,,0.8,0.5
163,163,accumulation,N/A,2,0.2516162249456928,0.14270976787296488,,0.3076923076923077,0.0
163,163,accumulation,N/A,3,0.44756404680213924,0.49941790330096775,,0.1904761904761905,0.3333333333333333
163,163,accumulation,N/A,4,0.38360964202247433,0.514158425873421,,0.0049261083743842365,0.3333333333333333
163,163,accumulation,N/A,5,0.2816516939875292,0.0859437498031557,,0.33333333333333337,0.0
163,163,accumulation,N/A,6,0.5853509432825474,0.49919721696126534,,0.8,0.0
163,163,accumulation,N/A,7,0.30635974482231554,0.36592478671428197,,0.03305785123966942,0.0
163,163,refinement,0.5,0,0.14304921423341294,0.0,,0.025641025641025647,0.0
163,163,refinement,0.5,1,0.1462622673456106,0.0,,0.03125,0.0
163,163,refinement,0.5,2,0.1547527194990228,0.02217432696884753,,0.03278688524590164,0.0
163,163,refinement,0.5,3,0.15733538348958626,0.03458757409804652,,0.04878048780487806,0.0
163,163,refinement,0.5,4,0.16391935355757453,0.032446638710332716,,0.05333333333333332,0.0
163,163,refinement,0.5,5,0.16525044719536175,0.03253036367306339,,0.05555555555555556,0.0
163,163,refinement,0.5,6,0.16871073657132196,0.03253036367306339,,0.07843137254901959,0.0
163,163,refinement,0.5,7,0.17359066213009292,0.043381691408007184,,0.07547169811320754,0.0
163,163,refinement,0.8,0,0.14304921423341294,0.0,,0.025641025641025647,0.0
163,163,refinement,0.8,1,0.16830872894949775,0.0033142666420124343,,0.07692307692307693,0.0
163,163,refinement,0.8,2,0.16545238138830287,0.06300308071883037,,0.07999999999999999,0.0
163,163,refinement,0.8,3,0.17978517965665058,0.08615001760001297,,0.09999999999999999,0.0
163,163,refinement,0.8,4,0.1425323242069434,0.034386599500037876,,0.06349206349206349,0.0
163,163,refinement,0.8,5,0.1631560285858352,0.01836120313158721,,0.125,0.0
163,163,refinement,0.8,6,0.1753944518595787,0.021261528656775455,,0.1904761904761905,0.0
163,163,refinement,0.8,7,0.15760145005212267,0.018246713428037617,,0.1,0.0
164,164,accumulation,N/A,0,0.15776542375664004,0.009748212438355584,,0.13333333333333333,0.0
164,164,accumulation,N/A,1,0.26173695221826276,0.04049922438360048,,0.2745098039215686,0.0
164,164,accumulation,N/A,2,0.2905619662464376,0.033780578325359925,,0.47619047619047616,0.16666666666666666
164,164,accumulation,N/A,3,0.2876600418993769,0.009072258171456947,,0.6,0.16666666666666666
164,164,accumulation,N/A,4,0.19355797058497892,0.0,,0.09999999999999999,0.0
164,164,accumulation,N/A,5,0.27978224281036346,0.06461704156998091,,0.29411764705882354,0.3333333333333333
164,164,accumulation,N/A,6,0.22171295667864616,0.03993351832870206,,0.2857142857142857,0.0
164,164,accumulation,N/A,7,0.2675883402785302,0.0,,0.36000000000000004,0.125
164,164,refinement,0.5,0,0.15776542375664004,0.009748212438355584,,0.13333333333333333,0.0
164,164,refinement,0.5,1,0.15685768399904373,0.0068707778373630155,,0.16,0.0
164,164,refinement,0.5,2,0.15696639119855382,0.008209185001356836,,0.18018018018018017,0.0
164,164,refinement,0.5,3,0.1596261420657891,0.01017519027076774,,0.13559322033898305,0.0
164,164,refinement,0.5,4,0.1866269908171365,0.008445346030234377,,0.2,0.14285714285714285
164,164,refinement,0.5,5,0.18227572285813803,0.008310693716666975,,0.21951219512195125,0.125
164,164,refinement,0.5,6,0.15923787724934998,0.010986061374871813,,0.1797752808988764,0.0
164,164,refinement,0.5,7,0.18172674938978972,0.008730618255426441,,0.25641025641025644,0.0
164,164,refinement,0.8,0,0.15776542375664004,0.009748212438355584,,0.13333333333333333,0.0
164,164,refinement,0.8,1,0.16778720805740382,0.010800934981464613,,0.25806451612903225,0.0
164,164,refinement,0.8,2,0.19029819877145743,0.011758003990934709,,0.23880597014925373,0.0
164,164,refinement,0.8,3,0.18768116516370295,0.013965295566203031,,0.2745098039215686,0.0
164,164,refinement,0.8,4,0.18532624373424064,0.0,,0.3636363636363636,0.0
164,164,refinement,0.8,5,0.21257735246196297,0.0009602843503818634,,0.37037037037037035,0.14285714285714285
164,164,refinement,0.8,6,0.204968434250431,0.0,,0.32432432432432434,0.0
164,164,refinement,0.8,7,0.21004245730826243,0.0,,0.4666666666666667,0.0
165,165,accumulation,N/A,0,0.21719477651024333,0.00013644153242590513,,0.16260162601626016,0.0
165,165,accumulation,N/A,1,0.37217363630311723,0.13689297884292945,,0.4864864864864865,0.0
165,165,accumulation,N/A,2,0.2796538971216201,0.09553778999630647,,0.3333333333333333,0.0
165,165,accumulation,N/A,3,0.3408316479182725,0.1053535402095205,,0.34374999999999994,0.0
165,165,accumulation,N/A,4,0.4013106692543069,0.06199228415814464,,0.4897959183673469,0.0
165,165,accumulation,N/A,5,0.32043437338128394,0.02115342822538507,,0.4897959183673469,0.0
165,165,accumulation,N/A,6,0.42454510989221333,0.17326887418750994,,0.43902439024390244,0.14285714285714285
165,165,accumulation,N/A,7,0.38965090113165496,0.08786237866650314,,0.36,0.2857142857142857
165,165,refinement,0.5,0,0.21719477651024333,0.00013644153242590513,,0.16260162601626016,0.0
165,165,refinement,0.5,1,0.24464078788300644,2.0618738768968375e-05,,0.23423423423423423,0.125
165,165,refinement,0.5,2,0.23305436746823505,0.00012322620177873368,,0.21782178217821782,0.0
165,165,refinement,0.5,3,0.23383829188262634,0.0005024642913912278,,0.25263157894736843,0.0
165,165,refinement,0.5,4,0.25431114340171024,0.0010307055245280016,,0.25263157894736843,0.125
165,165,refinement,0.5,5,0.23956051268031836,0.0010524666272181643,,0.3058823529411765,0.0
165,165,refinement,0.5,6,0.2641375149353238,0.00014463552342368864,,0.32911392405063294,0.125
165,165,refinement,0.5,7,0.24187000020351515,0.0008577771067226647,,0.32098765432098764,0.0
165,165,refinement,0.8,0,0.21719477651024333,0.00013644153242590513,,0.16260162601626016,0.0
165,165,refinement,0.8,1,0.30194036554485215,0.002903074523201451,,0.44897959183673464,0.14285714285714285
165,165,refinement,0.8,2,0.2549144785002524,0.00757939346982234,,0.32786885245901637,0.125
165,165,refinement,0.8,3,0.24962128017427493,0.007596559707449585,,0.4067796610169491,0.0
165,165,refinement,0.8,4,0.24932575488073241,0.0064979758944183,,0.33766233766233766,0.0
165,165,refinement,0.8,5,0.2539552892994009,4.969701770006166e-05,,0.30952380952380953,0.0
165,165,refinement,0.8,6,0.2668844451275281,0.004205591760369472,,0.3870967741935483,0.0
165,165,refinement,0.8,7,0.29245412296728424,0.009575307805030929,,0.4782608695652174,0.0
166,166,accumulation,N/A,0,0.21752996035313465,0.05170458875415749,,0.024242424242424246,0.0
166,166,accumulation,N/A,1,0.2910170635213138,0.1453931508786952,,0.18181818181818182,0.14285714285714285
166,166,accumulation,N/A,2,0.5237382026781899,0.22809998532513187,,0.8,0.5
166,166,accumulation,N/A,3,0.37684232400086504,0.0690804863938409,,0.5,0.0
166,166,accumulation,N/A,4,0.6066763182187165,0.14768001966214642,,0.5,1.0
166,166,accumulation,N/A,5,0.42588656669033,0.024638305421528714,,0.3333333333333333,0.5
166,166,accumulation,N/A,6,0.3939873473391332,0.2703040875747549,,0.4,0.0
166,166,accumulation,N/A,7,0.36275867589915345,0.08758311472352209,,0.4,0.5
166,166,refinement,0.5,0,0.21752996035313465,0.05170458875415749,,0.024242424242424246,0.0
166,166,refinement,0.5,1,0.20817766825537398,0.049938150483860966,,0.027210884353741496,0.0
166,166,refinement,0.5,2,0.2115064294696259,0.049951096549683174,,0.03508771929824561,0.0
166,166,refinement,0.5,3,0.21616273218011203,0.05280295156505439,,0.03773584905660378,0.0
166,166,refinement,0.5,4,0.21290272039556446,0.0582077485180228,,0.038834951456310676,0.0
166,166,refinement,0.5,5,0.21375903424251097,0.05877298431073672,,0.04395604395604395,0.0
166,166,refinement,0.5,6,0.2142359489005789,0.059746610361774415,,0.043010752688172046,0.0
166,166,refinement,0.5,7,0.2163577247033519,0.05948411886904107,,0.05405405405405406,0.0
166,166,refinement,0.8,0,0.21752996035313465,0.05170458875415749,,0.024242424242424246,0.0
166,166,refinement,0.8,1,0.20639464408786443,0.039232464014354006,,0.0392156862745098,0.0
166,166,refinement,0.8,2,0.22234088205583957,0.05003614061570222,,0.05882352941176471,0.0
166,166,refinement,0.8,3,0.21284573982452998,0.05054930930890325,,0.07843137254901959,0.0
166,166,refinement,0.8,4,0.21106180675845287,0.05332212340627187,,0.05479452054794521,0.0
166,166,refinement,0.8,5,0.22277375870623464,0.06656285700609003,,0.07407407407407407,0.0
166,166,refinement,0.8,6,0.23144298404805985,0.07642379608882927,,0.0909090909090909,0.0
166,166,refinement,0.8,7,0.22714072076593667,0.07262249982948095,,0.07843137254901959,0.0
167,167,accumulation,N/A,0,0.1866438324365863,0.010628136732616585,,0.1339712918660287,0.0
167,167,accumulation,N/A,1,0.29814178137256503,0.07996655216197045,,0.5555555555555556,0.0
167,167,accumulation,N/A,2,0.21253043936449925,0.06528840160830598,,0.43478260869565216,0.0
167,167,accumulation,N/A,3,0.28290525872100897,0.06690652567706108,,0.21052631578947364,0.0
167,167,accumulation,N/A,4,0.36191074315326893,0.014728082306897834,,0.6341463414634146,0.25
167,167,accumulation,N/A,5,0.17410095341614004,0.04722067567462984,,0.18918918918918917,0.0
167,167,accumulation,N/A,6,0.23299158177614768,0.05296707914224008,,0.36363636363636365,0.4
167,167,accumulation,N/A,7,0.2028027075008738,0.09549754880838272,,0.35294117647058826,0.25
167,167,refinement,0.5,0,0.1866438324365863,0.010628136732616585,,0.1339712918660287,0.0
167,167,refinement,0.5,1,0.19312850561665756,0.036532335727908115,,0.14507772020725387,0.0
167,167,refinement,0.5,2,0.19714240987832704,0.051158678309414556,,0.17283950617283952,0.0
167,167,refinement,0.5,3,0.1976897967987679,0.058212509115334245,,0.20437956204379562,0.0
167,167,refinement,0.5,4,0.19787516680210016,0.06198966716370713,,0.21212121212121215,0.0
167,167,refinement,0.5,5,0.21003880012563853,0.049382570667316494,,0.24561403508771928,0.0
167,167,refinement,0.5,6,0.21832365571181267,0.049967822305971986,,0.28,0.0
167,167,refinement,0.5,7,0.20753485824277398,0.04518164206339968,,0.2545454545454546,0.0
167,167,refinement,0.8,0,0.1866438324365863,0.010628136732616585,,0.1339712918660287,0.0
167,167,refinement,0.8,1,0.22266019369517576,0.026598249695373905,,0.21875,0.0
167,167,refinement,0.8,2,0.2138635525037745,0.053253226173711844,,0.3157894736842105,0.0
167,167,refinement,0.8,3,0.2922383815986579,0.04817977486099144,,0.4666666666666667,0.16666666666666666
167,167,refinement,0.8,4,0.2653478586864419,0.034734193744926006,,0.34210526315789475,0.14285714285714285
167,167,refinement,0.8,5,0.252719651784565,0.061882220236893964,,0.5098039215686275,0.0
167,167,refinement,0.8,6,0.25148884072372407,0.061204214634792864,,0.4905660377358491,0.0
167,167,refinement,0.8,7,0.22597848924033745,0.052398681690078434,,0.39999999999999997,0.0
168,168,accumulation,N/A,0,0.328344341682759,0.02234603607931711,,0.41758241758241754,0.0
168,168,accumulation,N/A,1,0.47271287265238776,0.05007396575100542,,0.5306122448979592,0.42857142857142855
168,168,accumulation,N/A,2,0.39792092209787305,0.029598756495402084,,0.55,0.125
168,168,accumulation,N/A,3,0.37185847335644495,0.04848439688990013,,0.3247863247863248,0.0
168,168,accumulation,N/A,4,0.37356631137476515,0.013210747999481076,,0.4,0.0
168,168,accumulation,N/A,5,0.38863858825844155,0.025641045995893657,,0.42553191489361697,0.0
168,168,accumulation,N/A,6,0.38837934243169203,0.020977656887317363,,0.36129032258064514,0.125
168,168,accumulation,N/A,7,0.4019498201539827,0.014047807669013108,,0.45033112582781454,0.0
168,168,refinement,0.5,0,0.328344341682759,0.02234603607931711,,0.41758241758241754,0.0
168,168,refinement,0.5,1,0.3282726362995173,0.0278398407301246,,0.4245810055865921,0.0
168,168,refinement,0.5,2,0.3356210148513083,0.04287474825089399,,0.4795321637426901,0.0
168,168,refinement,0.5,3,0.3343338523792697,0.029966581274812606,,0.425287356321839,0.0
168,168,refinement,0.5,4,0.334241715083248,0.019861381902280966,,0.49689440993788825,0.0
168,168,refinement,0.5,5,0.3345769109923787,0.021992580659443383,,0.4827586206896552,0.0
168,168,refinement,0.5,6,0.3435177902631522,0.02618642003968711,,0.5492957746478874,0.0
168,168,refinement,0.5,7,0.3375942747330594,0.02985090206715738,,0.5035971223021583,0.0
168,168,refinement,0.8,0,0.328344341682759,0.02234603607931711,,0.41758241758241754,0.0
168,168,refinement,0.8,1,0.31736219204610966,0.01300630968485731,,0.4523809523809524,0.0
168,168,refinement,0.8,2,0.30591498882698376,0.03741115666104821,,0.4,0.0
168,168,refinement,0.8,3,0.3010295900657269,0.032084798947962075,,0.2634146341463414,0.0
168,168,refinement,0.8,4,0.3027879986638643,0.039534340899986274,,0.29437229437229434,0.0
168,168,refinement,0.8,5,0.32490174553491313,0.023293164919815566,,0.4093567251461988,0.0
168,168,refinement,0.8,6,0.3296883907357526,0.02594930484548008,,0.3973509933774835,0.0
168,168,refinement,0.8,7,0.3178666649926426,0.038110438509992406,,0.3375,0.0
169,169,accumulation,N/A,0,0.18278936952588504,0.023753882218460157,,0.028169014084507043,0.0
169,169,accumulation,N/A,1,0.2663695064518212,0.0,,0.33333333333333337,0.0
169,169,accumulation,N/A,2,0.23309758138288203,0.02297119113726472,,0.2608695652173913,0.0
169,169,accumulation,N/A,3,0.25651160155753583,0.09561213326645562,,0.24000000000000002,0.0
169,169,accumulation,N/A,4,0.27198777692091913,0.11336261905327887,,0.20689655172413793,0.0
169,169,accumulation,N/A,5,0.3031800463831411,0.05938769208104432,,0.4,0.0
169,169,accumulation,N/A,6,0.43551815415888323,0.11864743891775247,,0.4615384615384615,0.0
169,169,accumulation,N/A,7,0.2760495521984523,0.0,,0.2727272727272727,0.0
169,169,refinement,0.5,0,0.18278936952588504,0.023753882218460157,,0.028169014084507043,0.0
169,169,refinement,0.5,1,0.1888064970570078,0.020447903061847416,,0.034482758620689655,0.0
169,169,refinement,0.5,2,0.2044859349230933,0.010305091037754234,,0.0375,0.0
169,169,refinement,0.5,3,0.17844247342766056,0.005726666481879471,,0.052173913043478265,0.0
169,169,refinement,0.5,4,0.17832032682658633,0.014343297419465294,,0.04316546762589929,0.0
169,169,refinement,0.5,5,0.18087114866408874,0.005706846303169258,,0.05882352941176471,0.0
169,169,refinement,0.5,6,0.1848670500223072,0.0,,0.05357142857142857,0.0
169,169,refinement,0.5,7,0.18569148347217973,0.0,,0.05555555555555556,0.0
169,169,refinement,0.8,0,0.18278936952588504,0.023753882218460157,,0.028169014084507043,0.0
169,169,refinement,0.8,1,0.2025821588976714,0.0,,0.1111111111111111,0.0
169,169,refinement,0.8,2,0.2293314865620994,0.18992890289074305,,0.11428571428571428,0.0
169,169,refinement,0.8,3,0.24239370932168922,0.024824189088150036,,0.21052631578947367,0.0
169,169,refinement,0.8,4,0.2536506846421954,0.10529867098356185,,0.23529411764705882,0.0
169,169,refinement,0.8,5,0.2956080157238945,0.030291784822253757,,0.4444444444444444,0.0
169,169,refinement,0.8,6,0.3183007252012897,0.10975826727980909,,0.36363636363636365,0.0
169,169,refinement,0.8,7,0.33498829824594717,0.1715509852309517,,0.36363636363636365,0.0
170,170,accumulation,N/A,0,0.33864466027539963,0.01000656809699667,,0.36986301369863017,0.0
170,170,accumulation,N/A,1,0.4265195882804297,0.016169996009401527,,0.6280991735537191,0.25
170,170,accumulation,N/A,2,0.357081448258794,0.019124119212047985,,0.6065573770491803,0.0
170,170,accumulation,N/A,3,0.39864984455787567,0.025181494517276762,,0.55,0.0
170,170,accumulation,N/A,4,0.3921446215770625,0.017708273865069152,,0.5179856115107915,0.0
170,170,accumulation,N/A,5,0.37139074531301003,0.024833351370068105,,0.48351648351648346,0.0
170,170,accumulation,N/A,6,0.2912885570021887,0.007401209230586248,,0.1437371663244353,0.0
170,170,accumulation,N/A,7,0.3639674677008426,0.01776542222665848,,0.4366812227074236,0.0
170,170,refinement,0.5,0,0.33864466027539963,0.01000656809699667,,0.36986301369863017,0.0
170,170,refinement,0.5,1,0.3643561653399642,0.014568401770902748,,0.3836734693877551,0.125
170,170,refinement,0.5,2,0.3713278133796159,0.01376853617599639,,0.40869565217391307,0.125
170,170,refinement,0.5,3,0.3668134391220882,0.019404586881183846,,0.39473684210526316,0.125
170,170,refinement,0.5,4,0.36869771682613706,0.00700093314475063,,0.4339622641509434,0.125
170,170,refinement,0.5,5,0.352354844637324,0.01060764185274056,,0.4077669902912622,0.0
170,170,refinement,0.5,6,0.36097540789685534,0.008887308127362714,,0.4712041884816754,0.0
170,170,refinement,0.5,7,0.35094521288626673,0.00991542243495374,,0.40975609756097553,0.0
170,170,refinement,0.8,0,0.33864466027539963,0.01000656809699667,,0.36986301369863017,0.0
170,170,refinement,0.8,1,0.35201807857153944,0.007250684144352024,,0.39662447257383965,0.0
170,170,refinement,0.8,2,0.3589611801425977,0.006492176596329851,,0.43000000000000005,0.0
170,170,refinement,0.8,3,0.38291884686605393,0.008165585257205477,,0.4788732394366197,0.125
170,170,refinement,0.8,4,0.393165563616557,0.007508922795105592,,0.5833333333333334,0.125
170,170,refinement,0.8,5,0.3530295393128101,0.005007319705911724,,0.39252336448598124,0.0
170,170,refinement,0.8,6,0.39664454274208694,0.010307359544422048,,0.535031847133758,0.125
170,170,refinement,0.8,7,0.3760355374616847,0.00836229821675753,,0.5421686746987951,0.0
171,171,accumulation,N/A,0,0.20184293389649488,0.0036757633934016002,,0.10526315789473684,0.0
171,171,accumulation,N/A,1,0.354612230425077,0.06083883281486022,,0.24,0.0
171,171,accumulation,N/A,2,0.32664514312175436,0.054814223624002754,,0.208955223880597,0.0
171,171,accumulation,N/A,3,0.37483147890573204,0.09874142515482363,,0.34146341463414637,0.0
171,171,accumulation,N/A,4,0.3450387990207958,0.12862774479310668,,0.15625,0.0
171,171,accumulation,N/A,5,0.32395603997324507,0.009097595020065435,,0.23333333333333334,0.0
171,171,accumulation,N/A,6,0.2870350949348828,0.02051712247026169,,0.16666666666666669,0.0
171,171,accumulation,N/A,7,0.2568889484755886,0.1320268580325188,,0.2222222222222222,0.0
171,171,refinement,0.5,0,0.20184293389649488,0.0036757633934016002,,0.10526315789473684,0.0
171,171,refinement,0.5,1,0.19312595336588562,0.004140440640378715,,0.12612612612612611,0.0
171,171,refinement,0.5,2,0.19164964799635836,0.0,,0.1217391304347826,0.0
171,171,refinement,0.5,3,0.19449741016850644,0.0,,0.14736842105263157,0.0
171,171,refinement,0.5,4,0.1990690534872117,6.240228890165965e-05,,0.14492753623188404,0.0
171,171,refinement,0.5,5,0.18896111439524477,0.0,,0.15151515151515152,0.0
171,171,refinement,0.5,6,0.1959039229679327,0.0,,0.16666666666666666,0.0
171,171,refinement,0.5,7,0.22777990986103325,5.810400569910072e-05,,0.1754385964912281,0.0
171,171,refinement,0.8,0,0.20184293389649488,0.0036757633934016002,,0.10526315789473684,0.0
171,171,refinement,0.8,1,0.22554017213588673,0.00019534972215727578,,0.1217391304347826,0.0
171,171,refinement,0.8,2,0.20024279983687598,0.03754456575842497,,0.09448818897637795,0.0
171,171,refinement,0.8,3,0.20852722042943134,0.0005286831619869464,,0.16666666666666669,0.0
171,171,refinement,0.8,4,0.2247613280311742,0.0636737226661526,,0.15053763440860218,0.0
171,171,refinement,0.8,5,0.16670190468697493,0.00048369249894960356,,0.1320754716981132,0.0
171,171,refinement,0.8,6,0.2417527277123151,0.00947955427612444,,0.19718309859154928,0.0
171,171,refinement,0.8,7,0.1969143744438669,0.0014955344593325678,,0.23333333333333334,0.0
172,172,accumulation,N/A,0,0.1977329699140712,0.02177065721627712,,0.0273972602739726,0.0
172,172,accumulation,N/A,1,0.39172965891178013,0.0,,0.5,0.5
172,172,accumulation,N/A,2,0.3794030885950297,0.03626297286487168,,0.3333333333333333,0.25
172,172,accumulation,N/A,3,0.39515438569387573,0.0,,0.28571428571428575,0.3333333333333333
172,172,accumulation,N/A,4,0.30283483208555056,0.08113225333864459,,0.05555555555555555,0.16666666666666666
172,172,accumulation,N/A,5,0.257153776073893,0.044562067086139974,,0.08,0.0
172,172,accumulation,N/A,6,0.3211830090784649,0.0,,0.0,0.0
172,172,accumulation,N/A,7,0.43064800232448275,0.0,,0.5,0.5
172,172,refinement,0.5,0,0.1977329699140712,0.02177065721627712,,0.0273972602739726,0.0
172,172,refinement,0.5,1,0.2018288324714264,0.022332201946062055,,0.03333333333333333,0.0
172,172,refinement,0.5,2,0.22133808522064785,0.0212037130179366,,0.03529411764705882,0.0
172,172,refinement,0.5,3,0.20051116195145144,0.021885557907140803,,0.03614457831325302,0.0
172,172,refinement,0.5,4,0.19233599246532787,0.02109152406016969,,0.0375,0.0
172,172,refinement,0.5,5,0.19212977590181451,0.02272696309157327,,0.03973509933774835,0.0
172,172,refinement,0.5,6,0.20099742010623775,0.021655468553757138,,0.04195804195804196,0.0
172,172,refinement,0.5,7,0.192713604397863,0.02097873516145223,,0.046511627906976744,0.0
172,172,refinement,0.8,0,0.1977329699140712,0.02177065721627712,,0.0273972602739726,0.0
172,172,refinement,0.8,1,0.22217290049801647,0.011688363425244914,,0.07317073170731708,0.0
172,172,refinement,0.8,2,0.23974921565828966,0.01782201036975328,,0.08108108108108109,0.14285714285714285
172,172,refinement,0.8,3,0.22139178048413796,0.02107712041189018,,0.08823529411764706,0.125
172,172,refinement,0.8,4,0.2337855974270377,0.01843437377563017,,0.06451612903225806,0.0
172,172,refinement,0.8,5,0.21147140954436372,0.019386943802867106,,0.05555555555555556,0.0
172,172,refinement,0.8,6,0.25318497823722497,0.024894064309195815,,0.10526315789473684,0.14285714285714285
172,172,refinement,0.8,7,0.19458711541400497,0.04144970785659671,,0.05555555555555555,0.0
173,173,accumulation,N/A,0,0.34217763473689794,0.01068176424857762,,0.4408602150537635,0.0
173,173,accumulation,N/A,1,0.28213552643169376,0.008217948613230306,,0.3047619047619048,0.0
173,173,accumulation,N/A,2,0.4120440870928832,0.02034341669593216,,0.48,0.2857142857142857
173,173,accumulation,N/A,3,0.40510058134332344,0.0007420506572953941,,0.5688073394495413,0.2857142857142857
173,173,accumulation,N/A,4,0.34568038720539285,0.01917983023557276,,0.3775510204081633,0.0
173,173,accumulation,N/A,5,0.3260937166385319,0.022839512384391636,,0.44776119402985076,0.0
173,173,accumulation,N/A,6,0.31575883927074855,0.00892230805937398,,0.4566929133858268,0.0
173,173,accumulation,N/A,7,0.36250686057390397,0.004882048279067077,,0.5185185185185185,0.125
173,173,refinement,0.5,0,0.34217763473689794,0.01068176424857762,,0.4408602150537635,0.0
173,173,refinement,0.5,1,0.32459218769017006,0.013650404224809959,,0.4705882352941176,0.0
173,173,refinement,0.5,2,0.3664059803133394,0.006967438726912853,,0.52,0.14285714285714285
173,173,refinement,0.5,3,0.3703558823704217,0.006985533419360255,,0.5306122448979591,0.14285714285714285
173,173,refinement,0.5,4,0.3758965915863545,0.006494844934130285,,0.5797101449275363,0.14285714285714285
173,173,refinement,0.5,5,0.3695929948531429,0.007713519405087284,,0.5671641791044776,0.14285714285714285
173,173,refinement,0.5,6,0.3159685901349375,0.00682790993919431,,0.5492957746478874,0.0
173,173,refinement,0.5,7,0.3767815404454597,0.010046990366805637,,0.59375,0.14285714285714285
173,173,refinement,0.8,0,0.34217763473689794,0.01068176424857762,,0.4408602150537635,0.0
173,173,refinement,0.8,1,0.35398196117856945,0.01848550939660302,,0.5165562913907285,0.0
173,173,refinement,0.8,2,0.4003546047882316,0.004726521860598181,,0.582089552238806,0.25
173,173,refinement,0.8,3,0.37009625534068236,0.02979423931796042,,0.6260869565217392,0.0
173,173,refinement,0.8,4,0.3501808254654267,0.0016408320242998846,,0.4968152866242038,0.0
173,173,refinement,0.8,5,0.4001650612876801,0.0003762626735468802,,0.625,0.14285714285714285
173,173,refinement,0.8,6,0.3720599782440151,0.004412475549912463,,0.6031746031746031,0.0
173,173,refinement,0.8,7,0.36188315654826264,0.013624264017115018,,0.5797101449275363,0.0
174,174,accumulation,N/A,0,0.2962489358436662,0.01802846465975509,,0.2809917355371901,0.0
174,174,accumulation,N/A,1,0.2744576925142168,0.01673499486673506,,0.558139534883721,0.0
174,174,accumulation,N/A,2,0.2355530613679265,0.043108480270245914,,0.10909090909090909,0.16666666666666666
174,174,accumulation,N/A,3,0.3535500256791633,0.015934079747143757,,0.47619047619047616,0.14285714285714285
174,174,accumulation,N/A,4,0.2895014514639932,0.008994383571079533,,0.43708609271523186,0.0
174,174,accumulation,N/A,5,0.33750178160193245,0.0615814044460333,,0.4631578947368421,0.0
174,174,accumulation,N/A,6,0.296023382109043,0.05365233653590216,,0.3945578231292517,0.125
174,174,accumulation,N/A,7,0.2762507626397934,0.02827705517800026,,0.381679389312977,0.0
174,174,refinement,0.5,0,0.2962489358436662,0.01802846465975509,,0.2809917355371901,0.0
174,174,refinement,0.5,1,0.3133388307324168,0.013407952374970335,,0.372093023255814,0.0
174,174,refinement,0.5,2,0.30610195519347844,0.02437702574211517,,0.31999999999999995,0.0
174,174,refinement,0.5,3,0.29830100790240405,0.025097406298401917,,0.319327731092437,0.0
174,174,refinement,0.5,4,0.2933539299260578,0.019141048320997743,,0.37254901960784315,0.0
174,174,refinement,0.5,5,0.2892026593046653,0.023968887852017194,,0.39639639639639634,0.0
174,174,refinement,0.5,6,0.30269674187902385,0.03268630355990728,,0.32380952380952377,0.0
174,174,refinement,0.5,7,0.2848488975854694,0.02383020072186417,,0.36036036036036034,0.0
174,174,refinement,0.8,0,0.2962489358436662,0.01802846465975509,,0.2809917355371901,0.0
174,174,refinement,0.8,1,0.29891700765525253,0.008936331109591023,,0.3389830508474576,0.0
174,174,refinement,0.8,2,0.3596638055636495,0.013749801873980479,,0.5688073394495412,0.0
174,174,refinement,0.8,3,0.3704151835022858,0.007613256913772094,,0.49019607843137253,0.14285714285714285
174,174,refinement,0.8,4,0.37680872186301756,0.006156394619808624,,0.5423728813559322,0.14285714285714285
174,174,refinement,0.8,5,0.4038565507888937,0.007016350055202772,,0.5178571428571428,0.16666666666666666
174,174,refinement,0.8,6,0.3467911981742685,0.007553482433993418,,0.5,0.14285714285714285
174,174,refinement,0.8,7,0.37944578738298274,0.006152982833343775,,0.5714285714285714,0.0
175,175,accumulation,N/A,0,0.23170393553900878,0.00980881002135893,,0.05,0.0
175,175,accumulation,N/A,1,0.39323603352667463,0.6288230174196904,,0.25,0.0
175,175,accumulation,N/A,2,0.24392940358886328,0.14939362849535315,,0.14814814814814814,0.0
175,175,accumulation,N/A,3,0.23907454674593742,0.06432385573810855,,0.15789473684210528,0.0
175,175,accumulation,N/A,4,0.4180602883904828,0.17941081904546197,,0.4,0.3333333333333333
175,175,accumulation,N/A,5,0.10994385394521007,0.06712382093435539,,0.09836065573770492,0.0
175,175,accumulation,N/A,6,0.18329367870001678,0.0,,0.07500000000000001,0.0
175,175,accumulation,N/A,7,0.28052747363697483,0.14019299725007986,,0.0967741935483871,0.0
175,175,refinement,0.5,0,0.23170393553900878,0.00980881002135893,,0.05,0.0
175,175,refinement,0.5,1,0.2362464167004614,0.011018694461724743,,0.06315789473684211,0.0
175,175,refinement,0.5,2,0.23840099146142393,0.012526127420121637,,0.06818181818181818,0.0
175,175,refinement,0.5,3,0.24050933549258302,0.020286647359334654,,0.07142857142857142,0.0
175,175,refinement,0.5,4,0.24429852634087695,0.014644745195458319,,0.0821917808219178,0.0
175,175,refinement,0.5,5,0.2369120323814683,0.01971374251178276,,0.1090909090909091,0.0
175,175,refinement,0.5,6,0.2382508354731253,0.020303790190804184,,0.0967741935483871,0.0
175,175,refinement,0.5,7,0.2373159936595151,0.022747748291096742,,0.10526315789473684,0.0
175,175,refinement,0.8,0,0.23170393553900878,0.00980881002135893,,0.05,0.0
175,175,refinement,0.8,1,0.22132203280438079,0.013322204789519147,,0.1276595744680851,0.0
175,175,refinement,0.8,2,0.22635551308505275,0.01537552499397126,,0.07692307692307693,0.0
175,175,refinement,0.8,3,0.21522956604693538,0.01440995501402423,,0.08108108108108109,0.0
175,175,refinement,0.8,4,0.20769094913325242,0.01716880655565202,,0.08571428571428572,0.0
175,175,refinement,0.8,5,0.23800200425040213,0.04308111947219718,,0.0821917808219178,0.0
175,175,refinement,0.8,6,0.250670177769164,0.014989649390267376,,0.07594936708860758,0.0
175,175,refinement,0.8,7,0.22347765307848477,0.01989940985358235,,0.06185567010309278,0.0
176,176,accumulation,N/A,0,0.1944611854645696,0.015244605588254436,,0.0704225352112676,0.0
176,176,accumulation,N/A,1,0.21480999068056594,0.07071521734143509,,0.09756097560975609,0.0
176,176,accumulation,N/A,2,0.18383461063295267,0.010788843046799551,,0.10101010101010102,0.0
176,176,accumulation,N/A,3,0.1653472117831815,0.0,,0.16666666666666666,0.0
176,176,accumulation,N/A,4,0.2793998880416646,0.16553592727149546,,0.16666666666666666,0.0
176,176,accumulation,N/A,5,0.2297774784089356,0.07066499895768198,,0.21276595744680848,0.0
176,176,accumulation,N/A,6,0.20401363238233694,0.03781109223838713,,0.08695652173913043,0.0
176,176,accumulation,N/A,7,0.1990241094451159,0.007622790936422916,,0.12345679012345677,0.0
176,176,refinement,0.5,0,0.1944611854645696,0.015244605588254436,,0.0704225352112676,0.0
176,176,refinement,0.5,1,0.1945908523441522,0.014500934261316531,,0.08196721311475409,0.0
176,176,refinement,0.5,2,0.19284832787887995,0.01687200317139881,,0.07142857142857142,0.0
176,176,refinement,0.5,3,0.19482008963071323,0.015143236691890171,,0.09900990099009901,0.0
176,176,refinement,0.5,4,0.19784740954234914,0.013293428456477555,,0.1075268817204301,0.0
176,176,refinement,0.5,5,0.20214284634373492,0.012777970243633021,,0.10101010101010102,0.0
176,176,refinement,0.5,6,0.2003453087384778,0.011650385671354093,,0.09900990099009901,0.0
176,176,refinement,0.5,7,0.20350488634881114,0.005845221774755381,,0.11494252873563218,0.0
176,176,refinement,0.8,0,0.1944611854645696,0.015244605588254436,,0.0704225352112676,0.0
176,176,refinement,0.8,1,0.20212781270550856,0.01456136582264404,,0.0980392156862745,0.0
176,176,refinement,0.8,2,0.21269064891801345,0.016781206105302687,,0.1111111111111111,0.0
176,176,refinement,0.8,3,0.22317088579648306,0.018274321436546875,,0.1481481481481481,0.0
176,176,refinement,0.8,4,0.23498703709115185,0.014085232028208735,,0.21739130434782605,0.0
176,176,refinement,0.8,5,0.2415270169667104,0.007749667125574039,,0.2285714285714286,0.0
176,176,refinement,0.8,6,0.21331473411453045,0.014783312807407214,,0.13888888888888887,0.0
176,176,refinement,0.8,7,0.2157723025329199,0.014468737376413989,,0.17857142857142855,0.0
177,177,accumulation,N/A,0,0.3133803101898619,0.0035255395351234684,,0.2831858407079646,0.0
177,177,accumulation,N/A,1,0.24086484830134974,0.07883666633525208,,0.05405405405405405,0.0
177,177,accumulation,N/A,2,0.35545929791297315,0.03695268492231725,,0.3636363636363636,0.0
177,177,accumulation,N/A,3,0.37078264435244784,0.05071333572077818,,0.5,0.14285714285714285
177,177,accumulation,N/A,4,0.23799352605581706,0.03463628279419171,,0.15384615384615383,0.14285714285714285
177,177,accumulation,N/A,5,0.4484486516351314,0.02101955470619369,,0.6086956521739131,0.2857142857142857
177,177,accumulation,N/A,6,0.3576748805080297,0.046958221680600876,,0.5,0.14285714285714285
177,177,accumulation,N/A,7,0.34574726446530646,0.012822447782799559,,0.5074626865671641,0.0
177,177,refinement,0.5,0,0.3133803101898619,0.0035255395351234684,,0.2831858407079646,0.0
177,177,refinement,0.5,1,0.32272778038170113,0.010272899467848071,,0.3333333333333333,0.0
177,177,refinement,0.5,2,0.3386696551133116,0.009514584850779587,,0.33513513513513515,0.125
177,177,refinement,0.5,3,0.3487544077178276,0.009842952051862195,,0.3790849673202615,0.125
177,177,refinement,0.5,4,0.3121534807315513,0.009415363769020484,,0.3169398907103825,0.0
177,177,refinement,0.5,5,0.3492569043836571,0.0103753851608253,,0.3076923076923077,0.25
177,177,refinement,0.5,6,0.3279283940836405,0.011691151405909168,,0.2541436464088398,0.125
177,177,refinement,0.5,7,0.31924704435358364,0.0039865305582224625,,0.28985507246376807,0.125
177,177,refinement,0.8,0,0.3133803101898619,0.0035255395351234684,,0.2831858407079646,0.0
177,177,refinement,0.8,1,0.3321624926068729,0.0,,0.3898305084745763,0.0
177,177,refinement,0.8,2,0.39098583884739896,0.0020902281278258076,,0.49411764705882355,0.14285714285714285
177,177,refinement,0.8,3,0.37499967647023597,0.0058427762275248245,,0.5777777777777778,0.14285714285714285
177,177,refinement,0.8,4,0.3322647054480651,0.004689949852943111,,0.4,0.0
177,177,refinement,0.8,5,0.38407254424612247,0.007124563775889426,,0.4680851063829788,0.14285714285714285
177,177,refinement,0.8,6,0.35583229588640825,0.009781649975708226,,0.5393258426966292,0.0
177,177,refinement,0.8,7,0.35927208930933174,0.007373343914526106,,0.5333333333333333,0.14285714285714285
178,178,accumulation,N/A,0,0.37820273073681554,0.03214529615387525,,0.6214689265536723,0.125
178,178,accumulation,N/A,1,0.4001275352564552,0.0006321276335459584,,0.5317460317460317,0.125
178,178,accumulation,N/A,2,0.4094281682242203,0.00981198602111686,,0.512,0.125
178,178,accumulation,N/A,3,0.39616782882908674,0.016599755583116486,,0.5570776255707762,0.0
178,178,accumulation,N/A,4,0.39838977332141834,0.016617513525570653,,0.4872727272727273,0.125
178,178,accumulation,N/A,5,0.33070866236976665,0.014850875681264092,,0.5555555555555555,0.125
178,178,accumulation,N/A,6,0.24706588326755607,0.011537189575691014,,0.29545454545454547,0.0
178,178,accumulation,N/A,7,0.3908233856194863,0.013498861711578769,,0.5866666666666667,0.0
178,178,refinement,0.5,0,0.37820273073681554,0.03214529615387525,,0.6214689265536723,0.125
178,178,refinement,0.5,1,0.3668049212979904,0.03677835430260041,,0.5555555555555556,0.125
178,178,refinement,0.5,2,0.36981699762458436,0.0250715117673061,,0.6986301369863014,0.0
178,178,refinement,0.5,3,0.36618664787627586,0.03407623371878173,,0.591549295774648,0.125
178,178,refinement,0.5,4,0.34266442982014944,0.03350479478582594,,0.5389221556886227,0.0
178,178,refinement,0.5,5,0.372880992261659,0.023291382692832357,,0.5838509316770187,0.125
178,178,refinement,0.5,6,0.3951130843770996,0.03180121448686823,,0.6293706293706294,0.25
178,178,refinement,0.5,7,0.39899313738779213,0.02903720073635977,,0.6433566433566433,0.25
178,178,refinement,0.8,0,0.37820273073681554,0.03214529615387525,,0.6214689265536723,0.125
178,178,refinement,0.8,1,0.35662436450123414,0.028169874846054915,,0.7333333333333334,0.0
178,178,refinement,0.8,2,0.3558887618552118,0.018086697591038915,,0.6138613861386139,0.125
178,178,refinement,0.8,3,0.33326910400839255,0.02382706786856696,,0.6444444444444445,0.0
178,178,refinement,0.8,4,0.3603174342199246,0.03040143289829276,,0.6432748538011696,0.125
178,178,refinement,0.8,5,0.36063524944416153,0.013341077341322465,,0.6666666666666666,0.0
178,178,refinement,0.8,6,0.33579210306385465,0.011491725631318596,,0.5423728813559322,0.0
178,178,refinement,0.8,7,0.3077980498439555,0.004763267709839368,,0.5061728395061729,0.0
179,179,accumulation,N/A,0,0.14551823183217433,0.0070443430943220135,,0.04580152671755725,0.0
179,179,accumulation,N/A,1,0.2962712558694407,0.17367697049954514,,0.2222222222222222,0.0
179,179,accumulation,N/A,2,0.39433723791117015,0.13931081321813482,,0.36363636363636365,0.0
179,179,accumulation,N/A,3,0.2369772612811153,0.0020623923805788277,,0.0625,0.0
179,179,accumulation,N/A,4,0.24150484534339048,0.06073927773244653,,0.014705882352941176,0.0
179,179,accumulation,N/A,5,0.28648055433566155,0.14249995129685186,,0.3157894736842105,0.0
179,179,accumulation,N/A,6,0.35582997253264237,0.42440530653049446,,0.4615384615384615,0.0
179,179,accumulation,N/A,7,0.33794350939246653,0.2810886828733863,,0.4444444444444444,0.0
179,179,refinement,0.5,0,0.14551823183217433,0.0070443430943220135,,0.04580152671755725,0.0
179,179,refinement,0.5,1,0.1634068107251822,0.0070300832904873585,,0.05769230769230769,0.0
179,179,refinement,0.5,2,0.17288118606953642,0.019377195424631413,,0.08695652173913045,0.0
179,179,refinement,0.5,3,0.17004826212920307,0.0036749853391542533,,0.08955223880597014,0.0
179,179,refinement,0.5,4,0.16399892342584366,0.03967061638744967,,0.1,0.0
179,179,refinement,0.5,5,0.18917684272635232,0.04980036250791856,,0.05970149253731343,0.0
179,179,refinement,0.5,6,0.18405520952802773,0.02262667029740836,,0.056338028169014086,0.0
179,179,refinement,0.5,7,0.18760715371006503,0.044698765342429295,,0.0547945205479452,0.0
179,179,refinement,0.8,0,0.14551823183217433,0.0070443430943220135,,0.04580152671755725,0.0
179,179,refinement,0.8,1,0.1650663511773438,0.0,,0.07228915662650602,0.0
179,179,refinement,0.8,2,0.15822856502377375,0.017839362590601454,,0.10714285714285715,0.0
179,179,refinement,0.8,3,0.1533703028438227,0.02010027218109869,,0.08695652173913045,0.0
179,179,refinement,0.8,4,0.16587814752347002,0.0,,0.0625,0.0
179,179,refinement,0.8,5,0.19336466881899195,0.0,,0.20689655172413793,0.0
179,179,refinement,0.8,6,0.20132390423620905,0.07457100435845869,,0.2222222222222222,0.0
179,179,refinement,0.8,7,0.196868981375219,0.07418450409297937,,0.12244897959183672,0.0
180,180,accumulation,N/A,0,0.17390263709156806,0.019186598812607463,,0.026666666666666665,0.0
180,180,accumulation,N/A,1,0.4682941697380588,0.22124571935882945,,0.5,0.3333333333333333
180,180,accumulation,N/A,2,0.2691388356898322,0.08819138598959012,,0.2857142857142857,0.0
180,180,accumulation,N/A,3,0.49453274673380954,0.29819881620177857,,0.33333333333333337,0.3333333333333333
180,180,accumulation,N/A,4,0.70031870802775,0.18491010762178936,,1.0,1.0
180,180,accumulation,N/A,5,0.5860694604821817,0.32424620092278233,,0.5714285714285715,0.5
180,180,accumulation,N/A,6,0.3916011717785692,0.2787944004989935,,0.5,0.0
180,180,accumulation,N/A,7,0.33735433455588915,0.13944196746139037,,0.4,0.0
180,180,refinement,0.5,0,0.17390263709156806,0.019186598812607463,,0.026666666666666665,0.0
180,180,refinement,0.5,1,0.1919830002294726,0.019750097299063903,,0.028169014084507043,0.0
180,180,refinement,0.5,2,0.19293964412374842,0.027135679105420522,,0.027210884353741496,0.0
180,180,refinement,0.5,3,0.1851516559882304,0.018533125641611612,,0.032520325203252036,0.0
180,180,refinement,0.5,4,0.18532683347378398,0.01923025156800046,,0.03125,0.0
180,180,refinement,0.5,5,0.18564540371957586,0.018437284499272125,,0.03636363636363636,0.0
180,180,refinement,0.5,6,0.19075637967410164,0.007928114945948608,,0.03773584905660378,0.0
180,180,refinement,0.5,7,0.18793261684295728,0.008541208356237139,,0.042553191489361694,0.0
180,180,refinement,0.8,0,0.17390263709156806,0.019186598812607463,,0.026666666666666665,0.0
180,180,refinement,0.8,1,0.1485709003105902,0.005394394217730567,,0.04166666666666667,0.0
180,180,refinement,0.8,2,0.18718788927975755,0.02046628852958537,,0.03738317757009346,0.0
180,180,refinement,0.8,3,0.2155286959369318,0.048091942280632426,,0.022727272727272724,0.0
180,180,refinement,0.8,4,0.21928490462154415,0.06311374268129868,,0.02898550724637681,0.0
180,180,refinement,0.8,5,0.20310197962396626,0.032421699167639276,,0.05405405405405406,0.0
180,180,refinement,0.8,6,0.19601855230410808,0.012208853385751796,,0.07692307692307693,0.0
180,180,refinement,0.8,7,0.19403720167032967,0.0,,0.10256410256410257,0.0
181,181,accumulation,N/A,0,0.31190222381325117,0.007416107827032711,,0.44094488188976383,0.0
181,181,accumulation,N/A,1,0.3290327300462841,0.035496839550683064,,0.4201680672268907,0.0
181,181,accumulation,N/A,2,0.3178550171229701,0.008012773701056276,,0.3472222222222222,0.0
181,181,accumulation,N/A,3,0.31201567912175604,0.017734694127254744,,0.425,0.125
181,181,accumulation,N/A,4,0.3504855388351259,0.023348568265890966,,0.42028985507246375,0.125
181,181,accumulation,N/A,5,0.28551135599446614,0.017312229087936434,,0.3333333333333333,0.0
181,181,accumulation,N/A,6,0.33167154894227285,0.006492584442199335,,0.42553191489361697,0.125
181,181,accumulation,N/A,7,0.35055802330058766,0.06623725725401047,,0.4230769230769231,0.125
181,181,refinement,0.5,0,0.31190222381325117,0.007416107827032711,,0.44094488188976383,0.0
181,181,refinement,0.5,1,0.3381927770966409,0.01226307181963919,,0.4778761061946903,0.125
181,181,refinement,0.5,2,0.3438678195791961,0.006412517515009683,,0.5208333333333333,0.125
181,181,refinement,0.5,3,0.3119916411774756,0.004734256998466877,,0.41904761904761906,0.0
181,181,refinement,0.5,4,0.3219692860818095,0.007963069668206228,,0.5116279069767442,0.0
181,181,refinement,0.5,5,0.3215910620753116,0.005187910423911313,,0.48192771084337355,0.0
181,181,refinement,0.5,6,0.33756742213020124,0.010713409126100516,,0.4578313253012048,0.125
181,181,refinement,0.5,7,0.3421103187742273,0.009767866103861354,,0.48192771084337355,0.125
181,181,refinement,0.8,0,0.31190222381325117,0.007416107827032711,,0.44094488188976383,0.0
181,181,refinement,0.8,1,0.35120456298169467,0.0067060503141226566,,0.5714285714285715,0.25
181,181,refinement,0.8,2,0.30185994178993003,0.0368040836651418,,0.4615384615384615,0.0
181,181,refinement,0.8,3,0.32590924287249534,0.017644351580819263,,0.5116279069767442,0.0
181,181,refinement,0.8,4,0.31164924411654726,0.02200137115643517,,0.4,0.0
181,181,refinement,0.8,5,0.31877322292669175,0.024778536563413393,,0.44660194174757284,0.0
181,181,refinement,0.8,6,0.3289698996218695,0.04525132482565095,,0.375,0.125
181,181,refinement,0.8,7,0.36401510234871476,0.02463693480694983,,0.6881720430107526,0.125
182,182,accumulation,N/A,0,0.25874966581369385,0.014950992882296878,,0.18627450980392157,0.0
182,182,accumulation,N/A,1,0.3561989323601492,0.020663596198222202,,0.6060606060606061,0.0
182,182,accumulation,N/A,2,0.35054582504151977,0.011826837380748412,,0.3846153846153846,0.14285714285714285
182,182,accumulation,N/A,3,0.2920249915203809,0.06936453816115927,,0.15584415584415584,0.0
182,182,accumulation,N/A,4,0.3326078857974347,0.007196670871288029,,0.6164383561643836,0.125
182,182,accumulation,N/A,5,0.31373966387970725,0.015515998197940313,,0.5111111111111111,0.16666666666666666
182,182,accumulation,N/A,6,0.30876549188675084,0.0058859643354964505,,0.6542056074766355,0.0
182,182,accumulation,N/A,7,0.27753681550690007,0.009038298111278395,,0.40522875816993464,0.0
182,182,refinement,0.5,0,0.25874966581369385,0.014950992882296878,,0.18627450980392157,0.0
182,182,refinement,0.5,1,0.2744734460938539,0.013923051450791575,,0.25766871165644173,0.0
182,182,refinement,0.5,2,0.27325992818986156,0.01838410837496047,,0.26315789473684204,0.0
182,182,refinement,0.5,3,0.28991748604261836,0.016745611764967104,,0.275,0.0
182,182,refinement,0.5,4,0.28594629793670967,0.018648113954751973,,0.26356589147286824,0.0
182,182,refinement,0.5,5,0.29389555247675014,0.016458567680386095,,0.3150684931506849,0.0
182,182,refinement,0.5,6,0.2990250329662514,0.007257601331908754,,0.3428571428571428,0.0
182,182,refinement,0.5,7,0.28206440217903134,0.014625771420724782,,0.24637681159420288,0.0
182,182,refinement,0.8,0,0.25874966581369385,0.014950992882296878,,0.18627450980392157,0.0
182,182,refinement,0.8,1,0.28404093591314217,0.0020262792303051597,,0.3694267515923567,0.0
182,182,refinement,0.8,2,0.31281126760938593,0.0020716728215041382,,0.4390243902439025,0.125
182,182,refinement,0.8,3,0.32510598025949505,0.0017110090287955713,,0.4682926829268293,0.0
182,182,refinement,0.8,4,0.2974109263667323,0.006096434867078824,,0.4903225806451613,0.0
182,182,refinement,0.8,5,0.3364637873176549,0.0027411174439996287,,0.591715976331361,0.0
182,182,refinement,0.8,6,0.3145760873656751,0.007052656737987114,,0.4768211920529801,0.16666666666666666
182,182,refinement,0.8,7,0.29471913651379805,0.007258098579574737,,0.4335664335664336,0.0
183,183,accumulation,N/A,0,0.2931385958789254,0.008370472959287799,,0.16551724137931034,0.0
183,183,accumulation,N/A,1,0.39747257126486096,0.055744158543381016,,0.29629629629629634,0.42857142857142855
183,183,accumulation,N/A,2,0.3438793251732659,0.017588519365118946,,0.4444444444444444,0.14285714285714285
183,183,accumulation,N/A,3,0.33596432568872553,0.06715165763912283,,0.36363636363636365,0.16666666666666666
183,183,accumulation,N/A,4,0.29532229771355833,0.023455153721190558,,0.2040816326530612,0.0
183,183,accumulation,N/A,5,0.35574436627912587,0.040513423777237274,,0.456140350877193,0.0
183,183,accumulation,N/A,6,0.325905517981095,0.012273079066331969,,0.3333333333333333,0.0
183,183,accumulation,N/A,7,0.3739274606310605,0.0005149667530335699,,0.4761904761904762,0.0
183,183,refinement,0.5,0,0.2931385958789254,0.008370472959287799,,0.16551724137931034,0.0
183,183,refinement,0.5,1,0.26474802349535054,0.004622058243399201,,0.15873015873015872,0.0
183,183,refinement,0.5,2,0.2878346924983163,0.007263374879401776,,0.18965517241379312,0.0
183,183,refinement,0.5,3,0.2784317808104604,0.006197940400585291,,0.1904761904761905,0.0
183,183,refinement,0.5,4,0.32879575481240386,0.0019547207565162998,,0.22448979591836737,0.14285714285714285
183,183,refinement,0.5,5,0.30866640718287525,0.008083292533974211,,0.23404255319148937,0.14285714285714285
183,183,refinement,0.5,6,0.2759294877116768,0.009095009034205008,,0.19642857142857142,0.0
183,183,refinement,0.5,7,0.28349986968146607,0.0022653633143568776,,0.23809523809523808,0.0
183,183,refinement,0.8,0,0.2931385958789254,0.008370472959287799,,0.16551724137931034,0.0
183,183,refinement,0.8,1,0.2975298995944267,0.004360207271069143,,0.22641509433962262,0.0
183,183,refinement,0.8,2,0.2673694483333069,0.011572754188882817,,0.23529411764705882,0.0
183,183,refinement,0.8,3,0.26884781759574017,0.006994650396575435,,0.24324324324324323,0.0
183,183,refinement,0.8,4,0.2713666140932729,0.008685658815497828,,0.23376623376623376,0.0
183,183,refinement,0.8,5,0.27769747874189715,0.006826277450935917,,0.28571428571428575,0.0
183,183,refinement,0.8,6,0.31491390610026715,0.011210855392289595,,0.35714285714285715,0.0
183,183,refinement,0.8,7,0.3889008260122352,0.008154820094651861,,0.39999999999999997,0.2857142857142857
184,184,accumulation,N/A,0,0.22721056415490382,0.01891983437339834,,0.04411764705882353,0.0
184,184,accumulation,N/A,1,0.31416900383704716,0.41689365419114166,,0.3333333333333333,0.0
184,184,accumulation,N/A,2,0.4126843079565074,0.48566571765366057,,0.09090909090909091,0.3333333333333333
184,184,accumulation,N/A,3,0.4719839964809599,0.12802529473512864,,0.4444444444444444,0.6666666666666666
184,184,accumulation,N/A,4,0.3292247380192587,0.42160652773698193,,0.16,0.2
184,184,accumulation,N/A,5,0.18819360624196532,0.0005667172733270298,,0.032786885245901634,0.0
184,184,accumulation,N/A,6,0.17675514958473149,0.0003496669139760541,,0.041379310344827586,0.0
184,184,accumulation,N/A,7,0.19743819289853665,0.024844590718429354,,0.07407407407407407,0.0
184,184,refinement,0.5,0,0.22721056415490382,0.01891983437339834,,0.04411764705882353,0.0
184,184,refinement,0.5,1,0.23102362221959155,0.03989531623577893,,0.06451612903225806,0.0
184,184,refinement,0.5,2,0.23465227850621762,0.061406089899537324,,0.06521739130434782,0.0
184,184,refinement,0.5,3,0.24132138873971828,0.07003530028675416,,0.07894736842105263,0.0
184,184,refinement,0.5,4,0.23920562970290482,0.0674592148865599,,0.07692307692307693,0.0
184,184,refinement,0.5,5,0.23966582394598712,0.09627912322532745,,0.08450704225352113,0.0
184,184,refinement,0.5,6,0.2340889454951389,0.09102607858596906,,0.0625,0.0
184,184,refinement,0.5,7,0.2356025792699565,0.08960144246986053,,0.07692307692307693,0.0
184,184,refinement,0.8,0,0.22721056415490382,0.01891983437339834,,0.04411764705882353,0.0
184,184,refinement,0.8,1,0.24902642428542066,0.05076837873953391,,0.0821917808219178,0.0
184,184,refinement,0.8,2,0.24089633138519462,0.00399123143150716,,0.08571428571428572,0.0
184,184,refinement,0.8,3,0.2575858104630563,0.003586412731266649,,0.13043478260869565,0.0
184,184,refinement,0.8,4,0.2560915935454069,0.05696980902296967,,0.11320754716981131,0.0
184,184,refinement,0.8,5,0.2921818034883126,0.2722008593004005,,0.10526315789473684,0.0
184,184,refinement,0.8,6,0.25295272563571936,0.2197964728355066,,0.04166666666666667,0.0
184,184,refinement,0.8,7,0.2916851166167326,0.3858676690725967,,0.08108108108108109,0.0
185,185,accumulation,N/A,0,0.20951526463860995,0.00835947099527908,,0.022857142857142854,0.0
185,185,accumulation,N/A,1,0.40735069405984675,0.5858574290423714,,0.18181818181818182,0.0
185,185,accumulation,N/A,2,0.28225195671207404,0.2249166564585823,,0.09523809523809523,0.0
185,185,accumulation,N/A,3,0.20147854208912863,0.11711873002421126,,0.02197802197802198,0.0
185,185,accumulation,N/A,4,0.36417463146885404,0.2868694294329017,,0.33333333333333337,0.0
185,185,accumulation,N/A,5,0.2591209788092391,0.3056070724813424,,0.05063291139240507,0.0
185,185,accumulation,N/A,6,0.1252869980850517,0.05331759765025787,,0.05555555555555556,0.0
185,185,accumulation,N/A,7,0.18102287065409453,0.0886056916806888,,0.014545454545454545,0.0
185,185,refinement,0.5,0,0.20951526463860995,0.00835947099527908,,0.022857142857142854,0.0
185,185,refinement,0.5,1,0.21194652916683554,0.014728592688929681,,0.034482758620689655,0.0
185,185,refinement,0.5,2,0.21178554339373395,0.015271038625956551,,0.03418803418803419,0.0
185,185,refinement,0.5,3,0.2146698142361601,0.013758285782596106,,0.037037037037037035,0.0
185,185,refinement,0.5,4,0.21818857963367488,0.016054050324704708,,0.03669724770642201,0.0
185,185,refinement,0.5,5,0.2221293397155073,0.015497276804031557,,0.03773584905660378,0.0
185,185,refinement,0.5,6,0.22265849016745498,0.015432550815622463,,0.04081632653061225,0.0
185,185,refinement,0.5,7,0.21787976416735386,0.015480654296660205,,0.03418803418803419,0.0
185,185,refinement,0.8,0,0.20951526463860995,0.00835947099527908,,0.022857142857142854,0.0
185,185,refinement,0.8,1,0.2147806595873935,0.013436227353142545,,0.047619047619047616,0.0
185,185,refinement,0.8,2,0.1955430466951285,0.009975380913696803,,0.02857142857142857,0.0
185,185,refinement,0.8,3,0.19163942378877982,0.016422055653840972,,0.018433179723502304,0.0
185,185,refinement,0.8,4,0.1966462835135138,0.028873423682151615,,0.023121387283236997,0.0
185,185,refinement,0.8,5,0.16922944900600184,0.04943381249925868,,0.011976047904191616,0.0
185,185,refinement,0.8,6,0.18187597595473823,0.030355991899184056,,0.008368200836820083,0.0
185,185,refinement,0.8,7,0.15476813268379264,0.0,,0.008869179600886918,0.0
186,186,accumulation,N/A,0,0.2979884291400158,0.010280217068905187,,0.2971428571428571,0.0
186,186,accumulation,N/A,1,0.3264156146618994,0.030540719244598186,,0.6046511627906976,0.0
186,186,accumulation,N/A,2,0.33252598923979926,0.008134549426508125,,0.5333333333333333,0.0
186,186,accumulation,N/A,3,0.32294951199607114,0.020554776131766976,,0.4615384615384615,0.0
186,186,accumulation,N/A,4,0.34429928342663585,0.03892764911916723,,0.4255319148936171,0.0
186,186,accumulation,N/A,5,0.3703997851556502,0.027900999779075394,,0.5121951219512195,0.14285714285714285
186,186,accumulation,N/A,6,0.3801033859335016,0.007823670783377513,,0.5842696629213484,0.0
186,186,accumulation,N/A,7,0.34039885259752967,0.03906497655748198,,0.3703703703703704,0.0
186,186,refinement,0.5,0,0.2979884291400158,0.010280217068905187,,0.2971428571428571,0.0
186,186,refinement,0.5,1,0.3182039673269694,0.013088155129703469,,0.36231884057971014,0.125
186,186,refinement,0.5,2,0.33942932204189635,0.012121888852235231,,0.38461538461538464,0.14285714285714285
186,186,refinement,0.5,3,0.31525913049733734,0.011437125838589754,,0.37037037037037035,0.0
186,186,refinement,0.5,4,0.34825606990509006,0.012708758023939606,,0.46296296296296297,0.14285714285714285
186,186,refinement,0.5,5,0.35359495927743395,0.01478296012148951,,0.5,0.14285714285714285
186,186,refinement,0.5,6,0.35351243478576344,0.01346139561639816,,0.5148514851485149,0.14285714285714285
186,186,refinement,0.5,7,0.3086505473754793,0.010261726005120698,,0.4807692307692308,0.0
186,186,refinement,0.8,0,0.2979884291400158,0.010280217068905187,,0.2971428571428571,0.0
186,186,refinement,0.8,1,0.31315098900450183,0.005345410535704337,,0.393939393939394,0.0
186,186,refinement,0.8,2,0.30470421464965747,0.008719053658355081,,0.37662337662337664,0.0
186,186,refinement,0.8,3,0.340373161205112,0.009615467280455729,,0.3795620437956204,0.14285714285714285
186,186,refinement,0.8,4,0.3526604691754784,0.02997378295253793,,0.6388888888888888,0.14285714285714285
186,186,refinement,0.8,5,0.31766973836833545,0.012329220528169,,0.43103448275862066,0.0
186,186,refinement,0.8,6,0.309312967375633,0.0027554909155982407,,0.4132231404958678,0.0
186,186,refinement,0.8,7,0.2975107624311193,0.005320383462562165,,0.4324324324324324,0.0
187,187,accumulation,N/A,0,0.1925354082855455,0.024822898325211794,,0.015267175572519085,0.0
187,187,accumulation,N/A,1,0.49715581533853925,0.4396456765191849,,0.3333333333333333,0.25
187,187,accumulation,N/A,2,0.4159867729658113,0.0,,0.6666666666666666,0.5
187,187,accumulation,N/A,3,0.47708833578928955,0.5187671504612028,,0.1818181818181818,0.0
187,187,accumulation,N/A,4,0.3755410926786804,0.2504111772925018,,0.4,0.0
187,187,accumulation,N/A,5,0.4544276526454214,0.7101871364141137,,0.09090909090909091,0.0
187,187,accumulation,N/A,6,0.26621954059884806,0.11203017575773778,,0.08695652173913042,0.0
187,187,accumulation,N/A,7,0.3414767173363211,0.14496993947527478,,0.3333333333333333,0.0
187,187,refinement,0.5,0,0.1925354082855455,0.024822898325211794,,0.015267175572519085,0.0
187,187,refinement,0.5,1,0.1675277161862586,0.020961089013982862,,0.021052631578947368,0.0
187,187,refinement,0.5,2,0.1968449187579343,0.0019268111520810386,,0.025157232704402517,0.0
187,187,refinement,0.5,3,0.16573664022513912,0.007477221949282624,,0.030534351145038167,0.0
187,187,refinement,0.5,4,0.18653344266963293,0.00414551728158365,,0.04040404040404041,0.0
187,187,refinement,0.5,5,0.17605208095277813,0.0019956258360839868,,0.048192771084337345,0.0
187,187,refinement,0.5,6,0.17784639768775445,0.0,,0.05405405405405406,0.0
187,187,refinement,0.5,7,0.20129007775244645,0.03360530870823563,,0.05479452054794521,0.0
187,187,refinement,0.8,0,0.1925354082855455,0.024822898325211794,,0.015267175572519085,0.0
187,187,refinement,0.8,1,0.23527126679279975,0.050356152915338556,,0.019047619047619046,0.0
187,187,refinement,0.8,2,0.2506377021926559,0.06538148324955788,,0.019999999999999997,0.0
187,187,refinement,0.8,3,0.23286404773878996,0.024465708896889385,,0.019417475728155338,0.0
187,187,refinement,0.8,4,0.24443094026927892,0.1086439958227408,,0.015267175572519083,0.0
187,187,refinement,0.8,5,0.19355162190154834,0.10678851194122836,,0.020618556701030924,0.0
187,187,refinement,0.8,6,0.24672591451525672,0.0905334370443797,,0.026315789473684213,0.0
187,187,refinement,0.8,7,0.24062743106411497,0.08508067204250346,,0.01886792452830189,0.0
188,188,accumulation,N/A,0,0.16635855321320855,0.0,,0.0375,0.0
188,188,accumulation,N/A,1,0.2207886370760343,0.0,,0.2,0.0
188,188,accumulation,N/A,2,0.2040002793665731,0.0,,0.17647058823529413,0.0
188,188,accumulation,N/A,3,0.21009468738105985,0.0,,0.025157232704402517,0.0
188,188,accumulation,N/A,4,0.14100560061618653,0.015069868067346748,,0.1090909090909091,0.0
188,188,accumulation,N/A,5,0.19442677866145924,0.0,,0.1621621621621622,0.0
188,188,accumulation,N/A,6,0.15863104450965676,0.0,,0.1276595744680851,0.0
188,188,accumulation,N/A,7,0.18981943858189304,0.015952996251635945,,0.13043478260869565,0.0
188,188,refinement,0.5,0,0.16635855321320855,0.0,,0.0375,0.0
188,188,refinement,0.5,1,0.15491487334249612,0.0,,0.0410958904109589,0.0
188,188,refinement,0.5,2,0.15413018822232016,0.0,,0.06976744186046512,0.0
188,188,refinement,0.5,3,0.12199728203735906,0.0,,0.06521739130434782,0.0
188,188,refinement,0.5,4,0.13121769237074862,0.0,,0.06000000000000001,0.0
188,188,refinement,0.5,5,0.12395269909779322,0.0,,0.07500000000000001,0.0
188,188,refinement,0.5,6,0.12198471952438313,0.0,,0.08571428571428572,0.0
188,188,refinement,0.5,7,0.12015415404413757,0.0,,0.07792207792207792,0.0
188,188,refinement,0.8,0,0.16635855321320855,0.0,,0.0375,0.0
188,188,refinement,0.8,1,0.1634102741997643,0.0,,0.07500000000000001,0.0
188,188,refinement,0.8,2,0.13982181185404927,0.0,,0.09375,0.0
188,188,refinement,0.8,3,0.13575548956646108,0.0,,0.08571428571428572,0.0
188,188,refinement,0.8,4,0.1438956736589824,0.0,,0.0689655172413793,0.0
188,188,refinement,0.8,5,0.14310770216855417,0.0,,0.07317073170731708,0.0
188,188,refinement,0.8,6,0.140821264637576,0.0,,0.0967741935483871,0.0
188,188,refinement,0.8,7,0.1227786827599198,0.0,,0.125,0.0
189,189,accumulation,N/A,0,0.28398250494065386,0.04044037694255973,,0.11673151750972764,0.0
189,189,accumulation,N/A,1,0.37278624931886983,0.0541822295871978,,0.325,0.0
189,189,accumulation,N/A,2,0.3427666769002573,0.01127591124160744,,0.2828282828282828,0.125
189,189,accumulation,N/A,3,0.34860779125247526,0.07459623232495498,,0.3333333333333333,0.25
189,189,accumulation,N/A,4,0.2672801159038597,0.0159141068804099,,0.19402985074626863,0.0
189,189,accumulation,N/A,5,0.30189361157751404,0.0008224435474488766,,0.14864864864864863,0.25
189,189,accumulation,N/A,6,0.396017070033017,0.1260864134554235,,0.25742574257425743,0.125
189,189,accumulation,N/A,7,0.2328946010575575,0.02531823148170203,,0.22580645161290325,0.0
189,189,refinement,0.5,0,0.28398250494065386,0.04044037694255973,,0.11673151750972764,0.0
189,189,refinement,0.5,1,0.2968649866526265,0.04827457723071465,,0.14070351758793972,0.0
189,189,refinement,0.5,2,0.30347126846653466,0.02718038286208055,,0.17283950617283952,0.0
189,189,refinement,0.5,3,0.29367447608786795,0.04113826764473756,,0.18064516129032257,0.0
189,189,refinement,0.5,4,0.2943279350732024,0.04130138493022865,,0.1761006289308176,0.0
189,189,refinement,0.5,5,0.33680697183794395,0.02164088011525179,,0.17283950617283952,0.25
189,189,refinement,0.5,6,0.32001493071205644,0.03405582514983079,,0.18666666666666668,0.125
189,189,refinement,0.5,7,0.3319823421594085,0.02243744424217962,,0.1481481481481481,0.25
189,189,refinement,0.8,0,0.28398250494065386,0.04044037694255973,,0.11673151750972764,0.0
189,189,refinement,0.8,1,0.2991947865318686,0.02592331602409359,,0.20634920634920634,0.0
189,189,refinement,0.8,2,0.31261600769442466,0.04482794030911409,,0.20155038759689922,0.125
189,189,refinement,0.8,3,0.32858039557675733,0.03378571520153676,,0.23300970873786406,0.25
189,189,refinement,0.8,4,0.3126725780120454,0.0028887830458711834,,0.21782178217821782,0.125
189,189,refinement,0.8,5,0.25771909468926296,0.00598585442936898,,0.1839080459770115,0.0
189,189,refinement,0.8,6,0.2478524544904286,0.0013180853223819713,,0.1592920353982301,0.125
189,189,refinement,0.8,7,0.2724320809988333,0.00024494793186890346,,0.16071428571428573,0.2857142857142857
190,190,accumulation,N/A,0,0.3048348441885604,0.021181503528355333,,0.3333333333333333,0.0
190,190,accumulation,N/A,1,0.3589305676245913,0.024172642571596525,,0.42187500000000006,0.0
190,190,accumulation,N/A,2,0.38882867561842677,0.045695053245137965,,0.578125,0.125
190,190,accumulation,N/A,3,0.3570188217933251,0.02839625725304576,,0.6019417475728155,0.0
190,190,accumulation,N/A,4,0.337452436961469,0.012955198775502672,,0.4158415841584159,0.0
190,190,accumulation,N/A,5,0.30874364301045365,0.014350986181538414,,0.45679012345679004,0.125
190,190,accumulation,N/A,6,0.3382540789630154,0.022191257958830597,,0.5354330708661418,0.125
190,190,accumulation,N/A,7,0.3962860167742933,0.018720687792380362,,0.5762711864406779,0.25
190,190,refinement,0.5,0,0.3048348441885604,0.021181503528355333,,0.3333333333333333,0.0
190,190,refinement,0.5,1,0.30249281676438433,0.01974465147503886,,0.34065934065934067,0.0
190,190,refinement,0.5,2,0.31928945166481487,0.0322714541468759,,0.3773584905660377,0.0
190,190,refinement,0.5,3,0.32212567746817317,0.02368193327332969,,0.41333333333333333,0.0
190,190,refinement,0.5,4,0.31358759878309655,0.029298996906710163,,0.3597122302158273,0.0
190,190,refinement,0.5,5,0.34119678548354104,0.02434998672512128,,0.3768115942028985,0.125
190,190,refinement,0.5,6,0.31991909332565455,0.030012839444226832,,0.35714285714285715,0.0
190,190,refinement,0.5,7,0.3178308431769368,0.03728351748890147,,0.3552631578947368,0.0
190,190,refinement,0.8,0,0.3048348441885604,0.021181503528355333,,0.3333333333333333,0.0
190,190,refinement,0.8,1,0.3442239358256872,0.01834084392696924,,0.47826086956521735,0.125
190,190,refinement,0.8,2,0.3659309724032178,0.03102163312776315,,0.47826086956521735,0.14285714285714285
190,190,refinement,0.8,3,0.3197935902397134,0.0298714087397816,,0.5470085470085471,0.0
190,190,refinement,0.8,4,0.31816678288728817,0.012660515068027251,,0.43971631205673756,0.0
190,190,refinement,0.8,5,0.33792070239751104,0.01823862114988415,,0.4827586206896552,0.0
190,190,refinement,0.8,6,0.3468205588520396,0.024905039720457805,,0.5132743362831859,0.0
190,190,refinement,0.8,7,0.3398732471529071,0.04396364284613305,,0.5098039215686275,0.0
191,191,accumulation,N/A,0,0.19427501732879743,0.0016733306866303693,,0.04347826086956522,0.0
191,191,accumulation,N/A,1,0.4501534506202297,0.4028096019705389,,0.3333333333333333,0.0
191,191,accumulation,N/A,2,0.27476350006126693,0.11730745097920645,,0.30769230769230765,0.0
191,191,accumulation,N/A,3,0.39540215464695405,0.26016274769761416,,0.28571428571428575,0.3333333333333333
191,191,accumulation,N/A,4,0.47797484433952137,0.1584032230464059,,0.6666666666666666,0.5
191,191,accumulation,N/A,5,0.33667638653373133,0.1717723824173357,,0.01619433198380567,0.3333333333333333
191,191,accumulation,N/A,6,0.21393735301635744,0.00266642696218804,,0.125,0.0
191,191,accumulation,N/A,7,0.23209210112556963,0.16121923530677518,,0.11764705882352941,0.0
191,191,refinement,0.5,0,0.19427501732879743,0.0016733306866303693,,0.04347826086956522,0.0
191,191,refinement,0.5,1,0.19125360175040512,0.031130321105223128,,0.06349206349206349,0.0
191,191,refinement,0.5,2,0.19169418866439208,0.0028811329228230712,,0.0792079207920792,0.0
191,191,refinement,0.5,3,0.19639839017517935,0.019099803132276,,0.08421052631578947,0.0
191,191,refinement,0.5,4,0.20338771352867502,0.02513653293720574,,0.08421052631578947,0.0
191,191,refinement,0.5,5,0.19761235883164713,0.02204280580647274,,0.09195402298850576,0.0
191,191,refinement,0.5,6,0.1919882689628342,0.0031834262876562023,,0.09411764705882353,0.0
191,191,refinement,0.5,7,0.19460528441171593,0.0031353009416154997,,0.09302325581395349,0.0
191,191,refinement,0.8,0,0.19427501732879743,0.0016733306866303693,,0.04347826086956522,0.0
191,191,refinement,0.8,1,0.2137548458587638,0.052597902208967255,,0.11320754716981131,0.0
191,191,refinement,0.8,2,0.22685102828543924,0.03334252312842539,,0.18181818181818182,0.0
191,191,refinement,0.8,3,0.23449369627360397,0.0781907747424987,,0.0816326530612245,0.0
191,191,refinement,0.8,4,0.22666860232122626,0.010378262710919909,,0.0784313725490196,0.0
191,191,refinement,0.8,5,0.2431798455466102,0.042651946884151234,,0.14814814814814814,0.0
191,191,refinement,0.8,6,0.2386136220390087,0.07102915723605382,,0.07017543859649122,0.0
191,191,refinement,0.8,7,0.23890246945614377,0.07610881817778363,,0.06896551724137931,0.0
