eval_idx,dataset_idx,method,noise_strength,n_povs,unified_score,mean_bbox_iou,mean_camera_similarity,detection_f1,count_accuracy
0,0,accumulation,N/A,0,0.2771714778329054,0.06148463023907331,,0.1764705882352941,0.0
0,0,accumulation,N/A,1,0.4554770160453038,0.07093741074550053,,0.6666666666666667,0.25
0,0,accumulation,N/A,2,0.4370024452612459,0.06629349588217898,,0.5294117647058824,0.25
0,0,accumulation,N/A,3,0.392750108116912,0.07989447293026145,,0.33333333333333337,0.0
0,0,accumulation,N/A,4,0.3345407273550585,0.2657988620203242,,0.29090909090909095,0.0
0,0,accumulation,N/A,5,0.44014868433662463,0.09276715906778789,,0.3428571428571429,0.4
0,0,accumulation,N/A,6,0.3348876251799383,0.08002529171218438,,0.3243243243243243,0.0
0,0,accumulation,N/A,7,0.4030469591250932,0.25971855936143046,,0.42105263157894735,0.2
0,0,refinement,0.5,0,0.2771714778329054,0.06148463023907331,,0.1764705882352941,0.0
0,0,refinement,0.5,1,0.30534800047175303,0.060535888866152694,,0.15384615384615383,0.2
0,0,refinement,0.5,2,0.3274776750733924,0.03682761797373786,,0.39999999999999997,0.0
0,0,refinement,0.5,3,0.34711474682805893,0.06625615702819444,,0.25,0.25
0,0,refinement,0.5,4,0.3412633304509589,0.06018636702208386,,0.21428571428571427,0.0
0,0,refinement,0.5,5,0.3529595966531286,0.06475683786917658,,0.25,0.25
0,0,refinement,0.5,6,0.3501293231893274,0.060514219253815255,,0.2608695652173913,0.25
0,0,refinement,0.5,7,0.392810283373395,0.049456135438032206,,0.33333333333333337,0.25
0,0,refinement,0.8,0,0.2771714778329054,0.06148463023907331,,0.1764705882352941,0.0
0,0,refinement,0.8,1,0.28290728690063005,0.1085868613943326,,0.17142857142857146,0.0
0,0,refinement,0.8,2,0.2905968498388977,0.08622453659603581,,0.21428571428571427,0.0
0,0,refinement,0.8,3,0.32996984266392815,0.08286104847572115,,0.27272727272727276,0.0
0,0,refinement,0.8,4,0.3907080744270472,0.1629277855045374,,0.2758620689655173,0.25
0,0,refinement,0.8,5,0.3550888568845527,0.06468950276243099,,0.3125,0.2
0,0,refinement,0.8,6,0.3490789461793897,0.10967873951299374,,0.14285714285714288,0.0
0,0,refinement,0.8,7,0.34763605564332895,0.06874747503237141,,0.2380952380952381,0.0
1,1,accumulation,N/A,0,0.34393003525418464,0.027568527622793885,,0.4,0.5
1,1,accumulation,N/A,1,0.4756726649264513,0.0915716703818805,,0.6666666666666666,0.0
1,1,accumulation,N/A,2,0.33398978098888,0.007623815565204426,,0.3636363636363636,0.0
1,1,accumulation,N/A,3,0.6725031159807231,0.35757113896130227,,0.5,1.0
1,1,accumulation,N/A,4,0.293314492436752,0.16613900610502513,,0.2666666666666667,0.3333333333333333
1,1,accumulation,N/A,5,0.4267210080691769,0.4457958003932315,,0.6666666666666666,0.0
1,1,accumulation,N/A,6,0.40538498698426517,0.24182981789349786,,0.4,0.0
1,1,accumulation,N/A,7,0.690632162523952,0.1823654450433829,,1.0,1.0
1,1,refinement,0.5,0,0.34393003525418464,0.027568527622793885,,0.4,0.5
1,1,refinement,0.5,1,0.5093187613397252,0.027568527622793885,,0.5,1.0
1,1,refinement,0.5,2,0.5095946311157171,0.027568527622793885,,0.5,1.0
1,1,refinement,0.5,3,0.5094885915001625,0.027568527622793885,,0.5,1.0
1,1,refinement,0.5,4,0.5095801192460794,0.027568527622793885,,0.5,1.0
1,1,refinement,0.5,5,0.5093046279745944,0.027500146423981936,,0.5,1.0
1,1,refinement,0.5,6,0.3444897406484836,0.028299422847456714,,0.4,0.5
1,1,refinement,0.5,7,0.23935376361548777,0.028299422847456714,,0.2,0.25
1,1,refinement,0.8,0,0.34393003525418464,0.027568527622793885,,0.4,0.5
1,1,refinement,0.8,1,0.5135339048838096,0.07224433395141197,,0.5,1.0
1,1,refinement,0.8,2,0.5127481106358974,0.06739852528917048,,0.5,1.0
1,1,refinement,0.8,3,0.5109684018206171,0.07311354270285636,,0.5,1.0
1,1,refinement,0.8,4,0.3469954754643013,0.08418840940929043,,0.4,0.5
1,1,refinement,0.8,5,0.5128638994718011,0.07129365616089546,,0.5,1.0
1,1,refinement,0.8,6,0.3469269390944931,0.08201432014913855,,0.4,0.5
1,1,refinement,0.8,7,0.512519495296,0.08111884799393683,,0.5,1.0
2,2,accumulation,N/A,0,0.3429472430738494,0.288802238429003,,0.3333333333333333,0.0
2,2,accumulation,N/A,1,0.3863792111190375,0.5019073413857883,,0.19999999999999998,0.0
2,2,accumulation,N/A,2,0.3718976280369695,0.42545819998004225,,0.28571428571428575,0.0
2,2,accumulation,N/A,3,0.3131751351263837,0.10844488953606608,,0.3076923076923077,0.16666666666666666
2,2,accumulation,N/A,4,0.3142371253194317,0.1824537777443257,,0.32,0.0
2,2,accumulation,N/A,5,0.21632016710283597,0.13158727330185505,,0.14814814814814817,0.0
2,2,accumulation,N/A,6,0.31556342510301755,0.2177849139739283,,0.30769230769230765,0.25
2,2,accumulation,N/A,7,0.3677199045996253,0.3210331630510351,,0.5,0.0
2,2,refinement,0.5,0,0.3429472430738494,0.288802238429003,,0.3333333333333333,0.0
2,2,refinement,0.5,1,0.39920116944356004,0.14479673871919874,,0.5,0.3333333333333333
2,2,refinement,0.5,2,0.29588221593203545,0.31468566675083426,,0.25,0.0
2,2,refinement,0.5,3,0.2837326882981266,0.31468566675083426,,0.16666666666666666,0.0
2,2,refinement,0.5,4,0.27453964394031005,0.31468566675083426,,0.15384615384615383,0.0
2,2,refinement,0.5,5,0.2926759548393875,0.31759485240280444,,0.22222222222222224,0.0
2,2,refinement,0.5,6,0.2814991895561461,0.31822127223002844,,0.14285714285714288,0.0
2,2,refinement,0.5,7,0.3436974083246104,0.1610048103544786,,0.4,0.25
2,2,refinement,0.8,0,0.3429472430738494,0.288802238429003,,0.3333333333333333,0.0
2,2,refinement,0.8,1,0.2799930783601801,0.27662534846907083,,0.16666666666666666,0.0
2,2,refinement,0.8,2,0.31034188320394224,0.39387079551883286,,0.25,0.0
2,2,refinement,0.8,3,0.3287678727529504,0.39647709492356126,,0.28571428571428575,0.0
2,2,refinement,0.8,4,0.33215967274623615,0.4109490875609609,,0.28571428571428575,0.0
2,2,refinement,0.8,5,0.4218398953484117,0.3717159948532567,,0.25,0.3333333333333333
2,2,refinement,0.8,6,0.3043861653853586,0.3653359653190608,,0.22222222222222224,0.0
2,2,refinement,0.8,7,0.3580677898344355,0.3689608202409191,,0.3333333333333333,0.0
3,3,accumulation,N/A,0,0.4116345054395383,0.008862983664844205,,0.5263157894736842,0.5
3,3,accumulation,N/A,1,0.3330980588396758,0.0,,0.3333333333333333,0.0
3,3,accumulation,N/A,2,0.22545355304187947,0.04396814675552076,,0.11764705882352941,0.0
3,3,accumulation,N/A,3,0.2955277237323978,0.0251278363574236,,0.23529411764705882,0.0
3,3,accumulation,N/A,4,0.28849386693953505,0.08081540735795444,,0.5,0.2
3,3,accumulation,N/A,5,0.31059774431175824,0.0007875120462481503,,0.4333333333333333,0.0
3,3,accumulation,N/A,6,0.3988152847888975,0.0040793774213342794,,0.896551724137931,0.0
3,3,accumulation,N/A,7,0.22745514467357575,0.00580577379433278,,0.26666666666666666,0.16666666666666666
3,3,refinement,0.5,0,0.4116345054395383,0.008862983664844205,,0.5263157894736842,0.5
3,3,refinement,0.5,1,0.3288752957890862,0.008827341755292845,,0.4761904761904762,0.0
3,3,refinement,0.5,2,0.33240128927257384,0.014808882922430077,,0.35294117647058826,0.5
3,3,refinement,0.5,3,0.3323308356979765,0.014777952299797302,,0.35294117647058826,0.5
3,3,refinement,0.5,4,0.3323546823259371,0.014897520027754284,,0.35294117647058826,0.5
3,3,refinement,0.5,5,0.40853245404448585,0.009033211143863015,,0.5,0.5
3,3,refinement,0.5,6,0.22677087136226848,0.014837742324874151,,0.3157894736842105,0.0
3,3,refinement,0.5,7,0.4083762737716337,0.011335039322654778,,0.4444444444444445,0.5
3,3,refinement,0.8,0,0.4116345054395383,0.008862983664844205,,0.5263157894736842,0.5
3,3,refinement,0.8,1,0.33159907466273786,0.014617605994535285,,0.35294117647058826,0.5
3,3,refinement,0.8,2,0.3155861123202245,0.0,,0.23529411764705882,0.5
3,3,refinement,0.8,3,0.38799865959229085,0.0,,0.22222222222222224,0.5
3,3,refinement,0.8,4,0.32893845737373795,0.02826316801376882,,0.3157894736842105,0.3333333333333333
3,3,refinement,0.8,5,0.2610838898854059,0.006641727851476075,,0.15300546448087432,0.25
3,3,refinement,0.8,6,0.29681599365129246,2.241722256216753e-05,,0.5217391304347826,0.0
3,3,refinement,0.8,7,0.2934225395557073,0.010861185191210867,,0.5925925925925927,0.0
4,4,accumulation,N/A,0,0.2826135278996562,0.05701356161817065,,0.28571428571428575,0.25
4,4,accumulation,N/A,1,0.37923991987925476,0.22636454157664843,,0.13793103448275862,0.0
4,4,accumulation,N/A,2,0.4568435802734484,0.3319329067529294,,0.33333333333333337,0.5
4,4,accumulation,N/A,3,0.5013313072225781,0.36397995252291615,,0.15384615384615383,0.5
4,4,accumulation,N/A,4,0.38179952038607345,0.2544859854772943,,0.20000000000000004,0.0
4,4,accumulation,N/A,5,0.43387821280226135,0.388021455938697,,0.16666666666666669,0.0
4,4,accumulation,N/A,6,0.32469354806621514,0.01577156005295779,,0.45000000000000007,0.25
4,4,accumulation,N/A,7,0.39756338688589055,0.41204116921598816,,0.18181818181818182,0.0
4,4,refinement,0.5,0,0.2826135278996562,0.05701356161817065,,0.28571428571428575,0.25
4,4,refinement,0.5,1,0.3121417650244578,0.0636638843953905,,0.30769230769230765,0.3333333333333333
4,4,refinement,0.5,2,0.366419437388,0.06283935214066214,,0.33333333333333337,0.5
4,4,refinement,0.5,3,0.30981863327254244,0.06792510343084636,,0.28571428571428575,0.3333333333333333
4,4,refinement,0.5,4,0.36624542757669454,0.062264678144942354,,0.33333333333333337,0.5
4,4,refinement,0.5,5,0.3663642595239264,0.0630897081252863,,0.33333333333333337,0.5
4,4,refinement,0.5,6,0.3662819045588069,0.06238871136833867,,0.33333333333333337,0.5
4,4,refinement,0.5,7,0.36651411954597796,0.06296428127016643,,0.33333333333333337,0.5
4,4,refinement,0.8,0,0.2826135278996562,0.05701356161817065,,0.28571428571428575,0.25
4,4,refinement,0.8,1,0.28895491240660204,0.14291399445621383,,0.15384615384615383,0.0
4,4,refinement,0.8,2,0.3769741757449252,0.06676370693837937,,0.33333333333333337,0.5
4,4,refinement,0.8,3,0.3804963706880802,0.06701557779924176,,0.33333333333333337,0.5
4,4,refinement,0.8,4,0.25077684718499627,0.04482563257763945,,0.25,0.0
4,4,refinement,0.8,5,0.35170343050282127,0.00884564644440747,,0.23529411764705882,0.0
4,4,refinement,0.8,6,0.3758396999523105,0.05066458261475749,,0.33333333333333337,0.5
4,4,refinement,0.8,7,0.2843653570148448,0.001058162846340375,,0.15384615384615383,0.0
5,5,accumulation,N/A,0,0.35604987800645366,0.006872756364821166,,0.4754098360655738,0.0
5,5,accumulation,N/A,1,0.3415809648359349,0.00971930810365453,,0.5454545454545455,0.0
5,5,accumulation,N/A,2,0.43528559560515584,0.0661094330548422,,0.5538461538461538,0.5
5,5,accumulation,N/A,3,0.36530473131194535,0.05247723458407914,,0.4303797468354431,0.125
5,5,accumulation,N/A,4,0.4588338977129356,0.19334527589385136,,0.6875,0.25
5,5,accumulation,N/A,5,0.4354630992526154,0.06493356290489047,,0.6666666666666666,0.25
5,5,accumulation,N/A,6,0.3427140013669896,0.0038320298194984975,,0.39436619718309857,0.0
5,5,accumulation,N/A,7,0.4277989520117607,0.026784502828742958,,0.627906976744186,0.125
5,5,refinement,0.5,0,0.35604987800645366,0.006872756364821166,,0.4754098360655738,0.0
5,5,refinement,0.5,1,0.39167019559946326,0.015759665173328476,,0.4705882352941176,0.125
5,5,refinement,0.5,2,0.3899586317625266,0.020443932463399265,,0.5434782608695653,0.0
5,5,refinement,0.5,3,0.3587557967719549,0.007947554577853256,,0.5050505050505051,0.0
5,5,refinement,0.5,4,0.3886848325672787,0.010113905324402848,,0.5631067961165049,0.125
5,5,refinement,0.5,5,0.4038576811330442,0.014002532462837116,,0.6829268292682927,0.125
5,5,refinement,0.5,6,0.3785634900203356,0.018411510080281454,,0.641025641025641,0.0
5,5,refinement,0.5,7,0.35886115127223256,0.01941997522813094,,0.631578947368421,0.0
5,5,refinement,0.8,0,0.35604987800645366,0.006872756364821166,,0.4754098360655738,0.0
5,5,refinement,0.8,1,0.3581477959206908,0.025193303036187383,,0.5,0.0
5,5,refinement,0.8,2,0.3916792450665453,0.011339088342151587,,0.4307692307692308,0.25
5,5,refinement,0.8,3,0.4120410537354501,0.03276554337109021,,0.5517241379310345,0.125
5,5,refinement,0.8,4,0.3858124922320936,0.017906189682478157,,0.5853658536585366,0.125
5,5,refinement,0.8,5,0.38204209634578057,0.0274147879678424,,0.5581395348837209,0.0
5,5,refinement,0.8,6,0.3526011766554255,0.028825243216430114,,0.5753424657534246,0.0
5,5,refinement,0.8,7,0.3826087155159578,0.0222092043988567,,0.6024096385542168,0.125
6,6,accumulation,N/A,0,0.3825601171122682,0.29443053301195427,,0.4,0.0
6,6,accumulation,N/A,1,0.4250170272607551,0.31409266993997814,,0.28571428571428575,0.0
6,6,accumulation,N/A,2,0.4550635399989683,0.12497795826381565,,0.7499999999999999,0.5
6,6,accumulation,N/A,3,0.41773194278652265,0.2182346338287305,,0.6666666666666666,0.0
6,6,accumulation,N/A,4,0.35516526575323915,0.14326299449357183,,0.2,0.0
6,6,accumulation,N/A,5,0.33988191900542974,0.10565985227436045,,0.5714285714285715,0.0
6,6,accumulation,N/A,6,0.4881399694576824,0.30642302886728706,,0.8,0.0
6,6,accumulation,N/A,7,0.4171137733674907,0.30483300071750324,,0.5,0.0
6,6,refinement,0.5,0,0.3825601171122682,0.29443053301195427,,0.4,0.0
6,6,refinement,0.5,1,0.3827291973205539,0.29298472532130143,,0.4,0.0
6,6,refinement,0.5,2,0.3405385270031205,0.29298472532130143,,0.28571428571428575,0.0
6,6,refinement,0.5,3,0.33545827425169916,0.2951256064477502,,0.25,0.0
6,6,refinement,0.5,4,0.47270617159719563,0.29298472532130143,,0.5,0.0
6,6,refinement,0.5,5,0.3832613619493056,0.29298472532130143,,0.4,0.0
6,6,refinement,0.5,6,0.34135187370071474,0.2951256064477502,,0.28571428571428575,0.0
6,6,refinement,0.5,7,0.3731724063918751,0.2951256064477502,,0.3333333333333333,0.0
6,6,refinement,0.8,0,0.3825601171122682,0.29443053301195427,,0.4,0.0
6,6,refinement,0.8,1,0.48306225806153424,0.38173820462840463,,0.5,0.0
6,6,refinement,0.8,2,0.4830623785004195,0.390926804665773,,0.5,0.0
6,6,refinement,0.8,3,0.48519475646735866,0.3915831481524382,,0.5,0.0
6,6,refinement,0.8,4,0.38623651215598687,0.3068551126867513,,0.4,0.0
6,6,refinement,0.8,5,0.47714646585690923,0.3127296269869409,,0.5,0.0
6,6,refinement,0.8,6,0.4767114604628973,0.31002025503268,,0.5,0.0
6,6,refinement,0.8,7,0.47339064183762614,0.2834117748050986,,0.5,0.0
7,7,accumulation,N/A,0,0.27715715806960006,0.0054211282031215394,,0.2424242424242424,0.0
7,7,accumulation,N/A,1,0.2848976776803663,0.0022123287373627216,,0.5294117647058824,0.0
7,7,accumulation,N/A,2,0.29640633040069714,0.011835436252289158,,0.4578313253012048,0.125
7,7,accumulation,N/A,3,0.2700540018546636,0.002372874307496959,,0.21800947867298578,0.0
7,7,accumulation,N/A,4,0.2906391439665896,0.0017718593549632625,,0.42424242424242425,0.125
7,7,accumulation,N/A,5,0.3416290153504209,0.00847184418121077,,0.3835616438356165,0.125
7,7,accumulation,N/A,6,0.3408249300316399,0.015283618312780524,,0.2981366459627329,0.0
7,7,accumulation,N/A,7,0.2491582213332203,0.010746898588847458,,0.19999999999999998,0.0
7,7,refinement,0.5,0,0.27715715806960006,0.0054211282031215394,,0.2424242424242424,0.0
7,7,refinement,0.5,1,0.27709966814666664,0.006482115890707554,,0.2753623188405797,0.125
7,7,refinement,0.5,2,0.25950348333131623,0.005087467164532695,,0.29850746268656714,0.0
7,7,refinement,0.5,3,0.2577584538496157,0.00540508248143349,,0.3252032520325204,0.0
7,7,refinement,0.5,4,0.28540804300256395,0.005392937805520759,,0.3448275862068965,0.125
7,7,refinement,0.5,5,0.27781511028805034,0.005422033066003554,,0.31034482758620685,0.125
7,7,refinement,0.5,6,0.2973596657473657,0.005740976187533175,,0.2905982905982906,0.25
7,7,refinement,0.5,7,0.2791533074217417,0.0051260193710265115,,0.3089430894308943,0.125
7,7,refinement,0.8,0,0.27715715806960006,0.0054211282031215394,,0.2424242424242424,0.0
7,7,refinement,0.8,1,0.26922920615324836,0.00805694047513358,,0.24193548387096772,0.125
7,7,refinement,0.8,2,0.26496672891592155,0.007726159310910474,,0.3137254901960784,0.125
7,7,refinement,0.8,3,0.24620311157256664,0.016257221152653968,,0.2773722627737226,0.0
7,7,refinement,0.8,4,0.2554005446243024,0.011016577280120074,,0.3302752293577982,0.0
7,7,refinement,0.8,5,0.3224978369129299,0.016713513443816545,,0.3043478260869565,0.2857142857142857
7,7,refinement,0.8,6,0.287942391811778,0.012727939656604178,,0.3434343434343434,0.125
7,7,refinement,0.8,7,0.27944332957296625,0.011422062863431517,,0.33009708737864074,0.125
8,8,accumulation,N/A,0,0.25827237187100216,0.0033489201715099725,,0.4878048780487805,0.0
8,8,accumulation,N/A,1,0.3165994659326735,0.041528371224929805,,0.36842105263157887,0.0
8,8,accumulation,N/A,2,0.44436918362875205,0.07831633474641739,,0.5714285714285715,0.5
8,8,accumulation,N/A,3,0.3642269892323575,0.0033388581071310468,,0.46808510638297873,0.0
8,8,accumulation,N/A,4,0.3847408813215603,0.12552422939863597,,0.37209302325581395,0.16666666666666666
8,8,accumulation,N/A,5,0.3990756458884023,0.13143681040644414,,0.3829787234042554,0.16666666666666666
8,8,accumulation,N/A,6,0.3020243381279338,0.01294280187827803,,0.55,0.14285714285714285
8,8,accumulation,N/A,7,0.4218467253488122,0.004497880763361702,,0.6222222222222222,0.16666666666666666
8,8,refinement,0.5,0,0.25827237187100216,0.0033489201715099725,,0.4878048780487805,0.0
8,8,refinement,0.5,1,0.2590156159281812,0.0051313309645847705,,0.46511627906976744,0.0
8,8,refinement,0.5,2,0.2854503065262957,0.0,,0.45,0.0
8,8,refinement,0.5,3,0.2884223434811267,0.003956235176723816,,0.5128205128205129,0.16666666666666666
8,8,refinement,0.5,4,0.2561414526006374,0.004096353512204222,,0.46511627906976744,0.0
8,8,refinement,0.5,5,0.25031083596965936,0.00453980612621412,,0.41860465116279066,0.0
8,8,refinement,0.5,6,0.2550821559821165,0.004096353512204222,,0.4444444444444445,0.0
8,8,refinement,0.5,7,0.28293271243209867,0.003807317379728553,,0.5,0.16666666666666666
8,8,refinement,0.8,0,0.25827237187100216,0.0033489201715099725,,0.4878048780487805,0.0
8,8,refinement,0.8,1,0.3011700913846471,0.023962142455005588,,0.4210526315789474,0.16666666666666666
8,8,refinement,0.8,2,0.2688938824739813,0.01746338616803347,,0.411764705882353,0.0
8,8,refinement,0.8,3,0.37047063728724766,0.018569895509638376,,0.34285714285714286,0.5
8,8,refinement,0.8,4,0.36346922515833113,0.018922319890495438,,0.3902439024390244,0.5
8,8,refinement,0.8,5,0.26004969974306047,0.014690228135178647,,0.37209302325581395,0.16666666666666666
8,8,refinement,0.8,6,0.3055073760564584,0.030590965174758986,,0.2857142857142857,0.3333333333333333
8,8,refinement,0.8,7,0.25924876914355194,0.02095539657011173,,0.2857142857142857,0.16666666666666666
9,9,accumulation,N/A,0,0.4440015188114477,0.3850902961962072,,0.4,0.0
9,9,accumulation,N/A,1,0.8245083318764664,0.20910453213132332,,1.0,1.0
9,9,accumulation,N/A,2,0.8166149398005984,0.2654849767321036,,1.0,1.0
9,9,accumulation,N/A,3,0.5310838027299668,0.392525133787717,,0.6666666666666666,0.0
9,9,accumulation,N/A,4,0.5030786470177334,0.3147376655132722,,0.6666666666666666,0.0
9,9,accumulation,N/A,5,0.4761079798765844,0.2962548166804084,,0.6666666666666666,0.0
9,9,accumulation,N/A,6,0.7011408963991882,0.3252338089850917,,1.0,1.0
9,9,accumulation,N/A,7,0.6937027300972151,0.23672472671898281,,1.0,1.0
9,9,refinement,0.5,0,0.4440015188114477,0.3850902961962072,,0.4,0.0
9,9,refinement,0.5,1,0.44435472276848403,0.18479606044864103,,0.5714285714285715,0.3333333333333333
9,9,refinement,0.5,2,0.46129205010079455,0.18479606044864103,,0.6666666666666666,0.3333333333333333
9,9,refinement,0.5,3,0.46096579619684774,0.18479606044864103,,0.6666666666666666,0.3333333333333333
9,9,refinement,0.5,4,0.39627703829759064,0.18424506173281566,,0.5,0.2
9,9,refinement,0.5,5,0.711309063536892,0.18424506173281566,,1.0,1.0
9,9,refinement,0.5,6,0.7117004702863857,0.1904666746282183,,1.0,1.0
9,9,refinement,0.5,7,0.7124128278216415,0.1971231568318276,,1.0,1.0
9,9,refinement,0.8,0,0.4440015188114477,0.3850902961962072,,0.4,0.0
9,9,refinement,0.8,1,0.5790679432856801,0.39367757553343874,,0.6666666666666666,0.0
9,9,refinement,0.8,2,0.5805740410654633,0.18932532120268766,,0.8,0.5
9,9,refinement,0.8,3,0.5092498086202748,0.3221147381900368,,0.5714285714285715,0.3333333333333333
9,9,refinement,0.8,4,0.591300709267868,0.2760795171238407,,0.8,0.5
9,9,refinement,0.8,5,0.7562874108636033,0.24194453538816604,,1.0,1.0
9,9,refinement,0.8,6,0.7546776165897563,0.238045120272541,,1.0,1.0
9,9,refinement,0.8,7,0.5468852219136271,0.2506637097532028,,0.6666666666666666,0.5
10,10,accumulation,N/A,0,0.4776735937654486,0.39776671073933895,,0.4,0.5
10,10,accumulation,N/A,1,0.546176653423271,0.390420651233738,,0.6666666666666666,0.0
10,10,accumulation,N/A,2,0.4521573078565569,0.42901764054271296,,0.5714285714285715,0.3333333333333333
10,10,accumulation,N/A,3,0.24965837675837604,0.16458973619994932,,0.3636363636363636,0.0
10,10,accumulation,N/A,4,0.4191859957152099,0.2899921914982299,,0.5,0.25
10,10,accumulation,N/A,5,0.4883934596533976,0.4276050544497276,,0.4,0.5
10,10,accumulation,N/A,6,0.4556078607560539,0.4066047193861516,,0.6666666666666666,0.3333333333333333
10,10,accumulation,N/A,7,0.4079063549461493,0.482200403806599,,0.4,0.0
10,10,refinement,0.5,0,0.4776735937654486,0.39776671073933895,,0.4,0.5
10,10,refinement,0.5,1,0.6418805261310943,0.3935339523978549,,0.5,1.0
10,10,refinement,0.5,2,0.4773871548345796,0.3935339523978549,,0.4,0.5
10,10,refinement,0.5,3,0.4745701725770207,0.37385725477796206,,0.4,0.5
10,10,refinement,0.5,4,0.47393773601674416,0.3690019657548716,,0.4,0.5
10,10,refinement,0.5,5,0.6393254474700449,0.3690019657548716,,0.5,1.0
10,10,refinement,0.5,6,0.4139979101131286,0.36981834178530293,,0.3333333333333333,0.3333333333333333
10,10,refinement,0.5,7,0.47617564628630604,0.38928246503716046,,0.4,0.5
10,10,refinement,0.8,0,0.4776735937654486,0.39776671073933895,,0.4,0.5
10,10,refinement,0.8,1,0.5122515341228677,0.3715280282871554,,0.6666666666666666,0.0
10,10,refinement,0.8,2,0.3610061789137669,0.36740180278112106,,0.3333333333333333,0.0
10,10,refinement,0.8,3,0.5110707508435022,0.36243691355434915,,0.6666666666666666,0.0
10,10,refinement,0.8,4,0.5092480742208266,0.35070891781821634,,0.6666666666666666,0.0
10,10,refinement,0.8,5,0.5085674602280555,0.3515096231100393,,0.6666666666666666,0.0
10,10,refinement,0.8,6,0.6535966184042383,0.49499318919972984,,0.5,1.0
10,10,refinement,0.8,7,0.48861621700525415,0.5410937589195338,,0.3333333333333333,0.5
11,11,accumulation,N/A,0,0.27734366551491557,0.013393280782323094,,0.6086956521739131,0.0
11,11,accumulation,N/A,1,0.35583905700138924,0.011210589490451915,,0.41269841269841273,0.0
11,11,accumulation,N/A,2,0.3893887298718437,0.012645975015938525,,0.6373626373626373,0.0
11,11,accumulation,N/A,3,0.35843379405010634,0.01740756836642233,,0.509090909090909,0.0
11,11,accumulation,N/A,4,0.34140483435147845,0.0,,0.40322580645161293,0.0
11,11,accumulation,N/A,5,0.3713927875681324,0.024324712858717405,,0.3252032520325203,0.14285714285714285
11,11,accumulation,N/A,6,0.3231529062905037,0.0002709158553030693,,0.36170212765957444,0.14285714285714285
11,11,accumulation,N/A,7,0.40813477842718254,0.006991781443074416,,0.4752475247524752,0.14285714285714285
11,11,refinement,0.5,0,0.27734366551491557,0.013393280782323094,,0.6086956521739131,0.0
11,11,refinement,0.5,1,0.33131282635139647,0.010118097563380044,,0.6410256410256411,0.0
11,11,refinement,0.5,2,0.3160968287430516,0.016333320747508658,,0.6461538461538462,0.16666666666666666
11,11,refinement,0.5,3,0.2717941387211168,0.011467160586567991,,0.5507246376811595,0.0
11,11,refinement,0.5,4,0.25763106400278324,0.013285151038160973,,0.5846153846153846,0.0
11,11,refinement,0.5,5,0.29030687426541923,0.03365947902356809,,0.6984126984126985,0.0
11,11,refinement,0.5,6,0.3327234744537772,0.018946656734743668,,0.6451612903225806,0.16666666666666666
11,11,refinement,0.5,7,0.2832661239264545,0.013820941482397747,,0.6440677966101696,0.0
11,11,refinement,0.8,0,0.27734366551491557,0.013393280782323094,,0.6086956521739131,0.0
11,11,refinement,0.8,1,0.2634072686079501,0.018044346690469816,,0.5294117647058824,0.0
11,11,refinement,0.8,2,0.274402716624411,0.011011644655015047,,0.5846153846153846,0.0
11,11,refinement,0.8,3,0.286802456875753,0.013848379345247188,,0.4672897196261682,0.16666666666666666
11,11,refinement,0.8,4,0.26789007647656815,0.027157479440660798,,0.42105263157894735,0.14285714285714285
11,11,refinement,0.8,5,0.22036887538904648,0.024332293027412983,,0.42105263157894735,0.0
11,11,refinement,0.8,6,0.23305239580294718,0.02730725315308813,,0.39344262295081966,0.0
11,11,refinement,0.8,7,0.27758538945489597,0.028050652323385182,,0.5428571428571428,0.0
12,12,accumulation,N/A,0,0.30252117545963697,0.01513661198613213,,0.4551724137931034,0.0
12,12,accumulation,N/A,1,0.2654306166239522,0.0,,0.3300970873786408,0.0
12,12,accumulation,N/A,2,0.29345307378600405,0.003584146615599963,,0.5054945054945054,0.0
12,12,accumulation,N/A,3,0.3734530456998806,0.0,,0.6557377049180328,0.16666666666666666
12,12,accumulation,N/A,4,0.26246886236727845,0.0031034230310896267,,0.4070796460176991,0.125
12,12,accumulation,N/A,5,0.2954466679892078,0.0002175666803367762,,0.5625000000000001,0.14285714285714285
12,12,accumulation,N/A,6,0.23960567831735455,0.0014766331855682923,,0.0933852140077821,0.14285714285714285
12,12,accumulation,N/A,7,0.25102138591312073,0.0017304881740133995,,0.3614457831325302,0.0
12,12,refinement,0.5,0,0.30252117545963697,0.01513661198613213,,0.4551724137931034,0.0
12,12,refinement,0.5,1,0.3106853515719421,0.014185640107211038,,0.4647887323943662,0.0
12,12,refinement,0.5,2,0.33089503173102974,0.013923798129699535,,0.540983606557377,0.125
12,12,refinement,0.5,3,0.3535738288944277,0.016012626470919878,,0.5945945945945945,0.25
12,12,refinement,0.5,4,0.3194339298408187,0.007598470251454129,,0.5892857142857143,0.0
12,12,refinement,0.5,5,0.32412668835514613,0.007287405535243966,,0.5272727272727273,0.125
12,12,refinement,0.5,6,0.29555073039529905,0.007406343089890176,,0.46153846153846156,0.0
12,12,refinement,0.5,7,0.3222489088531172,0.009238105378397593,,0.5142857142857143,0.125
12,12,refinement,0.8,0,0.30252117545963697,0.01513661198613213,,0.4551724137931034,0.0
12,12,refinement,0.8,1,0.3143070341147678,0.003327788606090479,,0.5322580645161291,0.0
12,12,refinement,0.8,2,0.29216966159520086,0.003084947557850158,,0.5263157894736842,0.0
12,12,refinement,0.8,3,0.3208598449063994,0.003280117712379348,,0.576923076923077,0.125
12,12,refinement,0.8,4,0.30497937012169846,0.0001328687605538249,,0.3947368421052631,0.0
12,12,refinement,0.8,5,0.3050951441132576,0.005692866947222341,,0.5060240963855422,0.0
12,12,refinement,0.8,6,0.3228017637553675,0.01167299070783807,,0.43333333333333335,0.2857142857142857
12,12,refinement,0.8,7,0.24627266562533756,0.0,,0.3764705882352941,0.0
13,13,accumulation,N/A,0,0.6179435191979415,0.11038401635275863,,0.5,1.0
13,13,accumulation,N/A,1,0.7556307435112084,0.3366727333066943,,1.0,1.0
13,13,accumulation,N/A,2,0.8164629766029747,0.5951394572205115,,1.0,1.0
13,13,accumulation,N/A,3,0.5119127933573309,0.1398247673241922,,0.8,0.5
13,13,accumulation,N/A,4,0.5535313780464354,0.3683054297359973,,0.8,0.0
13,13,accumulation,N/A,5,0.278277184389378,0.12201120681468705,,0.17391304347826084,0.0
13,13,accumulation,N/A,6,0.5090790129880499,0.2711537451594058,,0.8,0.0
13,13,accumulation,N/A,7,0.26964457748501336,0.10840041123359623,,0.14285714285714288,0.0
13,13,refinement,0.5,0,0.6179435191979415,0.11038401635275863,,0.5,1.0
13,13,refinement,0.5,1,0.4528823008865513,0.1059500823405686,,0.4,0.5
13,13,refinement,0.5,2,0.6179073003129563,0.10570595772688053,,0.5,1.0
13,13,refinement,0.5,3,0.6172295241970797,0.10182630188640932,,0.5,1.0
13,13,refinement,0.5,4,0.45230513504070297,0.10559764640072074,,0.4,0.5
13,13,refinement,0.5,5,0.6172243476572288,0.10521363411734848,,0.5,1.0
13,13,refinement,0.5,6,0.45240261462076725,0.10511436197783407,,0.4,0.5
13,13,refinement,0.5,7,0.4427274526586852,0.10112886146252971,,0.3333333333333333,0.5
13,13,refinement,0.8,0,0.6179435191979415,0.11038401635275863,,0.5,1.0
13,13,refinement,0.8,1,0.6288302436016958,0.08977766272693974,,0.5,1.0
13,13,refinement,0.8,2,0.6295226053053453,0.09790499535367773,,0.5,1.0
13,13,refinement,0.8,3,0.6332441977044492,0.1120997623776925,,0.5,1.0
13,13,refinement,0.8,4,0.6297411923780751,0.10946884958719565,,0.5,1.0
13,13,refinement,0.8,5,0.5501102133272299,0.43087610523821596,,0.4,0.5
13,13,refinement,0.8,6,0.7237897249938455,0.42053042546373026,,0.5,1.0
13,13,refinement,0.8,7,0.6404750413203429,0.10143965364181444,,0.5,1.0
14,14,accumulation,N/A,0,0.3503503558591784,0.06198444241816821,,0.24242424242424246,0.0
14,14,accumulation,N/A,1,0.3242238566455572,0.0965845918867251,,0.11764705882352941,0.0
14,14,accumulation,N/A,2,0.5180074617011237,0.040049421344897036,,0.631578947368421,0.3333333333333333
14,14,accumulation,N/A,3,0.3823103101180827,0.04879970711683964,,0.3333333333333333,0.0
14,14,accumulation,N/A,4,0.349337456095977,0.0944600427026999,,0.18181818181818182,0.3333333333333333
14,14,accumulation,N/A,5,0.41138570873121294,0.06254820429336405,,0.125,0.3333333333333333
14,14,accumulation,N/A,6,0.3558533847652525,0.040187665858135366,,0.10638297872340424,0.25
14,14,accumulation,N/A,7,0.4475761407700485,0.06492381372083642,,0.6,0.3333333333333333
14,14,refinement,0.5,0,0.3503503558591784,0.06198444241816821,,0.24242424242424246,0.0
14,14,refinement,0.5,1,0.3945883776645279,0.06146465869394235,,0.36363636363636365,0.0
14,14,refinement,0.5,2,0.3457809299461785,0.061343871656744015,,0.36363636363636365,0.0
14,14,refinement,0.5,3,0.407191852858281,0.04866045902059542,,0.4761904761904762,0.25
14,14,refinement,0.5,4,0.39467189681799375,0.061750226414731074,,0.47058823529411764,0.0
14,14,refinement,0.5,5,0.40535978022645763,0.04949233897655602,,0.3846153846153846,0.25
14,14,refinement,0.5,6,0.4776843961893539,0.04124361581379669,,0.4,0.3333333333333333
14,14,refinement,0.5,7,0.5271061362850886,0.035217540163205684,,0.4827586206896552,0.6666666666666666
14,14,refinement,0.8,0,0.3503503558591784,0.06198444241816821,,0.24242424242424246,0.0
14,14,refinement,0.8,1,0.38830656615780496,0.06275357036102108,,0.27586206896551724,0.0
14,14,refinement,0.8,2,0.38945783569168546,0.06251188758663051,,0.27586206896551724,0.0
14,14,refinement,0.8,3,0.3729586331174846,0.051080990148833307,,0.2777777777777778,0.0
14,14,refinement,0.8,4,0.386059242035641,0.044490196917760974,,0.35714285714285715,0.0
14,14,refinement,0.8,5,0.4692074778730577,0.04606790425016482,,0.21739130434782608,0.3333333333333333
14,14,refinement,0.8,6,0.36180888650434206,0.05870323046850989,,0.29629629629629634,0.0
14,14,refinement,0.8,7,0.43913633205970104,0.05254604707668742,,0.4166666666666667,0.0
15,15,accumulation,N/A,0,0.27291817826984704,0.035955025273842464,,0.2413793103448276,0.0
15,15,accumulation,N/A,1,0.24808643456755525,0.031763860343077516,,0.1785714285714286,0.0
15,15,accumulation,N/A,2,0.2508827261336326,0.027168821570041767,,0.23333333333333336,0.0
15,15,accumulation,N/A,3,0.2526454315174567,0.032446992150250695,,0.2545454545454546,0.2
15,15,accumulation,N/A,4,0.2484928011550664,0.012557351196617763,,0.1694915254237288,0.0
15,15,accumulation,N/A,5,0.22312584205052025,0.007439091817158021,,0.18867924528301885,0.0
15,15,accumulation,N/A,6,0.3304780281972576,0.011859546716009693,,0.27586206896551724,0.0
15,15,accumulation,N/A,7,0.21297786566897736,0.009865184152889176,,0.24561403508771928,0.0
15,15,refinement,0.5,0,0.27291817826984704,0.035955025273842464,,0.2413793103448276,0.0
15,15,refinement,0.5,1,0.2336813331896101,0.048709382841675045,,0.1785714285714286,0.0
15,15,refinement,0.5,2,0.29568351027065626,0.036490778939771644,,0.2413793103448276,0.0
15,15,refinement,0.5,3,0.23299612530853991,0.050344489839870964,,0.1785714285714286,0.0
15,15,refinement,0.5,4,0.25793335915471527,0.04071506066055834,,0.21052631578947367,0.0
15,15,refinement,0.5,5,0.2826887731176054,0.03459810058367853,,0.2413793103448276,0.0
15,15,refinement,0.5,6,0.23278206435489857,0.04906980417317837,,0.1785714285714286,0.0
15,15,refinement,0.5,7,0.22076579544456393,0.04004144309014295,,0.20689655172413793,0.0
15,15,refinement,0.8,0,0.27291817826984704,0.035955025273842464,,0.2413793103448276,0.0
15,15,refinement,0.8,1,0.22827696397334146,0.025516861349957388,,0.18867924528301885,0.0
15,15,refinement,0.8,2,0.28361552497059733,0.0008926237925358616,,0.2545454545454546,0.0
15,15,refinement,0.8,3,0.23063242040688176,0.0899207522911706,,0.18867924528301885,0.0
15,15,refinement,0.8,4,0.25566281834650695,0.049171886589033105,,0.21818181818181817,0.0
15,15,refinement,0.8,5,0.26168057612224416,0.07094710520264105,,0.1851851851851852,0.0
15,15,refinement,0.8,6,0.2687939308603543,0.057465512689809484,,0.18181818181818182,0.0
15,15,refinement,0.8,7,0.2638849525522624,0.04577016125474669,,0.2222222222222222,0.0
16,16,accumulation,N/A,0,0.34984522219241976,0.09114901082001597,,0.23529411764705882,0.25
16,16,accumulation,N/A,1,0.5553514429526691,0.0807658772724003,,0.2857142857142857,0.5
16,16,accumulation,N/A,2,0.40512604321714735,0.06648861994847723,,0.20512820512820512,0.0
16,16,accumulation,N/A,3,0.40390745664852806,0.11618201729813482,,0.163265306122449,0.0
16,16,accumulation,N/A,4,0.5359482951395218,0.08575821841203338,,0.2666666666666667,0.5
16,16,accumulation,N/A,5,0.3158955029336864,3.4232928907087304e-05,,0.2222222222222222,0.0
16,16,accumulation,N/A,6,0.36866437902480453,0.11970042977668338,,0.2424242424242424,0.0
16,16,accumulation,N/A,7,0.3252701795173346,0.07748205208892181,,0.3076923076923077,0.0
16,16,refinement,0.5,0,0.34984522219241976,0.09114901082001597,,0.23529411764705882,0.25
16,16,refinement,0.5,1,0.3157811216538592,0.09744650274734289,,0.1568627450980392,0.2
16,16,refinement,0.5,2,0.3351482847860252,0.09640681195433508,,0.17777777777777776,0.25
16,16,refinement,0.5,3,0.3846363101846913,0.10137567566938914,,0.23529411764705882,0.3333333333333333
16,16,refinement,0.5,4,0.4655629603229993,0.09957138247453597,,0.2424242424242424,0.5
16,16,refinement,0.5,5,0.30188969164682744,0.09990492851569818,,0.1951219512195122,0.0
16,16,refinement,0.5,6,0.3806996829824004,0.09945832191880584,,0.2285714285714286,0.0
16,16,refinement,0.5,7,0.38189051873820334,0.1279572837653003,,0.2222222222222222,0.0
16,16,refinement,0.8,0,0.34984522219241976,0.09114901082001597,,0.23529411764705882,0.25
16,16,refinement,0.8,1,0.3829623213580919,0.09459230006161777,,0.21621621621621626,0.0
16,16,refinement,0.8,2,0.47281640493759247,0.09531801278674817,,0.3636363636363636,0.5
16,16,refinement,0.8,3,0.46553860271625797,0.09477850537669977,,0.29629629629629634,0.5
16,16,refinement,0.8,4,0.3968308852208251,0.09477850537669977,,0.3076923076923077,0.3333333333333333
16,16,refinement,0.8,5,0.4748718204697048,0.10294905570808703,,0.32,0.5
16,16,refinement,0.8,6,0.4610080430261736,0.09072220394699776,,0.23529411764705882,0.5
16,16,refinement,0.8,7,0.46607524948704615,0.10373214989153164,,0.2424242424242424,0.5
17,17,accumulation,N/A,0,0.2919278763902258,0.008002710010994231,,0.40883977900552493,0.0
17,17,accumulation,N/A,1,0.3752091334084643,0.0058538066932839646,,0.6206896551724138,0.0
17,17,accumulation,N/A,2,0.401557379493305,0.005844403648820848,,0.5285714285714286,0.14285714285714285
17,17,accumulation,N/A,3,0.3491500880115142,0.0017749804115426333,,0.4077669902912622,0.0
17,17,accumulation,N/A,4,0.351984473740875,0.00023430372320479417,,0.4444444444444444,0.0
17,17,accumulation,N/A,5,0.33413270897217984,0.00994370854694008,,0.5660377358490567,0.125
17,17,accumulation,N/A,6,0.33791328128741055,0.008095368846111938,,0.33707865168539325,0.0
17,17,accumulation,N/A,7,0.4360291913947046,0.0682333442388208,,0.5964912280701754,0.0
17,17,refinement,0.5,0,0.2919278763902258,0.008002710010994231,,0.40883977900552493,0.0
17,17,refinement,0.5,1,0.29152163030534695,0.009611104804572087,,0.37735849056603776,0.0
17,17,refinement,0.5,2,0.30132333063327055,0.0017793648866004845,,0.3870967741935484,0.125
17,17,refinement,0.5,3,0.3411259009461201,0.004846905432684485,,0.35211267605633806,0.2857142857142857
17,17,refinement,0.5,4,0.3029695555547165,0.006841459578811062,,0.3188405797101449,0.25
17,17,refinement,0.5,5,0.3269032617648242,0.00897858965221137,,0.3611111111111111,0.25
17,17,refinement,0.5,6,0.3125215640546204,0.001391708177952448,,0.35294117647058826,0.125
17,17,refinement,0.5,7,0.2979317834483675,0.0016550752757067088,,0.32,0.25
17,17,refinement,0.8,0,0.2919278763902258,0.008002710010994231,,0.40883977900552493,0.0
17,17,refinement,0.8,1,0.2923607549292905,0.0037101540694816615,,0.41052631578947363,0.0
17,17,refinement,0.8,2,0.31292029637656593,0.0044373219645341124,,0.43200000000000005,0.0
17,17,refinement,0.8,3,0.3105250179643634,0.0008778783792163343,,0.4525547445255474,0.0
17,17,refinement,0.8,4,0.34226213505014014,0.003141415832556222,,0.43902439024390244,0.14285714285714285
17,17,refinement,0.8,5,0.3333452693024385,0.0,,0.43356643356643354,0.14285714285714285
17,17,refinement,0.8,6,0.34392962297335267,0.0016956766465302203,,0.5064935064935064,0.14285714285714285
17,17,refinement,0.8,7,0.2958166295508743,0.0007265497558383782,,0.42603550295857984,0.0
18,18,accumulation,N/A,0,0.25929008869299747,0.003522367869527118,,0.16184971098265896,0.0
18,18,accumulation,N/A,1,0.37974264001587954,0.03770201366959271,,0.32,0.2857142857142857
18,18,accumulation,N/A,2,0.35257039620630887,0.007152481020758757,,0.7333333333333334,0.0
18,18,accumulation,N/A,3,0.2715265335702457,0.0,,0.4444444444444445,0.0
18,18,accumulation,N/A,4,0.2244676484402454,0.0,,0.22222222222222224,0.0
18,18,accumulation,N/A,5,0.27845400985942736,0.0,,0.3333333333333333,0.0
18,18,accumulation,N/A,6,0.2941071952152569,0.0,,0.32653061224489793,0.0
18,18,accumulation,N/A,7,0.2862173455599594,0.005099838738524261,,0.033962264150943396,0.16666666666666666
18,18,refinement,0.5,0,0.25929008869299747,0.003522367869527118,,0.16184971098265896,0.0
18,18,refinement,0.5,1,0.25997055104611977,0.0026767468190709,,0.1761006289308176,0.0
18,18,refinement,0.5,2,0.27488854439918053,0.002443585250916791,,0.2014388489208633,0.0
18,18,refinement,0.5,3,0.27506712645813247,0.004401505831004001,,0.2028985507246377,0.0
18,18,refinement,0.5,4,0.30801637075832156,0.005113891983442454,,0.2434782608695652,0.0
18,18,refinement,0.5,5,0.29117852216420614,0.004849391436393125,,0.2641509433962264,0.0
18,18,refinement,0.5,6,0.29365938342038217,0.015660774999558768,,0.25225225225225223,0.0
18,18,refinement,0.5,7,0.2935702144645998,0.01416219002576893,,0.27184466019417475,0.0
18,18,refinement,0.8,0,0.25929008869299747,0.003522367869527118,,0.16184971098265896,0.0
18,18,refinement,0.8,1,0.2837772008085995,0.006410544615292386,,0.2608695652173913,0.0
18,18,refinement,0.8,2,0.28206936144874933,0.0,,0.2622950819672131,0.0
18,18,refinement,0.8,3,0.3083885066537908,0.00014812938439783487,,0.31578947368421056,0.0
18,18,refinement,0.8,4,0.31545547242316296,0.0,,0.0915032679738562,0.125
18,18,refinement,0.8,5,0.337776105621992,0.0,,0.36363636363636365,0.0
18,18,refinement,0.8,6,0.3364774698615014,0.0,,0.36363636363636365,0.25
18,18,refinement,0.8,7,0.4194314806216548,0.0,,0.5,0.3333333333333333
19,19,accumulation,N/A,0,0.3177851440962988,0.0033917904291508507,,0.4578313253012048,0.0
19,19,accumulation,N/A,1,0.3805997139653605,0.019836145844182886,,0.6407766990291263,0.0
19,19,accumulation,N/A,2,0.36874991148393377,0.0011934259166311917,,0.62,0.14285714285714285
19,19,accumulation,N/A,3,0.35656563391919976,0.013197874813426339,,0.5755395683453237,0.0
19,19,accumulation,N/A,4,0.3357195192222171,0.016006971272966825,,0.6190476190476191,0.125
19,19,accumulation,N/A,5,0.40567585024036756,0.010086489480687313,,0.5864661654135338,0.2857142857142857
19,19,accumulation,N/A,6,0.3242112150678744,0.012303361214695876,,0.5660377358490567,0.0
19,19,accumulation,N/A,7,0.39596239711845377,0.016005076244957558,,0.6153846153846153,0.16666666666666666
19,19,refinement,0.5,0,0.3177851440962988,0.0033917904291508507,,0.4578313253012048,0.0
19,19,refinement,0.5,1,0.30149487228671185,0.004793174806998136,,0.4832214765100671,0.0
19,19,refinement,0.5,2,0.30785925277914633,0.004606513991272961,,0.5263157894736843,0.0
19,19,refinement,0.5,3,0.3497006808791857,0.0057725178639456394,,0.5511811023622046,0.125
19,19,refinement,0.5,4,0.3124878293500052,0.008917742567070269,,0.5454545454545454,0.0
19,19,refinement,0.5,5,0.338084476586799,0.006460533635009125,,0.5739130434782609,0.125
19,19,refinement,0.5,6,0.36058399789450196,0.005059963166387484,,0.6542056074766355,0.14285714285714285
19,19,refinement,0.5,7,0.3571798925173123,0.012621610100863587,,0.6153846153846153,0.14285714285714285
19,19,refinement,0.8,0,0.3177851440962988,0.0033917904291508507,,0.4578313253012048,0.0
19,19,refinement,0.8,1,0.3084620898323006,0.006234673258561713,,0.5,0.0
19,19,refinement,0.8,2,0.3549105780078871,0.008010614528571427,,0.5961538461538461,0.14285714285714285
19,19,refinement,0.8,3,0.31296726539623254,0.004838655781678729,,0.562962962962963,0.0
19,19,refinement,0.8,4,0.3240720476912701,0.004383804369498557,,0.5438596491228069,0.0
19,19,refinement,0.8,5,0.3100052287076288,0.004490853337307218,,0.5391304347826087,0.0
19,19,refinement,0.8,6,0.334552807084568,0.010159499258208306,,0.5961538461538461,0.0
19,19,refinement,0.8,7,0.34375118873705207,0.007247294418198802,,0.5423728813559323,0.0
20,20,accumulation,N/A,0,0.322750199534644,0.0039601999312338125,,0.38709677419354843,0.0
20,20,accumulation,N/A,1,0.3534165586345705,0.007500568981046682,,0.505050505050505,0.0
20,20,accumulation,N/A,2,0.36360053921938323,0.0021761184817050026,,0.5420560747663551,0.0
20,20,accumulation,N/A,3,0.2546344525593436,0.00020562950778646197,,0.25,0.14285714285714285
20,20,accumulation,N/A,4,0.23549703153968962,0.0001881248432292974,,0.2580645161290323,0.0
20,20,accumulation,N/A,5,0.31139708402058974,0.004636045548471276,,0.3578947368421052,0.0
20,20,accumulation,N/A,6,0.25339110458084735,0.013205602117584946,,0.17567567567567569,0.0
20,20,accumulation,N/A,7,0.3748893228238913,0.016681501087060784,,0.5294117647058824,0.0
20,20,refinement,0.5,0,0.322750199534644,0.0039601999312338125,,0.38709677419354843,0.0
20,20,refinement,0.5,1,0.3224790054820224,0.0007296017684018865,,0.4107142857142857,0.0
20,20,refinement,0.5,2,0.32505988090809357,0.0,,0.3368421052631579,0.14285714285714285
20,20,refinement,0.5,3,0.3151717565220167,0.0,,0.3913043478260869,0.0
20,20,refinement,0.5,4,0.33479512491852037,0.00022518610708004044,,0.4235294117647059,0.0
20,20,refinement,0.5,5,0.30838008230302494,0.0001750239148142688,,0.36734693877551017,0.0
20,20,refinement,0.5,6,0.3119350235474096,0.0,,0.39473684210526316,0.0
20,20,refinement,0.5,7,0.3012404401425545,0.0,,0.3617021276595745,0.0
20,20,refinement,0.8,0,0.322750199534644,0.0039601999312338125,,0.38709677419354843,0.0
20,20,refinement,0.8,1,0.3426897423007877,0.005712412178706333,,0.367816091954023,0.125
20,20,refinement,0.8,2,0.3306197360948131,0.0006996431941124756,,0.34234234234234234,0.0
20,20,refinement,0.8,3,0.3349307175583931,0.0,,0.4235294117647059,0.0
20,20,refinement,0.8,4,0.28839205529813783,0.0,,0.2898550724637681,0.0
20,20,refinement,0.8,5,0.3518406672434977,0.003633393678794727,,0.44117647058823534,0.14285714285714285
20,20,refinement,0.8,6,0.3419694877786007,0.0034770358739383295,,0.4,0.14285714285714285
20,20,refinement,0.8,7,0.3402271567215584,0.03030032522010668,,0.39999999999999997,0.0
21,21,accumulation,N/A,0,0.4190251521537256,0.04246601309886271,,0.32,0.5
21,21,accumulation,N/A,1,0.44485707741727404,0.1427718740539131,,0.2702702702702703,0.5
21,21,accumulation,N/A,2,0.4723034826088909,0.16264280432022457,,0.5161290322580645,0.4
21,21,accumulation,N/A,3,0.2974675945223121,0.09994863915476812,,0.1694915254237288,0.0
21,21,accumulation,N/A,4,0.4674697896072971,0.14782824759883204,,0.45714285714285713,0.25
21,21,accumulation,N/A,5,0.3894155865717509,0.10018617172549324,,0.7272727272727272,0.0
21,21,accumulation,N/A,6,0.38483196715131207,0.08599338228750698,,0.64,0.0
21,21,accumulation,N/A,7,0.32206829628232747,0.06962421148858709,,0.2857142857142857,0.0
21,21,refinement,0.5,0,0.4190251521537256,0.04246601309886271,,0.32,0.5
21,21,refinement,0.5,1,0.34604224358119984,0.0915671322648067,,0.17391304347826086,0.0
21,21,refinement,0.5,2,0.34772422295175154,0.06008472344924951,,0.24,0.0
21,21,refinement,0.5,3,0.35224773922752745,0.05912051800575563,,0.2608695652173913,0.0
21,21,refinement,0.5,4,0.3487723987209431,0.06334341214902388,,0.22222222222222224,0.0
21,21,refinement,0.5,5,0.3493507929687133,0.053998389000542324,,0.24,0.0
21,21,refinement,0.5,6,0.32556753847739,0.04138081395348837,,0.29629629629629634,0.0
21,21,refinement,0.5,7,0.3452231628587125,0.08252583979328164,,0.1818181818181818,0.0
21,21,refinement,0.8,0,0.4190251521537256,0.04246601309886271,,0.32,0.5
21,21,refinement,0.8,1,0.35152315651191507,0.0,,0.35714285714285715,0.0
21,21,refinement,0.8,2,0.3656091660653596,0.0,,0.0909090909090909,0.25
21,21,refinement,0.8,3,0.3247196411798342,0.0,,0.06896551724137931,0.0
21,21,refinement,0.8,4,0.3280958575583607,0.0,,0.09523809523809525,0.0
21,21,refinement,0.8,5,0.32709952738816517,0.0,,0.0909090909090909,0.0
21,21,refinement,0.8,6,0.3423711168773104,0.012790672233543153,,0.2,0.0
21,21,refinement,0.8,7,0.3654171870990464,0.014396901185409164,,0.2631578947368421,0.0
22,22,accumulation,N/A,0,0.2847190106619493,0.003567776024120517,,0.43037974683544306,0.0
22,22,accumulation,N/A,1,0.28799662376773727,0.016304534289356517,,0.40476190476190477,0.14285714285714285
22,22,accumulation,N/A,2,0.36699361531025065,0.0064972076201916164,,0.41481481481481475,0.0
22,22,accumulation,N/A,3,0.4027763229096015,0.008805769421333327,,0.5161290322580645,0.14285714285714285
22,22,accumulation,N/A,4,0.3374707616490556,0.005941872557568487,,0.5370370370370371,0.0
22,22,accumulation,N/A,5,0.39586237207467767,0.0,,0.5714285714285714,0.14285714285714285
22,22,accumulation,N/A,6,0.3127447045798328,0.011025465785050415,,0.4915254237288136,0.0
22,22,accumulation,N/A,7,0.3430310319213692,0.0035139241792122985,,0.4054054054054054,0.0
22,22,refinement,0.5,0,0.2847190106619493,0.003567776024120517,,0.43037974683544306,0.0
22,22,refinement,0.5,1,0.2991794042580782,0.0012081065249034903,,0.5147058823529412,0.0
22,22,refinement,0.5,2,0.3401809845443333,0.0036080999892802745,,0.5147058823529412,0.14285714285714285
22,22,refinement,0.5,3,0.31854108514106877,0.0040854883025296254,,0.488888888888889,0.0
22,22,refinement,0.5,4,0.33922757418292665,0.004379975785095897,,0.5116279069767442,0.14285714285714285
22,22,refinement,0.5,5,0.3347121060574027,0.016048082273138437,,0.484375,0.14285714285714285
22,22,refinement,0.5,6,0.32189944105626267,0.016257917285026124,,0.5112781954887218,0.0
22,22,refinement,0.5,7,0.31979179722633544,0.014169098023263717,,0.5042016806722688,0.0
22,22,refinement,0.8,0,0.2847190106619493,0.003567776024120517,,0.43037974683544306,0.0
22,22,refinement,0.8,1,0.3098768265562121,0.0022362862239746675,,0.4525547445255474,0.0
22,22,refinement,0.8,2,0.2876295578443694,0.0022274621570159375,,0.5084745762711864,0.0
22,22,refinement,0.8,3,0.34582379408522756,0.004541124210573921,,0.4375,0.14285714285714285
22,22,refinement,0.8,4,0.3994477789496159,0.0050521827039599,,0.47500000000000003,0.42857142857142855
22,22,refinement,0.8,5,0.3249261503465418,0.005766495898635904,,0.44000000000000006,0.0
22,22,refinement,0.8,6,0.3775138975635675,0.011021748038292579,,0.4693877551020408,0.14285714285714285
22,22,refinement,0.8,7,0.3796333996622101,0.006308097456409204,,0.5531914893617021,0.14285714285714285
23,23,accumulation,N/A,0,0.33190493183136704,0.09344049997239821,,0.3214285714285714,0.0
23,23,accumulation,N/A,1,0.3343489583577934,0.1746635812859071,,0.17204301075268819,0.0
23,23,accumulation,N/A,2,0.35734081226319664,0.1023043923268018,,0.2807017543859649,0.0
23,23,accumulation,N/A,3,0.3013256110825032,0.039942172085370015,,0.35294117647058826,0.0
23,23,accumulation,N/A,4,0.3990984331456899,0.09770587452710244,,0.3829787234042553,0.25
23,23,accumulation,N/A,5,0.3153641089471498,0.1119173935417655,,0.21686746987951808,0.14285714285714285
23,23,accumulation,N/A,6,0.3982569855225877,0.037116382700433805,,0.40909090909090906,0.25
23,23,accumulation,N/A,7,0.3963810763339757,0.07289898785782217,,0.375,0.2
23,23,refinement,0.5,0,0.33190493183136704,0.09344049997239821,,0.3214285714285714,0.0
23,23,refinement,0.5,1,0.3578489649158234,0.09013112122419017,,0.3673469387755102,0.0
23,23,refinement,0.5,2,0.3592632141479045,0.0909832877849785,,0.3673469387755102,0.0
23,23,refinement,0.5,3,0.3649569897016491,0.09135989467882354,,0.4186046511627907,0.0
23,23,refinement,0.5,4,0.3617070766288461,0.08093400102070938,,0.4166666666666667,0.0
23,23,refinement,0.5,5,0.35359501919147424,0.03606318335322548,,0.39999999999999997,0.0
23,23,refinement,0.5,6,0.3610193737161577,0.09019227787617486,,0.391304347826087,0.0
23,23,refinement,0.5,7,0.3247292970951709,0.09117388113286393,,0.375,0.0
23,23,refinement,0.8,0,0.33190493183136704,0.09344049997239821,,0.3214285714285714,0.0
23,23,refinement,0.8,1,0.2897630396213652,0.03989513366655722,,0.30508474576271183,0.0
23,23,refinement,0.8,2,0.31642875286351285,0.08489117790883413,,0.391304347826087,0.0
23,23,refinement,0.8,3,0.2975805533039244,0.081497695782848,,0.24,0.0
23,23,refinement,0.8,4,0.3133852221457937,0.08200824436283982,,0.16981132075471697,0.0
23,23,refinement,0.8,5,0.3048133492769586,0.03545500687442145,,0.20224719101123595,0.0
23,23,refinement,0.8,6,0.2913180969786908,0.08312810068611849,,0.1875,0.0
23,23,refinement,0.8,7,0.35576030337669434,0.07127941627970198,,0.36666666666666664,0.0
24,24,accumulation,N/A,0,0.4933487281363833,0.45907448857349753,,0.5,0.3333333333333333
24,24,accumulation,N/A,1,0.7951256554586301,0.7400926560527926,,1.0,1.0
24,24,accumulation,N/A,2,0.7225684958494001,0.711623943176436,,1.0,1.0
24,24,accumulation,N/A,3,0.767738180410942,0.5770167399456863,,1.0,1.0
24,24,accumulation,N/A,4,0.5084202181721841,0.31412942849661174,,0.6666666666666666,0.5
24,24,accumulation,N/A,5,0.6747496038919172,0.29874283287982556,,1.0,1.0
24,24,accumulation,N/A,6,0.525038886079368,0.36742057568173664,,0.6666666666666666,0.5
24,24,accumulation,N/A,7,0.861663269410385,0.7219330427195968,,1.0,1.0
24,24,refinement,0.5,0,0.4933487281363833,0.45907448857349753,,0.5,0.3333333333333333
24,24,refinement,0.5,1,0.4699746923115391,0.46814366266057555,,0.33333333333333337,0.3333333333333333
24,24,refinement,0.5,2,0.5430991639585636,0.4559269378807,,0.5,0.5
24,24,refinement,0.5,3,0.5711150178112587,0.47222334599530824,,0.6666666666666666,0.5
24,24,refinement,0.5,4,0.4951582448058762,0.4742899689537121,,0.5,0.3333333333333333
24,24,refinement,0.5,5,0.7689909111317806,0.45991754565208476,,1.0,1.0
24,24,refinement,0.5,6,0.544186792123916,0.46222868909757264,,0.5,0.5
24,24,refinement,0.5,7,0.7695044738735735,0.4655585602460058,,1.0,1.0
24,24,refinement,0.8,0,0.4933487281363833,0.45907448857349753,,0.5,0.3333333333333333
24,24,refinement,0.8,1,0.4628365797995429,0.43080858935930877,,0.2857142857142857,0.3333333333333333
24,24,refinement,0.8,2,0.5703062923782153,0.4286381450702777,,0.6666666666666666,0.5
24,24,refinement,0.8,3,0.5762460946921127,0.4466967219066346,,0.6666666666666666,0.5
24,24,refinement,0.8,4,0.7768800253233278,0.4368979064864392,,1.0,1.0
24,24,refinement,0.8,5,0.5844027395775039,0.49044054862763914,,0.6666666666666666,0.5
24,24,refinement,0.8,6,0.7839387852750775,0.4858748145567524,,1.0,1.0
24,24,refinement,0.8,7,0.5836817578953128,0.4858748145567524,,0.6666666666666666,0.5
25,25,accumulation,N/A,0,0.19548297886821445,0.004032742531194573,,0.3703703703703704,0.0
25,25,accumulation,N/A,1,0.33909721119857095,0.01974924317302117,,0.3218390804597701,0.16666666666666666
25,25,accumulation,N/A,2,0.25470115018936607,0.015586164043082064,,0.4383561643835617,0.125
25,25,accumulation,N/A,3,0.1477789063719179,0.0,,0.20689655172413793,0.0
25,25,accumulation,N/A,4,0.30596781893115677,0.005693656696104252,,0.43902439024390244,0.16666666666666666
25,25,accumulation,N/A,5,0.2282510110467379,0.0006044282404747524,,0.3076923076923077,0.0
25,25,accumulation,N/A,6,0.271215372036081,0.008428659683425854,,0.3846153846153847,0.0
25,25,accumulation,N/A,7,0.33559869680021026,0.014885729230419701,,0.36619718309859156,0.0
25,25,refinement,0.5,0,0.19548297886821445,0.004032742531194573,,0.3703703703703704,0.0
25,25,refinement,0.5,1,0.16953509982675874,0.004356402152295629,,0.35000000000000003,0.0
25,25,refinement,0.5,2,0.17038164854635598,0.004541443445158672,,0.368421052631579,0.0
25,25,refinement,0.5,3,0.18225387763035011,0.004580687934305579,,0.36619718309859156,0.0
25,25,refinement,0.5,4,0.16948751566126433,0.004173054213920211,,0.37333333333333335,0.0
25,25,refinement,0.5,5,0.19785455821282769,0.003707266009614358,,0.3846153846153847,0.0
25,25,refinement,0.5,6,0.17834645614391112,0.00388583668879566,,0.36363636363636365,0.0
25,25,refinement,0.5,7,0.18954680522582337,0.0036410797224657927,,0.39473684210526316,0.0
25,25,refinement,0.8,0,0.19548297886821445,0.004032742531194573,,0.3703703703703704,0.0
25,25,refinement,0.8,1,0.1664136209911457,0.00595404651183235,,0.3,0.14285714285714285
25,25,refinement,0.8,2,0.14938434184491045,0.007246739610884695,,0.28070175438596495,0.125
25,25,refinement,0.8,3,0.15398688467825844,0.00949101192877736,,0.29508196721311475,0.0
25,25,refinement,0.8,4,0.13924212163203242,0.009822313026250598,,0.25396825396825395,0.0
25,25,refinement,0.8,5,0.19806666431381736,0.009323744939467882,,0.36363636363636365,0.14285714285714285
25,25,refinement,0.8,6,0.18544877818880812,0.008826336483003846,,0.28070175438596495,0.125
25,25,refinement,0.8,7,0.18659930837102431,0.006559093404591639,,0.32727272727272727,0.125
26,26,accumulation,N/A,0,0.36964328931485035,0.0,,0.20512820512820512,0.25
26,26,accumulation,N/A,1,0.28239891136608397,4.02939159997788e-05,,0.3404255319148936,0.0
26,26,accumulation,N/A,2,0.32394698630900465,0.0,,0.2181818181818182,0.2
26,26,accumulation,N/A,3,0.37040928260168166,0.04174813326863547,,0.21739130434782608,0.25
26,26,accumulation,N/A,4,0.3134943566635867,0.00023999622366709081,,0.5217391304347825,0.0
26,26,accumulation,N/A,5,0.28668987029991516,0.012084800338956031,,0.2857142857142857,0.3333333333333333
26,26,accumulation,N/A,6,0.2857333264303169,0.0,,0.43137254901960786,0.0
26,26,accumulation,N/A,7,0.2830232814023122,0.035853455161420245,,0.4,0.0
26,26,refinement,0.5,0,0.36964328931485035,0.0,,0.20512820512820512,0.25
26,26,refinement,0.5,1,0.32614615868565555,0.0,,0.2777777777777778,0.0
26,26,refinement,0.5,2,0.3447685231008631,0.0,,0.22857142857142856,0.0
26,26,refinement,0.5,3,0.3863086677483776,0.0,,0.27027027027027023,0.25
26,26,refinement,0.5,4,0.331159331326648,0.0,,0.20512820512820512,0.2
26,26,refinement,0.5,5,0.4273367110795066,0.0,,0.2631578947368421,0.5
26,26,refinement,0.5,6,0.38957703357445594,0.0,,0.27586206896551724,0.25
26,26,refinement,0.5,7,0.3879120784028729,0.0,,0.17142857142857143,0.25
26,26,refinement,0.8,0,0.36964328931485035,0.0,,0.20512820512820512,0.25
26,26,refinement,0.8,1,0.38895041275271114,0.0,,0.15384615384615383,0.25
26,26,refinement,0.8,2,0.3490549557344682,0.0,,0.25,0.0
26,26,refinement,0.8,3,0.3511078102925735,0.0,,0.29411764705882354,0.0
26,26,refinement,0.8,4,0.39201505030898987,0.0,,0.16666666666666663,0.25
26,26,refinement,0.8,5,0.3448772084104185,0.0,,0.22222222222222224,0.0
26,26,refinement,0.8,6,0.3328326786771616,0.0,,0.45161290322580644,0.0
26,26,refinement,0.8,7,0.3603072984692203,0.0,,0.20689655172413793,0.0
27,27,accumulation,N/A,0,0.18183467082234486,0.0,,0.31746031746031744,0.0
27,27,accumulation,N/A,1,0.47524964662623476,0.09018428250022952,,0.5660377358490566,0.2
27,27,accumulation,N/A,2,0.3045265258672225,0.0,,0.39080459770114945,0.0
27,27,accumulation,N/A,3,0.262045646081179,0.002923327195244395,,0.22641509433962265,0.0
27,27,accumulation,N/A,4,0.36866673959220075,0.017751401291772904,,0.4788732394366197,0.0
27,27,accumulation,N/A,5,0.3336286359127434,0.03561184337657439,,0.576923076923077,0.0
27,27,accumulation,N/A,6,0.3219771991614522,0.0044472103403738125,,0.4444444444444444,0.0
27,27,accumulation,N/A,7,0.3628426361510462,0.013235672431162911,,0.4155844155844156,0.0
27,27,refinement,0.5,0,0.18183467082234486,0.0,,0.31746031746031744,0.0
27,27,refinement,0.5,1,0.20956505414909918,0.0,,0.3773584905660377,0.16666666666666666
27,27,refinement,0.5,2,0.26795783388274014,0.0,,0.391304347826087,0.4
27,27,refinement,0.5,3,0.24046624335614425,0.0,,0.41509433962264153,0.2
27,27,refinement,0.5,4,0.20072767673610242,0.0,,0.32,0.16666666666666666
27,27,refinement,0.5,5,0.1987409713734415,0.0,,0.3888888888888889,0.14285714285714285
27,27,refinement,0.5,6,0.21603927369273598,0.0,,0.3561643835616438,0.2857142857142857
27,27,refinement,0.5,7,0.23053559295819798,0.0,,0.28571428571428575,0.3333333333333333
27,27,refinement,0.8,0,0.18183467082234486,0.0,,0.31746031746031744,0.0
27,27,refinement,0.8,1,0.19880558948130225,0.00014910322499592238,,0.2985074626865672,0.16666666666666666
27,27,refinement,0.8,2,0.23302362636414065,0.007574536807780739,,0.27906976744186046,0.3333333333333333
27,27,refinement,0.8,3,0.2248427041360327,0.009061502558269733,,0.2631578947368421,0.0
27,27,refinement,0.8,4,0.2170373901108115,0.00017626901645796482,,0.34782608695652173,0.0
27,27,refinement,0.8,5,0.24108349982133015,3.6668500747682635e-06,,0.28571428571428575,0.2
27,27,refinement,0.8,6,0.23652853780689193,8.788898493995996e-05,,0.4390243902439025,0.0
27,27,refinement,0.8,7,0.21421541589353008,0.0,,0.3921568627450981,0.16666666666666666
28,28,accumulation,N/A,0,0.25887782610977295,0.0,,0.16666666666666669,0.0
28,28,accumulation,N/A,1,0.47264949348074614,0.05767479931016967,,0.8,0.0
28,28,accumulation,N/A,2,0.647211495079157,0.0,,1.0,1.0
28,28,accumulation,N/A,3,0.363507626071361,0.0,,0.5,0.0
28,28,accumulation,N/A,4,0.29218259597738727,0.1531295425089327,,0.1818181818181818,0.0
28,28,accumulation,N/A,5,0.4686385022192124,0.0,,0.8,0.5
28,28,accumulation,N/A,6,0.2511900436736293,0.03659841353617914,,0.4444444444444445,0.0
28,28,accumulation,N/A,7,0.25933903876286635,0.0659525585603148,,0.16,0.3333333333333333
28,28,refinement,0.5,0,0.25887782610977295,0.0,,0.16666666666666669,0.0
28,28,refinement,0.5,1,0.30260048054758215,0.0,,0.22222222222222224,0.0
28,28,refinement,0.5,2,0.4024849586621168,0.0,,0.4,0.0
28,28,refinement,0.5,3,0.3169631422648542,0.0,,0.3333333333333333,0.0
28,28,refinement,0.5,4,0.31702165179957287,0.0,,0.3333333333333333,0.0
28,28,refinement,0.5,5,0.28223684734293253,0.0,,0.25,0.0
28,28,refinement,0.5,6,0.5773712791977701,0.0,,0.5,1.0
28,28,refinement,0.5,7,0.5764349580040975,0.0,,0.5,1.0
28,28,refinement,0.8,0,0.25887782610977295,0.0,,0.16666666666666669,0.0
28,28,refinement,0.8,1,0.3218992306128746,0.0,,0.3333333333333333,0.0
28,28,refinement,0.8,2,0.31037457341231633,0.0,,0.28571428571428575,0.0
28,28,refinement,0.8,3,0.4031936169773974,0.0,,0.4,0.0
28,28,refinement,0.8,4,0.25620304590862886,0.0,,0.14285714285714285,0.0
28,28,refinement,0.8,5,0.4105370379340738,0.0,,0.4,0.0
28,28,refinement,0.8,6,0.41248764612327293,0.0,,0.4,0.0
28,28,refinement,0.8,7,0.29095495898537493,0.0,,0.1818181818181818,0.2
29,29,accumulation,N/A,0,0.45582459356276517,0.11908609559529595,,0.5714285714285715,0.5
29,29,accumulation,N/A,1,0.3452442633592299,0.10965106622207263,,0.33333333333333337,0.0
29,29,accumulation,N/A,2,0.4148146934032333,0.3940778077194092,,0.30303030303030304,0.0
29,29,accumulation,N/A,3,0.3040927863384643,0.22316486227198082,,0.14814814814814817,0.0
29,29,accumulation,N/A,4,0.43350171107377844,0.30463478826165247,,0.4137931034482759,0.0
29,29,accumulation,N/A,5,0.3402100341800546,0.13508721263978934,,0.17543859649122806,0.2
29,29,accumulation,N/A,6,0.3801119153211565,0.17036417089857597,,0.26923076923076916,0.0
29,29,accumulation,N/A,7,0.4111095166859745,0.1706754078819758,,0.3333333333333333,0.25
29,29,refinement,0.5,0,0.45582459356276517,0.11908609559529595,,0.5714285714285715,0.5
29,29,refinement,0.5,1,0.4491820505147168,0.11079103357557568,,0.5333333333333333,0.5
29,29,refinement,0.5,2,0.5253630651363579,0.11980759783654879,,0.6153846153846154,0.6666666666666666
29,29,refinement,0.5,3,0.4524241944423858,0.12001617958473039,,0.5333333333333333,0.5
29,29,refinement,0.5,4,0.5250953106716145,0.06819937798167726,,0.7368421052631579,0.6666666666666666
29,29,refinement,0.5,5,0.5270138135155545,0.11804412920200053,,0.6153846153846154,0.6666666666666666
29,29,refinement,0.5,6,0.4764781252532144,0.12673332839285462,,0.5714285714285715,0.3333333333333333
29,29,refinement,0.5,7,0.4627588539591178,0.12949699422940084,,0.5,0.3333333333333333
29,29,refinement,0.8,0,0.45582459356276517,0.11908609559529595,,0.5714285714285715,0.5
29,29,refinement,0.8,1,0.4933606061812317,0.09140437976333503,,0.5882352941176471,0.75
29,29,refinement,0.8,2,0.5280518457086828,0.09820831978662509,,0.6153846153846154,0.6666666666666666
29,29,refinement,0.8,3,0.40388498696969705,0.08980271160228645,,0.5,0.25
29,29,refinement,0.8,4,0.5332876743272662,0.08347838633956683,,0.7142857142857143,0.6666666666666666
29,29,refinement,0.8,5,0.4351520835502821,0.11130993238190648,,0.4,0.5
29,29,refinement,0.8,6,0.42136262836619987,0.0880046825289251,,0.625,0.25
29,29,refinement,0.8,7,0.5029577906658882,0.11579980729313818,,0.4444444444444445,0.6666666666666666
30,30,accumulation,N/A,0,0.33206459191005744,0.0142815183297551,,0.2777777777777778,0.0
30,30,accumulation,N/A,1,0.3144277822805747,0.015102002509795778,,0.3,0.16666666666666666
30,30,accumulation,N/A,2,0.407719666624237,0.00869311277326578,,0.48979591836734687,0.3333333333333333
30,30,accumulation,N/A,3,0.23433002954591797,0.0,,0.1981981981981982,0.0
30,30,accumulation,N/A,4,0.3312293718468002,0.05680229975505493,,0.2592592592592593,0.16666666666666666
30,30,accumulation,N/A,5,0.3011986091544742,0.011610998252001372,,0.28571428571428575,0.0
30,30,accumulation,N/A,6,0.31475093734068627,0.03581803335394996,,0.5116279069767442,0.0
30,30,accumulation,N/A,7,0.2458811753856925,0.013350041500856561,,0.11764705882352941,0.0
30,30,refinement,0.5,0,0.33206459191005744,0.0142815183297551,,0.2777777777777778,0.0
30,30,refinement,0.5,1,0.29654570663872654,0.024895967914078738,,0.27272727272727276,0.0
30,30,refinement,0.5,2,0.3100291118477585,0.014977193379613599,,0.3137254901960785,0.0
30,30,refinement,0.5,3,0.30221377969771085,0.027868256707544732,,0.25806451612903225,0.0
30,30,refinement,0.5,4,0.3200918134258633,0.020430292449355812,,0.3103448275862069,0.0
30,30,refinement,0.5,5,0.3398448787640684,0.014418551878823434,,0.37288135593220334,0.0
30,30,refinement,0.5,6,0.39440078294331016,0.01789888454626539,,0.4390243902439025,0.3333333333333333
30,30,refinement,0.5,7,0.3475642211377046,0.018720371775456615,,0.4736842105263158,0.0
30,30,refinement,0.8,0,0.33206459191005744,0.0142815183297551,,0.2777777777777778,0.0
30,30,refinement,0.8,1,0.32724084777577644,0.013020860290914931,,0.31578947368421056,0.0
30,30,refinement,0.8,2,0.32003421415269445,0.013963537747125623,,0.35714285714285715,0.0
30,30,refinement,0.8,3,0.3422419639028555,0.01758538877949674,,0.32653061224489793,0.16666666666666666
30,30,refinement,0.8,4,0.32782652898535614,0.011022607131660178,,0.380952380952381,0.0
30,30,refinement,0.8,5,0.3425689673962836,0.016060163850168667,,0.4347826086956522,0.0
30,30,refinement,0.8,6,0.3359149940771478,0.016205193137483417,,0.3404255319148936,0.0
30,30,refinement,0.8,7,0.3346820091294099,0.018162954895406903,,0.34782608695652173,0.14285714285714285
31,31,accumulation,N/A,0,0.30418836305602387,0.0002458676836810432,,0.49523809523809526,0.0
31,31,accumulation,N/A,1,0.38207928670793395,0.0021501806696331885,,0.6666666666666666,0.0
31,31,accumulation,N/A,2,0.3534684859837942,0.005832190931931495,,0.7272727272727273,0.0
31,31,accumulation,N/A,3,0.35214835257510824,0.02563387854094631,,0.5346534653465346,0.0
31,31,accumulation,N/A,4,0.3411675134876775,0.0051502355291048905,,0.49572649572649574,0.0
31,31,accumulation,N/A,5,0.38369898837048666,0.008784337245532741,,0.6666666666666666,0.125
31,31,accumulation,N/A,6,0.34243908032141623,0.027292543521998117,,0.49056603773584906,0.0
31,31,accumulation,N/A,7,0.3135078109433628,0.001014625108987253,,0.43564356435643564,0.0
31,31,refinement,0.5,0,0.30418836305602387,0.0002458676836810432,,0.49523809523809526,0.0
31,31,refinement,0.5,1,0.32385974152064456,4.073896666826376e-05,,0.4444444444444444,0.125
31,31,refinement,0.5,2,0.31337507133756193,9.801858339165066e-05,,0.49090909090909096,0.0
31,31,refinement,0.5,3,0.3520348227697422,0.013012854557822593,,0.44642857142857145,0.25
31,31,refinement,0.5,4,0.3278311343794513,0.006696818643798156,,0.46,0.125
31,31,refinement,0.5,5,0.324419513231475,0.005630828693216579,,0.4466019417475728,0.125
31,31,refinement,0.5,6,0.3124172616807911,0.007518235611908216,,0.5048543689320388,0.0
31,31,refinement,0.5,7,0.33983261531825415,0.010110420387767726,,0.48214285714285715,0.25
31,31,refinement,0.8,0,0.30418836305602387,0.0002458676836810432,,0.49523809523809526,0.0
31,31,refinement,0.8,1,0.3136341877358127,0.004789078253583386,,0.4791666666666667,0.0
31,31,refinement,0.8,2,0.3324795315536683,0.007178118168623742,,0.5486725663716815,0.0
31,31,refinement,0.8,3,0.32095203311533727,0.007174855662902429,,0.4905660377358491,0.0
31,31,refinement,0.8,4,0.2653991315082279,0.0011394514595575796,,0.37362637362637363,0.0
31,31,refinement,0.8,5,0.31993056861645636,0.001146803741871199,,0.4285714285714286,0.125
31,31,refinement,0.8,6,0.31726339515831303,0.0033046278789014977,,0.5432098765432098,0.125
31,31,refinement,0.8,7,0.2871386515967355,0.010015404406743813,,0.4383561643835616,0.0
32,32,accumulation,N/A,0,0.3196892462902963,0.056661651513945054,,0.5277777777777777,0.0
32,32,accumulation,N/A,1,0.3380557417551841,0.017853357058001586,,0.5161290322580645,0.14285714285714285
32,32,accumulation,N/A,2,0.3285097995096752,0.012360207379107242,,0.4680851063829788,0.0
32,32,accumulation,N/A,3,0.3526708336192585,0.047858935649557385,,0.5,0.0
32,32,accumulation,N/A,4,0.4054471361479357,0.0879149508843379,,0.7307692307692308,0.0
32,32,accumulation,N/A,5,0.4345917003813803,0.032649259922943576,,0.6769230769230768,0.0
32,32,accumulation,N/A,6,0.3527135838631573,0.04507630899374773,,0.49230769230769234,0.25
32,32,accumulation,N/A,7,0.4181570394475932,0.030757724238220416,,0.6206896551724138,0.0
32,32,refinement,0.5,0,0.3196892462902963,0.056661651513945054,,0.5277777777777777,0.0
32,32,refinement,0.5,1,0.3331938801950315,0.06135872346020418,,0.625,0.0
32,32,refinement,0.5,2,0.35826845819718833,0.05497436180134577,,0.6363636363636364,0.25
32,32,refinement,0.5,3,0.2933190808155749,0.0719907839755228,,0.5151515151515151,0.0
32,32,refinement,0.5,4,0.3203655139365451,0.057198162425971984,,0.4657534246575342,0.125
32,32,refinement,0.5,5,0.3284527101406351,0.042550169089626624,,0.5526315789473685,0.125
32,32,refinement,0.5,6,0.3164125497383118,0.04123692308365393,,0.5,0.125
32,32,refinement,0.5,7,0.32472922581386116,0.05842691656838439,,0.625,0.0
32,32,refinement,0.8,0,0.3196892462902963,0.056661651513945054,,0.5277777777777777,0.0
32,32,refinement,0.8,1,0.3529222828736365,0.05269300689808183,,0.6296296296296297,0.14285714285714285
32,32,refinement,0.8,2,0.31976715207329354,0.04849096486001487,,0.5333333333333333,0.125
32,32,refinement,0.8,3,0.372933797231361,0.05860763089252781,,0.6037735849056604,0.16666666666666666
32,32,refinement,0.8,4,0.3610036563285333,0.10426927555207896,,0.6521739130434783,0.0
32,32,refinement,0.8,5,0.4168023302415341,0.07388740060288693,,0.7368421052631577,0.2857142857142857
32,32,refinement,0.8,6,0.40465648197776133,0.07426207345415681,,0.6451612903225806,0.2857142857142857
32,32,refinement,0.8,7,0.40483543173101977,0.09080340052331888,,0.6666666666666666,0.16666666666666666
33,33,accumulation,N/A,0,0.24343092042119369,0.0024238775704191434,,0.13333333333333333,0.0
33,33,accumulation,N/A,1,0.6303153137085191,0.341880795924324,,0.4,0.5
33,33,accumulation,N/A,2,0.4532956587071769,0.04540918494105938,,0.7058823529411764,0.0
33,33,accumulation,N/A,3,0.4294927535567853,0.1418089780290864,,0.375,0.3333333333333333
33,33,accumulation,N/A,4,0.40640532526303674,0.1080052030057751,,0.45454545454545453,0.25
33,33,accumulation,N/A,5,0.4606050450766805,0.0397588392297304,,0.7499999999999999,0.0
33,33,accumulation,N/A,6,0.4633778544646817,0.3596627082242763,,0.2,0.5
33,33,accumulation,N/A,7,0.33080495873342985,0.03990621007317113,,0.10041841004184102,0.0
33,33,refinement,0.5,0,0.24343092042119369,0.0024238775704191434,,0.13333333333333333,0.0
33,33,refinement,0.5,1,0.2287114721851538,0.0,,0.125,0.0
33,33,refinement,0.5,2,0.3635461805294329,0.1974349597084376,,0.11764705882352941,0.0
33,33,refinement,0.5,3,0.32051997492944834,0.3404437483685717,,0.13333333333333333,0.0
33,33,refinement,0.5,4,0.38559093435604364,0.5756521303760072,,0.08695652173913043,0.0
33,33,refinement,0.5,5,0.2710020646662684,0.08376387326147308,,0.24242424242424246,0.0
33,33,refinement,0.5,6,0.30523915733587337,0.38828554677685045,,0.08333333333333333,0.0
33,33,refinement,0.5,7,0.2572353858625794,0.0,,0.125,0.25
33,33,refinement,0.8,0,0.24343092042119369,0.0024238775704191434,,0.13333333333333333,0.0
33,33,refinement,0.8,1,0.3510957101810643,0.5551242606779602,,0.1,0.0
33,33,refinement,0.8,2,0.21708034608774723,0.03379745885726796,,0.08391608391608392,0.0
33,33,refinement,0.8,3,0.45532857774170343,0.6171397405614105,,0.13333333333333333,0.0
33,33,refinement,0.8,4,0.6017724322463899,0.6696458126448191,,0.08333333333333333,1.0
33,33,refinement,0.8,5,0.40331212033647584,0.12438051419137494,,0.3846153846153846,0.0
33,33,refinement,0.8,6,0.35532489807477374,0.41633072120637066,,0.125,0.0
33,33,refinement,0.8,7,0.386668817885629,0.4826313583674326,,0.13333333333333333,0.3333333333333333
34,34,accumulation,N/A,0,0.30345369945801565,0.009434362103984571,,0.20253164556962025,0.0
34,34,accumulation,N/A,1,0.3769491569116126,0.0014330005379916636,,0.6037735849056602,0.14285714285714285
34,34,accumulation,N/A,2,0.2781049369142222,0.0,,0.28,0.0
34,34,accumulation,N/A,3,0.21791067030232608,0.0,,0.24000000000000002,0.0
34,34,accumulation,N/A,4,0.3772310240904435,0.05295752479863991,,0.42105263157894735,0.0
34,34,accumulation,N/A,5,0.2597247771208216,0.0,,0.16,0.0
34,34,accumulation,N/A,6,0.2987219293236829,0.0013147622468172035,,0.44827586206896547,0.0
34,34,accumulation,N/A,7,0.18587604625510012,0.0,,0.196078431372549,0.0
34,34,refinement,0.5,0,0.30345369945801565,0.009434362103984571,,0.20253164556962025,0.0
34,34,refinement,0.5,1,0.3253637380499,0.015360130604738686,,0.14084507042253522,0.14285714285714285
34,34,refinement,0.5,2,0.34927588319861985,0.0,,0.17142857142857143,0.0
34,34,refinement,0.5,3,0.31663325293693445,0.0,,0.17142857142857143,0.0
34,34,refinement,0.5,4,0.3250746911566037,0.0,,0.15873015873015872,0.0
34,34,refinement,0.5,5,0.3470413085902023,0.0,,0.18181818181818185,0.16666666666666666
34,34,refinement,0.5,6,0.30146728281824564,0.0,,0.16216216216216214,0.0
34,34,refinement,0.5,7,0.29753375096008283,0.0,,0.18181818181818182,0.0
34,34,refinement,0.8,0,0.30345369945801565,0.009434362103984571,,0.20253164556962025,0.0
34,34,refinement,0.8,1,0.32074153263213473,0.0,,0.2,0.0
34,34,refinement,0.8,2,0.3134298489675637,0.0,,0.18181818181818185,0.0
34,34,refinement,0.8,3,0.2886193910898811,0.0,,0.07547169811320754,0.0
34,34,refinement,0.8,4,0.313863657643087,0.0,,0.16129032258064516,0.0
34,34,refinement,0.8,5,0.31103998519947884,0.0,,0.17857142857142858,0.0
34,34,refinement,0.8,6,0.3094357556265321,0.0,,0.11764705882352941,0.16666666666666666
34,34,refinement,0.8,7,0.2584409979409518,0.0,,0.17241379310344826,0.0
35,35,accumulation,N/A,0,0.4717221559676007,0.29005115682576593,,0.4,0.5
35,35,accumulation,N/A,1,0.9622306840734591,0.8784117036972068,,1.0,1.0
35,35,accumulation,N/A,2,0.8498367592005802,0.4196838273969047,,1.0,1.0
35,35,accumulation,N/A,3,0.6643436026870584,0.513901072285866,,0.6666666666666666,0.5
35,35,accumulation,N/A,4,0.5352672537846997,0.26732199377757876,,0.6666666666666666,0.0
35,35,accumulation,N/A,5,0.5699327411324177,0.5010204242931157,,0.6666666666666666,0.0
35,35,accumulation,N/A,6,0.45491965279632957,0.5108470568997794,,0.22222222222222224,0.5
35,35,accumulation,N/A,7,0.5063245668034448,0.2307832313841163,,0.6666666666666666,0.0
35,35,refinement,0.5,0,0.4717221559676007,0.29005115682576593,,0.4,0.5
35,35,refinement,0.5,1,0.6403241260606723,0.2660368980319567,,0.5,1.0
35,35,refinement,0.5,2,0.4754186243546763,0.25763294831534644,,0.4,0.5
35,35,refinement,0.5,3,0.639014884036798,0.25875968063973304,,0.5,1.0
35,35,refinement,0.5,4,0.6390280790994446,0.2594920392913771,,0.5,1.0
35,35,refinement,0.5,5,0.6392637532910859,0.259354020891691,,0.5,1.0
35,35,refinement,0.5,6,0.47415665343381497,0.259354020891691,,0.4,0.5
35,35,refinement,0.5,7,0.6401406344180796,0.26742587549049374,,0.5,1.0
35,35,refinement,0.8,0,0.4717221559676007,0.29005115682576593,,0.4,0.5
35,35,refinement,0.8,1,0.487811424965125,0.27365235610722694,,0.4,0.5
35,35,refinement,0.8,2,0.4852484930073911,0.2750689496155026,,0.4,0.5
35,35,refinement,0.8,3,0.47337760849565924,0.2696107857596898,,0.3333333333333333,0.5
35,35,refinement,0.8,4,0.6499042027989821,0.2784358830094612,,0.5,1.0
35,35,refinement,0.8,5,0.6488094193691174,0.27320189782370474,,0.5,1.0
35,35,refinement,0.8,6,0.42365854164126815,0.2755520346143911,,0.3333333333333333,0.3333333333333333
35,35,refinement,0.8,7,0.4774313877444497,0.2766270753733197,,0.4,0.5
36,36,accumulation,N/A,0,0.3259660545140549,0.0158547606093135,,0.5357142857142857,0.0
36,36,accumulation,N/A,1,0.3820103309821918,0.0,,0.5714285714285714,0.14285714285714285
36,36,accumulation,N/A,2,0.367979756555585,7.507258471417586e-05,,0.6170212765957447,0.0
36,36,accumulation,N/A,3,0.4258874651926284,0.015338641617156677,,0.675,0.2857142857142857
36,36,accumulation,N/A,4,0.37036389178721796,0.02411027939717567,,0.5306122448979592,0.0
36,36,accumulation,N/A,5,0.35025737625080894,0.003154209229687606,,0.5979381443298969,0.0
36,36,accumulation,N/A,6,0.40675687814555567,0.011150877421326586,,0.5957446808510638,0.14285714285714285
36,36,accumulation,N/A,7,0.3661556746360854,0.01701063129257304,,0.5681818181818181,0.0
36,36,refinement,0.5,0,0.3259660545140549,0.0158547606093135,,0.5357142857142857,0.0
36,36,refinement,0.5,1,0.30663971780329063,0.012286023075306582,,0.5599999999999999,0.0
36,36,refinement,0.5,2,0.3452011253740077,0.019013212044297446,,0.5272727272727272,0.14285714285714285
36,36,refinement,0.5,3,0.35849743097442976,0.014752042862092958,,0.6741573033707865,0.14285714285714285
36,36,refinement,0.5,4,0.3510577212675177,0.01443269077876828,,0.6373626373626373,0.14285714285714285
36,36,refinement,0.5,5,0.3498842175564204,0.012984982007037588,,0.6122448979591837,0.14285714285714285
36,36,refinement,0.5,6,0.32860676737120037,0.0133209266926977,,0.5858585858585859,0.0
36,36,refinement,0.5,7,0.33188087247070885,0.012268386231324164,,0.6590909090909091,0.0
36,36,refinement,0.8,0,0.3259660545140549,0.0158547606093135,,0.5357142857142857,0.0
36,36,refinement,0.8,1,0.30454531493043535,0.018027534461870748,,0.5806451612903225,0.0
36,36,refinement,0.8,2,0.3312272131399324,0.009664013084055107,,0.5591397849462365,0.14285714285714285
36,36,refinement,0.8,3,0.3287146110271198,0.009194039881477871,,0.5510204081632653,0.14285714285714285
36,36,refinement,0.8,4,0.2992781070137323,0.008774766058843208,,0.5090909090909091,0.0
36,36,refinement,0.8,5,0.29196816702425,0.006606219830848829,,0.4409448818897637,0.0
36,36,refinement,0.8,6,0.2879377612947579,0.003255389541148551,,0.4576271186440678,0.0
36,36,refinement,0.8,7,0.3106285244735876,0.006600445326560822,,0.43697478991596633,0.14285714285714285
37,37,accumulation,N/A,0,0.36727597734721845,0.030304165132008135,,0.4615384615384615,0.0
37,37,accumulation,N/A,1,0.41420178833181776,0.08594506389240955,,0.5263157894736842,0.0
37,37,accumulation,N/A,2,0.38018863470948416,0.087591740581484,,0.24,0.25
37,37,accumulation,N/A,3,0.4142965859943629,0.18439573050974184,,0.34782608695652173,0.25
37,37,accumulation,N/A,4,0.4454938627327249,0.2414801445212107,,0.33333333333333326,0.3333333333333333
37,37,accumulation,N/A,5,0.44403750146833293,0.2661263898315307,,0.37499999999999994,0.25
37,37,accumulation,N/A,6,0.47825502055099534,0.09845711938383202,,0.7777777777777777,0.0
37,37,accumulation,N/A,7,0.4470382061299975,0.13840141065754635,,0.45454545454545453,0.3333333333333333
37,37,refinement,0.5,0,0.36727597734721845,0.030304165132008135,,0.4615384615384615,0.0
37,37,refinement,0.5,1,0.3869616985665921,0.030273575779181272,,0.6206896551724138,0.0
37,37,refinement,0.5,2,0.4190009742760381,0.07943186637274903,,0.5625000000000001,0.25
37,37,refinement,0.5,3,0.413832576845227,0.07833953498823584,,0.5142857142857143,0.25
37,37,refinement,0.5,4,0.4243400415147406,0.07830222995756358,,0.6,0.0
37,37,refinement,0.5,5,0.4743018493570659,0.07811578811979115,,0.5625000000000001,0.3333333333333333
37,37,refinement,0.5,6,0.4309748656981459,0.07779791984495067,,0.6206896551724138,0.25
37,37,refinement,0.5,7,0.3907665315468386,0.07809491759397277,,0.6206896551724138,0.0
37,37,refinement,0.8,0,0.36727597734721845,0.030304165132008135,,0.4615384615384615,0.0
37,37,refinement,0.8,1,0.48939732048760604,0.08387772711844581,,0.6666666666666667,0.3333333333333333
37,37,refinement,0.8,2,0.43259443680861437,0.08503820131661062,,0.6428571428571429,0.0
37,37,refinement,0.8,3,0.4818477264646244,0.08403471099104604,,0.6206896551724138,0.3333333333333333
37,37,refinement,0.8,4,0.3300722127085333,0.07929829920989206,,0.4285714285714286,0.0
37,37,refinement,0.8,5,0.4433504828045514,0.08083526794177787,,0.7200000000000001,0.25
37,37,refinement,0.8,6,0.5004550939304041,0.08009959876410751,,0.8571428571428572,0.5
37,37,refinement,0.8,7,0.4010838014214948,0.08465042326373323,,0.6666666666666667,0.0
38,38,accumulation,N/A,0,0.1746340284316706,0.00013751623800524034,,0.32,0.0
38,38,accumulation,N/A,1,0.23085368981990134,0.0,,0.26086956521739124,0.0
38,38,accumulation,N/A,2,0.3253642488956344,0.19658026328703615,,0.3,0.0
38,38,accumulation,N/A,3,0.3843689137606766,0.28017858788574396,,0.5333333333333333,0.0
38,38,accumulation,N/A,4,0.14554474386832136,0.004561029414408942,,0.12903225806451613,0.0
38,38,accumulation,N/A,5,0.30867782801993415,0.0448056631713777,,0.35714285714285715,0.0
38,38,accumulation,N/A,6,0.22705771987692408,0.0,,0.12903225806451613,0.2
38,38,accumulation,N/A,7,0.13955002720946702,0.0,,0.04081632653061224,0.0
38,38,refinement,0.5,0,0.1746340284316706,0.00013751623800524034,,0.32,0.0
38,38,refinement,0.5,1,0.16749673085471004,0.00016770162652037613,,0.29629629629629634,0.0
38,38,refinement,0.5,2,0.20240065202434193,0.00013300621834288893,,0.3,0.2
38,38,refinement,0.5,3,0.1953656558255692,0.00020440989376124984,,0.3157894736842105,0.0
38,38,refinement,0.5,4,0.21835499312169418,0.0003839271278575108,,0.36363636363636365,0.2
38,38,refinement,0.5,5,0.19102978443775961,0.00013509058107023716,,0.25,0.0
38,38,refinement,0.5,6,0.16790546126194178,0.00031810768318011234,,0.2105263157894737,0.0
38,38,refinement,0.5,7,0.1854163139378567,0.00011781125424344294,,0.25806451612903225,0.0
38,38,refinement,0.8,0,0.1746340284316706,0.00013751623800524034,,0.32,0.0
38,38,refinement,0.8,1,0.18989067650020608,0.00018210327938839984,,0.3529411764705882,0.0
38,38,refinement,0.8,2,0.19472081864475702,0.00017694452207711633,,0.4,0.0
38,38,refinement,0.8,3,0.23732682188433474,0.003170991841168062,,0.38095238095238093,0.0
38,38,refinement,0.8,4,0.2545211284898497,0.0002868297033592007,,0.4761904761904762,0.0
38,38,refinement,0.8,5,0.22167469266851308,0.00010751722678183843,,0.2702702702702703,0.16666666666666666
38,38,refinement,0.8,6,0.2642441057935461,0.0001264100655901209,,0.5555555555555556,0.0
38,38,refinement,0.8,7,0.3079255306021844,0.0021630945194512628,,0.375,0.25
39,39,accumulation,N/A,0,0.35367088816777864,0.0,,0.5,0.0
39,39,accumulation,N/A,1,0.5183621488660937,0.0,,0.0,1.0
39,39,accumulation,N/A,2,0.46647358051946564,0.0,,0.0,1.0
39,39,accumulation,N/A,3,0.7995991415561086,0.30282453355398253,,1.0,1.0
39,39,accumulation,N/A,4,0.35305974674652507,0.0,,0.0,0.5
39,39,accumulation,N/A,5,0.47839246135224434,0.0,,0.5,0.5
39,39,accumulation,N/A,6,0.46494058794948134,0.0,,0.6666666666666666,0.5
39,39,accumulation,N/A,7,0.7174943169298349,0.16860823977060493,,1.0,1.0
39,39,refinement,0.5,0,0.35367088816777864,0.0,,0.5,0.0
39,39,refinement,0.5,1,0.32243249002600993,0.0,,0.2857142857142857,0.0
39,39,refinement,0.5,2,0.45499547241763194,0.0,,0.6666666666666666,0.0
39,39,refinement,0.5,3,0.323011817983079,0.0,,0.2857142857142857,0.0
39,39,refinement,0.5,4,0.4552401646607892,0.0,,0.6666666666666666,0.0
39,39,refinement,0.5,5,0.45545972737751683,0.0,,0.6666666666666666,0.0
39,39,refinement,0.5,6,0.34092273179267346,0.0,,0.4,0.0
39,39,refinement,0.5,7,0.4567200499803539,0.0,,0.6666666666666666,0.0
39,39,refinement,0.8,0,0.35367088816777864,0.0,,0.5,0.0
39,39,refinement,0.8,1,0.46364686138959643,0.0,,0.6666666666666666,0.0
39,39,refinement,0.8,2,0.29792987882755034,0.0,,0.4,0.0
39,39,refinement,0.8,3,0.3913740055340245,0.13206118193452474,,0.4,0.3333333333333333
39,39,refinement,0.8,4,0.48248929362939835,0.1404870121438578,,0.6666666666666666,0.5
39,39,refinement,0.8,5,0.6821769349206992,0.1308767225739363,,1.0,1.0
39,39,refinement,0.8,6,0.48432528730626445,0.14331653281140386,,0.6666666666666666,0.5
39,39,refinement,0.8,7,0.48436190694284154,0.1407129572698919,,0.6666666666666666,0.5
40,40,accumulation,N/A,0,0.7270598750539946,0.24121864797137804,,1.0,1.0
40,40,accumulation,N/A,1,0.3807562498782453,0.47659353979107494,,0.33333333333333337,0.0
40,40,accumulation,N/A,2,0.42860760301341083,0.6359817040041434,,0.4,0.0
40,40,accumulation,N/A,3,0.47492405277642136,0.6339305800712977,,0.5,0.0
40,40,accumulation,N/A,4,0.4313348500307715,0.30990965389747294,,0.5,0.0
40,40,accumulation,N/A,5,0.3998336454865394,0.47420449079506977,,0.2222222222222222,0.0
40,40,accumulation,N/A,6,0.4013089779001652,0.4257709926701018,,0.2857142857142857,0.0
40,40,accumulation,N/A,7,0.5499603452699949,0.4584039170774882,,0.6666666666666666,0.0
40,40,refinement,0.5,0,0.7270598750539946,0.24121864797137804,,1.0,1.0
40,40,refinement,0.5,1,0.727913076870172,0.2456396776730879,,1.0,1.0
40,40,refinement,0.5,2,0.7273597837595476,0.24228981845519038,,1.0,1.0
40,40,refinement,0.5,3,0.7270939572028146,0.2418790896024239,,1.0,1.0
40,40,refinement,0.5,4,0.7278040617713992,0.2408115397285457,,1.0,1.0
40,40,refinement,0.5,5,0.7277579466884287,0.2418790896024239,,1.0,1.0
40,40,refinement,0.5,6,0.5278130210133558,0.2418790896024239,,0.6666666666666666,0.5
40,40,refinement,0.5,7,0.7269198552832525,0.23744595539680585,,1.0,1.0
40,40,refinement,0.8,0,0.7270598750539946,0.24121864797137804,,1.0,1.0
40,40,refinement,0.8,1,0.7291658624985865,0.24696963437952027,,1.0,1.0
40,40,refinement,0.8,2,0.7322570915196275,0.2543057241883732,,1.0,1.0
40,40,refinement,0.8,3,0.7296282935368277,0.23488348047320096,,1.0,1.0
40,40,refinement,0.8,4,0.529443198877528,0.23862121850271126,,0.6666666666666666,0.5
40,40,refinement,0.8,5,0.730852241474014,0.2387034304684619,,1.0,1.0
40,40,refinement,0.8,6,0.7324840298907592,0.24699379681009936,,1.0,1.0
40,40,refinement,0.8,7,0.7343183295687151,0.25304062469539607,,1.0,1.0
41,41,accumulation,N/A,0,0.312735532200044,0.03557101574408971,,0.20627802690582958,0.125
41,41,accumulation,N/A,1,0.32152697187325807,0.021974647430755622,,0.2689075630252101,0.0
41,41,accumulation,N/A,2,0.28400275583734536,0.0,,0.248062015503876,0.0
41,41,accumulation,N/A,3,0.2945590143285715,0.0010250643431175533,,0.32608695652173914,0.14285714285714285
41,41,accumulation,N/A,4,0.2564209927825356,0.006074052433827204,,0.2727272727272727,0.0
41,41,accumulation,N/A,5,0.26474299388087935,0.0010334008206385283,,0.2608695652173913,0.0
41,41,accumulation,N/A,6,0.2783943743853028,0.0002254886689229683,,0.24657534246575347,0.0
41,41,accumulation,N/A,7,0.2397174011265332,0.015206019139344254,,0.28235294117647064,0.0
41,41,refinement,0.5,0,0.312735532200044,0.03557101574408971,,0.20627802690582958,0.125
41,41,refinement,0.5,1,0.3051835881972666,0.018957984900720152,,0.23157894736842102,0.0
41,41,refinement,0.5,2,0.2979761244291714,0.024638409826907837,,0.22660098522167488,0.0
41,41,refinement,0.5,3,0.3013949968672734,0.0128866066538281,,0.2742857142857143,0.0
41,41,refinement,0.5,4,0.3402615721052524,0.025155566036247544,,0.272189349112426,0.25
41,41,refinement,0.5,5,0.30730094429177807,0.030371513939373294,,0.25882352941176473,0.0
41,41,refinement,0.5,6,0.3048140204582792,0.02860154087425291,,0.25301204819277107,0.0
41,41,refinement,0.5,7,0.3242436017161523,0.027224917734106638,,0.26506024096385544,0.125
41,41,refinement,0.8,0,0.312735532200044,0.03557101574408971,,0.20627802690582958,0.125
41,41,refinement,0.8,1,0.3155552090363959,0.031084600769577548,,0.3076923076923077,0.0
41,41,refinement,0.8,2,0.3313240717121183,0.00043959831753374406,,0.3221476510067114,0.125
41,41,refinement,0.8,3,0.3589347392019131,0.01597727411609731,,0.3883495145631068,0.25
41,41,refinement,0.8,4,0.338606302773239,0.008117629732429495,,0.39999999999999997,0.125
41,41,refinement,0.8,5,0.30721333510700016,0.006310497177151342,,0.29268292682926833,0.0
41,41,refinement,0.8,6,0.2924985152957402,0.00616872572893887,,0.3434343434343434,0.0
41,41,refinement,0.8,7,0.31205565314142947,0.006160857456325416,,0.3008849557522124,0.0
42,42,accumulation,N/A,0,0.3388448869441049,0.006580306245793927,,0.37837837837837834,0.0
42,42,accumulation,N/A,1,0.33604185604620684,0.016068882247700825,,0.5652173913043479,0.0
42,42,accumulation,N/A,2,0.30883024576365126,0.0034299249596578016,,0.36065573770491804,0.16666666666666666
42,42,accumulation,N/A,3,0.30105222154063194,0.040593384162738146,,0.36923076923076925,0.0
42,42,accumulation,N/A,4,0.3926648722817049,0.012990019987825114,,0.5357142857142858,0.2
42,42,accumulation,N/A,5,0.37515506139700205,0.027505593130059056,,0.2784810126582279,0.25
42,42,accumulation,N/A,6,0.4156166671413139,0.038125991742807966,,0.65,0.0
42,42,accumulation,N/A,7,0.2781159348178085,0.008682244875853626,,0.42553191489361697,0.0
42,42,refinement,0.5,0,0.3388448869441049,0.006580306245793927,,0.37837837837837834,0.0
42,42,refinement,0.5,1,0.4026948617475195,0.007677023953426256,,0.34285714285714286,0.25
42,42,refinement,0.5,2,0.40484216526666716,0.007918803618980156,,0.30769230769230765,0.25
42,42,refinement,0.5,3,0.35535597706526584,0.006678439188481254,,0.3255813953488372,0.2
42,42,refinement,0.5,4,0.3658906589801363,0.006936900711000615,,0.3888888888888889,0.2
42,42,refinement,0.5,5,0.40556492850343284,0.008093050829500717,,0.3636363636363636,0.25
42,42,refinement,0.5,6,0.4474274752285455,0.00835772260256766,,0.4000000000000001,0.5
42,42,refinement,0.5,7,0.4017491043015562,0.010694348441078125,,0.3125,0.25
42,42,refinement,0.8,0,0.3388448869441049,0.006580306245793927,,0.37837837837837834,0.0
42,42,refinement,0.8,1,0.3598648702772276,0.009945411042872866,,0.20512820512820512,0.2
42,42,refinement,0.8,2,0.33095562141218327,0.009660144250979745,,0.2790697674418605,0.0
42,42,refinement,0.8,3,0.38111354117781837,0.0,,0.20833333333333331,0.25
42,42,refinement,0.8,4,0.459335997716524,0.0,,0.2380952380952381,0.75
42,42,refinement,0.8,5,0.3217530920704871,0.0,,0.24242424242424243,0.2
42,42,refinement,0.8,6,0.3468591195131599,0.0,,0.25,0.25
42,42,refinement,0.8,7,0.3474851997672115,0.0,,0.24390243902439027,0.25
43,43,accumulation,N/A,0,0.41936400927251366,0.014580379929267103,,0.6296296296296297,0.25
43,43,accumulation,N/A,1,0.3873993699020804,0.020178573835195633,,0.6736842105263158,0.125
43,43,accumulation,N/A,2,0.2868023759601597,0.011157211794781356,,0.679611650485437,0.125
43,43,accumulation,N/A,3,0.4383713541173579,0.006182104456642537,,0.679611650485437,0.25
43,43,accumulation,N/A,4,0.2707337857646453,0.020281287073946015,,0.5043478260869565,0.125
43,43,accumulation,N/A,5,0.3285978250609509,0.008757641017481369,,0.688888888888889,0.375
43,43,accumulation,N/A,6,0.37450321073226533,0.0015180232790351857,,0.6666666666666667,0.0
43,43,accumulation,N/A,7,0.23288692319678933,0.011050835174951631,,0.45,0.25
43,43,refinement,0.5,0,0.41936400927251366,0.014580379929267103,,0.6296296296296297,0.25
43,43,refinement,0.5,1,0.4331318699254968,0.013711071643829403,,0.7307692307692308,0.125
43,43,refinement,0.5,2,0.379790808262478,0.014509057526052752,,0.6326530612244897,0.0
43,43,refinement,0.5,3,0.3980242765881372,0.016342776413810194,,0.6019417475728156,0.25
43,43,refinement,0.5,4,0.39344119936044875,0.01651941446804675,,0.5961538461538461,0.25
43,43,refinement,0.5,5,0.39191713242493076,0.013926696892286306,,0.577319587628866,0.25
43,43,refinement,0.5,6,0.3938724967435721,0.017200071458084405,,0.5882352941176471,0.25
43,43,refinement,0.5,7,0.4039368360345058,0.01607256271698902,,0.6382978723404256,0.25
43,43,refinement,0.8,0,0.41936400927251366,0.014580379929267103,,0.6296296296296297,0.25
43,43,refinement,0.8,1,0.42333842667236443,0.025477083751477534,,0.6666666666666667,0.25
43,43,refinement,0.8,2,0.35071150873594864,0.02825910874189372,,0.5641025641025642,0.0
43,43,refinement,0.8,3,0.3629456491604699,0.020733291585039493,,0.6595744680851064,0.0
43,43,refinement,0.8,4,0.4308334357081923,0.018917600394034808,,0.5869565217391305,0.25
43,43,refinement,0.8,5,0.38056645566027386,0.01574231242505871,,0.5057471264367817,0.25
43,43,refinement,0.8,6,0.36673995770314466,0.017745148674354477,,0.48101265822784817,0.125
43,43,refinement,0.8,7,0.3252619661604734,0.012366049751323193,,0.5194805194805194,0.0
44,44,accumulation,N/A,0,0.32692317829849016,0.006553971953290262,,0.45569620253164556,0.0
44,44,accumulation,N/A,1,0.3539952125591069,0.0007959925746566038,,0.4782608695652174,0.14285714285714285
44,44,accumulation,N/A,2,0.29157869890077315,0.002271083451033958,,0.3043478260869565,0.14285714285714285
44,44,accumulation,N/A,3,0.3518524499973227,0.008949726133052132,,0.44155844155844154,0.125
44,44,accumulation,N/A,4,0.3705631654587749,0.016192961734515,,0.5154639175257731,0.14285714285714285
44,44,accumulation,N/A,5,0.40451680369759563,6.947891835493617e-05,,0.5595238095238095,0.14285714285714285
44,44,accumulation,N/A,6,0.28883635000515895,0.0,,0.26190476190476186,0.14285714285714285
44,44,accumulation,N/A,7,0.3508476134146574,0.012384745580077265,,0.4792626728110599,0.0
44,44,refinement,0.5,0,0.32692317829849016,0.006553971953290262,,0.45569620253164556,0.0
44,44,refinement,0.5,1,0.37026438828785,0.011508678371531718,,0.46491228070175433,0.14285714285714285
44,44,refinement,0.5,2,0.35657302849244554,0.007390407315723543,,0.5073170731707317,0.0
44,44,refinement,0.5,3,0.3479747948830968,0.0012733775581212988,,0.574585635359116,0.0
44,44,refinement,0.5,4,0.3545688139449591,0.011485557867498969,,0.4857142857142857,0.0
44,44,refinement,0.5,5,0.3737807209261437,0.015588025808781152,,0.46491228070175433,0.14285714285714285
44,44,refinement,0.5,6,0.37939681237606143,0.014678830341200131,,0.5077720207253886,0.14285714285714285
44,44,refinement,0.5,7,0.368460825133509,0.013082658640274544,,0.5543478260869564,0.0
44,44,refinement,0.8,0,0.32692317829849016,0.006553971953290262,,0.45569620253164556,0.0
44,44,refinement,0.8,1,0.3604853239523143,0.006945133619134236,,0.5416666666666667,0.0
44,44,refinement,0.8,2,0.34839505073036,0.0005262287577591679,,0.49462365591397844,0.0
44,44,refinement,0.8,3,0.3765972426704085,0.0018513862231731683,,0.48484848484848486,0.14285714285714285
44,44,refinement,0.8,4,0.4045600889674829,0.0028597180585659535,,0.5435897435897435,0.2857142857142857
44,44,refinement,0.8,5,0.36869810328461594,0.007228763459437075,,0.5324675324675325,0.0
44,44,refinement,0.8,6,0.3797173659162156,0.00675083659095946,,0.5185185185185185,0.14285714285714285
44,44,refinement,0.8,7,0.3147775733385793,0.00600922025955975,,0.3605150214592274,0.0
45,45,accumulation,N/A,0,0.2220063177704698,0.0,,0.16666666666666669,0.0
45,45,accumulation,N/A,1,0.33994943428560265,0.3054802816636967,,0.4444444444444445,0.0
45,45,accumulation,N/A,2,0.4025371109089537,0.5047445257599478,,0.3333333333333333,0.0
45,45,accumulation,N/A,3,0.45612316963049293,0.46703626880733357,,0.4,0.5
45,45,accumulation,N/A,4,0.3486645094664887,0.2790451140032662,,0.25,0.0
45,45,accumulation,N/A,5,0.3387550826520879,0.622427714999642,,0.28571428571428575,0.0
45,45,accumulation,N/A,6,0.2884886291598012,0.014946270975892836,,0.25,0.0
45,45,accumulation,N/A,7,0.3754918805312001,0.3352046507831405,,0.5,0.0
45,45,refinement,0.5,0,0.2220063177704698,0.0,,0.16666666666666669,0.0
45,45,refinement,0.5,1,0.36214160188500516,0.0013364666050407006,,0.3333333333333333,0.5
45,45,refinement,0.5,2,0.33433989610940795,0.08475719261303291,,0.4,0.0
45,45,refinement,0.5,3,0.3379408788874905,0.11016080285648842,,0.4,0.0
45,45,refinement,0.5,4,0.40069050932213746,0.0820420518694267,,0.3333333333333333,0.5
45,45,refinement,0.5,5,0.3211903454054533,0.10891765070436212,,0.28571428571428575,0.0
45,45,refinement,0.5,6,0.3218451741524637,0.11348618767107474,,0.28571428571428575,0.0
45,45,refinement,0.5,7,0.33935956483556584,0.11358772055501644,,0.4,0.0
45,45,refinement,0.8,0,0.2220063177704698,0.0,,0.16666666666666669,0.0
45,45,refinement,0.8,1,0.5334926553803657,0.008445459180280647,,0.5,1.0
45,45,refinement,0.8,2,0.46733717177952594,0.20949521895376322,,0.6666666666666666,0.0
45,45,refinement,0.8,3,0.28972078158972725,0.2526826688265364,,0.2,0.0
45,45,refinement,0.8,4,0.36515434564698657,0.22390032605527288,,0.5,0.0
45,45,refinement,0.8,5,0.4759213722321807,0.3728278339177715,,0.6666666666666666,0.0
45,45,refinement,0.8,6,0.4678839584052764,0.2564232545869298,,0.6666666666666666,0.0
45,45,refinement,0.8,7,0.2697537754686239,0.22584256039250017,,0.1111111111111111,0.0
46,46,accumulation,N/A,0,0.33465367011935737,0.021161875016589653,,0.3333333333333333,0.3333333333333333
46,46,accumulation,N/A,1,0.2448373091434493,0.04031427549282789,,0.25,0.0
46,46,accumulation,N/A,2,0.30865298479931147,0.057988349094313864,,0.05405405405405405,0.3333333333333333
46,46,accumulation,N/A,3,0.15847906273683646,0.0,,0.0,0.0
46,46,accumulation,N/A,4,0.30802933898881424,0.05598084648429294,,0.22222222222222224,0.0
46,46,accumulation,N/A,5,0.1912724982690019,0.02359899187549884,,0.019999999999999997,0.0
46,46,accumulation,N/A,6,0.2902694238769755,0.13732870246151702,,0.007547169811320754,0.3333333333333333
46,46,accumulation,N/A,7,0.265945437254412,0.0,,0.012269938650306747,0.3333333333333333
46,46,refinement,0.5,0,0.33465367011935737,0.021161875016589653,,0.3333333333333333,0.3333333333333333
46,46,refinement,0.5,1,0.5624212988794406,0.059510849353231136,,0.5,1.0
46,46,refinement,0.5,2,0.33255504676680736,0.0,,0.5,0.0
46,46,refinement,0.5,3,0.33846026908244475,0.06603048077991495,,0.5,0.0
46,46,refinement,0.5,4,0.2478337747789677,0.00695311885815111,,0.028571428571428574,0.3333333333333333
46,46,refinement,0.5,5,0.24199444792351896,0.027014428816907535,,0.003241491085899514,0.0
46,46,refinement,0.5,6,0.26453733982566596,0.0015257457351587336,,0.025641025641025637,0.3333333333333333
46,46,refinement,0.5,7,0.5641112660203655,0.0797074911703484,,0.5,1.0
46,46,refinement,0.8,0,0.33465367011935737,0.021161875016589653,,0.3333333333333333,0.3333333333333333
46,46,refinement,0.8,1,0.2824693832040518,0.06229110021011147,,0.1111111111111111,0.0
46,46,refinement,0.8,2,0.45421712667120473,0.17549196394488378,,0.6666666666666666,0.0
46,46,refinement,0.8,3,0.25983457680105304,0.05717316971681546,,0.0027972027972027968,0.0
46,46,refinement,0.8,4,0.4518168163145555,0.19569210298484174,,0.6666666666666666,0.0
46,46,refinement,0.8,5,0.46966844187775814,0.3408587006991199,,0.6666666666666666,0.0
46,46,refinement,0.8,6,0.5580352123283665,0.01458783628972789,,0.5,1.0
46,46,refinement,0.8,7,0.4621693033984806,0.3092523788601306,,0.6666666666666666,0.0
47,47,accumulation,N/A,0,0.34860845945477703,0.023772044555748988,,0.37837837837837834,0.14285714285714285
47,47,accumulation,N/A,1,0.32246995269647327,0.020316248084722318,,0.3928571428571428,0.0
47,47,accumulation,N/A,2,0.3190340780036746,0.027869064485743188,,0.4255319148936171,0.16666666666666666
47,47,accumulation,N/A,3,0.43182195658443606,0.0377088007273659,,0.6538461538461539,0.14285714285714285
47,47,accumulation,N/A,4,0.3775346175237776,0.005307798285022783,,0.35294117647058815,0.16666666666666666
47,47,accumulation,N/A,5,0.3438766534717467,0.010092775451808596,,0.39344262295081966,0.16666666666666666
47,47,accumulation,N/A,6,0.3562032050160801,0.014957644949069504,,0.5106382978723404,0.14285714285714285
47,47,accumulation,N/A,7,0.3835089527818232,0.02323439825063733,,0.6274509803921569,0.0
47,47,refinement,0.5,0,0.34860845945477703,0.023772044555748988,,0.37837837837837834,0.14285714285714285
47,47,refinement,0.5,1,0.345824711344037,0.020884921085812788,,0.5423728813559322,0.0
47,47,refinement,0.5,2,0.36115260691123874,0.022000342616758494,,0.47619047619047616,0.16666666666666666
47,47,refinement,0.5,3,0.36501343600775615,0.022147358984324614,,0.5,0.16666666666666666
47,47,refinement,0.5,4,0.34258913709822025,0.026945555994594576,,0.5185185185185185,0.0
47,47,refinement,0.5,5,0.35410227127877225,0.026900928605310605,,0.5818181818181818,0.0
47,47,refinement,0.5,6,0.41871037612383283,0.022808390474044527,,0.5333333333333333,0.3333333333333333
47,47,refinement,0.5,7,0.37139731584847224,0.02320641726811523,,0.5333333333333333,0.0
47,47,refinement,0.8,0,0.34860845945477703,0.023772044555748988,,0.37837837837837834,0.14285714285714285
47,47,refinement,0.8,1,0.38086827462298406,0.03388708789490058,,0.42424242424242425,0.2857142857142857
47,47,refinement,0.8,2,0.41471146309030466,0.05769209017942314,,0.3571428571428571,0.3333333333333333
47,47,refinement,0.8,3,0.4054608715258341,0.02546489315044697,,0.5263157894736842,0.2857142857142857
47,47,refinement,0.8,4,0.4134038805025906,0.025171049045975797,,0.5416666666666667,0.16666666666666666
47,47,refinement,0.8,5,0.40024813784751656,0.019741620232584047,,0.6274509803921569,0.0
47,47,refinement,0.8,6,0.3423942520868735,0.030916570064217663,,0.3673469387755102,0.0
47,47,refinement,0.8,7,0.4205771095333663,0.04158336636036815,,0.3404255319148936,0.3333333333333333
48,48,accumulation,N/A,0,0.2722514850985302,0.0,,0.24,0.16666666666666666
48,48,accumulation,N/A,1,0.22698861774453022,0.0024014038265360088,,0.02654867256637168,0.0
48,48,accumulation,N/A,2,0.10534280082113996,0.015057531067239971,,0.15384615384615385,0.0
48,48,accumulation,N/A,3,0.2163968154036954,0.0,,0.11382113821138211,0.0
48,48,accumulation,N/A,4,0.21723396451923332,0.0,,0.23255813953488372,0.0
48,48,accumulation,N/A,5,0.2610499308378246,0.015027036144835994,,0.4081632653061224,0.2857142857142857
48,48,accumulation,N/A,6,0.23977693872653366,0.0051860208238042865,,0.41025641025641024,0.0
48,48,accumulation,N/A,7,0.22173419719965953,0.00041012417735121037,,0.1851851851851852,0.0
48,48,refinement,0.5,0,0.2722514850985302,0.0,,0.24,0.16666666666666666
48,48,refinement,0.5,1,0.28400021081866206,0.0005427561541450742,,0.2758620689655173,0.16666666666666666
48,48,refinement,0.5,2,0.2503337696529098,0.0013568903853626855,,0.26666666666666666,0.0
48,48,refinement,0.5,3,0.2675426912583304,0.0,,0.3333333333333333,0.0
48,48,refinement,0.5,4,0.27652396423421977,0.013921884876092501,,0.40740740740740744,0.0
48,48,refinement,0.5,5,0.2629681958128979,0.015314073363701752,,0.3225806451612903,0.0
48,48,refinement,0.5,6,0.29575712563063894,0.015604959384352291,,0.39215686274509803,0.16666666666666666
48,48,refinement,0.5,7,0.2641837996619179,0.009624077143287599,,0.3333333333333333,0.0
48,48,refinement,0.8,0,0.2722514850985302,0.0,,0.24,0.16666666666666666
48,48,refinement,0.8,1,0.24680893460936099,0.0,,0.23076923076923078,0.0
48,48,refinement,0.8,2,0.27915776011486526,0.010825706131286283,,0.24000000000000002,0.16666666666666666
48,48,refinement,0.8,3,0.27995986913364357,0.03954927915949735,,0.19354838709677416,0.14285714285714285
48,48,refinement,0.8,4,0.3068555332992049,0.009546283596104405,,0.2647058823529412,0.3333333333333333
48,48,refinement,0.8,5,0.2449954390887608,0.013138543498606445,,0.2181818181818182,0.0
48,48,refinement,0.8,6,0.24763229191358727,0.008675780480682384,,0.28125,0.0
48,48,refinement,0.8,7,0.2627693255549688,0.009853907623954834,,0.22857142857142856,0.14285714285714285
49,49,accumulation,N/A,0,0.3456350488699463,0.059933862785377996,,0.16,0.0
49,49,accumulation,N/A,1,0.41023369768574436,0.007006643444763993,,0.5714285714285714,0.2
49,49,accumulation,N/A,2,0.3457923824833471,0.08494696402329165,,0.4000000000000001,0.0
49,49,accumulation,N/A,3,0.3048877596192598,0.08404919311789111,,0.5405405405405405,0.14285714285714285
49,49,accumulation,N/A,4,0.29626577871106563,0.014342937436385836,,0.3888888888888889,0.0
49,49,accumulation,N/A,5,0.31565627432701837,0.0,,0.20833333333333331,0.0
49,49,accumulation,N/A,6,0.30112730091893536,3.62690783248609e-05,,0.4067796610169491,0.0
49,49,accumulation,N/A,7,0.3729380069482374,0.040551663025556156,,0.6470588235294118,0.0
49,49,refinement,0.5,0,0.3456350488699463,0.059933862785377996,,0.16,0.0
49,49,refinement,0.5,1,0.3535749151593003,0.07244483106217502,,0.20408163265306123,0.0
49,49,refinement,0.5,2,0.3058379610676933,0.05699604994845182,,0.2608695652173913,0.0
49,49,refinement,0.5,3,0.3193805515289204,0.0491905996839646,,0.24137931034482757,0.0
49,49,refinement,0.5,4,0.30220010845531486,0.09189560662843295,,0.15384615384615385,0.0
49,49,refinement,0.5,5,0.3913019612127893,0.05021023276965827,,0.2745098039215686,0.2
49,49,refinement,0.5,6,0.30446358799949613,0.08961923437900156,,0.17391304347826086,0.0
49,49,refinement,0.5,7,0.3356606447038682,0.12162787352796384,,0.14285714285714282,0.0
49,49,refinement,0.8,0,0.3456350488699463,0.059933862785377996,,0.16,0.0
49,49,refinement,0.8,1,0.351014056830892,0.02849802497422591,,0.2696629213483146,0.0
49,49,refinement,0.8,2,0.35314686688057745,0.05742775902549308,,0.23076923076923078,0.0
49,49,refinement,0.8,3,0.2970544146211292,0.06517929535380271,,0.18518518518518517,0.0
49,49,refinement,0.8,4,0.3132439568720291,0.06240218070279806,,0.25,0.0
49,49,refinement,0.8,5,0.31332849049336875,0.042682929752903616,,0.3043478260869565,0.0
49,49,refinement,0.8,6,0.3269287568535161,0.03500304878918834,,0.24615384615384617,0.0
49,49,refinement,0.8,7,0.29558862917294587,0.042815563916063046,,0.1842105263157895,0.0
50,50,accumulation,N/A,0,0.29045459332263984,0.013871063642556586,,0.4545454545454546,0.0
50,50,accumulation,N/A,1,0.4247426034235295,0.04158591034526803,,0.4864864864864865,0.25
50,50,accumulation,N/A,2,0.3680813318769139,0.011723576789175596,,0.5666666666666667,0.125
50,50,accumulation,N/A,3,0.383436561470341,0.01386915845532791,,0.5675675675675675,0.125
50,50,accumulation,N/A,4,0.32764066645949597,0.009147837154676035,,0.5277777777777777,0.0
50,50,accumulation,N/A,5,0.3869243477109761,0.01170171146399394,,0.5573770491803278,0.2857142857142857
50,50,accumulation,N/A,6,0.3656538593097647,0.031352161417679485,,0.39999999999999997,0.0
50,50,accumulation,N/A,7,0.3739239121166746,0.010881577998779424,,0.5434782608695653,0.0
50,50,refinement,0.5,0,0.29045459332263984,0.013871063642556586,,0.4545454545454546,0.0
50,50,refinement,0.5,1,0.2837897093476837,0.014438616787164703,,0.4403669724770642,0.0
50,50,refinement,0.5,2,0.30324021443973054,0.015211429143059967,,0.5,0.0
50,50,refinement,0.5,3,0.33483418081363026,0.013983660214284347,,0.48,0.14285714285714285
50,50,refinement,0.5,4,0.33984612053040797,0.014299075637457255,,0.4893617021276596,0.14285714285714285
50,50,refinement,0.5,5,0.3472417057263251,0.013686330690730384,,0.6341463414634146,0.14285714285714285
50,50,refinement,0.5,6,0.34685755729141704,0.014973408158706188,,0.6216216216216216,0.25
50,50,refinement,0.5,7,0.3272142321271596,0.012572516982271228,,0.6153846153846153,0.125
50,50,refinement,0.8,0,0.29045459332263984,0.013871063642556586,,0.4545454545454546,0.0
50,50,refinement,0.8,1,0.30470669682729834,0.007498627045643783,,0.4693877551020408,0.0
50,50,refinement,0.8,2,0.2919017399665216,0.01667350485993147,,0.4893617021276596,0.0
50,50,refinement,0.8,3,0.3038578627663221,0.006348257973268984,,0.5176470588235293,0.0
50,50,refinement,0.8,4,0.31600979347155084,0.004121739040652129,,0.5,0.25
50,50,refinement,0.8,5,0.3287718358329275,0.0018652063582250188,,0.5641025641025641,0.14285714285714285
50,50,refinement,0.8,6,0.3212805567874392,0.0,,0.5205479452054794,0.14285714285714285
50,50,refinement,0.8,7,0.3563467580394437,0.014428376158820855,,0.6562499999999999,0.14285714285714285
51,51,accumulation,N/A,0,0.49604364738299245,0.2732444527690512,,0.6666666666666666,0.0
51,51,accumulation,N/A,1,0.5897749450734145,0.3550189740284929,,0.8,0.0
51,51,accumulation,N/A,2,0.6250701936755978,0.6413537986548316,,0.6666666666666666,0.0
51,51,accumulation,N/A,3,0.4389463671492777,0.4036714667769785,,0.5,0.0
51,51,accumulation,N/A,4,0.29839161888403637,0.3480289925797949,,0.15384615384615385,0.0
51,51,accumulation,N/A,5,0.6911361260931062,0.4957737656797916,,0.5,1.0
51,51,accumulation,N/A,6,0.3659136269746317,0.22159339173134193,,0.125,0.0
51,51,accumulation,N/A,7,0.3494845207907675,0.07997635940596279,,0.3076923076923077,0.5
51,51,refinement,0.5,0,0.49604364738299245,0.2732444527690512,,0.6666666666666666,0.0
51,51,refinement,0.5,1,0.3949772959428912,0.26724669951269764,,0.5,0.0
51,51,refinement,0.5,2,0.4952322681769943,0.26724669951269764,,0.6666666666666666,0.0
51,51,refinement,0.5,3,0.49577339265530096,0.27099333699588096,,0.6666666666666666,0.0
51,51,refinement,0.5,4,0.4958739978782575,0.27099333699588096,,0.6666666666666666,0.0
51,51,refinement,0.5,5,0.4955574812471519,0.27099333699588096,,0.6666666666666666,0.0
51,51,refinement,0.5,6,0.3953028907765215,0.27099333699588096,,0.5,0.0
51,51,refinement,0.5,7,0.495313486521348,0.2674411510469166,,0.6666666666666666,0.0
51,51,refinement,0.8,0,0.49604364738299245,0.2732444527690512,,0.6666666666666666,0.0
51,51,refinement,0.8,1,0.49016051349479195,0.20977861345616292,,0.6666666666666666,0.0
51,51,refinement,0.8,2,0.3909091625040041,0.21267222052909657,,0.5,0.0
51,51,refinement,0.8,3,0.4897169870036325,0.21681476822912057,,0.6666666666666666,0.0
51,51,refinement,0.8,4,0.49041511377474734,0.21987270828161168,,0.6666666666666666,0.0
51,51,refinement,0.8,5,0.4893301655530943,0.21340435309056072,,0.6666666666666666,0.0
51,51,refinement,0.8,6,0.49055772373626977,0.21987270828161168,,0.6666666666666666,0.0
51,51,refinement,0.8,7,0.49058880928426407,0.21523492131543318,,0.6666666666666666,0.0
52,52,accumulation,N/A,0,0.6704855103663787,0.24120145557130687,,1.0,1.0
52,52,accumulation,N/A,1,0.26735707321834423,0.09790219790669118,,0.13333333333333333,0.0
52,52,accumulation,N/A,2,0.444266064901781,0.35435495158193336,,0.16,0.5
52,52,accumulation,N/A,3,0.43256096719030956,0.6423211212007885,,0.14285714285714288,0.0
52,52,accumulation,N/A,4,0.5310472508162636,0.5939296391303968,,0.6666666666666666,0.3333333333333333
52,52,accumulation,N/A,5,0.413602508141688,0.368076613517383,,0.2222222222222222,0.0
52,52,accumulation,N/A,6,0.39734314212741884,0.4993116567627321,,0.1904761904761905,0.0
52,52,accumulation,N/A,7,0.5551188043450634,0.31895000179846067,,0.8,0.5
52,52,refinement,0.5,0,0.6704855103663787,0.24120145557130687,,1.0,1.0
52,52,refinement,0.5,1,0.4676798587993354,0.23085651208180213,,0.6666666666666666,0.5
52,52,refinement,0.5,2,0.4046060837418062,0.2354668504258242,,0.5714285714285715,0.3333333333333333
52,52,refinement,0.5,3,0.4160638532100345,0.2298370033516226,,0.6666666666666666,0.3333333333333333
52,52,refinement,0.5,4,0.40171409258862895,0.22503810696668136,,0.5714285714285715,0.3333333333333333
52,52,refinement,0.5,5,0.44103265950056525,0.22560901471894482,,0.5,0.5
52,52,refinement,0.5,6,0.6677131760525068,0.22560901471894482,,1.0,1.0
52,52,refinement,0.5,7,0.6684864442083234,0.2316329564099664,,1.0,1.0
52,52,refinement,0.8,0,0.6704855103663787,0.24120145557130687,,1.0,1.0
52,52,refinement,0.8,1,0.393794062181568,0.22180882711466346,,0.5714285714285715,0.25
52,52,refinement,0.8,2,0.351237484416124,0.21486328866807589,,0.25,0.25
52,52,refinement,0.8,3,0.38835639116314313,0.40828496344564513,,0.3333333333333333,0.0
52,52,refinement,0.8,4,0.37293002281239185,0.19219393991449807,,0.5,0.25
52,52,refinement,0.8,5,0.32704841255121125,0.16248798798480957,,0.17391304347826084,0.25
52,52,refinement,0.8,6,0.28463209478646856,0.16663912929250982,,0.18181818181818182,0.0
52,52,refinement,0.8,7,0.32174836843601823,0.17248100752462003,,0.21052631578947367,0.25
53,53,accumulation,N/A,0,0.46080594922091467,0.4854296657029657,,0.5,0.0
53,53,accumulation,N/A,1,0.22431895358610893,0.13474817435090267,,0.0039447731755424065,0.0
53,53,accumulation,N/A,2,0.2926261454232736,0.26153741140936326,,0.04255319148936171,0.0
53,53,accumulation,N/A,3,0.2455278579986533,0.18896569824094328,,0.005167958656330749,0.0
53,53,accumulation,N/A,4,0.3142295229018661,0.40869100858675633,,0.14285714285714288,0.0
53,53,accumulation,N/A,5,0.49704747612712036,0.5733949751957428,,0.4,0.5
53,53,accumulation,N/A,6,0.6610194062550538,0.707962366666189,,0.8,0.5
53,53,accumulation,N/A,7,0.4766648430997409,0.477347200931396,,0.4,0.5
53,53,refinement,0.5,0,0.46080594922091467,0.4854296657029657,,0.5,0.0
53,53,refinement,0.5,1,0.46155896353869985,0.4896888224825412,,0.5,0.0
53,53,refinement,0.5,2,0.4603230650177966,0.48032803833593873,,0.5,0.0
53,53,refinement,0.5,3,0.4206859096373037,0.4841118806966736,,0.4,0.0
53,53,refinement,0.5,4,0.4204859375127822,0.48274228253107926,,0.4,0.0
53,53,refinement,0.5,5,0.46066030775219347,0.48274228253107926,,0.5,0.0
53,53,refinement,0.5,6,0.460427849139313,0.48274228253107926,,0.5,0.0
53,53,refinement,0.5,7,0.4605319598221208,0.48274228253107926,,0.5,0.0
53,53,refinement,0.8,0,0.46080594922091467,0.4854296657029657,,0.5,0.0
53,53,refinement,0.8,1,0.4606967683288883,0.493374625568813,,0.5,0.0
53,53,refinement,0.8,2,0.5933309636827229,0.24588700955720533,,0.8,0.5
53,53,refinement,0.8,3,0.45988745023206434,0.4871974344052563,,0.5,0.0
53,53,refinement,0.8,4,0.46006009128083425,0.48583541616623926,,0.5,0.0
53,53,refinement,0.8,5,0.5947681494884878,0.4873657711689354,,0.4,0.5
53,53,refinement,0.8,6,0.5903861760070954,0.24339232981300746,,0.8,0.5
53,53,refinement,0.8,7,0.46128447876420275,0.49988691862164775,,0.5,0.0
54,54,accumulation,N/A,0,0.43574828308234864,0.14754456441543645,,0.30434782608695654,0.25
54,54,accumulation,N/A,1,0.23166032926266694,0.15422290014966755,,0.3529411764705882,0.25
54,54,accumulation,N/A,2,0.2128062241273015,0.0,,0.24,0.0
54,54,accumulation,N/A,3,0.34028493398436405,0.00025593127185704256,,0.30769230769230765,0.0
54,54,accumulation,N/A,4,0.2766450568182483,0.0057159232751393795,,0.2978723404255319,0.0
54,54,accumulation,N/A,5,0.39249372563085466,0.267094357309207,,0.5,0.5
54,54,accumulation,N/A,6,0.40638209572344963,0.20722824043713622,,0.4761904761904762,0.2
54,54,accumulation,N/A,7,0.3794802467565481,0.2941398771164246,,0.1875,0.0
54,54,refinement,0.5,0,0.43574828308234864,0.14754456441543645,,0.30434782608695654,0.25
54,54,refinement,0.5,1,0.4369383465030027,0.11572790261581649,,0.3181818181818182,0.25
54,54,refinement,0.5,2,0.4499568941589873,0.21618528285720515,,0.30000000000000004,0.25
54,54,refinement,0.5,3,0.48841126596975337,0.188296115359695,,0.3157894736842105,0.5
54,54,refinement,0.5,4,0.49667626163509176,0.19804253703594746,,0.4444444444444444,0.5
54,54,refinement,0.5,5,0.49038417701877546,0.23781594159380487,,0.3333333333333333,0.5
54,54,refinement,0.5,6,0.45169176844680653,0.2438490227438253,,0.3225806451612903,0.25
54,54,refinement,0.5,7,0.4883499709351611,0.2408408874236327,,0.3333333333333333,0.5
54,54,refinement,0.8,0,0.43574828308234864,0.14754456441543645,,0.30434782608695654,0.25
54,54,refinement,0.8,1,0.447803283020777,0.16746581846537184,,0.35714285714285715,0.4
54,54,refinement,0.8,2,0.5406803834707898,0.21964627532021375,,0.4,0.75
54,54,refinement,0.8,3,0.4907671265251261,0.1726406587350863,,0.3333333333333333,0.5
54,54,refinement,0.8,4,0.500259835688613,0.2406560840798829,,0.3846153846153846,0.5
54,54,refinement,0.8,5,0.4624867063383318,0.1919659357846963,,0.41379310344827586,0.25
54,54,refinement,0.8,6,0.4582627551538935,0.2407931771089667,,0.3225806451612903,0.25
54,54,refinement,0.8,7,0.47708246646886976,0.18780142897738447,,0.4166666666666667,0.25
55,55,accumulation,N/A,0,0.36883905576615267,0.07111630981891268,,0.3111111111111111,0.2857142857142857
55,55,accumulation,N/A,1,0.21630576119912331,0.0003114584086904377,,0.3137254901960785,0.14285714285714285
55,55,accumulation,N/A,2,0.3342020361443109,0.010901663727409614,,0.5098039215686274,0.14285714285714285
55,55,accumulation,N/A,3,0.39261729591465955,0.02025877615230218,,0.588235294117647,0.2857142857142857
55,55,accumulation,N/A,4,0.37915481807481466,0.049019252615437825,,0.6153846153846153,0.14285714285714285
55,55,accumulation,N/A,5,0.34420937298640647,0.015187621534781532,,0.4897959183673469,0.2857142857142857
55,55,accumulation,N/A,6,0.3884229456594871,0.06038991551154905,,0.5116279069767441,0.2857142857142857
55,55,accumulation,N/A,7,0.4001317269405328,0.0008634247990974895,,0.5217391304347826,0.42857142857142855
55,55,refinement,0.5,0,0.36883905576615267,0.07111630981891268,,0.3111111111111111,0.2857142857142857
55,55,refinement,0.5,1,0.345838776349218,0.05573041199872212,,0.391304347826087,0.14285714285714285
55,55,refinement,0.5,2,0.29773702962197335,0.0,,0.409090909090909,0.0
55,55,refinement,0.5,3,0.3477086995602653,0.062361140829136005,,0.41025641025641024,0.2857142857142857
55,55,refinement,0.5,4,0.34865896525507356,0.06300056456522658,,0.41025641025641024,0.2857142857142857
55,55,refinement,0.5,5,0.3437910827566324,0.06348376095520124,,0.41025641025641024,0.2857142857142857
55,55,refinement,0.5,6,0.26675715088579705,0.08486743916468527,,0.3333333333333333,0.0
55,55,refinement,0.5,7,0.36138351066423874,0.056578292776456846,,0.4186046511627907,0.2857142857142857
55,55,refinement,0.8,0,0.36883905576615267,0.07111630981891268,,0.3111111111111111,0.2857142857142857
55,55,refinement,0.8,1,0.37097114488153965,0.06872570390846978,,0.3414634146341463,0.2857142857142857
55,55,refinement,0.8,2,0.32081535476912654,0.06798671784493786,,0.35000000000000003,0.14285714285714285
55,55,refinement,0.8,3,0.29877486487815547,0.0771462854544162,,0.37837837837837834,0.0
55,55,refinement,0.8,4,0.327652035877617,0.09423998781277815,,0.30769230769230765,0.14285714285714285
55,55,refinement,0.8,5,0.372882046459631,0.06114760793455639,,0.4186046511627907,0.2857142857142857
55,55,refinement,0.8,6,0.41936201584601573,0.06912816197848709,,0.3555555555555555,0.625
55,55,refinement,0.8,7,0.3639654130350665,0.05958205296399613,,0.4,0.2857142857142857
56,56,accumulation,N/A,0,0.2565689823407233,0.008979362674231054,,0.49645390070921985,0.0
56,56,accumulation,N/A,1,0.3721028341179666,0.035707935093431634,,0.5384615384615384,0.0
56,56,accumulation,N/A,2,0.24567656974897142,0.013871478542136686,,0.45054945054945056,0.0
56,56,accumulation,N/A,3,0.42718542179383073,0.04639805258481989,,0.6037735849056604,0.0
56,56,accumulation,N/A,4,0.31026924252661225,0.0025730820195811197,,0.5283018867924528,0.0
56,56,accumulation,N/A,5,0.3790808742699936,0.009108513882160335,,0.5207100591715977,0.0
56,56,accumulation,N/A,6,0.3665716778973871,0.03728688479389193,,0.5984251968503937,0.0
56,56,accumulation,N/A,7,0.3686751267871824,0.01865294371966567,,0.5605095541401274,0.0
56,56,refinement,0.5,0,0.2565689823407233,0.008979362674231054,,0.49645390070921985,0.0
56,56,refinement,0.5,1,0.2676200245201242,0.010879089473879125,,0.591304347826087,0.0
56,56,refinement,0.5,2,0.2611893442909761,0.010375437713800183,,0.5789473684210525,0.0
56,56,refinement,0.5,3,0.26491537374897267,0.008659333558013507,,0.5737704918032787,0.0
56,56,refinement,0.5,4,0.2698833602025204,0.009714402369616367,,0.591304347826087,0.0
56,56,refinement,0.5,5,0.2714025235337501,0.009263061182459958,,0.5967741935483871,0.0
56,56,refinement,0.5,6,0.28234248953397106,0.011232756906222451,,0.5765765765765766,0.0
56,56,refinement,0.5,7,0.2901481951915767,0.010886962941338977,,0.6000000000000001,0.0
56,56,refinement,0.8,0,0.2565689823407233,0.008979362674231054,,0.49645390070921985,0.0
56,56,refinement,0.8,1,0.28666357837732503,0.004032617330487,,0.5609756097560975,0.0
56,56,refinement,0.8,2,0.27126777386206397,0.009961773996031846,,0.5421686746987951,0.0
56,56,refinement,0.8,3,0.26292446032761013,0.011812933681021431,,0.5257142857142857,0.0
56,56,refinement,0.8,4,0.28918970695213897,0.008714413986753025,,0.7022900763358778,0.0
56,56,refinement,0.8,5,0.2856473135397044,0.014280749760441679,,0.6,0.0
56,56,refinement,0.8,6,0.2941906098324954,0.015302691809249702,,0.5753424657534247,0.125
56,56,refinement,0.8,7,0.3340968950557349,0.01018371130944536,,0.5731707317073171,0.25
57,57,accumulation,N/A,0,0.29724086529867,0.13886141362699184,,0.4444444444444445,0.0
57,57,accumulation,N/A,1,0.43992163065758283,0.6536895954837042,,0.3333333333333333,0.0
57,57,accumulation,N/A,2,0.36760214843624683,0.200824846817706,,0.28571428571428575,0.3333333333333333
57,57,accumulation,N/A,3,0.6517110185465161,0.5222005628932109,,0.5,1.0
57,57,accumulation,N/A,4,0.41471503055847564,0.43394816123907864,,0.5714285714285715,0.0
57,57,accumulation,N/A,5,0.6740589453636858,0.7838624973061142,,0.8,0.0
57,57,accumulation,N/A,6,0.4509848954648652,0.3951240983165367,,0.5714285714285715,0.0
57,57,accumulation,N/A,7,0.44027124048288546,0.25729722605231437,,0.4,0.0
57,57,refinement,0.5,0,0.29724086529867,0.13886141362699184,,0.4444444444444445,0.0
57,57,refinement,0.5,1,0.30547703139076643,0.137470535270141,,0.5,0.0
57,57,refinement,0.5,2,0.2970061793521216,0.137470535270141,,0.4444444444444445,0.0
57,57,refinement,0.5,3,0.3305197088426015,0.13812205439464398,,0.6666666666666666,0.0
57,57,refinement,0.5,4,0.2970387635493973,0.13812205439464398,,0.4444444444444445,0.0
57,57,refinement,0.5,5,0.30534684637725085,0.13921066047289962,,0.5,0.0
57,57,refinement,0.5,6,0.2719942864422719,0.13716773673430369,,0.4444444444444445,0.0
57,57,refinement,0.5,7,0.2530391951766346,0.1388308567769415,,0.4,0.0
57,57,refinement,0.8,0,0.29724086529867,0.13886141362699184,,0.4444444444444445,0.0
57,57,refinement,0.8,1,0.4256940372926245,0.12625465760934468,,0.8,0.0
57,57,refinement,0.8,2,0.48585262735248747,0.5119321237013493,,0.8,0.0
57,57,refinement,0.8,3,0.48425897373248017,0.49919941802179346,,0.8,0.0
57,57,refinement,0.8,4,0.36477514826773005,0.506602862498568,,0.5,0.0
57,57,refinement,0.8,5,0.4840541491934978,0.4909599020955747,,0.8,0.0
57,57,refinement,0.8,6,0.48322096569245754,0.480779853534975,,0.8,0.0
57,57,refinement,0.8,7,0.3637211246241332,0.48538378042124986,,0.5,0.0
58,58,accumulation,N/A,0,0.7300547937546763,0.1382131002846806,,1.0,1.0
58,58,accumulation,N/A,1,0.3665503369084329,0.26524958110585684,,0.4,0.0
58,58,accumulation,N/A,2,0.35768121690786137,0.20136895268474203,,0.4,0.25
58,58,accumulation,N/A,3,0.4930508917309482,0.22012846948178305,,0.6666666666666666,0.0
58,58,accumulation,N/A,4,0.33659898341778394,0.4015446768395946,,0.11764705882352941,0.0
58,58,accumulation,N/A,5,0.3469994415857997,0.32914886156148926,,0.16666666666666669,0.0
58,58,accumulation,N/A,6,0.36433550808326787,0.23992578573283782,,0.2857142857142857,0.0
58,58,accumulation,N/A,7,0.35467820025605223,0.24998704913507536,,0.4,0.0
58,58,refinement,0.5,0,0.7300547937546763,0.1382131002846806,,1.0,1.0
58,58,refinement,0.5,1,0.7296830311998102,0.13542915470952732,,1.0,1.0
58,58,refinement,0.5,2,0.7295157990384062,0.13765939279398873,,1.0,1.0
58,58,refinement,0.5,3,0.7286570400171761,0.13387579935085042,,1.0,1.0
58,58,refinement,0.5,4,0.7295864583560638,0.13387579935085042,,1.0,1.0
58,58,refinement,0.5,5,0.5299389329199777,0.13767637288391124,,0.6666666666666666,0.5
58,58,refinement,0.5,6,0.7303395560612876,0.13767637288391124,,1.0,1.0
58,58,refinement,0.5,7,0.7308056330710595,0.13821397202207444,,1.0,1.0
58,58,refinement,0.8,0,0.7300547937546763,0.1382131002846806,,1.0,1.0
58,58,refinement,0.8,1,0.47552254792293425,0.010780253418076436,,0.6666666666666666,0.0
58,58,refinement,0.8,2,0.7348035916186557,0.14076814200918328,,1.0,1.0
58,58,refinement,0.8,3,0.7365391371193228,0.14318228087840504,,1.0,1.0
58,58,refinement,0.8,4,0.7408048379345709,0.1536401639374383,,1.0,1.0
58,58,refinement,0.8,5,0.7353180026929401,0.143041304344918,,1.0,1.0
58,58,refinement,0.8,6,0.7420629099475948,0.15180133798480783,,1.0,1.0
58,58,refinement,0.8,7,0.7463739864682498,0.16281318008182824,,1.0,1.0
59,59,accumulation,N/A,0,0.659653909380134,0.21279240169871205,,1.0,1.0
59,59,accumulation,N/A,1,0.4397089826619021,0.5968749259841823,,0.4444444444444445,0.0
59,59,accumulation,N/A,2,0.4075871125310718,0.3440222563877297,,0.6666666666666666,0.0
59,59,accumulation,N/A,3,0.3293039594654107,0.325086524216035,,0.5714285714285715,0.0
59,59,accumulation,N/A,4,0.5968550469142174,0.5378968051822267,,0.6666666666666666,0.0
59,59,accumulation,N/A,5,0.3430448070020679,0.1905665154091216,,0.23529411764705882,0.0
59,59,accumulation,N/A,6,0.34855123683412564,0.1709194051354703,,0.4444444444444445,0.0
59,59,accumulation,N/A,7,0.5220255282843,0.2673997974243961,,0.6666666666666666,0.0
59,59,refinement,0.5,0,0.659653909380134,0.21279240169871205,,1.0,1.0
59,59,refinement,0.5,1,0.6592359275081612,0.21238395711257074,,1.0,1.0
59,59,refinement,0.5,2,0.6588807258491646,0.20850605275623574,,1.0,1.0
59,59,refinement,0.5,3,0.6584342146169414,0.2047417936552482,,1.0,1.0
59,59,refinement,0.5,4,0.4783914803785925,0.206069778147244,,0.8,0.5
59,59,refinement,0.5,5,0.6584258722726304,0.20604711806814818,,1.0,1.0
59,59,refinement,0.5,6,0.6587688607054596,0.20605623120591765,,1.0,1.0
59,59,refinement,0.5,7,0.6576792935488561,0.20175377949204254,,1.0,1.0
59,59,refinement,0.8,0,0.659653909380134,0.21279240169871205,,1.0,1.0
59,59,refinement,0.8,1,0.6569055646608655,0.19891805449341504,,1.0,1.0
59,59,refinement,0.8,2,0.6577274142287525,0.19688410690602468,,1.0,1.0
59,59,refinement,0.8,3,0.6603683134104923,0.20362439093588278,,1.0,1.0
59,59,refinement,0.8,4,0.6589854957058103,0.19948484390773696,,1.0,1.0
59,59,refinement,0.8,5,0.48797467572067305,0.23972711792615267,,0.8,0.5
59,59,refinement,0.8,6,0.6624696611829082,0.19744921759416065,,1.0,1.0
59,59,refinement,0.8,7,0.6591834134243846,0.17839713970344998,,1.0,1.0
60,60,accumulation,N/A,0,0.37676777248787013,0.0904673952522625,,0.46153846153846156,0.4
60,60,accumulation,N/A,1,0.46072059875956206,0.15878715250040537,,0.6363636363636364,0.25
60,60,accumulation,N/A,2,0.48210074203360265,0.18306183131924403,,0.7272727272727274,0.25
60,60,accumulation,N/A,3,0.3512838174598999,0.04989768908636655,,0.6666666666666666,0.25
60,60,accumulation,N/A,4,0.3653381372915085,0.08187578739091968,,0.5333333333333333,0.5
60,60,accumulation,N/A,5,0.45199391860782223,0.0657497002717988,,0.6153846153846153,0.25
60,60,accumulation,N/A,6,0.32482856665271503,0.12127544840373077,,0.3243243243243243,0.25
60,60,accumulation,N/A,7,0.3673689391540299,0.12971826882590887,,0.4166666666666667,0.2
60,60,refinement,0.5,0,0.37676777248787013,0.0904673952522625,,0.46153846153846156,0.4
60,60,refinement,0.5,1,0.29940820381816374,0.08481460577421336,,0.4444444444444444,0.16666666666666666
60,60,refinement,0.5,2,0.3366452966764224,0.10517782658462364,,0.4545454545454546,0.2
60,60,refinement,0.5,3,0.2998978582225481,0.11659958001509155,,0.35714285714285715,0.16666666666666666
60,60,refinement,0.5,4,0.339240117081251,0.12238964497465854,,0.4761904761904762,0.2
60,60,refinement,0.5,5,0.33840464931763464,0.12160936622163954,,0.4545454545454546,0.2
60,60,refinement,0.5,6,0.3760903375770652,0.12375838681920046,,0.5263157894736842,0.4
60,60,refinement,0.5,7,0.34328465747188064,0.13708336336033283,,0.5,0.2
60,60,refinement,0.8,0,0.37676777248787013,0.0904673952522625,,0.46153846153846156,0.4
60,60,refinement,0.8,1,0.3298943674828394,0.12202200147728215,,0.4166666666666667,0.2
60,60,refinement,0.8,2,0.35308324748738773,0.13538371083781262,,0.4545454545454546,0.4
60,60,refinement,0.8,3,0.3145929494558915,0.12011309638225014,,0.3703703703703704,0.2
60,60,refinement,0.8,4,0.3155513266979077,0.15200998388211365,,0.39999999999999997,0.3333333333333333
60,60,refinement,0.8,5,0.36548727669241515,0.14654320482365246,,0.5263157894736842,0.4
60,60,refinement,0.8,6,0.3701760287000131,0.14163175354808036,,0.5263157894736842,0.4
60,60,refinement,0.8,7,0.3972403462412371,0.1437481631857742,,0.5555555555555556,0.6
61,61,accumulation,N/A,0,0.36263366483839776,0.015884637854903395,,0.4328358208955224,0.125
61,61,accumulation,N/A,1,0.3106628596645481,0.0033400013785253465,,0.43564356435643564,0.25
61,61,accumulation,N/A,2,0.39312193251399274,0.057690332801249716,,0.559322033898305,0.125
61,61,accumulation,N/A,3,0.44638917200652856,0.022017321015586518,,0.6407766990291262,0.375
61,61,accumulation,N/A,4,0.351822850973183,0.02085612120392984,,0.4285714285714285,0.125
61,61,accumulation,N/A,5,0.4531287956383452,0.025446430563164736,,0.45098039215686275,0.5
61,61,accumulation,N/A,6,0.3404309949198583,0.010781417141928713,,0.5190839694656488,0.0
61,61,accumulation,N/A,7,0.37543223244666524,0.004133378016124934,,0.44859813084112155,0.125
61,61,refinement,0.5,0,0.36263366483839776,0.015884637854903395,,0.4328358208955224,0.125
61,61,refinement,0.5,1,0.34872801099151096,0.018928722691991934,,0.4496124031007752,0.0
61,61,refinement,0.5,2,0.3660314680629724,0.012327010472180319,,0.45454545454545453,0.125
61,61,refinement,0.5,3,0.36585473184771866,0.017688500476830283,,0.47619047619047616,0.125
61,61,refinement,0.5,4,0.3630145592164062,0.014093026159224085,,0.45255474452554745,0.125
61,61,refinement,0.5,5,0.346036038925977,0.012731580714687362,,0.5084745762711864,0.0
61,61,refinement,0.5,6,0.38044862062802204,0.008643245235591937,,0.4651162790697674,0.25
61,61,refinement,0.5,7,0.3642720978237105,0.010929121306768704,,0.4705882352941176,0.25
61,61,refinement,0.8,0,0.36263366483839776,0.015884637854903395,,0.4328358208955224,0.125
61,61,refinement,0.8,1,0.37085100202242915,0.013672246214926199,,0.4881889763779527,0.25
61,61,refinement,0.8,2,0.35078538534211484,0.01477701291162965,,0.5102040816326531,0.25
61,61,refinement,0.8,3,0.3363461667469733,0.00890131615604429,,0.43243243243243246,0.125
61,61,refinement,0.8,4,0.35708219361394145,0.008884557184490258,,0.47524752475247534,0.25
61,61,refinement,0.8,5,0.35764182871657085,0.007722105936391653,,0.490566037735849,0.25
61,61,refinement,0.8,6,0.2741376071283209,0.012196425339216232,,0.39639639639639646,0.0
61,61,refinement,0.8,7,0.27545129997369233,0.01041447875096269,,0.43478260869565216,0.0
62,62,accumulation,N/A,0,0.3529494549975666,0.009146430526601657,,0.5688073394495412,0.0
62,62,accumulation,N/A,1,0.3211560016617007,0.013219026158307357,,0.5806451612903226,0.0
62,62,accumulation,N/A,2,0.309062743001484,0.0037308597220961108,,0.6464646464646464,0.0
62,62,accumulation,N/A,3,0.36832991213803745,0.0008501855996686255,,0.6538461538461539,0.0
62,62,accumulation,N/A,4,0.3450954525277554,0.014593927479356717,,0.6301369863013699,0.0
62,62,accumulation,N/A,5,0.30118503863154883,0.0,,0.38,0.0
62,62,accumulation,N/A,6,0.28561733196644734,0.01323492457127866,,0.3717948717948718,0.0
62,62,accumulation,N/A,7,0.32492118099954204,0.01036673805858217,,0.5510204081632654,0.0
62,62,refinement,0.5,0,0.3529494549975666,0.009146430526601657,,0.5688073394495412,0.0
62,62,refinement,0.5,1,0.37163136441234235,0.004159328030519137,,0.6796116504854369,0.0
62,62,refinement,0.5,2,0.36410332395937767,0.005414751740250695,,0.6530612244897959,0.0
62,62,refinement,0.5,3,0.3495346995077224,0.005962234245559756,,0.5405405405405406,0.0
62,62,refinement,0.5,4,0.3823073063522619,0.009065564078366577,,0.6185567010309279,0.16666666666666666
62,62,refinement,0.5,5,0.3788298238039719,0.010035544282415721,,0.5800000000000001,0.16666666666666666
62,62,refinement,0.5,6,0.34668310493663435,0.010216164606932874,,0.5142857142857142,0.0
62,62,refinement,0.5,7,0.3283734528435623,0.01277381545846716,,0.5050505050505051,0.0
62,62,refinement,0.8,0,0.3529494549975666,0.009146430526601657,,0.5688073394495412,0.0
62,62,refinement,0.8,1,0.3540539210163477,0.006651928140010952,,0.5504587155963303,0.0
62,62,refinement,0.8,2,0.3815482887011582,0.006299044141168633,,0.6218487394957982,0.2857142857142857
62,62,refinement,0.8,3,0.33752500198313096,0.0074590406597329914,,0.66,0.0
62,62,refinement,0.8,4,0.34030745065692675,0.024506429747611812,,0.6601941747572816,0.125
62,62,refinement,0.8,5,0.3012477067957019,0.012288280745757984,,0.5471698113207547,0.0
62,62,refinement,0.8,6,0.36496762711901126,0.013843588810754056,,0.7096774193548387,0.125
62,62,refinement,0.8,7,0.33372808877411153,0.005556799071915686,,0.6601941747572816,0.0
63,63,accumulation,N/A,0,0.4388238033646334,0.02710575859658274,,0.6666666666666667,0.25
63,63,accumulation,N/A,1,0.4934451261827504,0.1323475254388319,,0.5555555555555556,0.25
63,63,accumulation,N/A,2,0.501433011267939,0.11826967396376414,,0.7857142857142856,0.25
63,63,accumulation,N/A,3,0.5349490278659019,0.0766970146054325,,0.7142857142857143,0.25
63,63,accumulation,N/A,4,0.45043664045816734,0.08806146671405678,,0.37837837837837834,0.2
63,63,accumulation,N/A,5,0.3660543096340486,0.05048855874013441,,0.4150943396226416,0.16666666666666666
63,63,accumulation,N/A,6,0.4372009847757845,0.17734520830182554,,0.37681159420289856,0.0
63,63,accumulation,N/A,7,0.3716628356328576,0.08412775157733138,,0.5454545454545454,0.0
63,63,refinement,0.5,0,0.4388238033646334,0.02710575859658274,,0.6666666666666667,0.25
63,63,refinement,0.5,1,0.40524543627047865,0.028713879583664028,,0.6829268292682926,0.0
63,63,refinement,0.5,2,0.44828954775944985,0.025019934416801917,,0.7777777777777778,0.25
63,63,refinement,0.5,3,0.4774580901326222,0.034786869485765544,,0.8000000000000002,0.6
63,63,refinement,0.5,4,0.45071186497401305,0.03558265841739932,,0.7500000000000001,0.25
63,63,refinement,0.5,5,0.40447029236493415,0.03045336431023138,,0.7333333333333333,0.0
63,63,refinement,0.5,6,0.4429718573128524,0.031821590733184184,,0.7428571428571429,0.25
63,63,refinement,0.5,7,0.46506323946993766,0.031800567993419855,,0.8125,0.25
63,63,refinement,0.8,0,0.4388238033646334,0.02710575859658274,,0.6666666666666667,0.25
63,63,refinement,0.8,1,0.4293236566802938,0.029952339388244258,,0.6046511627906976,0.25
63,63,refinement,0.8,2,0.43619895340694026,0.021893073197750506,,0.6829268292682926,0.25
63,63,refinement,0.8,3,0.3558500673881886,0.022413931527279742,,0.6046511627906976,0.0
63,63,refinement,0.8,4,0.4393150762369662,0.020505958853388493,,0.6363636363636364,0.25
63,63,refinement,0.8,5,0.39890312399189404,0.0286125370384623,,0.6666666666666667,0.0
63,63,refinement,0.8,6,0.4759949313627252,0.025615098921470413,,0.6470588235294117,0.5
63,63,refinement,0.8,7,0.3848481804984404,0.025272088868355413,,0.5263157894736841,0.0
64,64,accumulation,N/A,0,0.347116466710978,0.009293030287767162,,0.5289256198347106,0.14285714285714285
64,64,accumulation,N/A,1,0.3880409691178033,0.013476136883318963,,0.6481481481481481,0.0
64,64,accumulation,N/A,2,0.3959839759528502,0.003659558097267548,,0.7317073170731707,0.0
64,64,accumulation,N/A,3,0.37256837139627963,0.02512827967017865,,0.46938775510204084,0.14285714285714285
64,64,accumulation,N/A,4,0.354645904807913,0.041119099965991696,,0.5413533834586466,0.0
64,64,accumulation,N/A,5,0.350064749270685,0.014964636589195189,,0.7142857142857143,0.0
64,64,accumulation,N/A,6,0.28856842628740464,0.025197839385106578,,0.7142857142857144,0.0
64,64,accumulation,N/A,7,0.351005536871897,0.017625697095646875,,0.5467625899280575,0.0
64,64,refinement,0.5,0,0.347116466710978,0.009293030287767162,,0.5289256198347106,0.14285714285714285
64,64,refinement,0.5,1,0.3182029250439255,0.010678456864252502,,0.5084745762711864,0.0
64,64,refinement,0.5,2,0.3061675137049825,0.010700356247487464,,0.5263157894736842,0.0
64,64,refinement,0.5,3,0.29212429143988144,0.011894515312662958,,0.448,0.0
64,64,refinement,0.5,4,0.29883696472056087,0.01246379822423783,,0.459016393442623,0.0
64,64,refinement,0.5,5,0.3122103605424617,0.014401127283628024,,0.47863247863247865,0.0
64,64,refinement,0.5,6,0.29537546168211803,0.013659542587484643,,0.42016806722689076,0.0
64,64,refinement,0.5,7,0.2966614574170046,0.0140145753101523,,0.4444444444444444,0.0
64,64,refinement,0.8,0,0.347116466710978,0.009293030287767162,,0.5289256198347106,0.14285714285714285
64,64,refinement,0.8,1,0.32980803546621407,0.014955451899152556,,0.5882352941176471,0.0
64,64,refinement,0.8,2,0.35068207112544286,0.012076874711335407,,0.48333333333333334,0.16666666666666666
64,64,refinement,0.8,3,0.30117101843000443,0.009260744362618768,,0.42424242424242425,0.0
64,64,refinement,0.8,4,0.3258847919429356,0.010964671959938332,,0.45999999999999996,0.0
64,64,refinement,0.8,5,0.3297054588675735,0.012041866635150762,,0.4545454545454546,0.0
64,64,refinement,0.8,6,0.35762410007310225,0.007183766670938402,,0.5531914893617021,0.0
64,64,refinement,0.8,7,0.3380695277062646,0.009997702353710503,,0.5714285714285714,0.0
65,65,accumulation,N/A,0,0.40228578555211775,0.002331570987096064,,0.5568181818181818,0.14285714285714285
65,65,accumulation,N/A,1,0.35805795657891343,0.008708424608531447,,0.4859813084112149,0.0
65,65,accumulation,N/A,2,0.3869402762681238,0.0003153792861421587,,0.5892857142857143,0.125
65,65,accumulation,N/A,3,0.3882557642133477,0.0014964559840413153,,0.611111111111111,0.125
65,65,accumulation,N/A,4,0.38518619316720876,0.007448554494653887,,0.6194690265486725,0.14285714285714285
65,65,accumulation,N/A,5,0.36424556115843887,0.00024285505324798167,,0.54,0.14285714285714285
65,65,accumulation,N/A,6,0.3704225427676978,0.01429024009121547,,0.5194805194805195,0.14285714285714285
65,65,accumulation,N/A,7,0.3484404497097894,0.0025465537679993815,,0.5342465753424659,0.0
65,65,refinement,0.5,0,0.40228578555211775,0.002331570987096064,,0.5568181818181818,0.14285714285714285
65,65,refinement,0.5,1,0.3645933520188322,0.002211427536095391,,0.5802469135802469,0.0
65,65,refinement,0.5,2,0.3782125444219739,0.0027620812640843516,,0.6666666666666666,0.0
65,65,refinement,0.5,3,0.39459108944301957,0.003163749199692871,,0.6293706293706294,0.0
65,65,refinement,0.5,4,0.4171735115415244,0.008802153553312927,,0.619047619047619,0.14285714285714285
65,65,refinement,0.5,5,0.39682892944063053,0.003617818079841616,,0.6307692307692307,0.0
65,65,refinement,0.5,6,0.40211698129734597,0.003473478805455042,,0.6766917293233082,0.0
65,65,refinement,0.5,7,0.40246087707431044,0.0037591195705843085,,0.703125,0.0
65,65,refinement,0.8,0,0.40228578555211775,0.002331570987096064,,0.5568181818181818,0.14285714285714285
65,65,refinement,0.8,1,0.36500560823955985,0.005923144334267227,,0.5454545454545454,0.0
65,65,refinement,0.8,2,0.41003712443240276,0.00305235101904857,,0.6040268456375838,0.25
65,65,refinement,0.8,3,0.3715854312788643,0.004402417893488137,,0.6344827586206896,0.0
65,65,refinement,0.8,4,0.4152430638756183,0.00019857748677650004,,0.6507936507936507,0.14285714285714285
65,65,refinement,0.8,5,0.41382058935808136,0.008501197441057423,,0.6129032258064515,0.14285714285714285
65,65,refinement,0.8,6,0.3633870773831098,0.023850630549328025,,0.48387096774193544,0.0
65,65,refinement,0.8,7,0.3997522443775487,0.025083398493929068,,0.6206896551724138,0.0
66,66,accumulation,N/A,0,0.2949764839645079,0.008117606110832386,,0.4331210191082803,0.125
66,66,accumulation,N/A,1,0.32322771918144355,0.00930648491602767,,0.5925925925925926,0.0
66,66,accumulation,N/A,2,0.31796225377529036,0.0037756138775750865,,0.4606060606060605,0.0
66,66,accumulation,N/A,3,0.36138036918500127,0.012661013013352108,,0.49295774647887325,0.125
66,66,accumulation,N/A,4,0.3305087901350403,0.001424574193208173,,0.48920863309352514,0.25
66,66,accumulation,N/A,5,0.304081879823328,0.00156627824924347,,0.5324675324675324,0.0
66,66,accumulation,N/A,6,0.35951204526497915,0.010625282611043086,,0.6013986013986014,0.0
66,66,accumulation,N/A,7,0.27202659898931403,1.90521552750655e-05,,0.3875968992248062,0.0
66,66,refinement,0.5,0,0.2949764839645079,0.008117606110832386,,0.4331210191082803,0.125
66,66,refinement,0.5,1,0.28038817662704224,0.002855549516810446,,0.42953020134228187,0.0
66,66,refinement,0.5,2,0.30811934715538725,0.005497378491698744,,0.4729729729729729,0.125
66,66,refinement,0.5,3,0.3079963453589315,0.001986662514535037,,0.48484848484848486,0.125
66,66,refinement,0.5,4,0.3633297791143337,0.003538328834265065,,0.42857142857142855,0.42857142857142855
66,66,refinement,0.5,5,0.2727028951969218,0.009112441217828756,,0.36842105263157887,0.0
66,66,refinement,0.5,6,0.27980430697462993,0.008430564517203228,,0.4105960264900662,0.0
66,66,refinement,0.5,7,0.2968353579812952,0.004846271187627877,,0.3884892086330935,0.125
66,66,refinement,0.8,0,0.2949764839645079,0.008117606110832386,,0.4331210191082803,0.125
66,66,refinement,0.8,1,0.28133329787366845,0.008118731448563097,,0.5271317829457364,0.0
66,66,refinement,0.8,2,0.2955704974627873,0.00800205147431967,,0.44859813084112143,0.0
66,66,refinement,0.8,3,0.2989918512377788,0.0035479455544132907,,0.5,0.0
66,66,refinement,0.8,4,0.2782589323951018,0.0,,0.5072463768115942,0.0
66,66,refinement,0.8,5,0.31672299124624376,0.001377622046439637,,0.6829268292682926,0.125
66,66,refinement,0.8,6,0.3122745643732665,0.00039168932609340355,,0.6153846153846154,0.0
66,66,refinement,0.8,7,0.32108817901104814,0.007320442685100346,,0.5179856115107914,0.14285714285714285
67,67,accumulation,N/A,0,0.7560545687425095,0.5008831085875303,,1.0,1.0
67,67,accumulation,N/A,1,0.5181981820972591,0.4813711134750051,,0.5,0.5
67,67,accumulation,N/A,2,0.4589647687046161,0.08549329418209055,,0.6666666666666666,0.0
67,67,accumulation,N/A,3,0.23182439734358534,0.20302066762209306,,0.13333333333333333,0.0
67,67,accumulation,N/A,4,0.5237963406963209,0.4217140670789767,,0.6666666666666666,0.5
67,67,accumulation,N/A,5,0.6513122733287783,0.09227675151978273,,1.0,1.0
67,67,accumulation,N/A,6,0.41406336096063945,0.02252217870321103,,0.5,0.0
67,67,accumulation,N/A,7,0.4930487043252121,0.3793845608798557,,0.6666666666666666,0.5
67,67,refinement,0.5,0,0.7560545687425095,0.5008831085875303,,1.0,1.0
67,67,refinement,0.5,1,0.46596534214258967,0.49906443033405873,,0.4,0.3333333333333333
67,67,refinement,0.5,2,0.5566316238197546,0.5035272715819087,,0.6666666666666666,0.5
67,67,refinement,0.5,3,0.5324943666628481,0.5124843411401953,,0.5,0.5
67,67,refinement,0.5,4,0.5319074363894885,0.505245096109651,,0.5,0.5
67,67,refinement,0.5,5,0.5561518810566392,0.5046589774977439,,0.6666666666666666,0.5
67,67,refinement,0.5,6,0.7550995831872553,0.4959521925427309,,1.0,1.0
67,67,refinement,0.5,7,0.7558408889645107,0.5029451294845947,,1.0,1.0
67,67,refinement,0.8,0,0.7560545687425095,0.5008831085875303,,1.0,1.0
67,67,refinement,0.8,1,0.7559332760773539,0.49677971560327633,,1.0,1.0
67,67,refinement,0.8,2,0.7542735153295279,0.4925465221339756,,1.0,1.0
67,67,refinement,0.8,3,0.7537017087802691,0.4899000209092276,,1.0,1.0
67,67,refinement,0.8,4,0.5546433815133185,0.47711198626927426,,0.6666666666666666,0.5
67,67,refinement,0.8,5,0.7539015279545206,0.4797490860042245,,1.0,1.0
67,67,refinement,0.8,6,0.7533973212817968,0.4771119862692741,,1.0,1.0
67,67,refinement,0.8,7,0.7549281309474314,0.48825383781784143,,1.0,1.0
68,68,accumulation,N/A,0,0.479138089369433,0.018907334898050472,,0.6666666666666666,0.0
68,68,accumulation,N/A,1,0.3189681276913692,0.0,,0.0,0.5
68,68,accumulation,N/A,2,0.32494879990228376,0.0,,0.0,0.5
68,68,accumulation,N/A,3,0.2752186933361345,0.0,,0.0009980039920159682,0.3333333333333333
68,68,accumulation,N/A,4,0.24650897638001532,0.0,,0.0,0.0
68,68,accumulation,N/A,5,0.5198354837631932,0.28156859003132945,,0.6666666666666666,0.0
68,68,accumulation,N/A,6,0.17104862313850927,0.0,,0.0009174311926605505,0.0
68,68,accumulation,N/A,7,0.2649448185711946,0.10449349692643975,,0.4,0.0
68,68,refinement,0.5,0,0.479138089369433,0.018907334898050472,,0.6666666666666666,0.0
68,68,refinement,0.5,1,0.47977004648450194,0.019839676222314022,,0.6666666666666666,0.0
68,68,refinement,0.5,2,0.37921655736098653,0.019319618597214774,,0.5,0.0
68,68,refinement,0.5,3,0.3782944960925041,0.020370729353612307,,0.5,0.0
68,68,refinement,0.5,4,0.47923411435943414,0.021729034577929886,,0.6666666666666666,0.0
68,68,refinement,0.5,5,0.3788209300278018,0.022967403655932434,,0.5,0.0
68,68,refinement,0.5,6,0.47849017659037285,0.020499700135750594,,0.6666666666666666,0.0
68,68,refinement,0.5,7,0.33933772367251414,0.023381582253130622,,0.4,0.0
68,68,refinement,0.8,0,0.479138089369433,0.018907334898050472,,0.6666666666666666,0.0
68,68,refinement,0.8,1,0.47917351581627987,0.013646250347165845,,0.6666666666666666,0.0
68,68,refinement,0.8,2,0.4779364274571749,0.00887031009400258,,0.6666666666666666,0.0
68,68,refinement,0.8,3,0.47822358737610804,0.004607474739950749,,0.6666666666666666,0.0
68,68,refinement,0.8,4,0.34007710567613275,0.024786849091081063,,0.4,0.0
68,68,refinement,0.8,5,0.47758252738952767,0.0,,0.6666666666666666,0.0
68,68,refinement,0.8,6,0.47789335433047875,0.0,,0.6666666666666666,0.0
68,68,refinement,0.8,7,0.4788194310115319,0.0,,0.6666666666666666,0.0
69,69,accumulation,N/A,0,0.3281566174135129,0.08347191190113343,,0.47058823529411764,0.0
69,69,accumulation,N/A,1,0.33400513080559785,0.0,,0.2777777777777778,0.0
69,69,accumulation,N/A,2,0.24275317007797342,0.044007077333241905,,0.16666666666666669,0.0
69,69,accumulation,N/A,3,0.24358647761877392,0.020358256675343613,,0.4444444444444444,0.0
69,69,accumulation,N/A,4,0.40528409737180354,0.049785363750263094,,0.4615384615384615,0.2
69,69,accumulation,N/A,5,0.3648215613340345,0.02476814195536279,,0.4666666666666666,0.0
69,69,accumulation,N/A,6,0.421910914823744,0.06403477622959233,,0.3076923076923077,0.0
69,69,accumulation,N/A,7,0.32673560011211233,0.04336164428857821,,0.41025641025641024,0.0
69,69,refinement,0.5,0,0.3281566174135129,0.08347191190113343,,0.47058823529411764,0.0
69,69,refinement,0.5,1,0.3072501369674122,0.11170944359056934,,0.3333333333333333,0.0
69,69,refinement,0.5,2,0.3655699199040322,0.10799657715231316,,0.35294117647058826,0.16666666666666666
69,69,refinement,0.5,3,0.31678419443104633,0.15872832330769415,,0.26666666666666666,0.0
69,69,refinement,0.5,4,0.31650270533005076,0.15712315436065838,,0.26666666666666666,0.0
69,69,refinement,0.5,5,0.31415975161492293,0.16025551700549454,,0.25,0.0
69,69,refinement,0.5,6,0.30693867627973814,0.160064678623817,,0.25,0.0
69,69,refinement,0.5,7,0.3439419928072823,0.10732219251213147,,0.35294117647058826,0.16666666666666666
69,69,refinement,0.8,0,0.3281566174135129,0.08347191190113343,,0.47058823529411764,0.0
69,69,refinement,0.8,1,0.3114099575954079,0.11312149216323193,,0.3333333333333333,0.0
69,69,refinement,0.8,2,0.30291555604716536,0.14478547971387637,,0.2222222222222222,0.0
69,69,refinement,0.8,3,0.30643121367977466,0.149236596542541,,0.25,0.0
69,69,refinement,0.8,4,0.3507829512918912,0.14179984642401963,,0.2222222222222222,0.16666666666666666
69,69,refinement,0.8,5,0.3559327820689878,0.09402081176277882,,0.35294117647058826,0.16666666666666666
69,69,refinement,0.8,6,0.3145898679654675,0.10358739123322504,,0.3157894736842105,0.0
69,69,refinement,0.8,7,0.44063653541279,0.1703482136539901,,0.25,0.4
70,70,accumulation,N/A,0,0.34970245192197985,0.007938843692450724,,0.38202247191011235,0.0
70,70,accumulation,N/A,1,0.23318532879564113,0.0,,0.20689655172413793,0.14285714285714285
70,70,accumulation,N/A,2,0.32241326396115577,0.00657810323165427,,0.6153846153846154,0.14285714285714285
70,70,accumulation,N/A,3,0.4194508215787896,0.029443307716971116,,0.6666666666666667,0.2857142857142857
70,70,accumulation,N/A,4,0.36311882525090583,0.051946676739668345,,0.5428571428571428,0.2857142857142857
70,70,accumulation,N/A,5,0.3509807943267403,0.03961553082532755,,0.5769230769230769,0.0
70,70,accumulation,N/A,6,0.2501251745041252,0.021153199121769144,,0.37500000000000006,0.0
70,70,accumulation,N/A,7,0.44409013857664925,0.0038946108941434634,,0.6842105263157895,0.2857142857142857
70,70,refinement,0.5,0,0.34970245192197985,0.007938843692450724,,0.38202247191011235,0.0
70,70,refinement,0.5,1,0.3310392472524119,0.02384686429604527,,0.393939393939394,0.0
70,70,refinement,0.5,2,0.3744575091550244,0.005447710433213696,,0.3661971830985916,0.14285714285714285
70,70,refinement,0.5,3,0.38838567862083606,0.006071096072561865,,0.4307692307692308,0.14285714285714285
70,70,refinement,0.5,4,0.379723052538501,0.00611547437442303,,0.43749999999999994,0.14285714285714285
70,70,refinement,0.5,5,0.3525687285404418,0.004357269088141986,,0.39344262295081966,0.0
70,70,refinement,0.5,6,0.3357703225624207,0.0059083692016297365,,0.44827586206896547,0.0
70,70,refinement,0.5,7,0.3481849144563163,0.004355772691587897,,0.5161290322580646,0.0
70,70,refinement,0.8,0,0.34970245192197985,0.007938843692450724,,0.38202247191011235,0.0
70,70,refinement,0.8,1,0.37256053970893777,0.015018982413571809,,0.5151515151515151,0.14285714285714285
70,70,refinement,0.8,2,0.3335348299017826,0.014470278753736179,,0.45454545454545453,0.0
70,70,refinement,0.8,3,0.32616456741319066,0.015853270523323543,,0.5,0.0
70,70,refinement,0.8,4,0.3412790327245304,0.010244614737121868,,0.59375,0.0
70,70,refinement,0.8,5,0.3461079956160139,0.0037196700899572396,,0.43478260869565216,0.14285714285714285
70,70,refinement,0.8,6,0.355955141253525,0.016694133438722496,,0.5573770491803278,0.14285714285714285
70,70,refinement,0.8,7,0.3740989744842243,0.015913804706252813,,0.5161290322580646,0.2857142857142857
71,71,accumulation,N/A,0,0.3537300002107784,0.005929155092196734,,0.48351648351648346,0.125
71,71,accumulation,N/A,1,0.2616572410251579,0.016912811409841206,,0.5210084033613446,0.0
71,71,accumulation,N/A,2,0.3487723807982534,0.012510800462861777,,0.6222222222222222,0.0
71,71,accumulation,N/A,3,0.27946776294476006,0.0,,0.39669421487603307,0.0
71,71,accumulation,N/A,4,0.32770848865544167,0.003640785348952318,,0.5352112676056338,0.125
71,71,accumulation,N/A,5,0.3651428899708411,0.014777361858332448,,0.4380952380952381,0.14285714285714285
71,71,accumulation,N/A,6,0.2950898960501299,0.005342085102960959,,0.46938775510204084,0.14285714285714285
71,71,accumulation,N/A,7,0.3363750277204327,0.07005332045516839,,0.3333333333333333,0.14285714285714285
71,71,refinement,0.5,0,0.3537300002107784,0.005929155092196734,,0.48351648351648346,0.125
71,71,refinement,0.5,1,0.3652996431097617,0.010117710208562666,,0.5684210526315789,0.125
71,71,refinement,0.5,2,0.31173061743797226,0.01918403498800412,,0.4523809523809524,0.0
71,71,refinement,0.5,3,0.30001853455449334,0.021220683468701533,,0.37037037037037035,0.0
71,71,refinement,0.5,4,0.3099906914222098,0.01928837850638824,,0.38095238095238093,0.0
71,71,refinement,0.5,5,0.3394375793727707,0.015857319298875325,,0.4523809523809524,0.0
71,71,refinement,0.5,6,0.36290929399875554,0.013042402320738365,,0.5348837209302325,0.0
71,71,refinement,0.5,7,0.3779360587831342,0.012975985733711339,,0.5111111111111111,0.14285714285714285
71,71,refinement,0.8,0,0.3537300002107784,0.005929155092196734,,0.48351648351648346,0.125
71,71,refinement,0.8,1,0.3720464656853259,0.02164372000689968,,0.5783132530120482,0.14285714285714285
71,71,refinement,0.8,2,0.4033802679711084,0.01356862763832219,,0.7368421052631579,0.14285714285714285
71,71,refinement,0.8,3,0.3772954490253759,0.012890778939234218,,0.7022900763358778,0.0
71,71,refinement,0.8,4,0.3914284353839289,0.010554296891930553,,0.7454545454545455,0.0
71,71,refinement,0.8,5,0.34709158525975764,0.021874821589413448,,0.6101694915254237,0.0
71,71,refinement,0.8,6,0.4334111342502296,0.020200887412760653,,0.6363636363636364,0.2857142857142857
71,71,refinement,0.8,7,0.39938396777272767,0.011154086770104434,,0.7205882352941176,0.0
72,72,accumulation,N/A,0,0.227848620547691,0.06598600784932111,,0.13636363636363635,0.0
72,72,accumulation,N/A,1,0.3602147693653811,0.11976434466030705,,0.36363636363636365,0.0
72,72,accumulation,N/A,2,0.3222192059404247,0.04890853876441777,,0.375,0.0
72,72,accumulation,N/A,3,0.38521276260797815,0.018368325573969106,,0.4444444444444445,0.25
72,72,accumulation,N/A,4,0.3996856292739327,0.06464059556503775,,0.27586206896551724,0.16666666666666666
72,72,accumulation,N/A,5,0.3308146932625566,0.07068552313347683,,0.358974358974359,0.0
72,72,accumulation,N/A,6,0.3467906372071355,0.04878787878787883,,0.36363636363636365,0.0
72,72,accumulation,N/A,7,0.43102248537168075,0.08182989643097001,,0.34146341463414637,0.25
72,72,refinement,0.5,0,0.227848620547691,0.06598600784932111,,0.13636363636363635,0.0
72,72,refinement,0.5,1,0.21524258337579788,0.04240914048307814,,0.15384615384615383,0.0
72,72,refinement,0.5,2,0.21876856719724225,0.011311314383940098,,0.15789473684210525,0.0
72,72,refinement,0.5,3,0.23961487482237592,0.12153047213539953,,0.16666666666666666,0.0
72,72,refinement,0.5,4,0.23088311724231197,0.053425127323458714,,0.1764705882352941,0.0
72,72,refinement,0.5,5,0.2900265002583857,0.04004972304107529,,0.23529411764705885,0.0
72,72,refinement,0.5,6,0.28019712937030994,0.056332376153384545,,0.24242424242424246,0.16666666666666666
72,72,refinement,0.5,7,0.27674776234058374,0.00021799386608528675,,0.21621621621621623,0.0
72,72,refinement,0.8,0,0.227848620547691,0.06598600784932111,,0.13636363636363635,0.0
72,72,refinement,0.8,1,0.29756615574703255,0.08711096837802512,,0.25,0.0
72,72,refinement,0.8,2,0.3023438285027872,0.08642793192827157,,0.28571428571428575,0.0
72,72,refinement,0.8,3,0.3298797279571326,0.09711673711131104,,0.3,0.2
72,72,refinement,0.8,4,0.28789151761146886,0.09186608112724891,,0.28571428571428575,0.0
72,72,refinement,0.8,5,0.29981981957572135,0.08795469544690093,,0.2608695652173913,0.0
72,72,refinement,0.8,6,0.31672387138922387,0.1346974183543749,,0.22222222222222224,0.0
72,72,refinement,0.8,7,0.3127470453286496,0.08297437949220858,,0.24000000000000002,0.0
73,73,accumulation,N/A,0,0.41356043215907345,0.06287455988104068,,0.4,0.0
73,73,accumulation,N/A,1,0.7648553717899607,0.4171109255319163,,1.0,1.0
73,73,accumulation,N/A,2,0.7873826424058105,0.5028423313148515,,1.0,1.0
73,73,accumulation,N/A,3,0.7371225505824833,0.14025394096638794,,1.0,1.0
73,73,accumulation,N/A,4,0.5574962991329164,0.17878494784445098,,0.6666666666666666,0.5
73,73,accumulation,N/A,5,0.5914969273358033,0.2812762207017894,,0.6666666666666666,0.5
73,73,accumulation,N/A,6,0.8164649724451297,0.45669291539459345,,1.0,1.0
73,73,accumulation,N/A,7,0.7836114955492012,0.32247949937674353,,1.0,1.0
73,73,refinement,0.5,0,0.41356043215907345,0.06287455988104068,,0.4,0.0
73,73,refinement,0.5,1,0.3287820783940991,0.06174118631866068,,0.33333333333333337,0.0
73,73,refinement,0.5,2,0.4143468738681474,0.04914034212865606,,0.4,0.0
73,73,refinement,0.5,3,0.29490628348426773,0.04309421310076163,,0.2857142857142857,0.0
73,73,refinement,0.5,4,0.2945380535019567,0.04297470712528866,,0.2857142857142857,0.0
73,73,refinement,0.5,5,0.29022180263369024,0.04682503975406138,,0.25,0.0
73,73,refinement,0.5,6,0.2826231878061913,0.0458610772133861,,0.19999999999999998,0.0
73,73,refinement,0.5,7,0.32837426395872893,0.0524188819093597,,0.33333333333333337,0.0
73,73,refinement,0.8,0,0.41356043215907345,0.06287455988104068,,0.4,0.0
73,73,refinement,0.8,1,0.43363845803235046,0.0899561040066041,,0.5,0.0
73,73,refinement,0.8,2,0.43474798813690857,0.06668844356659132,,0.5,0.0
73,73,refinement,0.8,3,0.4359745816309254,0.0723344656401151,,0.5,0.0
73,73,refinement,0.8,4,0.4625923816347472,0.06439740757187387,,0.6666666666666666,0.0
73,73,refinement,0.8,5,0.4616654319257125,0.06138332506495507,,0.6666666666666666,0.0
73,73,refinement,0.8,6,0.46265811998237105,0.06943152294948844,,0.6666666666666666,0.0
73,73,refinement,0.8,7,0.46155529266933515,0.06264906476038842,,0.6666666666666666,0.0
74,74,accumulation,N/A,0,0.3678061996147871,0.08280279642494696,,0.27586206896551724,0.125
74,74,accumulation,N/A,1,0.4293979553874341,0.06527506923391378,,0.26865671641791045,0.14285714285714285
74,74,accumulation,N/A,2,0.41878100375143423,0.0654498002751876,,0.26666666666666666,0.16666666666666666
74,74,accumulation,N/A,3,0.38940277228060416,0.28559194764133566,,0.2777777777777778,0.0
74,74,accumulation,N/A,4,0.38868520120466693,0.13172623495091726,,0.33333333333333326,0.16666666666666666
74,74,accumulation,N/A,5,0.37925486636575984,0.1450826898446856,,0.3461538461538461,0.0
74,74,accumulation,N/A,6,0.4009624024450668,0.06904753586318771,,0.19999999999999998,0.25
74,74,accumulation,N/A,7,0.42363920263636323,0.10809626287486788,,0.25,0.25
74,74,refinement,0.5,0,0.3678061996147871,0.08280279642494696,,0.27586206896551724,0.125
74,74,refinement,0.5,1,0.397804899649329,0.1455678011235239,,0.3076923076923077,0.14285714285714285
74,74,refinement,0.5,2,0.42984220335059103,0.14596563979461452,,0.3555555555555555,0.16666666666666666
74,74,refinement,0.5,3,0.40804372779801074,0.14285856348763015,,0.38095238095238093,0.14285714285714285
74,74,refinement,0.5,4,0.40291478751974297,0.14608238970216642,,0.38095238095238093,0.14285714285714285
74,74,refinement,0.5,5,0.4532795487438041,0.14618214461981915,,0.38095238095238093,0.3333333333333333
74,74,refinement,0.5,6,0.4029473717495651,0.14625316462323612,,0.372093023255814,0.25
74,74,refinement,0.5,7,0.40151014849686806,0.1457544880064809,,0.3636363636363636,0.25
74,74,refinement,0.8,0,0.3678061996147871,0.08280279642494696,,0.27586206896551724,0.125
74,74,refinement,0.8,1,0.3932261888826557,0.08770096232298327,,0.326530612244898,0.14285714285714285
74,74,refinement,0.8,2,0.4024532334955253,0.1194315542599958,,0.3555555555555555,0.25
74,74,refinement,0.8,3,0.4058005596998374,0.08639871998685075,,0.45714285714285713,0.14285714285714285
74,74,refinement,0.8,4,0.3903740135643437,0.09942080725153186,,0.3888888888888889,0.25
74,74,refinement,0.8,5,0.4382682771793532,0.06487447685801773,,0.40909090909090906,0.42857142857142855
74,74,refinement,0.8,6,0.4280483848049388,0.12122999052940295,,0.3902439024390244,0.16666666666666666
74,74,refinement,0.8,7,0.40428262424657285,0.1103715866552232,,0.25925925925925924,0.2857142857142857
75,75,accumulation,N/A,0,0.32846662689112416,0.006186275007637509,,0.4259259259259259,0.0
75,75,accumulation,N/A,1,0.4031563589241728,0.0018925906927591792,,0.4426229508196722,0.2857142857142857
75,75,accumulation,N/A,2,0.4083225720962589,0.0016184709532655556,,0.6027397260273972,0.0
75,75,accumulation,N/A,3,0.37600552263515025,0.0,,0.54,0.16666666666666666
75,75,accumulation,N/A,4,0.36873546883268987,0.0009996494548601888,,0.5227272727272727,0.0
75,75,accumulation,N/A,5,0.35332722113270626,0.006056567205595603,,0.5609756097560975,0.0
75,75,accumulation,N/A,6,0.34666907133763114,0.0018562475576768356,,0.4768211920529801,0.0
75,75,accumulation,N/A,7,0.39335614917053974,0.009065158550262006,,0.4883720930232558,0.16666666666666666
75,75,refinement,0.5,0,0.32846662689112416,0.006186275007637509,,0.4259259259259259,0.0
75,75,refinement,0.5,1,0.3482868074418469,0.004983840954495238,,0.4329896907216495,0.0
75,75,refinement,0.5,2,0.3524848495772543,0.009024687198624,,0.4081632653061224,0.0
75,75,refinement,0.5,3,0.3440180792911174,0.010209809035396337,,0.4835164835164836,0.0
75,75,refinement,0.5,4,0.3316130439319464,0.006907549007989131,,0.39999999999999997,0.0
75,75,refinement,0.5,5,0.35209892777648105,0.0,,0.42222222222222217,0.0
75,75,refinement,0.5,6,0.37262141879134475,0.006700786082495259,,0.37362637362637363,0.16666666666666666
75,75,refinement,0.5,7,0.35455054659069485,0.0073067115162137476,,0.40449438202247195,0.0
75,75,refinement,0.8,0,0.32846662689112416,0.006186275007637509,,0.4259259259259259,0.0
75,75,refinement,0.8,1,0.33813628518457806,0.0,,0.45454545454545453,0.0
75,75,refinement,0.8,2,0.3606617737112702,0.0,,0.5263157894736842,0.0
75,75,refinement,0.8,3,0.37140768947982195,0.0,,0.43478260869565216,0.16666666666666666
75,75,refinement,0.8,4,0.37059127814553694,0.0,,0.42696629213483145,0.2857142857142857
75,75,refinement,0.8,5,0.3906591463031057,0.0,,0.5384615384615385,0.16666666666666666
75,75,refinement,0.8,6,0.3404774351324145,0.0,,0.525,0.0
75,75,refinement,0.8,7,0.3451894737974159,0.0,,0.5490196078431372,0.0
76,76,accumulation,N/A,0,0.28943847817473956,0.01008188704174149,,0.29069767441860467,0.0
76,76,accumulation,N/A,1,0.3503350079026546,0.012987377693214144,,0.6344827586206897,0.0
76,76,accumulation,N/A,2,0.35243169249066886,0.0004538271404838125,,0.5376344086021506,0.0
76,76,accumulation,N/A,3,0.37681569131785275,0.0016181229773462773,,0.43165467625899284,0.14285714285714285
76,76,accumulation,N/A,4,0.40661405884311624,0.002267576402470239,,0.6242774566473989,0.14285714285714285
76,76,accumulation,N/A,5,0.39351375275574074,0.0,,0.5324675324675324,0.14285714285714285
76,76,accumulation,N/A,6,0.33625763435722816,0.0,,0.380952380952381,0.14285714285714285
76,76,accumulation,N/A,7,0.34026255146576095,0.0007012774037631605,,0.43037974683544306,0.0
76,76,refinement,0.5,0,0.28943847817473956,0.01008188704174149,,0.29069767441860467,0.0
76,76,refinement,0.5,1,0.30732866969374945,0.0022730871827461785,,0.287292817679558,0.125
76,76,refinement,0.5,2,0.287366665088834,0.0027912823565984907,,0.2857142857142857,0.0
76,76,refinement,0.5,3,0.30521206458968225,0.01769555631200817,,0.2808988764044944,0.0
76,76,refinement,0.5,4,0.29905332268310814,0.00224939296629514,,0.28205128205128205,0.0
76,76,refinement,0.5,5,0.2887506578277732,0.00898629557688174,,0.294478527607362,0.0
76,76,refinement,0.5,6,0.29185684330952955,0.0003092454514931631,,0.3466666666666667,0.0
76,76,refinement,0.5,7,0.30815165716838677,0.0013348445834184318,,0.3137254901960784,0.125
76,76,refinement,0.8,0,0.28943847817473956,0.01008188704174149,,0.29069767441860467,0.0
76,76,refinement,0.8,1,0.3339248118029565,0.01002888400763057,,0.3333333333333333,0.14285714285714285
76,76,refinement,0.8,2,0.34247934851837664,0.0022957010921711043,,0.43609022556390975,0.14285714285714285
76,76,refinement,0.8,3,0.2970350380388825,0.007054832481969699,,0.4472049689440994,0.0
76,76,refinement,0.8,4,0.31067968803869855,0.016509137540986055,,0.31884057971014496,0.125
76,76,refinement,0.8,5,0.3150662293133665,0.008856852256590025,,0.32467532467532473,0.0
76,76,refinement,0.8,6,0.3343925190951239,0.0036329463526126042,,0.31654676258992803,0.14285714285714285
76,76,refinement,0.8,7,0.3092726250049897,0.002016841087793009,,0.31081081081081086,0.0
77,77,accumulation,N/A,0,0.37507259133837084,0.001742520475788097,,0.49704142011834324,0.14285714285714285
77,77,accumulation,N/A,1,0.3904875878158218,0.032222846013633843,,0.47204968944099385,0.0
77,77,accumulation,N/A,2,0.4179799880634479,0.015571617241636455,,0.5903614457831325,0.14285714285714285
77,77,accumulation,N/A,3,0.33731612677391326,0.0027707373681907094,,0.5153374233128835,0.0
77,77,accumulation,N/A,4,0.34441908058094156,0.009867338941783882,,0.547486033519553,0.0
77,77,accumulation,N/A,5,0.3461404025840841,0.01752939437786058,,0.4166666666666667,0.125
77,77,accumulation,N/A,6,0.3615668712496258,0.005478050371030366,,0.5380116959064327,0.0
77,77,accumulation,N/A,7,0.37374193728300503,0.02303949344711615,,0.5087719298245614,0.0
77,77,refinement,0.5,0,0.37507259133837084,0.001742520475788097,,0.49704142011834324,0.14285714285714285
77,77,refinement,0.5,1,0.3562206265118057,0.0047423651658311155,,0.5306122448979592,0.0
77,77,refinement,0.5,2,0.33892827423125355,0.005124153293131603,,0.5135135135135135,0.0
77,77,refinement,0.5,3,0.3366693036641957,0.0038578011544012037,,0.5492957746478874,0.0
77,77,refinement,0.5,4,0.35238909938850316,0.005308768866575094,,0.5112781954887218,0.14285714285714285
77,77,refinement,0.5,5,0.35726917397246793,0.011904391806936084,,0.5194805194805195,0.0
77,77,refinement,0.5,6,0.32929335028425577,0.005779708455486466,,0.48407643312101906,0.0
77,77,refinement,0.5,7,0.33714103306091564,0.006826104287091464,,0.5316455696202532,0.0
77,77,refinement,0.8,0,0.37507259133837084,0.001742520475788097,,0.49704142011834324,0.14285714285714285
77,77,refinement,0.8,1,0.3484120534571432,0.012541674263358244,,0.5413533834586465,0.0
77,77,refinement,0.8,2,0.3420560925302544,0.01780130007199589,,0.4698795180722891,0.0
77,77,refinement,0.8,3,0.3403202944029486,0.014182818427218405,,0.45569620253164556,0.125
77,77,refinement,0.8,4,0.34537938531010437,0.010994155037348722,,0.47457627118644063,0.125
77,77,refinement,0.8,5,0.34261214097090853,0.02342348850369048,,0.4285714285714286,0.0
77,77,refinement,0.8,6,0.34711410633840545,0.013653909237759953,,0.4678362573099415,0.125
77,77,refinement,0.8,7,0.34750591205522574,0.012060256273606044,,0.4766839378238342,0.125
78,78,accumulation,N/A,0,0.3433963876750939,0.21060095727707842,,0.5,0.0
78,78,accumulation,N/A,1,0.26047609545354816,0.02315927708725921,,0.06593406593406594,0.0
78,78,accumulation,N/A,2,0.37065499162893717,0.0,,0.3333333333333333,0.5
78,78,accumulation,N/A,3,0.21328204973806225,0.0,,0.0,0.0
78,78,accumulation,N/A,4,0.40281728357879737,0.0,,0.2,0.5
78,78,accumulation,N/A,5,0.5092410382817415,0.002968708820292825,,0.5454545454545454,0.5
78,78,accumulation,N/A,6,0.263235385654027,0.0,,0.18181818181818182,0.0
78,78,accumulation,N/A,7,0.2810103382266953,0.0,,0.25,0.3333333333333333
78,78,refinement,0.5,0,0.3433963876750939,0.21060095727707842,,0.5,0.0
78,78,refinement,0.5,1,0.3736077066057099,0.42120191455415684,,0.4,0.0
78,78,refinement,0.5,2,0.37392146935639436,0.42120191455415684,,0.4,0.0
78,78,refinement,0.5,3,0.37433970597046806,0.42120191455415684,,0.4,0.0
78,78,refinement,0.5,4,0.37373996814117816,0.4144208459753704,,0.4,0.0
78,78,refinement,0.5,5,0.3732658510197569,0.41058361592004283,,0.4,0.0
78,78,refinement,0.5,6,0.46282001877171663,0.2086509484134018,,0.6666666666666666,0.0
78,78,refinement,0.5,7,0.5063490082242948,0.41058361592004283,,0.28571428571428575,0.5
78,78,refinement,0.8,0,0.3433963876750939,0.21060095727707842,,0.5,0.0
78,78,refinement,0.8,1,0.3749601369079579,0.4290019500088635,,0.4,0.0
78,78,refinement,0.8,2,0.3406836215949758,0.43122020130672767,,0.3333333333333333,0.0
78,78,refinement,0.8,3,0.3803689043201479,0.43122020130672767,,0.4,0.0
78,78,refinement,0.8,4,0.3794829167469053,0.42430438261178777,,0.4,0.0
78,78,refinement,0.8,5,0.37941759889519155,0.4220953060860254,,0.4,0.0
78,78,refinement,0.8,6,0.4648785052797731,0.14069843536200846,,0.75,0.0
78,78,refinement,0.8,7,0.4757750679577595,0.21450097500443174,,0.6666666666666666,0.0
79,79,accumulation,N/A,0,0.36493647353202696,0.07530361487590492,,0.5,0.0
79,79,accumulation,N/A,1,0.78782590218282,0.5252284020593151,,1.0,1.0
79,79,accumulation,N/A,2,0.8576989961243274,0.5257569267518757,,1.0,1.0
79,79,accumulation,N/A,3,0.6328674654241226,0.7011646278311676,,0.6666666666666666,0.0
79,79,accumulation,N/A,4,0.7807742017722399,0.1940556257011983,,1.0,1.0
79,79,accumulation,N/A,5,0.7812014352053536,0.25342042546252963,,1.0,1.0
79,79,accumulation,N/A,6,0.8845350260900589,0.7290060960215597,,1.0,1.0
79,79,accumulation,N/A,7,0.5621606131769805,0.16539887535543085,,0.6666666666666666,0.5
79,79,refinement,0.5,0,0.36493647353202696,0.07530361487590492,,0.5,0.0
79,79,refinement,0.5,1,0.3026934612741436,0.07900426644058385,,0.33333333333333337,0.0
79,79,refinement,0.5,2,0.3190901506652233,0.11899746295691141,,0.33333333333333337,0.0
79,79,refinement,0.5,3,0.3136029754114349,0.07136988872808049,,0.33333333333333337,0.0
79,79,refinement,0.5,4,0.3634394574399633,0.07123426109469122,,0.5,0.0
79,79,refinement,0.5,5,0.33844341977077974,0.07136988872808049,,0.33333333333333337,0.0
79,79,refinement,0.5,6,0.36341748452092215,0.07136988872808049,,0.5,0.0
79,79,refinement,0.5,7,0.33975732705570105,0.07820098484494029,,0.33333333333333337,0.0
79,79,refinement,0.8,0,0.36493647353202696,0.07530361487590492,,0.5,0.0
79,79,refinement,0.8,1,0.35687135713377327,0.10498109405119761,,0.4,0.0
79,79,refinement,0.8,2,0.32423215013009743,0.11716644752172058,,0.33333333333333337,0.0
79,79,refinement,0.8,3,0.3766028602933583,0.1282021991465213,,0.5,0.0
79,79,refinement,0.8,4,0.36151884409324264,0.13997974808224103,,0.4,0.0
79,79,refinement,0.8,5,0.35347349583584076,0.17089147699352092,,0.33333333333333337,0.0
79,79,refinement,0.8,6,0.32181324005189665,0.15226319174790404,,0.2857142857142857,0.0
79,79,refinement,0.8,7,0.36080363304945784,0.13100779820604883,,0.4,0.0
80,80,accumulation,N/A,0,0.3756482606900067,0.0,,0.5,0.0
80,80,accumulation,N/A,1,0.712203343686306,0.06045217974411535,,1.0,1.0
80,80,accumulation,N/A,2,0.5157807611893482,0.0,,0.6666666666666666,0.0
80,80,accumulation,N/A,3,0.543741980606326,0.0,,0.6666666666666666,0.5
80,80,accumulation,N/A,4,0.4465696489805316,0.0,,0.07999999999999999,0.5
80,80,accumulation,N/A,5,0.41590471520921957,0.05540850013383679,,0.10526315789473684,0.5
80,80,accumulation,N/A,6,0.5323232699390286,0.06719318207170413,,0.6666666666666666,0.5
80,80,accumulation,N/A,7,0.47613121444575474,0.0,,0.6666666666666666,0.5
80,80,refinement,0.5,0,0.3756482606900067,0.0,,0.5,0.0
80,80,refinement,0.5,1,0.47517948382318576,0.0,,0.6666666666666666,0.0
80,80,refinement,0.5,2,0.47446624983455526,0.0,,0.6666666666666666,0.0
80,80,refinement,0.5,3,0.4744221702636066,0.0,,0.6666666666666666,0.0
80,80,refinement,0.5,4,0.37417529442949976,0.0,,0.5,0.0
80,80,refinement,0.5,5,0.3750807466607713,0.0,,0.5,0.0
80,80,refinement,0.5,6,0.4735445236475872,0.0,,0.6666666666666666,0.0
80,80,refinement,0.5,7,0.4741182335259242,0.0,,0.6666666666666666,0.0
80,80,refinement,0.8,0,0.3756482606900067,0.0,,0.5,0.0
80,80,refinement,0.8,1,0.3687787911693773,0.0,,0.4,0.0
80,80,refinement,0.8,2,0.7024397007263469,0.0,,1.0,1.0
80,80,refinement,0.8,3,0.5077736375295216,0.0,,0.6666666666666666,0.5
80,80,refinement,0.8,4,0.7056939123708058,0.0,,1.0,1.0
80,80,refinement,0.8,5,0.6991036958881531,0.0,,1.0,1.0
80,80,refinement,0.8,6,0.7008116585178547,0.0,,1.0,1.0
80,80,refinement,0.8,7,0.7007770832954956,0.0,,1.0,1.0
81,81,accumulation,N/A,0,0.30591760989321565,0.003308305164576757,,0.38202247191011235,0.0
81,81,accumulation,N/A,1,0.35642428231304235,0.03231927916709682,,0.45255474452554745,0.0
81,81,accumulation,N/A,2,0.4454044053207095,0.028858460777873067,,0.5436893203883495,0.14285714285714285
81,81,accumulation,N/A,3,0.36597289475601713,0.012027495021502027,,0.5714285714285714,0.14285714285714285
81,81,accumulation,N/A,4,0.3466681227741532,0.0,,0.4732824427480916,0.14285714285714285
81,81,accumulation,N/A,5,0.4159739067023837,0.0078049627275103735,,0.6219512195121951,0.14285714285714285
81,81,accumulation,N/A,6,0.38736297300193995,0.006380462593896377,,0.4052287581699346,0.25
81,81,accumulation,N/A,7,0.3567702032026452,0.017903145376141613,,0.44285714285714284,0.0
81,81,refinement,0.5,0,0.30591760989321565,0.003308305164576757,,0.38202247191011235,0.0
81,81,refinement,0.5,1,0.3297641236716221,0.0038704483207483036,,0.41916167664670656,0.125
81,81,refinement,0.5,2,0.3498590210971046,0.007530693746231672,,0.43870967741935485,0.125
81,81,refinement,0.5,3,0.39675736750562146,0.005855869343561787,,0.46376811594202894,0.2857142857142857
81,81,refinement,0.5,4,0.3399547347864311,0.0036656401996167155,,0.3841059602649007,0.0
81,81,refinement,0.5,5,0.3848035657398936,0.0022943703749237405,,0.4025974025974026,0.2857142857142857
81,81,refinement,0.5,6,0.36469529728552963,0.0014867080932015446,,0.40816326530612246,0.14285714285714285
81,81,refinement,0.5,7,0.3629790885708013,0.0009434594077941986,,0.41791044776119407,0.14285714285714285
81,81,refinement,0.8,0,0.30591760989321565,0.003308305164576757,,0.38202247191011235,0.0
81,81,refinement,0.8,1,0.31602137716942597,0.0118001126382736,,0.48120300751879697,0.0
81,81,refinement,0.8,2,0.37498198045027803,0.03458422645048285,,0.41666666666666663,0.14285714285714285
81,81,refinement,0.8,3,0.31036507200726365,0.0015808426338046124,,0.4406779661016949,0.0
81,81,refinement,0.8,4,0.3291482867117666,0.006210602972652206,,0.43795620437956206,0.0
81,81,refinement,0.8,5,0.3470296138925565,0.0017525006045140258,,0.4262295081967213,0.14285714285714285
81,81,refinement,0.8,6,0.3626402737754938,0.010870530772463041,,0.40322580645161293,0.25
81,81,refinement,0.8,7,0.32727573135205457,0.022581700663926788,,0.3140495867768595,0.125
82,82,accumulation,N/A,0,0.29455173393858164,9.961201319900189e-05,,0.2962962962962963,0.0
82,82,accumulation,N/A,1,0.3598417045491178,0.001984010559241085,,0.5079365079365079,0.14285714285714285
82,82,accumulation,N/A,2,0.42196098587803854,0.00018339922454277172,,0.509090909090909,0.16666666666666666
82,82,accumulation,N/A,3,0.3367351248659244,0.0053601110134422385,,0.40506329113924056,0.14285714285714285
82,82,accumulation,N/A,4,0.3600080310615292,0.010682269274359607,,0.4324324324324324,0.0
82,82,accumulation,N/A,5,0.3538201141805037,0.02077213033991837,,0.4444444444444445,0.0
82,82,accumulation,N/A,6,0.32417760361770803,2.0180898676267798e-05,,0.30588235294117644,0.0
82,82,accumulation,N/A,7,0.3339895721010862,0.0,,0.2857142857142857,0.2857142857142857
82,82,refinement,0.5,0,0.29455173393858164,9.961201319900189e-05,,0.2962962962962963,0.0
82,82,refinement,0.5,1,0.3052118700559966,0.0006352079988554438,,0.2857142857142857,0.0
82,82,refinement,0.5,2,0.31416192132048026,0.0,,0.3,0.14285714285714285
82,82,refinement,0.5,3,0.3046378900721407,1.735266533198405e-05,,0.21978021978021978,0.14285714285714285
82,82,refinement,0.5,4,0.2889566809845496,3.350214934751885e-05,,0.2736842105263158,0.0
82,82,refinement,0.5,5,0.29116419096697554,4.681068032848213e-05,,0.2736842105263158,0.0
82,82,refinement,0.5,6,0.30048107733523416,3.1170619191063854e-05,,0.32941176470588235,0.0
82,82,refinement,0.5,7,0.2867359105879654,0.0,,0.24242424242424243,0.0
82,82,refinement,0.8,0,0.29455173393858164,9.961201319900189e-05,,0.2962962962962963,0.0
82,82,refinement,0.8,1,0.3031961010609459,0.00035638882380431314,,0.3516483516483517,0.0
82,82,refinement,0.8,2,0.3015217404925197,0.0,,0.3440860215053763,0.0
82,82,refinement,0.8,3,0.29802624287299817,1.3374480093851998e-05,,0.2765957446808511,0.0
82,82,refinement,0.8,4,0.30897538014541903,0.0,,0.3384615384615384,0.0
82,82,refinement,0.8,5,0.33609924921600104,0.0,,0.34375,0.14285714285714285
82,82,refinement,0.8,6,0.31459050866436067,0.0025467864943349737,,0.39285714285714285,0.0
82,82,refinement,0.8,7,0.28616914281941025,0.0,,0.26666666666666666,0.0
83,83,accumulation,N/A,0,0.4623748652247435,0.051095409427174096,,0.5591397849462364,0.0
83,83,accumulation,N/A,1,0.42770047913424525,0.025081877342368025,,0.5681818181818183,0.25
83,83,accumulation,N/A,2,0.4642804630258447,0.03083993305030866,,0.7809523809523808,0.0
83,83,accumulation,N/A,3,0.4665346553223568,0.00808058063764695,,0.5925925925925926,0.25
83,83,accumulation,N/A,4,0.48357314028429715,0.03858589303369769,,0.7671232876712328,0.25
83,83,accumulation,N/A,5,0.3168140302808207,0.00016318445966504423,,0.4347826086956521,0.0
83,83,accumulation,N/A,6,0.40708950502805086,0.006597902004384753,,0.5411764705882353,0.25
83,83,accumulation,N/A,7,0.3783855836496872,0.006727179928790856,,0.5245901639344263,0.25
83,83,refinement,0.5,0,0.4623748652247435,0.051095409427174096,,0.5591397849462364,0.0
83,83,refinement,0.5,1,0.5314711391325222,0.07188880545262016,,0.7358490566037736,0.25
83,83,refinement,0.5,2,0.48215548529382607,0.0651491897101913,,0.6530612244897959,0.0
83,83,refinement,0.5,3,0.5176226044235092,0.03413003319726317,,0.6862745098039216,0.25
83,83,refinement,0.5,4,0.4574368492933689,0.02146743569157462,,0.7524752475247526,0.0
83,83,refinement,0.5,5,0.47005528462144813,0.03399785721761091,,0.6046511627906976,0.0
83,83,refinement,0.5,6,0.4690535608901384,0.03482775788529716,,0.6067415730337078,0.0
83,83,refinement,0.5,7,0.46131228082709186,0.03597986415705595,,0.5714285714285715,0.0
83,83,refinement,0.8,0,0.4623748652247435,0.051095409427174096,,0.5591397849462364,0.0
83,83,refinement,0.8,1,0.46332173107392266,0.01785913798055976,,0.5526315789473684,0.0
83,83,refinement,0.8,2,0.5127266949672933,0.04917206186160358,,0.5396825396825397,0.25
83,83,refinement,0.8,3,0.538152108469941,0.07683491515084555,,0.4126984126984127,0.5
83,83,refinement,0.8,4,0.5314831575502073,0.020087076517496315,,0.6052631578947368,0.25
83,83,refinement,0.8,5,0.48511352592132084,0.0074164690794445,,0.6666666666666667,0.2
83,83,refinement,0.8,6,0.4617503894732213,0.012839053183881356,,0.5217391304347827,0.2
83,83,refinement,0.8,7,0.5128848094547847,0.022741931395053,,0.5507246376811594,0.25
84,84,accumulation,N/A,0,0.389906029928138,0.007815488366650893,,0.6031746031746031,0.125
84,84,accumulation,N/A,1,0.24486893863699685,0.03208969745201036,,0.009886307464162136,0.125
84,84,accumulation,N/A,2,0.24536355828217293,0.018562557198422126,,0.5128205128205128,0.0
84,84,accumulation,N/A,3,0.18079341913576996,0.0,,0.22950819672131148,0.0
84,84,accumulation,N/A,4,0.25758404542368757,0.0007082287735498296,,0.37096774193548393,0.0
84,84,accumulation,N/A,5,0.23074754305470596,0.0,,0.40624999999999994,0.0
84,84,accumulation,N/A,6,0.18943793648461155,0.007689306321213033,,0.08163265306122448,0.0
84,84,accumulation,N/A,7,0.19215889732868102,0.004107886748022585,,0.2040816326530612,0.0
84,84,refinement,0.5,0,0.389906029928138,0.007815488366650893,,0.6031746031746031,0.125
84,84,refinement,0.5,1,0.3946956855307574,0.008980104299017761,,0.6181818181818182,0.125
84,84,refinement,0.5,2,0.37715408513347526,0.009624758436406991,,0.5185185185185185,0.125
84,84,refinement,0.5,3,0.36621212383626256,0.008898578638109849,,0.6021505376344086,0.125
84,84,refinement,0.5,4,0.36243345737659766,0.013181558078124041,,0.5567010309278351,0.125
84,84,refinement,0.5,5,0.39757544706140135,0.010595017946797545,,0.608695652173913,0.25
84,84,refinement,0.5,6,0.37808104724238434,0.011607795590379858,,0.6206896551724138,0.125
84,84,refinement,0.5,7,0.35330370256168675,0.012730328461849365,,0.5617977528089887,0.125
84,84,refinement,0.8,0,0.389906029928138,0.007815488366650893,,0.6031746031746031,0.125
84,84,refinement,0.8,1,0.3719605369215652,0.00454766179396008,,0.5,0.125
84,84,refinement,0.8,2,0.32528606758185663,0.0002691993500722624,,0.5365853658536586,0.125
84,84,refinement,0.8,3,0.3076311236656542,0.0008767706437717447,,0.495049504950495,0.0
84,84,refinement,0.8,4,0.36203157033645333,0.0009968610247680476,,0.5192307692307692,0.125
84,84,refinement,0.8,5,0.2883253744683326,0.00059882855215057,,0.4536082474226804,0.0
84,84,refinement,0.8,6,0.2415869603346087,0.0019758422841897965,,0.4761904761904763,0.0
84,84,refinement,0.8,7,0.26779523455128157,0.001348364281423299,,0.4923076923076923,0.0
85,85,accumulation,N/A,0,0.38403009797071047,0.14559407391617135,,0.5,0.0
85,85,accumulation,N/A,1,0.6115884582050561,0.20992177632256548,,0.5,1.0
85,85,accumulation,N/A,2,0.43493823609286203,0.07520630792370428,,0.8,0.0
85,85,accumulation,N/A,3,0.4628488516380134,0.12021794309176517,,0.8,0.0
85,85,accumulation,N/A,4,0.4440560655396523,0.09532889632445413,,0.8,0.0
85,85,accumulation,N/A,5,0.43297038981085656,0.02726143627196994,,0.6666666666666666,0.5
85,85,accumulation,N/A,6,0.36833284879464023,0.13590999719539087,,0.6666666666666666,0.0
85,85,accumulation,N/A,7,0.253098062812803,0.0,,0.2857142857142857,0.0
85,85,refinement,0.5,0,0.38403009797071047,0.14559407391617135,,0.5,0.0
85,85,refinement,0.5,1,0.3851406454025406,0.14559407391617135,,0.5,0.0
85,85,refinement,0.5,2,0.3845781543935668,0.14095552574553707,,0.5,0.0
85,85,refinement,0.5,3,0.48471274854815816,0.1384898138800445,,0.6666666666666666,0.0
85,85,refinement,0.5,4,0.4852658984865805,0.14302709494593027,,0.6666666666666666,0.0
85,85,refinement,0.5,5,0.4846791962341522,0.1384898138800445,,0.6666666666666666,0.0
85,85,refinement,0.5,6,0.48551927130640415,0.14559407391617135,,0.6666666666666666,0.0
85,85,refinement,0.5,7,0.4848347179171055,0.1384898138800445,,0.6666666666666666,0.0
85,85,refinement,0.8,0,0.38403009797071047,0.14559407391617135,,0.5,0.0
85,85,refinement,0.8,1,0.3332354738597282,0.13251200465635155,,0.3333333333333333,0.0
85,85,refinement,0.8,2,0.48214747574420214,0.1380761423832862,,0.6666666666666666,0.0
85,85,refinement,0.8,3,0.38225052645773494,0.1347798772531774,,0.5,0.0
85,85,refinement,0.8,4,0.607412712485624,0.13720498345816562,,0.5,1.0
85,85,refinement,0.8,5,0.6066302911799808,0.12408325074331022,,0.5,1.0
85,85,refinement,0.8,6,0.47963366479811,0.11854570705818161,,0.6666666666666666,0.0
85,85,refinement,0.8,7,0.3800795660235916,0.11854570705818161,,0.3333333333333333,0.3333333333333333
86,86,accumulation,N/A,0,0.32018328055879064,0.008438962425572388,,0.46783625730994155,0.0
86,86,accumulation,N/A,1,0.35724708973128433,0.016785872184408843,,0.43396226415094347,0.0
86,86,accumulation,N/A,2,0.3503212690363088,0.013883517218922668,,0.5081967213114754,0.0
86,86,accumulation,N/A,3,0.35931757422212995,0.013329239450334764,,0.7126436781609194,0.0
86,86,accumulation,N/A,4,0.28405070856580256,0.027782021764202674,,0.2985074626865672,0.125
86,86,accumulation,N/A,5,0.3283743050578547,0.06086873021392365,,0.5063291139240507,0.0
86,86,accumulation,N/A,6,0.2409336191848778,0.03923094566703097,,0.08333333333333333,0.0
86,86,accumulation,N/A,7,0.3560414555516812,0.02579706094629075,,0.5454545454545454,0.0
86,86,refinement,0.5,0,0.32018328055879064,0.008438962425572388,,0.46783625730994155,0.0
86,86,refinement,0.5,1,0.3239673472679348,0.005481094914983965,,0.5153374233128835,0.0
86,86,refinement,0.5,2,0.32094203055172854,0.0,,0.5090909090909091,0.0
86,86,refinement,0.5,3,0.33029733754630997,0.00033326011263744385,,0.5732484076433122,0.0
86,86,refinement,0.5,4,0.34680048049663526,0.0005776522844740771,,0.5588235294117647,0.125
86,86,refinement,0.5,5,0.33567677379969846,0.0020839475521098622,,0.6153846153846154,0.0
86,86,refinement,0.5,6,0.3588727990372414,0.004396175843345663,,0.6433566433566433,0.125
86,86,refinement,0.5,7,0.354687933212417,0.004978939239349406,,0.6056338028169014,0.125
86,86,refinement,0.8,0,0.32018328055879064,0.008438962425572388,,0.46783625730994155,0.0
86,86,refinement,0.8,1,0.3617482144159119,0.01150901084094295,,0.6,0.125
86,86,refinement,0.8,2,0.3286460398500741,0.010740854268078907,,0.5168539325842696,0.0
86,86,refinement,0.8,3,0.34613851173034904,0.0035618694126328047,,0.5217391304347826,0.125
86,86,refinement,0.8,4,0.32846131288880054,0.015447607040647779,,0.5113636363636364,0.0
86,86,refinement,0.8,5,0.3562936788710014,0.0020136539444581656,,0.5850340136054422,0.125
86,86,refinement,0.8,6,0.3658172084474906,0.005421572049367967,,0.5359477124183006,0.25
86,86,refinement,0.8,7,0.2930675910130622,0.00972619374498109,,0.44303797468354433,0.0
87,87,accumulation,N/A,0,0.39008028050188553,0.09368825160400578,,0.8571428571428571,0.5
87,87,accumulation,N/A,1,0.3824081541890835,0.567950324640566,,0.3333333333333333,0.0
87,87,accumulation,N/A,2,0.36355971022639016,0.13618325633559006,,0.75,0.0
87,87,accumulation,N/A,3,0.4094192189133434,0.5470071902475278,,0.28571428571428575,0.0
87,87,accumulation,N/A,4,0.4912887654792832,0.1684843231937032,,0.8571428571428571,0.5
87,87,accumulation,N/A,5,0.4540219411212213,0.3367504477243253,,0.6666666666666666,0.0
87,87,accumulation,N/A,6,0.3685329742535186,0.28938011947932635,,0.28571428571428575,0.0
87,87,accumulation,N/A,7,0.3793424468331854,0.17923712251087992,,0.6666666666666666,0.0
87,87,refinement,0.5,0,0.39008028050188553,0.09368825160400578,,0.8571428571428571,0.5
87,87,refinement,0.5,1,0.3123704871136855,0.09121715056380879,,0.6666666666666665,0.3333333333333333
87,87,refinement,0.5,2,0.3903892291051156,0.08969647880185015,,0.8571428571428571,0.5
87,87,refinement,0.5,3,0.3911201573096308,0.09107906353701382,,0.8571428571428571,0.5
87,87,refinement,0.5,4,0.43250766846520844,0.06928559701839099,,0.8,0.6666666666666666
87,87,refinement,0.5,5,0.3914770027903183,0.09440810255997827,,0.8571428571428571,0.5
87,87,refinement,0.5,6,0.3256985374755666,0.09606989552572419,,0.75,0.3333333333333333
87,87,refinement,0.5,7,0.391511537722813,0.09744069041674873,,0.8571428571428571,0.5
87,87,refinement,0.8,0,0.39008028050188553,0.09368825160400578,,0.8571428571428571,0.5
87,87,refinement,0.8,1,0.3901322563226457,0.07867449059262593,,0.8571428571428571,0.5
87,87,refinement,0.8,2,0.3255649763368941,0.09036669482092968,,0.75,0.3333333333333333
87,87,refinement,0.8,3,0.3022917829743272,0.09572601591630621,,0.6,0.3333333333333333
87,87,refinement,0.8,4,0.3908000839904039,0.09739301166168313,,0.8571428571428571,0.5
87,87,refinement,0.8,5,0.2878482848497168,0.11879606507534567,,0.6,0.25
87,87,refinement,0.8,6,0.4049160613190128,0.15321615097974442,,0.8571428571428571,0.5
87,87,refinement,0.8,7,0.2575723176177419,0.09766765197871319,,0.5,0.0
88,88,accumulation,N/A,0,0.3908754893296197,0.03173207539602455,,0.6718749999999999,0.125
88,88,accumulation,N/A,1,0.3344484657294698,0.029567643306515744,,0.5503355704697986,0.0
88,88,accumulation,N/A,2,0.38835193936450974,0.010960221835883271,,0.5797101449275363,0.25
88,88,accumulation,N/A,3,0.4840022701136407,0.013325187016715303,,0.6716417910447761,0.375
88,88,accumulation,N/A,4,0.3355924714579355,0.022244775161279408,,0.4999999999999999,0.0
88,88,accumulation,N/A,5,0.3939272976978364,0.005677959286892233,,0.4814814814814815,0.125
88,88,accumulation,N/A,6,0.29013450446784184,0.021072466832121994,,0.6306306306306307,0.0
88,88,accumulation,N/A,7,0.3248604607959947,0.006488458447344766,,0.5781250000000001,0.0
88,88,refinement,0.5,0,0.3908754893296197,0.03173207539602455,,0.6718749999999999,0.125
88,88,refinement,0.5,1,0.39255205730817944,0.04095720466566735,,0.6719999999999999,0.125
88,88,refinement,0.5,2,0.38954047794810887,0.05585957617073255,,0.6341463414634146,0.125
88,88,refinement,0.5,3,0.4047069106574595,0.04344838529175102,,0.6557377049180328,0.25
88,88,refinement,0.5,4,0.39215074314225734,0.045697290640795876,,0.6434782608695653,0.125
88,88,refinement,0.5,5,0.39093516333885814,0.04591721675725447,,0.6495726495726495,0.125
88,88,refinement,0.5,6,0.38342783950928033,0.04127170222207137,,0.6119402985074627,0.125
88,88,refinement,0.5,7,0.3932301832332267,0.031203249692676228,,0.562962962962963,0.25
88,88,refinement,0.8,0,0.3908754893296197,0.03173207539602455,,0.6718749999999999,0.125
88,88,refinement,0.8,1,0.4120786908770829,0.0401153205313485,,0.7027027027027027,0.25
88,88,refinement,0.8,2,0.35138818878697986,0.034781470518360426,,0.5384615384615384,0.0
88,88,refinement,0.8,3,0.32100247749719124,0.051999188249946114,,0.576,0.0
88,88,refinement,0.8,4,0.3655372840800411,0.059737035342193365,,0.5279999999999999,0.25
88,88,refinement,0.8,5,0.34844920333422824,0.06162964927058858,,0.559322033898305,0.125
88,88,refinement,0.8,6,0.3445797235470896,0.07992295761235457,,0.6542056074766356,0.125
88,88,refinement,0.8,7,0.3443344827163504,0.06911238529807633,,0.5238095238095238,0.125
89,89,accumulation,N/A,0,0.43611665177222403,0.3673624147633351,,0.4,0.25
89,89,accumulation,N/A,1,0.8136979792185083,0.6146793407008398,,1.0,1.0
89,89,accumulation,N/A,2,0.3568387254514476,0.2336337020966542,,0.2222222222222222,0.0
89,89,accumulation,N/A,3,0.5688560715906074,0.4821675845334865,,0.4,0.5
89,89,accumulation,N/A,4,0.3826514797391004,0.17251786151399762,,0.33333333333333337,0.0
89,89,accumulation,N/A,5,0.7020868932946088,0.08289222271856117,,1.0,1.0
89,89,accumulation,N/A,6,0.5129537264458779,0.5239494570314713,,0.5,0.0
89,89,accumulation,N/A,7,0.8433161223577756,0.6508315411709921,,1.0,1.0
89,89,refinement,0.5,0,0.43611665177222403,0.3673624147633351,,0.4,0.25
89,89,refinement,0.5,1,0.7511389866702312,0.3655392762285294,,1.0,1.0
89,89,refinement,0.5,2,0.75122479465691,0.36715670665431943,,1.0,1.0
89,89,refinement,0.5,3,0.751342208460455,0.3655392762285294,,1.0,1.0
89,89,refinement,0.5,4,0.7509767770987336,0.3630284626323499,,1.0,1.0
89,89,refinement,0.5,5,0.7508678930873257,0.36144318550295085,,1.0,1.0
89,89,refinement,0.5,6,0.512505340505326,0.36539696372686764,,0.4,0.5
89,89,refinement,0.5,7,0.7545441337027519,0.37844685528854144,,1.0,1.0
89,89,refinement,0.8,0,0.43611665177222403,0.3673624147633351,,0.4,0.25
89,89,refinement,0.8,1,0.7538250195618912,0.3694210313414316,,1.0,1.0
89,89,refinement,0.8,2,0.7574340034111329,0.3745271017202523,,1.0,1.0
89,89,refinement,0.8,3,0.5064943393492671,0.3636885143825906,,0.33333333333333337,0.5
89,89,refinement,0.8,4,0.7579308270814628,0.3825374995553186,,1.0,1.0
89,89,refinement,0.8,5,0.7541278343720416,0.35923061711678195,,1.0,1.0
89,89,refinement,0.8,6,0.7533925763441172,0.3557925494124126,,1.0,1.0
89,89,refinement,0.8,7,0.7526463991464549,0.350962786298217,,1.0,1.0
90,90,accumulation,N/A,0,0.34243461013362436,0.010738097955208328,,0.435483870967742,0.0
90,90,accumulation,N/A,1,0.32651021319324597,0.021305588098714818,,0.3529411764705882,0.0
90,90,accumulation,N/A,2,0.33911228130972954,0.02407541182212633,,0.5573770491803278,0.125
90,90,accumulation,N/A,3,0.35949225681787234,0.023737144137477465,,0.38461538461538464,0.14285714285714285
90,90,accumulation,N/A,4,0.34380213521068326,0.004876358028257405,,0.6440677966101694,0.16666666666666666
90,90,accumulation,N/A,5,0.39797204258207397,0.022256063915093608,,0.44000000000000006,0.2857142857142857
90,90,accumulation,N/A,6,0.30049193936681673,0.015259211998540264,,0.39560439560439564,0.125
90,90,accumulation,N/A,7,0.37614048771790976,0.002904155869995009,,0.5098039215686275,0.125
90,90,refinement,0.5,0,0.34243461013362436,0.010738097955208328,,0.435483870967742,0.0
90,90,refinement,0.5,1,0.3658645037026641,0.01162935096818629,,0.453781512605042,0.0
90,90,refinement,0.5,2,0.39262651197079235,0.014722448375255685,,0.5098039215686275,0.0
90,90,refinement,0.5,3,0.38400765492471434,0.012724983945071348,,0.4778761061946903,0.0
90,90,refinement,0.5,4,0.3920972553394021,0.013907891239921739,,0.5319148936170213,0.0
90,90,refinement,0.5,5,0.4111071051940281,0.013250693532964453,,0.5294117647058824,0.2857142857142857
90,90,refinement,0.5,6,0.3851653101808846,0.015945313424723506,,0.4680851063829788,0.0
90,90,refinement,0.5,7,0.3810414478189891,0.01652686036147613,,0.411764705882353,0.0
90,90,refinement,0.8,0,0.34243461013362436,0.010738097955208328,,0.435483870967742,0.0
90,90,refinement,0.8,1,0.36696081140130654,0.015966299417210818,,0.38383838383838387,0.25
90,90,refinement,0.8,2,0.36887819206427813,0.01618342420293132,,0.4583333333333334,0.125
90,90,refinement,0.8,3,0.3677465969842617,0.01850218896836751,,0.46601941747572817,0.0
90,90,refinement,0.8,4,0.34363790547309725,0.021592813243467127,,0.42,0.0
90,90,refinement,0.8,5,0.37073649409027226,0.018962501378279515,,0.4583333333333334,0.14285714285714285
90,90,refinement,0.8,6,0.3353591768670302,0.022711739158281712,,0.4421052631578948,0.0
90,90,refinement,0.8,7,0.35119726575249505,0.013657919264267113,,0.3779527559055118,0.0
91,91,accumulation,N/A,0,0.4613982354186535,0.7374319716365597,,0.4,0.0
91,91,accumulation,N/A,1,0.6758726576171323,0.762080140216447,,0.5,0.5
91,91,accumulation,N/A,2,0.6368785011285283,0.6877443547576242,,0.8,0.5
91,91,accumulation,N/A,3,0.5630813973088059,0.7900843617670358,,0.4,0.0
91,91,accumulation,N/A,4,0.7215072007046963,0.37694371651308106,,1.0,1.0
91,91,accumulation,N/A,5,0.5522511690322084,0.4973935052856951,,0.6666666666666666,0.0
91,91,accumulation,N/A,6,0.3651538012790865,0.29108751077496375,,0.09756097560975609,0.0
91,91,accumulation,N/A,7,0.5315518645116674,0.45550971037533666,,0.3076923076923077,0.5
91,91,refinement,0.5,0,0.4613982354186535,0.7374319716365597,,0.4,0.0
91,91,refinement,0.5,1,0.4006937916206615,0.7294565373783954,,0.16666666666666669,0.0
91,91,refinement,0.5,2,0.5795322381137537,0.7224168336995115,,0.6666666666666666,0.0
91,91,refinement,0.5,3,0.4789844659178327,0.716320482163446,,0.5,0.0
91,91,refinement,0.5,4,0.5804634974594485,0.7341817916847898,,0.6666666666666666,0.0
91,91,refinement,0.5,5,0.5785137886785847,0.7140034051812996,,0.6666666666666666,0.0
91,91,refinement,0.5,6,0.579372930897302,0.7155167416016409,,0.6666666666666666,0.0
91,91,refinement,0.5,7,0.5793162478689445,0.7253466775232466,,0.6666666666666666,0.0
91,91,refinement,0.8,0,0.4613982354186535,0.7374319716365597,,0.4,0.0
91,91,refinement,0.8,1,0.5686943405824505,0.6129497770827381,,0.6666666666666666,0.0
91,91,refinement,0.8,2,0.4699684322430052,0.6176914260232786,,0.5,0.0
91,91,refinement,0.8,3,0.5604452384403571,0.5413073514288291,,0.6666666666666666,0.0
91,91,refinement,0.8,4,0.687480547185117,0.5434780740750073,,0.5,1.0
91,91,refinement,0.8,5,0.5619571051432921,0.5472384663878456,,0.6666666666666666,0.0
91,91,refinement,0.8,6,0.5610667345939648,0.5478558646723003,,0.6666666666666666,0.0
91,91,refinement,0.8,7,0.5610744672500972,0.5454512192765263,,0.6666666666666666,0.0
92,92,accumulation,N/A,0,0.3797640290420342,0.0,,0.5581395348837209,0.0
92,92,accumulation,N/A,1,0.35696208579898037,0.002980848379096662,,0.5106382978723404,0.0
92,92,accumulation,N/A,2,0.4211930557446968,0.020708092098320828,,0.6506024096385543,0.14285714285714285
92,92,accumulation,N/A,3,0.33690252372610324,0.004592094989757317,,0.4329896907216495,0.0
92,92,accumulation,N/A,4,0.31736560884813847,0.01504501072739029,,0.4691358024691358,0.0
92,92,accumulation,N/A,5,0.38172214301745355,0.0,,0.5742574257425742,0.0
92,92,accumulation,N/A,6,0.36613042392839656,0.0,,0.5783132530120483,0.0
92,92,accumulation,N/A,7,0.40819436674702797,0.01729676583536153,,0.5789473684210527,0.2857142857142857
92,92,refinement,0.5,0,0.3797640290420342,0.0,,0.5581395348837209,0.0
92,92,refinement,0.5,1,0.3811598586582417,0.0012711964003805003,,0.5405405405405406,0.125
92,92,refinement,0.5,2,0.3942453550287099,0.0019154022136070286,,0.5,0.25
92,92,refinement,0.5,3,0.4052230988214691,0.0,,0.5405405405405406,0.14285714285714285
92,92,refinement,0.5,4,0.3727569340307952,0.0,,0.463768115942029,0.125
92,92,refinement,0.5,5,0.39346688534533336,0.0,,0.5,0.14285714285714285
92,92,refinement,0.5,6,0.36503889954145485,0.0,,0.54320987654321,0.0
92,92,refinement,0.5,7,0.40456282038278335,0.0,,0.48,0.14285714285714285
92,92,refinement,0.8,0,0.3797640290420342,0.0,,0.5581395348837209,0.0
92,92,refinement,0.8,1,0.39744848822285617,0.004394421226682344,,0.4594594594594595,0.14285714285714285
92,92,refinement,0.8,2,0.3967797332400503,0.004077081131134682,,0.5151515151515151,0.14285714285714285
92,92,refinement,0.8,3,0.3247071658362602,0.015653078252475586,,0.42424242424242425,0.0
92,92,refinement,0.8,4,0.4020387127503688,0.0049507413735206856,,0.41791044776119407,0.2857142857142857
92,92,refinement,0.8,5,0.30273871987176404,0.004584468838346534,,0.4590163934426229,0.0
92,92,refinement,0.8,6,0.33868025186608675,0.006711053737669847,,0.3823529411764706,0.0
92,92,refinement,0.8,7,0.3679761643071853,0.0014635547311756827,,0.4615384615384615,0.2857142857142857
93,93,accumulation,N/A,0,0.3540395002840172,0.15466791825064585,,0.4,0.0
93,93,accumulation,N/A,1,0.44991872458918253,0.4360105967238666,,0.25,0.5
93,93,accumulation,N/A,2,0.34146274116654407,0.43772376732211066,,0.03773584905660378,0.25
93,93,accumulation,N/A,3,0.3381902694931155,0.45468968328759396,,0.4,0.0
93,93,accumulation,N/A,4,0.6442369375838644,0.2715924548095079,,1.0,1.0
93,93,accumulation,N/A,5,0.45054885868328187,0.1917542024694367,,0.6666666666666666,0.0
93,93,accumulation,N/A,6,0.31955412027439967,0.24870718300570166,,0.19999999999999998,0.3333333333333333
93,93,accumulation,N/A,7,0.25431291585746374,0.15238037179343075,,0.0018264840182648401,0.0
93,93,refinement,0.5,0,0.3540395002840172,0.15466791825064585,,0.4,0.0
93,93,refinement,0.5,1,0.3681743188821453,0.15857368226040966,,0.5,0.0
93,93,refinement,0.5,2,0.6489764701941281,0.07550545795782422,,1.0,1.0
93,93,refinement,0.5,3,0.6547942021821491,0.07492601787391272,,1.0,1.0
93,93,refinement,0.5,4,0.45559952346215926,0.07562919451996476,,0.6666666666666666,0.5
93,93,refinement,0.5,5,0.45743531885927735,0.07740785066513493,,0.6666666666666666,0.0
93,93,refinement,0.5,6,0.46223946165817,0.08751346130577246,,0.6666666666666666,0.0
93,93,refinement,0.5,7,0.661926579448676,0.08169595739014333,,1.0,1.0
93,93,refinement,0.8,0,0.3540395002840172,0.15466791825064585,,0.4,0.0
93,93,refinement,0.8,1,0.6401766264477742,0.061294695458639865,,1.0,1.0
93,93,refinement,0.8,2,0.6305866916374084,0.05027660249036621,,1.0,1.0
93,93,refinement,0.8,3,0.6101701713252285,0.040484721481911345,,1.0,1.0
93,93,refinement,0.8,4,0.5980694645374391,0.040830437773689714,,1.0,1.0
93,93,refinement,0.8,5,0.39142827990020945,0.032589606014947724,,0.6666666666666666,0.5
93,93,refinement,0.8,6,0.580290995904043,0.03177649605938386,,1.0,1.0
93,93,refinement,0.8,7,0.3848574528105093,0.037866870277706535,,0.6666666666666666,0.5
94,94,accumulation,N/A,0,0.3244795639376874,0.011466119212595272,,0.54,0.0
94,94,accumulation,N/A,1,0.28940449034084587,0.04654368849910174,,0.13829787234042554,0.0
94,94,accumulation,N/A,2,0.3814704461340689,0.01938101099853472,,0.5669291338582677,0.14285714285714285
94,94,accumulation,N/A,3,0.3108393859114431,0.01227948473963369,,0.26455026455026454,0.14285714285714285
94,94,accumulation,N/A,4,0.41271182402630735,0.02746494099568662,,0.5714285714285715,0.0
94,94,accumulation,N/A,5,0.431853282505581,0.041055937309300565,,0.6176470588235293,0.14285714285714285
94,94,accumulation,N/A,6,0.37639776151802784,0.018204039102869593,,0.5569620253164558,0.0
94,94,accumulation,N/A,7,0.36629531337463633,0.03504402784073364,,0.5408805031446541,0.0
94,94,refinement,0.5,0,0.3244795639376874,0.011466119212595272,,0.54,0.0
94,94,refinement,0.5,1,0.34076839406267856,0.0195330850317111,,0.5454545454545454,0.125
94,94,refinement,0.5,2,0.3235308356784971,0.020076399578402165,,0.5346534653465347,0.0
94,94,refinement,0.5,3,0.311692980767468,0.015489364279424857,,0.4716981132075472,0.0
94,94,refinement,0.5,4,0.327189634329466,0.025870783420888423,,0.5531914893617021,0.0
94,94,refinement,0.5,5,0.3213001947567885,0.02514012745509783,,0.5148514851485149,0.0
94,94,refinement,0.5,6,0.3351281068852078,0.03598618388359856,,0.47311827956989244,0.125
94,94,refinement,0.5,7,0.334996749769537,0.03709535247593879,,0.4536082474226804,0.125
94,94,refinement,0.8,0,0.3244795639376874,0.011466119212595272,,0.54,0.0
94,94,refinement,0.8,1,0.34833388180445707,0.016257443545200635,,0.5294117647058822,0.0
94,94,refinement,0.8,2,0.36815080524801613,0.010809118855232802,,0.6451612903225806,0.0
94,94,refinement,0.8,3,0.33815325835645754,0.021789204484586367,,0.6170212765957447,0.0
94,94,refinement,0.8,4,0.3520051218522907,0.01214096851783866,,0.5348837209302325,0.0
94,94,refinement,0.8,5,0.32789471386799895,0.020145698404164962,,0.5,0.0
94,94,refinement,0.8,6,0.33696159248131197,0.020512044117641893,,0.46938775510204084,0.0
94,94,refinement,0.8,7,0.35463157609731183,0.012886015106991298,,0.46296296296296297,0.125
95,95,accumulation,N/A,0,0.4000423564563476,0.15859334159889696,,0.27272727272727276,0.0
95,95,accumulation,N/A,1,0.42277889408052516,0.31998386838238796,,0.5454545454545454,0.0
95,95,accumulation,N/A,2,0.392087247654596,0.20931547660065034,,0.24,0.0
95,95,accumulation,N/A,3,0.38507610032224504,0.14593025049361943,,0.24,0.3333333333333333
95,95,accumulation,N/A,4,0.26560339002085087,0.09002678585902128,,0.0697674418604651,0.0
95,95,accumulation,N/A,5,0.4575114315763636,0.10050973696090486,,0.3529411764705882,0.5
95,95,accumulation,N/A,6,0.392579738989572,0.25933427158467676,,0.39999999999999997,0.0
95,95,accumulation,N/A,7,0.3882049083894563,0.23182227968676192,,0.23529411764705882,0.0
95,95,refinement,0.5,0,0.4000423564563476,0.15859334159889696,,0.27272727272727276,0.0
95,95,refinement,0.5,1,0.3436085073432431,0.1587392763321405,,0.27272727272727276,0.0
95,95,refinement,0.5,2,0.39561649116724495,0.173496517259463,,0.27272727272727276,0.0
95,95,refinement,0.5,3,0.4067145571113262,0.18272137742136862,,0.24,0.0
95,95,refinement,0.5,4,0.3510176410510286,0.18408341489000332,,0.24999999999999997,0.0
95,95,refinement,0.5,5,0.34758898016892037,0.18091279984783504,,0.21428571428571427,0.0
95,95,refinement,0.5,6,0.3559577276807251,0.18065077093599582,,0.24,0.0
95,95,refinement,0.5,7,0.3668447582494574,0.17998484487483432,,0.2608695652173913,0.0
95,95,refinement,0.8,0,0.4000423564563476,0.15859334159889696,,0.27272727272727276,0.0
95,95,refinement,0.8,1,0.41081183776659813,0.1384602851334781,,0.3333333333333333,0.0
95,95,refinement,0.8,2,0.34421301960307593,0.13907516490664132,,0.2857142857142857,0.0
95,95,refinement,0.8,3,0.37784947551941006,0.05683757684113338,,0.3,0.0
95,95,refinement,0.8,4,0.38249338470459926,0.13185703428051535,,0.24999999999999997,0.0
95,95,refinement,0.8,5,0.3983647820669231,0.06359173516340418,,0.2857142857142857,0.0
95,95,refinement,0.8,6,0.3972487669665751,0.061144195660125446,,0.3,0.0
95,95,refinement,0.8,7,0.41724271492238424,0.1639388931029683,,0.4285714285714285,0.0
96,96,accumulation,N/A,0,0.31059670960066055,0.12834726005752753,,0.42857142857142866,0.0
96,96,accumulation,N/A,1,0.41744504526866255,0.0047366729414274325,,0.37037037037037035,0.2857142857142857
96,96,accumulation,N/A,2,0.34969407014199794,0.08789483194687973,,0.33333333333333337,0.42857142857142855
96,96,accumulation,N/A,3,0.38358773224876946,0.09156219619253568,,0.4482758620689655,0.14285714285714285
96,96,accumulation,N/A,4,0.2547177340924961,0.13216884853622787,,0.2162162162162162,0.125
96,96,accumulation,N/A,5,0.37041240708444345,0.004813975779277928,,0.417910447761194,0.125
96,96,accumulation,N/A,6,0.29426832632473515,0.06615396376671079,,0.18543046357615894,0.0
96,96,accumulation,N/A,7,0.3173995715853685,0.04726388806862108,,0.6122448979591837,0.0
96,96,refinement,0.5,0,0.31059670960066055,0.12834726005752753,,0.42857142857142866,0.0
96,96,refinement,0.5,1,0.30198850380616465,0.12992254331853192,,0.490566037735849,0.0
96,96,refinement,0.5,2,0.3535352243012002,0.11452960952503206,,0.5357142857142858,0.14285714285714285
96,96,refinement,0.5,3,0.27108471259709943,0.162710130490637,,0.3666666666666667,0.0
96,96,refinement,0.5,4,0.2598191482131966,0.15756969035594148,,0.34375,0.0
96,96,refinement,0.5,5,0.2564767608158778,0.14106898324467204,,0.34920634920634924,0.0
96,96,refinement,0.5,6,0.28198171751222856,0.12913073575275646,,0.41379310344827586,0.0
96,96,refinement,0.5,7,0.2993003711345892,0.15756103741923977,,0.3921568627450981,0.125
96,96,refinement,0.8,0,0.31059670960066055,0.12834726005752753,,0.42857142857142866,0.0
96,96,refinement,0.8,1,0.28514410775117216,0.12919627122873553,,0.41935483870967744,0.0
96,96,refinement,0.8,2,0.3311144753060931,0.18359936045232764,,0.46153846153846156,0.0
96,96,refinement,0.8,3,0.3193834992985412,0.15924281392138676,,0.5333333333333333,0.0
96,96,refinement,0.8,4,0.2868859385351167,0.12878559733258074,,0.3870967741935483,0.0
96,96,refinement,0.8,5,0.3098068751210226,0.17309028409669347,,0.4482758620689655,0.0
96,96,refinement,0.8,6,0.32998200799092686,0.1663840186392806,,0.42622950819672134,0.0
96,96,refinement,0.8,7,0.2787117202928365,0.1603935552784949,,0.37499999999999994,0.0
97,97,accumulation,N/A,0,0.4509061586874455,0.12050503715529289,,0.8,0.0
97,97,accumulation,N/A,1,0.4955375381249174,0.3978619921622524,,0.6666666666666666,0.0
97,97,accumulation,N/A,2,0.6791254667661869,0.38149938551791396,,1.0,1.0
97,97,accumulation,N/A,3,0.5476795521008935,0.3092265967395772,,0.8,0.0
97,97,accumulation,N/A,4,0.4694710431135151,0.10117307204464752,,0.8,0.5
97,97,accumulation,N/A,5,0.5544996073018381,0.3606791642356444,,0.8,0.5
97,97,accumulation,N/A,6,0.4410724498836296,0.14505025571150343,,0.6666666666666666,0.0
97,97,accumulation,N/A,7,0.30099088541977104,0.3369384909655645,,0.16,0.0
97,97,refinement,0.5,0,0.4509061586874455,0.12050503715529289,,0.8,0.0
97,97,refinement,0.5,1,0.30647883069701376,0.12223035104832618,,0.5,0.0
97,97,refinement,0.5,2,0.45261547116135115,0.1275042013680312,,0.8,0.0
97,97,refinement,0.5,3,0.3570718203737444,0.12479568120672105,,0.6666666666666666,0.0
97,97,refinement,0.5,4,0.4519896607445243,0.12629924363089842,,0.8,0.0
97,97,refinement,0.5,5,0.4519037040070178,0.12479568120672105,,0.8,0.0
97,97,refinement,0.5,6,0.35673960906080526,0.12508862881518756,,0.6666666666666666,0.0
97,97,refinement,0.5,7,0.45152584491165537,0.1262839086086023,,0.8,0.0
97,97,refinement,0.8,0,0.4509061586874455,0.12050503715529289,,0.8,0.0
97,97,refinement,0.8,1,0.2813257430808168,0.13981804572693968,,0.33333333333333337,0.0
97,97,refinement,0.8,2,0.319401818432597,0.13410121525300703,,0.5714285714285715,0.0
97,97,refinement,0.8,3,0.4363450213041252,0.13488788895571668,,0.6666666666666666,0.0
97,97,refinement,0.8,4,0.3388823471922466,0.13449575198976343,,0.4444444444444445,0.0
97,97,refinement,0.8,5,0.43597956648698644,0.13137079137236807,,0.6666666666666666,0.0
97,97,refinement,0.8,6,0.436867434764699,0.13457709241972815,,0.6666666666666666,0.0
97,97,refinement,0.8,7,0.3380880743816402,0.13778161128956648,,0.5,0.0
98,98,accumulation,N/A,0,0.36982236727335205,0.06560871534967022,,0.5277777777777778,0.16666666666666666
98,98,accumulation,N/A,1,0.43557612907432125,0.017425153097486826,,0.5576923076923077,0.16666666666666666
98,98,accumulation,N/A,2,0.473823929100435,0.00297340396093911,,0.5,0.3333333333333333
98,98,accumulation,N/A,3,0.4640475102638855,0.022351253597080723,,0.5671641791044775,0.3333333333333333
98,98,accumulation,N/A,4,0.4067652199326074,0.05831404859783744,,0.5641025641025641,0.16666666666666666
98,98,accumulation,N/A,5,0.44523328751020735,0.01795747797281424,,0.5789473684210527,0.16666666666666666
98,98,accumulation,N/A,6,0.3844782703445871,0.038846901037617815,,0.5,0.0
98,98,accumulation,N/A,7,0.4274618029467747,0.01151610681814544,,0.5116279069767441,0.16666666666666666
98,98,refinement,0.5,0,0.36982236727335205,0.06560871534967022,,0.5277777777777778,0.16666666666666666
98,98,refinement,0.5,1,0.3653870534903084,0.031343918070975134,,0.5066666666666666,0.16666666666666666
98,98,refinement,0.5,2,0.34066380148149566,0.025604958062389903,,0.5263157894736841,0.0
98,98,refinement,0.5,3,0.42093195449473986,0.04059720456069933,,0.5428571428571427,0.16666666666666666
98,98,refinement,0.5,4,0.3460215747742286,0.05407015414547506,,0.5373134328358209,0.0
98,98,refinement,0.5,5,0.40549198852506296,0.04938210883833439,,0.4470588235294118,0.3333333333333333
98,98,refinement,0.5,6,0.3616712352223557,0.04431395420059636,,0.4615384615384615,0.0
98,98,refinement,0.5,7,0.3680620101970932,0.045952310374201874,,0.5294117647058824,0.16666666666666666
98,98,refinement,0.8,0,0.36982236727335205,0.06560871534967022,,0.5277777777777778,0.16666666666666666
98,98,refinement,0.8,1,0.3979150304157868,0.03741439444913457,,0.6206896551724138,0.3333333333333333
98,98,refinement,0.8,2,0.3560220962223516,0.05611320805756872,,0.5483870967741935,0.0
98,98,refinement,0.8,3,0.37111369174756564,0.06953417105609362,,0.43999999999999995,0.2857142857142857
98,98,refinement,0.8,4,0.3427563509819194,0.048328773831138816,,0.36000000000000004,0.16666666666666666
98,98,refinement,0.8,5,0.4247788238492274,0.03041084824113258,,0.6101694915254238,0.16666666666666666
98,98,refinement,0.8,6,0.38164344721016646,0.046767251473167806,,0.47457627118644075,0.16666666666666666
98,98,refinement,0.8,7,0.30265123684033335,0.05189629774690667,,0.3225806451612903,0.0
99,99,accumulation,N/A,0,0.42486910548766327,0.04636667483911879,,0.40579710144927544,0.4
99,99,accumulation,N/A,1,0.5375181693078308,0.09405415046284801,,0.5714285714285714,0.2
99,99,accumulation,N/A,2,0.38036224967073656,0.04115515876729277,,0.4285714285714286,0.0
99,99,accumulation,N/A,3,0.3864157183321397,0.05563161195092334,,0.46153846153846156,0.0
99,99,accumulation,N/A,4,0.421623253214499,0.09440401872129128,,0.5573770491803278,0.0
99,99,accumulation,N/A,5,0.46919337403678685,0.0981585269936394,,0.5846153846153846,0.16666666666666666
99,99,accumulation,N/A,6,0.5617529832449324,0.10802272458641513,,0.5079365079365079,0.4
99,99,accumulation,N/A,7,0.4487010076024775,0.11543870158962921,,0.5217391304347826,0.16666666666666666
99,99,refinement,0.5,0,0.42486910548766327,0.04636667483911879,,0.40579710144927544,0.4
99,99,refinement,0.5,1,0.4446706180493111,0.04712932632462783,,0.5263157894736843,0.4
99,99,refinement,0.5,2,0.42980028391006486,0.04001366092593369,,0.44776119402985076,0.4
99,99,refinement,0.5,3,0.39899701152224987,0.02649720541413714,,0.4242424242424243,0.2
99,99,refinement,0.5,4,0.37291211897496174,0.0425292931788248,,0.46153846153846156,0.0
99,99,refinement,0.5,5,0.39945128854645384,0.026261794938726653,,0.40579710144927544,0.2
99,99,refinement,0.5,6,0.40880249977881217,0.026063886889943017,,0.49122807017543857,0.2
99,99,refinement,0.5,7,0.40482180667450757,0.02658240014590559,,0.45161290322580644,0.2
99,99,refinement,0.8,0,0.42486910548766327,0.04636667483911879,,0.40579710144927544,0.4
99,99,refinement,0.8,1,0.4536853203213226,0.04686781117530184,,0.6071428571428572,0.4
99,99,refinement,0.8,2,0.3987918314315475,0.02050258702750709,,0.3673469387755102,0.2
99,99,refinement,0.8,3,0.4225199431119424,0.025012066509461518,,0.5070422535211268,0.2
99,99,refinement,0.8,4,0.44304674399124,0.02797279442305892,,0.425,0.2
99,99,refinement,0.8,5,0.47624466915504915,0.021688479158590165,,0.41860465116279066,0.4
99,99,refinement,0.8,6,0.4631370910334447,0.02733630630061231,,0.3461538461538461,0.4
99,99,refinement,0.8,7,0.4631773130860457,0.034757832816144495,,0.31914893617021284,0.4
100,100,accumulation,N/A,0,0.35526347193664176,0.15420049432565855,,0.26086956521739124,0.0
100,100,accumulation,N/A,1,0.2795678437103841,0.0,,0.2,0.0
100,100,accumulation,N/A,2,0.37120540410362934,0.011114210315334825,,0.2916666666666667,0.0
100,100,accumulation,N/A,3,0.3407151066242626,0.0,,0.1754385964912281,0.25
100,100,accumulation,N/A,4,0.33554287171638286,0.056758711305061216,,0.27906976744186046,0.2
100,100,accumulation,N/A,5,0.3478156491952576,0.0017760944124547082,,0.23809523809523808,0.0
100,100,accumulation,N/A,6,0.32748505109688064,0.0,,0.39999999999999997,0.25
100,100,accumulation,N/A,7,0.39142819656158023,2.098305848151299e-05,,0.33333333333333337,0.25
100,100,refinement,0.5,0,0.35526347193664176,0.15420049432565855,,0.26086956521739124,0.0
100,100,refinement,0.5,1,0.3887588107350574,0.09240632451372134,,0.4,0.0
100,100,refinement,0.5,2,0.4379669944056091,0.1538731284201231,,0.3529411764705882,0.25
100,100,refinement,0.5,3,0.48310939167427747,0.11349027504033965,,0.5,0.5
100,100,refinement,0.5,4,0.4219041913917456,0.11197292330368738,,0.4210526315789474,0.25
100,100,refinement,0.5,5,0.4398299156813289,0.14981135638149365,,0.375,0.25
100,100,refinement,0.5,6,0.39566615590146087,0.14947788484186914,,0.3529411764705882,0.0
100,100,refinement,0.5,7,0.43708455498282694,0.14749338407840448,,0.375,0.25
100,100,refinement,0.8,0,0.35526347193664176,0.15420049432565855,,0.26086956521739124,0.0
100,100,refinement,0.8,1,0.44699433685445983,0.12794474691686983,,0.375,0.25
100,100,refinement,0.8,2,0.4410899493628417,0.0029087474864065307,,0.5,0.25
100,100,refinement,0.8,3,0.42349924984824455,0.0,,0.32432432432432434,0.25
100,100,refinement,0.8,4,0.40128483028313594,0.0005397361625064855,,0.5384615384615384,0.2
100,100,refinement,0.8,5,0.36459537210476095,0.0,,0.4827586206896552,0.0
100,100,refinement,0.8,6,0.35173627847231304,0.07034243192468649,,0.30303030303030304,0.0
100,100,refinement,0.8,7,0.384148476509117,0.07153570796989431,,0.3225806451612903,0.0
101,101,accumulation,N/A,0,0.5812096199773913,0.12041898473624485,,0.5,1.0
101,101,accumulation,N/A,1,0.6325777775225583,0.05973931449631479,,1.0,1.0
101,101,accumulation,N/A,2,0.21813009858725832,0.16761030210061845,,0.2857142857142857,0.0
101,101,accumulation,N/A,3,0.27934617058186184,0.3056624307336035,,0.2857142857142857,0.0
101,101,accumulation,N/A,4,0.23729119268596516,0.17578316759584295,,0.1818181818181818,0.0
101,101,accumulation,N/A,5,0.36079011579122866,0.19026777332137618,,0.6666666666666666,0.5
101,101,accumulation,N/A,6,0.39048940731314863,0.2566679769956294,,0.10526315789473684,0.5
101,101,accumulation,N/A,7,0.27356919942293983,0.21734609751207268,,0.6666666666666666,0.0
101,101,refinement,0.5,0,0.5812096199773913,0.12041898473624485,,0.5,1.0
101,101,refinement,0.5,1,0.40743177948977705,0.12108699761857164,,0.3333333333333333,0.0
101,101,refinement,0.5,2,0.41752236075318927,0.12108699761857164,,0.4,0.0
101,101,refinement,0.5,3,0.5820975893274076,0.11793502321929308,,0.5,1.0
101,101,refinement,0.5,4,0.5833728940393236,0.12273236577067187,,0.5,1.0
101,101,refinement,0.5,5,0.5824416889215879,0.1195188092531702,,0.5,1.0
101,101,refinement,0.5,6,0.58244879730671,0.1195188092531702,,0.5,1.0
101,101,refinement,0.5,7,0.35025271742462505,0.11825177463371604,,0.28571428571428575,0.3333333333333333
101,101,refinement,0.8,0,0.5812096199773913,0.12041898473624485,,0.5,1.0
101,101,refinement,0.8,1,0.4169416302586718,0.11793502321929308,,0.4,0.0
101,101,refinement,0.8,2,0.5814756587890277,0.12275056159271927,,0.5,1.0
101,101,refinement,0.8,3,0.5829634910919361,0.11923979239110911,,0.5,1.0
101,101,refinement,0.8,4,0.4220600962299901,0.13100675698295197,,0.4,0.5
101,101,refinement,0.8,5,0.42375681733322235,0.13550626142277478,,0.4,0.5
101,101,refinement,0.8,6,0.3633466431902134,0.14006636608091522,,0.3333333333333333,0.3333333333333333
101,101,refinement,0.8,7,0.587575068032147,0.14290954608052456,,0.5,1.0
102,102,accumulation,N/A,0,0.7221792772411186,0.13501180996457593,,1.0,1.0
102,102,accumulation,N/A,1,0.7200041856588407,0.0,,1.0,1.0
102,102,accumulation,N/A,2,0.6773076448888122,0.025358214772948744,,1.0,1.0
102,102,accumulation,N/A,3,0.7502214763383207,0.4564248095893545,,1.0,1.0
102,102,accumulation,N/A,4,0.42873090562477373,0.22841699953828623,,0.5,0.3333333333333333
102,102,accumulation,N/A,5,0.279026500692547,0.11387687403938863,,0.03508771929824561,0.14285714285714285
102,102,accumulation,N/A,6,0.4454637849725094,0.11660184998221942,,0.6666666666666666,0.5
102,102,accumulation,N/A,7,0.37300734710580635,0.02464393828448973,,0.2222222222222222,0.5
102,102,refinement,0.5,0,0.7221792772411186,0.13501180996457593,,1.0,1.0
102,102,refinement,0.5,1,0.7240818927987682,0.1307222125560278,,1.0,1.0
102,102,refinement,0.5,2,0.7213893264393678,0.12867758307758734,,1.0,1.0
102,102,refinement,0.5,3,0.5238531097478959,0.12841502193825782,,0.6666666666666666,0.5
102,102,refinement,0.5,4,0.4965141223477143,0.12841502193825782,,0.5,0.5
102,102,refinement,0.5,5,0.7214268499761309,0.1324959369360352,,1.0,1.0
102,102,refinement,0.5,6,0.7214850663622356,0.13864967685413043,,1.0,1.0
102,102,refinement,0.5,7,0.4459188867444397,0.1342624376372277,,0.5,0.3333333333333333
102,102,refinement,0.8,0,0.7221792772411186,0.13501180996457593,,1.0,1.0
102,102,refinement,0.8,1,0.5242191323687435,0.12663295359914692,,0.6666666666666666,0.5
102,102,refinement,0.8,2,0.7208318407956857,0.1307222125560278,,1.0,1.0
102,102,refinement,0.8,3,0.7275105138082428,0.14598624527503007,,1.0,1.0
102,102,refinement,0.8,4,0.4995206789086637,0.15048266585658865,,0.5,0.5
102,102,refinement,0.8,5,0.45210231676538565,0.0,,0.6666666666666666,0.0
102,102,refinement,0.8,6,0.4616168247660455,0.0017820873671085564,,0.6666666666666666,0.0
102,102,refinement,0.8,7,0.7259672392566996,0.1434156065417652,,1.0,1.0
103,103,accumulation,N/A,0,0.2554447573754426,0.14921681998571518,,0.23529411764705882,0.0
103,103,accumulation,N/A,1,0.35346730183244623,0.055888974639693285,,0.4888888888888888,0.2
103,103,accumulation,N/A,2,0.3382644886978463,0.03047149651416958,,0.18604651162790695,0.2
103,103,accumulation,N/A,3,0.3746829722684431,0.011861681738515623,,0.2535211267605634,0.25
103,103,accumulation,N/A,4,0.472748547328266,0.03471012622222549,,0.5555555555555556,0.5
103,103,accumulation,N/A,5,0.30862907280791774,0.021065284666755328,,0.176,0.0
103,103,accumulation,N/A,6,0.3546533899261885,0.007863031633070333,,0.25263157894736843,0.4
103,103,accumulation,N/A,7,0.33137392944259925,0.008585244876372182,,0.20754716981132076,0.0
103,103,refinement,0.5,0,0.2554447573754426,0.14921681998571518,,0.23529411764705882,0.0
103,103,refinement,0.5,1,0.26501855287954373,0.14638469694170753,,0.25,0.0
103,103,refinement,0.5,2,0.26743485183628857,0.14863082133490346,,0.26666666666666666,0.0
103,103,refinement,0.5,3,0.30561078326058305,0.12724523010445382,,0.2857142857142857,0.25
103,103,refinement,0.5,4,0.30591200635062576,0.12676277880633066,,0.2857142857142857,0.25
103,103,refinement,0.5,5,0.3070097289691144,0.13131903534227582,,0.2857142857142857,0.25
103,103,refinement,0.5,6,0.30596315345640224,0.12676277880633066,,0.2857142857142857,0.25
103,103,refinement,0.5,7,0.34453571973773595,0.080521877119187,,0.4,0.25
103,103,refinement,0.8,0,0.2554447573754426,0.14921681998571518,,0.23529411764705882,0.0
103,103,refinement,0.8,1,0.28348707306845206,0.1337878611773069,,0.3333333333333333,0.0
103,103,refinement,0.8,2,0.3432401127552456,0.06393468024471655,,0.4444444444444445,0.2
103,103,refinement,0.8,3,0.337665090734875,0.009926195841266961,,0.39130434782608703,0.25
103,103,refinement,0.8,4,0.3237833139166759,0.014390108231173177,,0.36065573770491804,0.0
103,103,refinement,0.8,5,0.3732183593195034,0.012288388631103568,,0.4230769230769231,0.4
103,103,refinement,0.8,6,0.319747144824569,0.024032290773440733,,0.2352941176470588,0.2
103,103,refinement,0.8,7,0.2634601600523319,0.01864593358683659,,0.2588235294117647,0.0
104,104,accumulation,N/A,0,0.45817025409631856,0.024687070538212015,,0.45714285714285713,0.25
104,104,accumulation,N/A,1,0.4120043364661821,0.004389531911929939,,0.5263157894736842,0.2
104,104,accumulation,N/A,2,0.5478471685685123,0.041952477036268594,,0.5172413793103449,0.5
104,104,accumulation,N/A,3,0.33546640636411995,0.0026712827781476232,,0.3116883116883117,0.25
104,104,accumulation,N/A,4,0.4266860092692141,0.005752860493563115,,0.48387096774193544,0.25
104,104,accumulation,N/A,5,0.39966653178757416,0.006694431781859798,,0.5925925925925927,0.2
104,104,accumulation,N/A,6,0.45227103216335063,0.011700207525889109,,0.44444444444444453,0.25
104,104,accumulation,N/A,7,0.45122922181919334,0.005974434052540175,,0.7317073170731708,0.25
104,104,refinement,0.5,0,0.45817025409631856,0.024687070538212015,,0.45714285714285713,0.25
104,104,refinement,0.5,1,0.4601480175595503,0.03828432414296056,,0.5,0.25
104,104,refinement,0.5,2,0.5113121427579295,0.03835452533223019,,0.5517241379310345,0.5
104,104,refinement,0.5,3,0.46950015185248084,0.050452028886566636,,0.5161290322580646,0.25
104,104,refinement,0.5,4,0.46172324925308994,0.06784344777887855,,0.4736842105263158,0.25
104,104,refinement,0.5,5,0.50436982477408,0.05034108317031168,,0.5161290322580646,0.5
104,104,refinement,0.5,6,0.4348953446814992,0.04624376265344815,,0.5,0.2
104,104,refinement,0.5,7,0.518416404667084,0.029351473729899713,,0.6451612903225806,0.5
104,104,refinement,0.8,0,0.45817025409631856,0.024687070538212015,,0.45714285714285713,0.25
104,104,refinement,0.8,1,0.4714293435580755,0.04110405549798566,,0.5806451612903226,0.4
104,104,refinement,0.8,2,0.38170897105647794,0.031101296541267174,,0.4444444444444444,0.16666666666666666
104,104,refinement,0.8,3,0.3903784863659482,0.014211467427450376,,0.4583333333333333,0.2
104,104,refinement,0.8,4,0.4014977656217865,0.021442722092839983,,0.5,0.2
104,104,refinement,0.8,5,0.3795618776763909,0.029288069964688843,,0.32142857142857145,0.2
104,104,refinement,0.8,6,0.3913175905811822,0.024777487165931467,,0.46511627906976744,0.2
104,104,refinement,0.8,7,0.438045995518511,0.04694237937960059,,0.5555555555555555,0.25
105,105,accumulation,N/A,0,0.26356604371672,0.04069725526109821,,0.2068965517241379,0.0
105,105,accumulation,N/A,1,0.24188486138183746,0.011360274263892745,,0.31343283582089554,0.0
105,105,accumulation,N/A,2,0.251565291651616,0.007284846417260692,,0.3551401869158879,0.125
105,105,accumulation,N/A,3,0.3411594081121723,0.030291099975217964,,0.4047619047619047,0.25
105,105,accumulation,N/A,4,0.3067920102025875,0.007672214271854121,,0.30303030303030304,0.0
105,105,accumulation,N/A,5,0.26208383391483436,0.038638216295847586,,0.24793388429752067,0.0
105,105,accumulation,N/A,6,0.30141097489536156,0.034521332587537826,,0.4827586206896552,0.0
105,105,accumulation,N/A,7,0.2310485015437127,0.008236940610791702,,0.28571428571428575,0.0
105,105,refinement,0.5,0,0.26356604371672,0.04069725526109821,,0.2068965517241379,0.0
105,105,refinement,0.5,1,0.26329802843688643,0.03756277011935827,,0.22093023255813954,0.0
105,105,refinement,0.5,2,0.24691828279949096,0.022480616094360986,,0.23170731707317074,0.0
105,105,refinement,0.5,3,0.25345412815369006,0.018176559487657284,,0.27737226277372257,0.0
105,105,refinement,0.5,4,0.24566257305189249,0.040723896172644526,,0.24390243902439027,0.0
105,105,refinement,0.5,5,0.250880968254234,0.03518450942802626,,0.27142857142857146,0.0
105,105,refinement,0.5,6,0.2604208957819485,0.03277780270484415,,0.2992125984251969,0.0
105,105,refinement,0.5,7,0.26040701484422346,0.038076979955468396,,0.304,0.0
105,105,refinement,0.8,0,0.26356604371672,0.04069725526109821,,0.2068965517241379,0.0
105,105,refinement,0.8,1,0.24757995493185767,0.027064058917130082,,0.26573426573426573,0.0
105,105,refinement,0.8,2,0.25877801591794786,0.038200725714416295,,0.33333333333333337,0.0
105,105,refinement,0.8,3,0.25407063721759215,0.019845306731142785,,0.28571428571428564,0.0
105,105,refinement,0.8,4,0.2740603637202556,0.03819628544482812,,0.3185840707964602,0.0
105,105,refinement,0.8,5,0.25413187336409515,0.004536405537328099,,0.3252032520325203,0.0
105,105,refinement,0.8,6,0.2786123550630508,0.02971011830689202,,0.42105263157894735,0.0
105,105,refinement,0.8,7,0.2981999830851705,0.0321969857907065,,0.40425531914893614,0.0
106,106,accumulation,N/A,0,0.3558614296261859,0.3556507336333677,,0.33333333333333337,0.0
106,106,accumulation,N/A,1,0.31322556217285324,0.038167737922103026,,0.37037037037037035,0.0
106,106,accumulation,N/A,2,0.36602462211953835,0.3965006769523741,,0.33333333333333337,0.0
106,106,accumulation,N/A,3,0.31727577681978075,0.11259069192588843,,0.28571428571428575,0.0
106,106,accumulation,N/A,4,0.4227593855729492,0.07344658247938599,,0.3333333333333333,0.0
106,106,accumulation,N/A,5,0.39536395029784027,0.17557284914119467,,0.4444444444444445,0.0
106,106,accumulation,N/A,6,0.35937936737452103,0.029333316280499164,,0.33333333333333337,0.0
106,106,accumulation,N/A,7,0.5864137196137897,0.09528377017652094,,0.7499999999999999,0.5
106,106,refinement,0.5,0,0.3558614296261859,0.3556507336333677,,0.33333333333333337,0.0
106,106,refinement,0.5,1,0.35573755635618043,0.3577129397434474,,0.33333333333333337,0.0
106,106,refinement,0.5,2,0.35460892022662727,0.3471932324894785,,0.33333333333333337,0.0
106,106,refinement,0.5,3,0.353958592137752,0.3448949862535545,,0.33333333333333337,0.0
106,106,refinement,0.5,4,0.3539919301093671,0.34257134322374916,,0.33333333333333337,0.0
106,106,refinement,0.5,5,0.35413929943315653,0.34257134322374916,,0.33333333333333337,0.0
106,106,refinement,0.5,6,0.3545083607445169,0.3460397766569392,,0.33333333333333337,0.0
106,106,refinement,0.5,7,0.3558154210813767,0.3568941167850398,,0.33333333333333337,0.0
106,106,refinement,0.8,0,0.3558614296261859,0.3556507336333677,,0.33333333333333337,0.0
106,106,refinement,0.8,1,0.3557254142116685,0.35212953092910565,,0.33333333333333337,0.0
106,106,refinement,0.8,2,0.35075854227426106,0.3071811914921503,,0.33333333333333337,0.0
106,106,refinement,0.8,3,0.3487857883460358,0.2954486920048571,,0.33333333333333337,0.0
106,106,refinement,0.8,4,0.3463500887600655,0.28218928819140865,,0.33333333333333337,0.0
106,106,refinement,0.8,5,0.425124803421287,0.09226441654486595,,0.7499999999999999,0.0
106,106,refinement,0.8,6,0.43273735443972067,0.09322420030907073,,0.7499999999999999,0.0
106,106,refinement,0.8,7,0.3491321774903987,0.302170903193308,,0.33333333333333337,0.0
107,107,accumulation,N/A,0,0.4650124410957626,0.0,,0.6666666666666666,0.0
107,107,accumulation,N/A,1,0.515295787866476,0.5343850817449312,,0.5,0.3333333333333333
107,107,accumulation,N/A,2,0.6877540722432474,0.0,,1.0,1.0
107,107,accumulation,N/A,3,0.3938306241675503,0.0,,0.5,0.3333333333333333
107,107,accumulation,N/A,4,0.8120945050654329,0.529799255502447,,1.0,1.0
107,107,accumulation,N/A,5,0.4743411775657741,0.0,,0.6666666666666666,0.5
107,107,accumulation,N/A,6,0.607997156313989,0.5420290576391638,,0.6666666666666666,0.5
107,107,accumulation,N/A,7,0.6215897202855855,0.5798638880795269,,0.6666666666666666,0.5
107,107,refinement,0.5,0,0.4650124410957626,0.0,,0.6666666666666666,0.0
107,107,refinement,0.5,1,0.46564875719694576,0.0,,0.6666666666666666,0.0
107,107,refinement,0.5,2,0.3650684956560206,0.0,,0.5,0.0
107,107,refinement,0.5,3,0.46587220547865676,0.0,,0.6666666666666666,0.0
107,107,refinement,0.5,4,0.46593589418680004,0.0,,0.6666666666666666,0.0
107,107,refinement,0.5,5,0.46625415193091313,0.0,,0.6666666666666666,0.0
107,107,refinement,0.5,6,0.4659284930298874,0.0,,0.6666666666666666,0.0
107,107,refinement,0.5,7,0.4663430949469695,0.0,,0.6666666666666666,0.0
107,107,refinement,0.8,0,0.4650124410957626,0.0,,0.6666666666666666,0.0
107,107,refinement,0.8,1,0.4669617207042326,0.0,,0.6666666666666666,0.0
107,107,refinement,0.8,2,0.46656146779493424,0.0,,0.6666666666666666,0.0
107,107,refinement,0.8,3,0.27421007389598767,0.0,,0.4,0.0
107,107,refinement,0.8,4,0.4675939891191447,0.0,,0.6666666666666666,0.0
107,107,refinement,0.8,5,0.4667765978342746,0.0,,0.6666666666666666,0.0
107,107,refinement,0.8,6,0.46727559444315825,0.0,,0.6666666666666666,0.0
107,107,refinement,0.8,7,0.46849544476455995,0.0,,0.6666666666666666,0.0
108,108,accumulation,N/A,0,0.27784566705728314,0.23904238225042757,,0.2666666666666667,0.0
108,108,accumulation,N/A,1,0.2661959241997376,0.10471617312866667,,0.16,0.16666666666666666
108,108,accumulation,N/A,2,0.32438863975852356,0.6457947374294454,,0.05263157894736842,0.0
108,108,accumulation,N/A,3,0.26793404624574413,0.2757061020033805,,0.041666666666666664,0.0
108,108,accumulation,N/A,4,0.23629334385008066,0.12231289126804608,,0.21052631578947367,0.0
108,108,accumulation,N/A,5,0.21665389840339958,0.2861828538940422,,0.14285714285714288,0.0
108,108,accumulation,N/A,6,0.2236691433756698,0.1110032410680274,,0.23529411764705882,0.0
108,108,accumulation,N/A,7,0.3132136755186433,0.30829930633511354,,0.03125,0.0
108,108,refinement,0.5,0,0.27784566705728314,0.23904238225042757,,0.2666666666666667,0.0
108,108,refinement,0.5,1,0.2923467531081508,0.23813799289698412,,0.3076923076923077,0.0
108,108,refinement,0.5,2,0.28455158569012967,0.2368093385339467,,0.3076923076923077,0.0
108,108,refinement,0.5,3,0.2986143513928214,0.23813799289698412,,0.2666666666666667,0.16666666666666666
108,108,refinement,0.5,4,0.28153356301522126,0.2368093385339467,,0.25,0.0
108,108,refinement,0.5,5,0.32053085465137154,0.23640232539401757,,0.2857142857142857,0.25
108,108,refinement,0.5,6,0.2755921484466174,0.23896030449454053,,0.1904761904761905,0.0
108,108,refinement,0.5,7,0.2617336074766774,0.23937102750025988,,0.125,0.0
108,108,refinement,0.8,0,0.27784566705728314,0.23904238225042757,,0.2666666666666667,0.0
108,108,refinement,0.8,1,0.2780041111603928,0.24325912187185048,,0.2222222222222222,0.0
108,108,refinement,0.8,2,0.2829398503454122,0.2570781179014191,,0.13333333333333333,0.0
108,108,refinement,0.8,3,0.5104506247612143,0.2837065510640334,,0.8,0.0
108,108,refinement,0.8,4,0.4504727635386633,0.2629961890320887,,0.4444444444444445,0.5
108,108,refinement,0.8,5,0.6851405417086519,0.2748731694832987,,1.0,1.0
108,108,refinement,0.8,6,0.3947190322856987,0.2786439338868455,,0.4,0.3333333333333333
108,108,refinement,0.8,7,0.3656883119510349,0.2767623927900085,,0.4,0.0
109,109,accumulation,N/A,0,0.3145987012981973,0.30302934172606566,,0.06779661016949154,0.0
109,109,accumulation,N/A,1,0.3736108877773625,0.028851066071997108,,0.5483870967741935,0.16666666666666666
109,109,accumulation,N/A,2,0.3275768712901619,0.007097058823529421,,0.27906976744186046,0.16666666666666666
109,109,accumulation,N/A,3,0.4571131190873401,0.02046115568641886,,0.7692307692307693,0.14285714285714285
109,109,accumulation,N/A,4,0.30954831280283024,0.0021907582169223283,,0.4266666666666667,0.0
109,109,accumulation,N/A,5,0.37774288906790005,0.0740724100308616,,0.30434782608695654,0.0
109,109,accumulation,N/A,6,0.3303398297095789,0.14447170056032357,,0.1,0.16666666666666666
109,109,accumulation,N/A,7,0.31462003452272214,0.21339494531250233,,0.14285714285714288,0.16666666666666666
109,109,refinement,0.5,0,0.3145987012981973,0.30302934172606566,,0.06779661016949154,0.0
109,109,refinement,0.5,1,0.31282009293143115,0.06828714778348832,,0.1639344262295082,0.16666666666666666
109,109,refinement,0.5,2,0.31507088715772835,0.08456962705615037,,0.12698412698412698,0.16666666666666666
109,109,refinement,0.5,3,0.35239879638385907,0.047975664632857136,,0.22950819672131148,0.0
109,109,refinement,0.5,4,0.2977806927792939,0.09810759574152753,,0.14545454545454545,0.0
109,109,refinement,0.5,5,0.32441072946820537,0.09714454239448124,,0.14814814814814817,0.0
109,109,refinement,0.5,6,0.3482598094189223,0.08551537522828177,,0.18867924528301885,0.0
109,109,refinement,0.5,7,0.3337226311921141,0.2116673421522012,,0.11764705882352942,0.0
109,109,refinement,0.8,0,0.3145987012981973,0.30302934172606566,,0.06779661016949154,0.0
109,109,refinement,0.8,1,0.34852558722630367,0.40877376098251894,,0.044444444444444446,0.0
109,109,refinement,0.8,2,0.3849037274107989,0.7778457655314839,,0.046511627906976744,0.0
109,109,refinement,0.8,3,0.37828032140258905,0.7162406868408343,,0.046511627906976744,0.0
109,109,refinement,0.8,4,0.38156358871041673,0.7695859627520398,,0.044444444444444446,0.0
109,109,refinement,0.8,5,0.3821512838986146,0.7610091482470593,,0.047619047619047616,0.0
109,109,refinement,0.8,6,0.30650762278522226,0.3751731568416195,,0.09302325581395349,0.16666666666666666
109,109,refinement,0.8,7,0.25462069970815615,0.013465039371775126,,0.047619047619047616,0.0
110,110,accumulation,N/A,0,0.3233295499576663,0.025418814013289423,,0.42718446601941745,0.0
110,110,accumulation,N/A,1,0.3269207419201602,0.024767542104893216,,0.3584905660377358,0.0
110,110,accumulation,N/A,2,0.34923730079970117,0.01157108152601273,,0.3888888888888889,0.14285714285714285
110,110,accumulation,N/A,3,0.34946758058816774,0.011962868710553584,,0.5970149253731343,0.14285714285714285
110,110,accumulation,N/A,4,0.32167901411467525,0.01782084068816812,,0.4210526315789474,0.0
110,110,accumulation,N/A,5,0.3009755522832617,0.03267946370341202,,0.5084745762711864,0.14285714285714285
110,110,accumulation,N/A,6,0.3616526437006601,0.03496870239421242,,0.4788732394366197,0.16666666666666666
110,110,accumulation,N/A,7,0.33753660896951415,0.009420155748473996,,0.4675324675324676,0.0
110,110,refinement,0.5,0,0.3233295499576663,0.025418814013289423,,0.42718446601941745,0.0
110,110,refinement,0.5,1,0.3500222339934759,0.02560672852441942,,0.4680851063829787,0.14285714285714285
110,110,refinement,0.5,2,0.34625624334641303,0.02464376561520025,,0.4583333333333333,0.0
110,110,refinement,0.5,3,0.3812122113148163,0.026322700854622627,,0.5301204819277109,0.16666666666666666
110,110,refinement,0.5,4,0.37709520244232336,0.026907284431577864,,0.5238095238095238,0.16666666666666666
110,110,refinement,0.5,5,0.3775511761796461,0.022721848291961593,,0.5411764705882353,0.16666666666666666
110,110,refinement,0.5,6,0.3730589917005558,0.02319105946841138,,0.4583333333333333,0.16666666666666666
110,110,refinement,0.5,7,0.3743479539175021,0.022302304117078488,,0.4782608695652174,0.16666666666666666
110,110,refinement,0.8,0,0.3233295499576663,0.025418814013289423,,0.42718446601941745,0.0
110,110,refinement,0.8,1,0.34579876163796053,0.02439835603157381,,0.47311827956989244,0.14285714285714285
110,110,refinement,0.8,2,0.3391915573139478,0.02772778174713306,,0.4144144144144144,0.14285714285714285
110,110,refinement,0.8,3,0.32398651833676356,0.027130879429880007,,0.42718446601941745,0.0
110,110,refinement,0.8,4,0.3723018596976474,0.024317774919671627,,0.4693877551020408,0.16666666666666666
110,110,refinement,0.8,5,0.33184311484221707,0.007246675758238296,,0.4210526315789474,0.0
110,110,refinement,0.8,6,0.3408480983645026,0.030632260735887592,,0.411764705882353,0.0
110,110,refinement,0.8,7,0.349967160583214,0.023776512967609145,,0.46315789473684216,0.0
111,111,accumulation,N/A,0,0.3717584870139866,0.003262787255017658,,0.38983050847457634,0.125
111,111,accumulation,N/A,1,0.3885220248163343,0.013920305030969722,,0.49056603773584906,0.2857142857142857
111,111,accumulation,N/A,2,0.37974372646275956,0.040380912891772716,,0.5517241379310345,0.0
111,111,accumulation,N/A,3,0.4575988443410406,0.04608099404780289,,0.5393258426966292,0.2857142857142857
111,111,accumulation,N/A,4,0.4155790072468533,0.0,,0.45454545454545453,0.14285714285714285
111,111,accumulation,N/A,5,0.36788293292523094,0.019543919008758986,,0.4672897196261683,0.14285714285714285
111,111,accumulation,N/A,6,0.36688246953273995,0.014837394687642438,,0.44247787610619466,0.125
111,111,accumulation,N/A,7,0.3119728037251266,0.0028509537980180803,,0.46296296296296297,0.0
111,111,refinement,0.5,0,0.3717584870139866,0.003262787255017658,,0.38983050847457634,0.125
111,111,refinement,0.5,1,0.35162445814736376,0.0029820557129400897,,0.4,0.0
111,111,refinement,0.5,2,0.38032423811477006,0.0033048744127960133,,0.48936170212765956,0.125
111,111,refinement,0.5,3,0.4004026251270643,0.0037478666253882627,,0.4615384615384615,0.14285714285714285
111,111,refinement,0.5,4,0.3817269160334068,0.004043195642112893,,0.47727272727272724,0.0
111,111,refinement,0.5,5,0.4020540248731614,0.0028807892446482877,,0.4444444444444444,0.14285714285714285
111,111,refinement,0.5,6,0.37762496119682015,0.003605147473568336,,0.4583333333333333,0.0
111,111,refinement,0.5,7,0.3754818585705323,0.003709525589507864,,0.4444444444444444,0.0
111,111,refinement,0.8,0,0.3717584870139866,0.003262787255017658,,0.38983050847457634,0.125
111,111,refinement,0.8,1,0.3494535454681323,0.0012807631538386292,,0.41121495327102797,0.0
111,111,refinement,0.8,2,0.3750656118414325,0.003595972935475208,,0.46,0.0
111,111,refinement,0.8,3,0.38799398012944847,0.040400698426270934,,0.4943820224719101,0.14285714285714285
111,111,refinement,0.8,4,0.38144531560300915,0.009936357080106626,,0.4999999999999999,0.14285714285714285
111,111,refinement,0.8,5,0.350045588784618,0.0069963173687307145,,0.46464646464646464,0.0
111,111,refinement,0.8,6,0.3677932788038281,0.009974802746446717,,0.5238095238095237,0.0
111,111,refinement,0.8,7,0.3920825194189232,0.016027138903719217,,0.5853658536585366,0.14285714285714285
112,112,accumulation,N/A,0,0.395317566206671,0.02080618534370527,,0.5,0.14285714285714285
112,112,accumulation,N/A,1,0.3386524338990953,0.002394392661191152,,0.588235294117647,0.14285714285714285
112,112,accumulation,N/A,2,0.39910544569407624,0.023724656070925797,,0.4807692307692307,0.14285714285714285
112,112,accumulation,N/A,3,0.3683389255539178,0.012729308270581862,,0.5825242718446602,0.125
112,112,accumulation,N/A,4,0.3637874013029046,0.0010894216488795787,,0.5,0.25
112,112,accumulation,N/A,5,0.3487961788953832,0.00499423192435254,,0.5490196078431373,0.0
112,112,accumulation,N/A,6,0.3474332953577033,0.013493898777838638,,0.588235294117647,0.125
112,112,accumulation,N/A,7,0.30593011606907883,0.012428737003170206,,0.44262295081967207,0.0
112,112,refinement,0.5,0,0.395317566206671,0.02080618534370527,,0.5,0.14285714285714285
112,112,refinement,0.5,1,0.40806340918949735,0.020960138990513376,,0.5747126436781609,0.14285714285714285
112,112,refinement,0.5,2,0.4220897699086292,0.02040875580082621,,0.5376344086021505,0.2857142857142857
112,112,refinement,0.5,3,0.4296417571024394,0.01821719040309002,,0.5925925925925924,0.2857142857142857
112,112,refinement,0.5,4,0.4508517484089869,0.024187914783110137,,0.5897435897435898,0.42857142857142855
112,112,refinement,0.5,5,0.3730870429631699,0.01575501176730271,,0.6190476190476191,0.125
112,112,refinement,0.5,6,0.4536346905746149,0.014196630494691413,,0.6024096385542168,0.42857142857142855
112,112,refinement,0.5,7,0.3895676291526526,0.0200013657446588,,0.5897435897435898,0.14285714285714285
112,112,refinement,0.8,0,0.395317566206671,0.02080618534370527,,0.5,0.14285714285714285
112,112,refinement,0.8,1,0.3879560888297631,0.031836426644368185,,0.5225225225225225,0.125
112,112,refinement,0.8,2,0.374823205313078,0.020423020710263213,,0.6,0.0
112,112,refinement,0.8,3,0.3746760571493738,0.04221674730767869,,0.6075949367088608,0.0
112,112,refinement,0.8,4,0.34973483771885217,0.024583074225754873,,0.5714285714285714,0.0
112,112,refinement,0.8,5,0.46037089030334294,0.027434220777437283,,0.7317073170731707,0.2857142857142857
112,112,refinement,0.8,6,0.38159574395427254,0.018764898249385514,,0.6666666666666666,0.0
112,112,refinement,0.8,7,0.3651739499586554,0.05579995305510854,,0.6399999999999999,0.0
113,113,accumulation,N/A,0,0.22361577949266354,0.0894680051817477,,0.05555555555555555,0.0
113,113,accumulation,N/A,1,0.3519152753884078,0.012009925558312672,,0.5416666666666666,0.0
113,113,accumulation,N/A,2,0.4632815042921275,0.018572418572418547,,0.8163265306122449,0.0
113,113,accumulation,N/A,3,0.3915789012795454,0.025818349469801726,,0.5217391304347826,0.0
113,113,accumulation,N/A,4,0.378672104516744,0.041233640836724816,,0.4,0.2
113,113,accumulation,N/A,5,0.3581648430059027,0.025744115468730303,,0.4583333333333333,0.0
113,113,accumulation,N/A,6,0.3300101161894431,0.053905196211353985,,0.2545454545454545,0.0
113,113,accumulation,N/A,7,0.35735112006334063,0.04719173469679251,,0.5769230769230769,0.0
113,113,refinement,0.5,0,0.22361577949266354,0.0894680051817477,,0.05555555555555555,0.0
113,113,refinement,0.5,1,0.23111905570325342,0.09090659542902933,,0.057142857142857134,0.0
113,113,refinement,0.5,2,0.2386475048190005,0.03899830894695222,,0.11764705882352941,0.0
113,113,refinement,0.5,3,0.22644697215250487,0.06432758476355184,,0.05555555555555555,0.0
113,113,refinement,0.5,4,0.2379583086990188,0.06575660108268792,,0.0625,0.0
113,113,refinement,0.5,5,0.2404885064306776,0.02197859146088023,,0.18749999999999997,0.0
113,113,refinement,0.5,6,0.23917417337254432,0.025087758057785372,,0.10526315789473684,0.0
113,113,refinement,0.5,7,0.22622784714846209,0.06432758476355188,,0.057142857142857134,0.0
113,113,refinement,0.8,0,0.22361577949266354,0.0894680051817477,,0.05555555555555555,0.0
113,113,refinement,0.8,1,0.2673265731694658,0.06276028085768919,,0.0625,0.0
113,113,refinement,0.8,2,0.2772370613423617,0.06358568513264642,,0.057142857142857134,0.16666666666666666
113,113,refinement,0.8,3,0.26865336283787467,0.07475937475937484,,0.058823529411764705,0.0
113,113,refinement,0.8,4,0.29808371139310874,0.06684648949842321,,0.058823529411764705,0.2
113,113,refinement,0.8,5,0.29196363301851946,0.06759337764924354,,0.06666666666666667,0.0
113,113,refinement,0.8,6,0.26844032771042065,0.06852411658103524,,0.058823529411764705,0.0
113,113,refinement,0.8,7,0.2996485145472712,0.07010729386419991,,0.06666666666666667,0.2
114,114,accumulation,N/A,0,0.404360582525367,0.0020611206466964404,,0.5154639175257733,0.0
114,114,accumulation,N/A,1,0.3717074065238586,0.04635755713009446,,0.42718446601941745,0.0
114,114,accumulation,N/A,2,0.2900862692590992,0.011757188568154275,,0.27058823529411763,0.0
114,114,accumulation,N/A,3,0.37997229486084994,0.05389067967442495,,0.5094339622641509,0.14285714285714285
114,114,accumulation,N/A,4,0.35282888778692745,0.008728239294512379,,0.38655462184873945,0.125
114,114,accumulation,N/A,5,0.3540249258791143,0.03470455722695116,,0.39999999999999997,0.14285714285714285
114,114,accumulation,N/A,6,0.3390855513615957,0.006563137864634749,,0.3829787234042553,0.0
114,114,accumulation,N/A,7,0.25037065575443207,0.0006786188111255908,,0.26829268292682923,0.0
114,114,refinement,0.5,0,0.404360582525367,0.0020611206466964404,,0.5154639175257733,0.0
114,114,refinement,0.5,1,0.38112132591913606,0.0014197546423177778,,0.5057471264367817,0.0
114,114,refinement,0.5,2,0.38930409135306526,0.002581281043784421,,0.5581395348837208,0.0
114,114,refinement,0.5,3,0.383887684708156,0.011450615735813454,,0.5277777777777777,0.0
114,114,refinement,0.5,4,0.4031882628601561,0.012561707032197314,,0.5185185185185185,0.0
114,114,refinement,0.5,5,0.42659612554110427,0.014157184968068687,,0.5479452054794521,0.16666666666666666
114,114,refinement,0.5,6,0.3999506236652598,0.012708623064808819,,0.5526315789473685,0.14285714285714285
114,114,refinement,0.5,7,0.42619759071474633,0.013578209926824035,,0.5428571428571429,0.16666666666666666
114,114,refinement,0.8,0,0.404360582525367,0.0020611206466964404,,0.5154639175257733,0.0
114,114,refinement,0.8,1,0.4007127133537206,0.014123081990735174,,0.48837209302325585,0.0
114,114,refinement,0.8,2,0.4445667640576463,0.005456231452919886,,0.6060606060606061,0.16666666666666666
114,114,refinement,0.8,3,0.4178292650222833,0.001445960031748257,,0.48717948717948717,0.16666666666666666
114,114,refinement,0.8,4,0.39687305048575594,0.0019253150961297113,,0.4675324675324675,0.14285714285714285
114,114,refinement,0.8,5,0.4075527719639847,0.02399672877083028,,0.5194805194805194,0.0
114,114,refinement,0.8,6,0.419467120460596,0.02490193602141359,,0.48,0.2857142857142857
114,114,refinement,0.8,7,0.4065570517741411,0.03465639476861008,,0.5538461538461539,0.14285714285714285
115,115,accumulation,N/A,0,0.22085840608303722,0.00030725804875537916,,0.06451612903225806,0.25
115,115,accumulation,N/A,1,0.14919241128893856,0.00039350346180173034,,0.09523809523809522,0.0
115,115,accumulation,N/A,2,0.36498444960038046,0.07201136503750079,,0.2857142857142857,0.3333333333333333
115,115,accumulation,N/A,3,0.31495534717257345,0.0,,0.05555555555555555,0.25
115,115,accumulation,N/A,4,0.36223512618209014,0.37786826951291796,,0.21052631578947367,0.2
115,115,accumulation,N/A,5,0.3483243880774939,6.439325951361834e-05,,0.26666666666666666,0.0
115,115,accumulation,N/A,6,0.22892905356432108,0.1635554368860583,,0.06779661016949153,0.0
115,115,accumulation,N/A,7,0.2920318930072659,0.2646259082124783,,0.13333333333333333,0.25
115,115,refinement,0.5,0,0.22085840608303722,0.00030725804875537916,,0.06451612903225806,0.25
115,115,refinement,0.5,1,0.19085362659198846,0.0,,0.0625,0.2
115,115,refinement,0.5,2,0.27326205077085114,0.0,,0.08,0.3333333333333333
115,115,refinement,0.5,3,0.15859152175965904,0.0,,0.05405405405405405,0.0
115,115,refinement,0.5,4,0.18351114610428676,0.00035543733673832836,,0.06896551724137931,0.0
115,115,refinement,0.5,5,0.22388750298990537,0.0018498975213736587,,0.08333333333333333,0.25
115,115,refinement,0.5,6,0.222622365827088,0.0011599767244679076,,0.07692307692307691,0.25
115,115,refinement,0.5,7,0.1868686681702329,0.0006693352710741905,,0.046511627906976744,0.2
115,115,refinement,0.8,0,0.22085840608303722,0.00030725804875537916,,0.06451612903225806,0.25
115,115,refinement,0.8,1,0.26335151159507997,0.07550205857499864,,0.21052631578947367,0.0
115,115,refinement,0.8,2,0.1885809704738971,0.0822452771785262,,0.15384615384615383,0.0
115,115,refinement,0.8,3,0.2889739367504303,0.0815348500050804,,0.12121212121212122,0.25
115,115,refinement,0.8,4,0.28028512527186966,0.16072996921064134,,0.08333333333333333,0.5
115,115,refinement,0.8,5,0.1524909649441366,0.0,,0.08695652173913045,0.0
115,115,refinement,0.8,6,0.1911784530644533,0.057960125625715425,,0.16666666666666669,0.0
115,115,refinement,0.8,7,0.1518138483178143,0.08197823811108988,,0.09090909090909091,0.0
116,116,accumulation,N/A,0,0.40463638351956166,0.05971923845375354,,0.3428571428571429,0.0
116,116,accumulation,N/A,1,0.5287301083011073,0.1500157992688325,,0.5405405405405405,0.2857142857142857
116,116,accumulation,N/A,2,0.3695746996680107,0.02982632280821295,,0.28260869565217395,0.0
116,116,accumulation,N/A,3,0.38146847674107925,0.05980722421835421,,0.3492063492063492,0.0
116,116,accumulation,N/A,4,0.4517113333314446,0.09849085889913688,,0.52,0.0
116,116,accumulation,N/A,5,0.5564039452634292,0.18497994337150123,,0.5333333333333333,0.3333333333333333
116,116,accumulation,N/A,6,0.4188718564983519,0.07003669416064055,,0.3888888888888889,0.0
116,116,accumulation,N/A,7,0.35766741737938323,0.04499908365085595,,0.26666666666666666,0.0
116,116,refinement,0.5,0,0.40463638351956166,0.05971923845375354,,0.3428571428571429,0.0
116,116,refinement,0.5,1,0.41572511005781876,0.048487710316004004,,0.3055555555555555,0.16666666666666666
116,116,refinement,0.5,2,0.4266150015828094,0.04822972699909452,,0.3478260869565218,0.16666666666666666
116,116,refinement,0.5,3,0.4477266074412509,0.048607664272366825,,0.3529411764705882,0.3333333333333333
116,116,refinement,0.5,4,0.425088424171414,0.036828522846593555,,0.3823529411764706,0.16666666666666666
116,116,refinement,0.5,5,0.4262864775456657,0.05593322014090399,,0.3529411764705882,0.2857142857142857
116,116,refinement,0.5,6,0.4095444145121457,0.04686187339887359,,0.3823529411764706,0.14285714285714285
116,116,refinement,0.5,7,0.3870030996309104,0.03113845027719148,,0.4117647058823529,0.0
116,116,refinement,0.8,0,0.40463638351956166,0.05971923845375354,,0.3428571428571429,0.0
116,116,refinement,0.8,1,0.39585445588475165,0.03488507343607181,,0.4705882352941177,0.0
116,116,refinement,0.8,2,0.4555765605145341,0.05936701266173905,,0.47058823529411764,0.2857142857142857
116,116,refinement,0.8,3,0.4382910972001673,0.04368107670072183,,0.6,0.14285714285714285
116,116,refinement,0.8,4,0.42293209025335643,0.08243982122228401,,0.46153846153846156,0.14285714285714285
116,116,refinement,0.8,5,0.5082284704074025,0.1357609863980279,,0.4736842105263158,0.5
116,116,refinement,0.8,6,0.41606243958140976,0.07077580328811858,,0.3181818181818182,0.2857142857142857
116,116,refinement,0.8,7,0.36499194816252417,0.05153385029973055,,0.45714285714285713,0.0
117,117,accumulation,N/A,0,0.4505413239153745,0.054988834162443094,,0.46153846153846156,0.3333333333333333
117,117,accumulation,N/A,1,0.3897963230166639,0.11801229972099705,,0.4347826086956522,0.16666666666666666
117,117,accumulation,N/A,2,0.3699579505162927,0.059484201336764665,,0.3636363636363636,0.0
117,117,accumulation,N/A,3,0.37926141556842746,0.03329270073793285,,0.3870967741935484,0.16666666666666666
117,117,accumulation,N/A,4,0.4553750244561633,0.02561781661151741,,0.42253521126760574,0.16666666666666666
117,117,accumulation,N/A,5,0.4439865272541254,0.10896930840542046,,0.35294117647058826,0.3333333333333333
117,117,accumulation,N/A,6,0.38942760170322743,0.03368886575234385,,0.6382978723404256,0.0
117,117,accumulation,N/A,7,0.39368095185922797,0.0517231179289105,,0.5,0.3333333333333333
117,117,refinement,0.5,0,0.4505413239153745,0.054988834162443094,,0.46153846153846156,0.3333333333333333
117,117,refinement,0.5,1,0.4110807565274176,0.05410278394292567,,0.34615384615384615,0.16666666666666666
117,117,refinement,0.5,2,0.43611067943021214,0.054480458287062314,,0.36,0.3333333333333333
117,117,refinement,0.5,3,0.4037429674454476,0.06421741305424573,,0.3137254901960785,0.16666666666666666
117,117,refinement,0.5,4,0.38051372735691996,0.06357283656380469,,0.29629629629629634,0.14285714285714285
117,117,refinement,0.5,5,0.4405596624657517,0.06167285220222441,,0.3636363636363636,0.3333333333333333
117,117,refinement,0.5,6,0.3905057845134025,0.06623739008958493,,0.3404255319148936,0.0
117,117,refinement,0.5,7,0.3889994855872151,0.06636017484233003,,0.3137254901960785,0.0
117,117,refinement,0.8,0,0.4505413239153745,0.054988834162443094,,0.46153846153846156,0.3333333333333333
117,117,refinement,0.8,1,0.39832484738832713,0.047381618618177274,,0.40740740740740744,0.0
117,117,refinement,0.8,2,0.3750563401901361,0.036965680225454926,,0.3636363636363636,0.0
117,117,refinement,0.8,3,0.43140347285283986,0.03538666299482847,,0.430379746835443,0.16666666666666666
117,117,refinement,0.8,4,0.4245736408876875,0.04839954846140735,,0.4918032786885246,0.0
117,117,refinement,0.8,5,0.4161696750627727,0.05403330589524271,,0.4411764705882352,0.0
117,117,refinement,0.8,6,0.4077720334531806,0.05505616521727559,,0.47619047619047616,0.0
117,117,refinement,0.8,7,0.4520535897922317,0.06002750026957783,,0.43589743589743585,0.16666666666666666
118,118,accumulation,N/A,0,0.35740856823563044,0.02636958786810895,,0.7317073170731706,0.0
118,118,accumulation,N/A,1,0.4541060239770567,0.053002650011292014,,0.7678571428571429,0.14285714285714285
118,118,accumulation,N/A,2,0.37816086901166535,0.012010258421033723,,0.5611510791366907,0.125
118,118,accumulation,N/A,3,0.4668919726660416,0.017030007065750995,,0.7226890756302521,0.14285714285714285
118,118,accumulation,N/A,4,0.35029237738742547,0.01642035739291195,,0.5680473372781065,0.0
118,118,accumulation,N/A,5,0.40794876643520384,0.020763763241804168,,0.6266666666666667,0.0
118,118,accumulation,N/A,6,0.41578931556309123,0.015965752627497765,,0.5563909774436091,0.14285714285714285
118,118,accumulation,N/A,7,0.45640147398484127,0.021914383413531684,,0.7499999999999999,0.125
118,118,refinement,0.5,0,0.35740856823563044,0.02636958786810895,,0.7317073170731706,0.0
118,118,refinement,0.5,1,0.36392633566357335,0.03899439289771634,,0.5945945945945946,0.0
118,118,refinement,0.5,2,0.34831266341471956,0.034404247682748614,,0.5984251968503937,0.0
118,118,refinement,0.5,3,0.38166020088919844,0.028512588667956255,,0.6518518518518519,0.0
118,118,refinement,0.5,4,0.412467357785627,0.03775227849022968,,0.6551724137931035,0.14285714285714285
118,118,refinement,0.5,5,0.396191720440784,0.046877606611227196,,0.6554621848739496,0.0
118,118,refinement,0.5,6,0.4370290228905305,0.041694650924856705,,0.6379310344827587,0.2857142857142857
118,118,refinement,0.5,7,0.3803708979910974,0.03597435640853423,,0.7102803738317757,0.0
118,118,refinement,0.8,0,0.35740856823563044,0.02636958786810895,,0.7317073170731706,0.0
118,118,refinement,0.8,1,0.4003046428576918,0.028107167883044907,,0.6991869918699187,0.125
118,118,refinement,0.8,2,0.40235897465429055,0.025937508452542977,,0.7199999999999999,0.14285714285714285
118,118,refinement,0.8,3,0.4048272729819994,0.031636491506249385,,0.7164179104477612,0.0
118,118,refinement,0.8,4,0.4125265110308465,0.02635996207096613,,0.6496815286624205,0.14285714285714285
118,118,refinement,0.8,5,0.41167044638068806,0.02956479278327985,,0.6227544910179641,0.14285714285714285
118,118,refinement,0.8,6,0.39013430847266095,0.02829274342898453,,0.6474820143884893,0.0
118,118,refinement,0.8,7,0.40417006142909,0.016068109668265523,,0.7317073170731706,0.14285714285714285
119,119,accumulation,N/A,0,0.3179982313187565,0.08122399387395474,,0.1111111111111111,0.25
119,119,accumulation,N/A,1,0.3225498694165549,0.21101973209119496,,0.26666666666666666,0.0
119,119,accumulation,N/A,2,0.3528624357209128,0.04573849529205404,,0.3,0.25
119,119,accumulation,N/A,3,0.2483065677402,0.11005408617213285,,0.02255639097744361,0.0
119,119,accumulation,N/A,4,0.2851910079561469,0.039723164874477704,,0.03809523809523809,0.2
119,119,accumulation,N/A,5,0.3058525914384041,0.034972503733984084,,0.30769230769230765,0.0
119,119,accumulation,N/A,6,0.3319059535351473,0.0172801254688296,,0.27272727272727276,0.25
119,119,accumulation,N/A,7,0.34435704058416816,0.044584228955289025,,0.64,0.2
119,119,refinement,0.5,0,0.3179982313187565,0.08122399387395474,,0.1111111111111111,0.25
119,119,refinement,0.5,1,0.3537972721278104,0.08183406304105147,,0.1,0.25
119,119,refinement,0.5,2,0.31814223080678894,0.08394294519153409,,0.1111111111111111,0.25
119,119,refinement,0.5,3,0.3611066649380277,0.08369465497582797,,0.09523809523809522,0.4
119,119,refinement,0.5,4,0.3184251127763255,0.08369465497582797,,0.1111111111111111,0.25
119,119,refinement,0.5,5,0.3618709423088161,0.08690623555835524,,0.1,0.4
119,119,refinement,0.5,6,0.3927797663939184,0.08713786333823836,,0.10526315789473685,0.5
119,119,refinement,0.5,7,0.3028115144961179,0.08713786333823836,,0.10526315789473685,0.2
119,119,refinement,0.8,0,0.3179982313187565,0.08122399387395474,,0.1111111111111111,0.25
119,119,refinement,0.8,1,0.31670426738844704,0.05763558438755036,,0.1111111111111111,0.25
119,119,refinement,0.8,2,0.31309349493716565,0.06071442928457443,,0.1111111111111111,0.25
119,119,refinement,0.8,3,0.38788885915138044,0.05727309065366224,,0.10526315789473685,0.5
119,119,refinement,0.8,4,0.2992072734162527,0.05731750101669531,,0.10526315789473685,0.2
119,119,refinement,0.8,5,0.2690781264069407,0.10621884567479313,,0.2105263157894737,0.2
119,119,refinement,0.8,6,0.31469644346242365,0.05837794708587687,,0.1111111111111111,0.25
119,119,refinement,0.8,7,0.3162551473522898,0.04975294395001598,,0.1111111111111111,0.25
120,120,accumulation,N/A,0,0.3720188761629195,0.011184173383989273,,0.6021505376344086,0.0
120,120,accumulation,N/A,1,0.37266151513095175,0.0045173554775319764,,0.6216216216216216,0.0
120,120,accumulation,N/A,2,0.35064652552815695,0.017400289228345106,,0.6376811594202898,0.0
120,120,accumulation,N/A,3,0.3929945007943026,0.007657434742644166,,0.6024096385542168,0.16666666666666666
120,120,accumulation,N/A,4,0.3797732472346378,0.01319216705614688,,0.5154639175257731,0.0
120,120,accumulation,N/A,5,0.379185396780789,0.002087288037584811,,0.6097560975609757,0.0
120,120,accumulation,N/A,6,0.41612621043515213,0.01680204457637172,,0.684931506849315,0.0
120,120,accumulation,N/A,7,0.40017191512352335,0.032436731446762096,,0.5434782608695652,0.2
120,120,refinement,0.5,0,0.3720188761629195,0.011184173383989273,,0.6021505376344086,0.0
120,120,refinement,0.5,1,0.3697869388046635,0.008688868573646013,,0.5825242718446602,0.0
120,120,refinement,0.5,2,0.37617877139795775,9.187771673257817e-05,,0.608695652173913,0.0
120,120,refinement,0.5,3,0.34650429162080043,0.011362176249192956,,0.5294117647058824,0.0
120,120,refinement,0.5,4,0.4306956920324576,0.0002597312376863278,,0.553191489361702,0.4
120,120,refinement,0.5,5,0.370189331911927,8.245436117026247e-05,,0.5714285714285714,0.0
120,120,refinement,0.5,6,0.3664808836354417,0.00016078600428201246,,0.5544554455445544,0.0
120,120,refinement,0.5,7,0.40346306202502846,0.010973961864276197,,0.5833333333333334,0.2
120,120,refinement,0.8,0,0.3720188761629195,0.011184173383989273,,0.6021505376344086,0.0
120,120,refinement,0.8,1,0.35307476546070177,0.0007096761568309485,,0.6373626373626374,0.0
120,120,refinement,0.8,2,0.43860939801556437,0.013945216536140087,,0.5365853658536586,0.25
120,120,refinement,0.8,3,0.39085723136156786,0.013734867912072532,,0.5,0.2
120,120,refinement,0.8,4,0.4264019012534765,0.011551061404121833,,0.5000000000000001,0.25
120,120,refinement,0.8,5,0.3455935755244759,0.011558772057069743,,0.5510204081632653,0.0
120,120,refinement,0.8,6,0.3980680791334422,0.010879006579038817,,0.5555555555555556,0.2
120,120,refinement,0.8,7,0.35109534315621715,0.013304890255722734,,0.5185185185185185,0.0
121,121,accumulation,N/A,0,0.3572514039500023,0.004579979008551909,,0.5625,0.0
121,121,accumulation,N/A,1,0.3936500700146324,0.01611285230588103,,0.6598984771573604,0.0
121,121,accumulation,N/A,2,0.2891560734012929,0.004281701596824149,,0.4444444444444444,0.125
121,121,accumulation,N/A,3,0.3752954812523168,0.0159484075396454,,0.4666666666666667,0.14285714285714285
121,121,accumulation,N/A,4,0.33901040037758357,0.012824694781863454,,0.5125,0.0
121,121,accumulation,N/A,5,0.3884233640845873,0.012459963535756131,,0.36507936507936506,0.16666666666666666
121,121,accumulation,N/A,6,0.33425859803931385,0.003983033334748589,,0.5384615384615384,0.0
121,121,accumulation,N/A,7,0.412126440827114,0.004973442007788528,,0.6323529411764706,0.3333333333333333
121,121,refinement,0.5,0,0.3572514039500023,0.004579979008551909,,0.5625,0.0
121,121,refinement,0.5,1,0.3746167885145424,0.01180836805694587,,0.6363636363636364,0.0
121,121,refinement,0.5,2,0.3778819662498163,0.012187803973508623,,0.6229508196721312,0.0
121,121,refinement,0.5,3,0.38022871927305846,0.02639679462162897,,0.5981308411214953,0.0
121,121,refinement,0.5,4,0.38573771026016207,0.02970945766378508,,0.6464646464646464,0.0
121,121,refinement,0.5,5,0.37396129184258065,0.03021385411582932,,0.5622119815668204,0.0
121,121,refinement,0.5,6,0.37026065545034725,0.023207958280664902,,0.5412844036697247,0.0
121,121,refinement,0.5,7,0.3622814271927366,0.03354585806475645,,0.5123152709359605,0.0
121,121,refinement,0.8,0,0.3572514039500023,0.004579979008551909,,0.5625,0.0
121,121,refinement,0.8,1,0.3806567988668363,0.004467240471267605,,0.5895953757225434,0.0
121,121,refinement,0.8,2,0.34858881750342785,0.019153188606723045,,0.4942965779467681,0.0
121,121,refinement,0.8,3,0.352020716596151,0.009130559943218002,,0.4502164502164502,0.125
121,121,refinement,0.8,4,0.3446166715872074,0.020180505577021626,,0.4615384615384615,0.0
121,121,refinement,0.8,5,0.37589493523917705,0.012155213314615772,,0.4867256637168142,0.0
121,121,refinement,0.8,6,0.38871123891073756,0.021766109296690962,,0.5360824742268042,0.0
121,121,refinement,0.8,7,0.39630482058005084,0.015250040906983913,,0.48648648648648646,0.16666666666666666
122,122,accumulation,N/A,0,0.31175445394445134,0.006265924124935618,,0.5677419354838709,0.0
122,122,accumulation,N/A,1,0.31774268126926836,0.0073978624110578725,,0.4466019417475728,0.0
122,122,accumulation,N/A,2,0.2302611774124409,0.0,,0.4576271186440678,0.0
122,122,accumulation,N/A,3,0.32491660422471835,0.0005583734630385846,,0.5333333333333334,0.0
122,122,accumulation,N/A,4,0.28553617013054755,0.02401069694946131,,0.48214285714285715,0.0
122,122,accumulation,N/A,5,0.3276139849687601,0.003540916582659877,,0.45217391304347826,0.0
122,122,accumulation,N/A,6,0.36550543157551013,0.016221609626499427,,0.576,0.0
122,122,accumulation,N/A,7,0.32378916749664394,0.0022399995993232238,,0.4912280701754386,0.0
122,122,refinement,0.5,0,0.31175445394445134,0.006265924124935618,,0.5677419354838709,0.0
122,122,refinement,0.5,1,0.3311829586036287,0.004245024121297925,,0.5806451612903226,0.0
122,122,refinement,0.5,2,0.3314296702375941,0.004085987828348239,,0.6184210526315789,0.0
122,122,refinement,0.5,3,0.32674342789586225,0.004392722072541241,,0.5606060606060606,0.0
122,122,refinement,0.5,4,0.3325243238985062,0.0064254232053961476,,0.5954198473282443,0.0
122,122,refinement,0.5,5,0.3534632024090864,0.004002976985620995,,0.6153846153846154,0.14285714285714285
122,122,refinement,0.5,6,0.3339868733612911,0.005550071593422919,,0.6259541984732824,0.0
122,122,refinement,0.5,7,0.3495070163960865,0.004231127865127941,,0.6222222222222222,0.14285714285714285
122,122,refinement,0.8,0,0.31175445394445134,0.006265924124935618,,0.5677419354838709,0.0
122,122,refinement,0.8,1,0.32643019459972916,0.004420027376468514,,0.5428571428571428,0.14285714285714285
122,122,refinement,0.8,2,0.3366439690906105,0.0025968590279805085,,0.5625,0.14285714285714285
122,122,refinement,0.8,3,0.3312649673308584,0.002484323393757261,,0.5396825396825397,0.14285714285714285
122,122,refinement,0.8,4,0.29907866196242744,0.006935624006493815,,0.43902439024390244,0.125
122,122,refinement,0.8,5,0.31483893023695725,0.0019583960018733793,,0.5736434108527132,0.0
122,122,refinement,0.8,6,0.3431387029980523,0.0017990344682886526,,0.616822429906542,0.0
122,122,refinement,0.8,7,0.34682803347008884,0.00532223498890749,,0.5631067961165049,0.0
123,123,accumulation,N/A,0,0.32658753805100604,0.01818181818181818,,0.3846153846153846,0.16666666666666666
123,123,accumulation,N/A,1,0.2541371152178639,0.0,,0.0816326530612245,0.14285714285714285
123,123,accumulation,N/A,2,0.25068451182372525,0.0013175540520399959,,0.17647058823529413,0.0
123,123,accumulation,N/A,3,0.3341959314545442,0.000589077531425918,,0.3043478260869565,0.0
123,123,accumulation,N/A,4,0.2583418212157778,0.008676715014857101,,0.5517241379310344,0.0
123,123,accumulation,N/A,5,0.3319768680478967,0.014675133009503346,,0.3421052631578947,0.25
123,123,accumulation,N/A,6,0.1565854422565101,0.0,,0.06896551724137931,0.0
123,123,accumulation,N/A,7,0.24278812066225103,0.0027906251040342375,,0.3181818181818182,0.0
123,123,refinement,0.5,0,0.32658753805100604,0.01818181818181818,,0.3846153846153846,0.16666666666666666
123,123,refinement,0.5,1,0.3180747788412956,0.011356463938103028,,0.5185185185185186,0.0
123,123,refinement,0.5,2,0.2995514218450457,0.015240603440872556,,0.4,0.0
123,123,refinement,0.5,3,0.32324677250932193,0.014482818654653886,,0.5,0.0
123,123,refinement,0.5,4,0.2973923080073683,0.017379382385584664,,0.3846153846153846,0.0
123,123,refinement,0.5,5,0.3404170600489851,0.01741215147826678,,0.3703703703703704,0.0
123,123,refinement,0.5,6,0.32394269545758814,0.015339739112818288,,0.3225806451612903,0.0
123,123,refinement,0.5,7,0.3283565656464536,0.012506530673335079,,0.3846153846153846,0.0
123,123,refinement,0.8,0,0.32658753805100604,0.01818181818181818,,0.3846153846153846,0.16666666666666666
123,123,refinement,0.8,1,0.2964403266063844,0.030262021263047775,,0.24,0.16666666666666666
123,123,refinement,0.8,2,0.29903543788492404,0.01206606862102525,,0.25,0.16666666666666666
123,123,refinement,0.8,3,0.34848584162358553,0.01331003950722425,,0.3809523809523809,0.2
123,123,refinement,0.8,4,0.32635908862842633,0.025106269899559552,,0.27272727272727276,0.2
123,123,refinement,0.8,5,0.35451250112865806,0.023851473751064514,,0.27272727272727276,0.2
123,123,refinement,0.8,6,0.31404628123170103,0.01313968774083263,,0.35294117647058826,0.0
123,123,refinement,0.8,7,0.30498610488223854,0.017435459030030756,,0.3125,0.0
124,124,accumulation,N/A,0,0.3366235467386377,0.028923876459059295,,0.2962962962962963,0.0
124,124,accumulation,N/A,1,0.3825152790893784,0.019352843242166698,,0.4,0.0
124,124,accumulation,N/A,2,0.38504217242530764,0.11562607989802305,,0.2222222222222222,0.2
124,124,accumulation,N/A,3,0.2940706278235078,0.02094873727678041,,0.23809523809523805,0.2
124,124,accumulation,N/A,4,0.4046880934034555,0.17994243182473246,,0.20512820512820512,0.2
124,124,accumulation,N/A,5,0.3128136844156829,0.08343358718780365,,0.28169014084507044,0.0
124,124,accumulation,N/A,6,0.32413756782606573,0.08154492345010203,,0.3050847457627119,0.0
124,124,accumulation,N/A,7,0.40819595770672934,0.08875322517020168,,0.3582089552238806,0.2
124,124,refinement,0.5,0,0.3366235467386377,0.028923876459059295,,0.2962962962962963,0.0
124,124,refinement,0.5,1,0.3420812216465653,0.030912802196354207,,0.3137254901960784,0.0
124,124,refinement,0.5,2,0.3503717089226104,0.023158127241034214,,0.3571428571428571,0.0
124,124,refinement,0.5,3,0.34706824032774974,0.02487277415187853,,0.3846153846153846,0.0
124,124,refinement,0.5,4,0.34341574535090924,0.02336192572785517,,0.3571428571428571,0.0
124,124,refinement,0.5,5,0.34744189849053875,0.026008009764422954,,0.3673469387755102,0.0
124,124,refinement,0.5,6,0.3854038715480832,0.021236599288822534,,0.47058823529411764,0.0
124,124,refinement,0.5,7,0.327471781717897,0.026333965575671196,,0.3529411764705882,0.0
124,124,refinement,0.8,0,0.3366235467386377,0.028923876459059295,,0.2962962962962963,0.0
124,124,refinement,0.8,1,0.35194631938839616,0.03348649926792598,,0.28,0.0
124,124,refinement,0.8,2,0.35725092439030337,0.03982278911630459,,0.4307692307692308,0.0
124,124,refinement,0.8,3,0.3678401936614867,0.026170025164272456,,0.44155844155844154,0.0
124,124,refinement,0.8,4,0.36917247760117455,0.017386330914879476,,0.3157894736842105,0.0
124,124,refinement,0.8,5,0.32514782962932615,0.015889507787452798,,0.25165562913907286,0.0
124,124,refinement,0.8,6,0.3464838654034158,0.012835159102907067,,0.2065217391304348,0.0
124,124,refinement,0.8,7,0.3698307629436147,0.0740152316527276,,0.2127659574468085,0.16666666666666666
125,125,accumulation,N/A,0,0.3474382915247085,0.3207628751756971,,0.23529411764705882,0.0
125,125,accumulation,N/A,1,0.35973037123392315,0.5378241179663581,,0.1,0.0
125,125,accumulation,N/A,2,0.5306651751165542,0.4929694971942422,,0.6666666666666666,0.3333333333333333
125,125,accumulation,N/A,3,0.31153168348675986,0.12110231147566304,,0.05479452054794521,0.0
125,125,accumulation,N/A,4,0.46855219203900483,0.5838911441685725,,0.5,0.0
125,125,accumulation,N/A,5,0.28070051613350755,0.0,,0.15384615384615385,0.0
125,125,accumulation,N/A,6,0.3766911510828812,0.17273092409465557,,0.1,0.25
125,125,accumulation,N/A,7,0.36135074714329585,0.1398978817451459,,0.125,0.0
125,125,refinement,0.5,0,0.3474382915247085,0.3207628751756971,,0.23529411764705882,0.0
125,125,refinement,0.5,1,0.35931994371753667,0.32209172143297443,,0.3636363636363636,0.0
125,125,refinement,0.5,2,0.355202026772703,0.32453476237010764,,0.33333333333333337,0.0
125,125,refinement,0.5,3,0.3369635219076884,0.32510785225965055,,0.21052631578947367,0.0
125,125,refinement,0.5,4,0.3701017109167116,0.32560731907932594,,0.2666666666666667,0.0
125,125,refinement,0.5,5,0.3728452614133707,0.32599873802636914,,0.2857142857142857,0.0
125,125,refinement,0.5,6,0.4236620624255141,0.3065463178117921,,0.33333333333333337,0.0
125,125,refinement,0.5,7,0.41625153938181014,0.30639963167587464,,0.25,0.0
125,125,refinement,0.8,0,0.3474382915247085,0.3207628751756971,,0.23529411764705882,0.0
125,125,refinement,0.8,1,0.4621415002387316,0.30752956720352714,,0.5,0.0
125,125,refinement,0.8,2,0.4500932355674703,0.3891570545671258,,0.4,0.0
125,125,refinement,0.8,3,0.45864134748303576,0.3590868181786411,,0.5,0.0
125,125,refinement,0.8,4,0.5426965201788533,0.2832913842690027,,0.5714285714285715,0.5
125,125,refinement,0.8,5,0.4372675098752913,0.2115963102359683,,0.4444444444444445,0.0
125,125,refinement,0.8,6,0.46803899580766717,0.28818305347482087,,0.5714285714285715,0.3333333333333333
125,125,refinement,0.8,7,0.578211837086299,0.28869320638393015,,0.8,0.5
126,126,accumulation,N/A,0,0.2975184166917411,0.0,,0.5079365079365079,0.0
126,126,accumulation,N/A,1,0.3963539734657234,0.0417196191592267,,0.47058823529411764,0.14285714285714285
126,126,accumulation,N/A,2,0.4241035873974208,0.03368676827921371,,0.4931506849315069,0.16666666666666666
126,126,accumulation,N/A,3,0.4593433544592642,0.002311786683417172,,0.5882352941176471,0.5
126,126,accumulation,N/A,4,0.3742108398723808,0.010374118465578815,,0.4186046511627908,0.0
126,126,accumulation,N/A,5,0.45912519022137827,0.020800683680782306,,0.5714285714285714,0.14285714285714285
126,126,accumulation,N/A,6,0.41058976247014156,0.008240293779688178,,0.6067415730337078,0.14285714285714285
126,126,accumulation,N/A,7,0.3422378096033587,0.006338716046303777,,0.3658536585365854,0.0
126,126,refinement,0.5,0,0.2975184166917411,0.0,,0.5079365079365079,0.0
126,126,refinement,0.5,1,0.3016029402545351,0.0,,0.5396825396825397,0.0
126,126,refinement,0.5,2,0.3016348304918186,0.0,,0.5625000000000001,0.0
126,126,refinement,0.5,3,0.2952156824074281,0.005779392828366981,,0.5205479452054794,0.0
126,126,refinement,0.5,4,0.2990359852337598,0.0,,0.6133333333333332,0.0
126,126,refinement,0.5,5,0.29421640602165483,0.0060672444230837255,,0.5454545454545454,0.0
126,126,refinement,0.5,6,0.2832890502999041,0.007010751598731159,,0.4666666666666666,0.0
126,126,refinement,0.5,7,0.29478724613092633,0.005949840327631528,,0.5714285714285715,0.0
126,126,refinement,0.8,0,0.2975184166917411,0.0,,0.5079365079365079,0.0
126,126,refinement,0.8,1,0.2797404846806868,0.0,,0.490566037735849,0.0
126,126,refinement,0.8,2,0.26152193860417683,0.0,,0.32,0.0
126,126,refinement,0.8,3,0.33699799877240316,0.0,,0.42857142857142855,0.16666666666666666
126,126,refinement,0.8,4,0.30480908276940155,0.011795938826277214,,0.326530612244898,0.0
126,126,refinement,0.8,5,0.3009701637802637,0.0,,0.34615384615384615,0.0
126,126,refinement,0.8,6,0.26907861754156676,0.0,,0.4,0.0
126,126,refinement,0.8,7,0.24733096314912995,0.0,,0.4166666666666667,0.0
127,127,accumulation,N/A,0,0.3432023537270701,0.019776203103546792,,0.5142857142857142,0.0
127,127,accumulation,N/A,1,0.2963550029235196,0.05500269785410758,,0.5999999999999999,0.0
127,127,accumulation,N/A,2,0.3022712129515549,0.10297490853484889,,0.3793103448275862,0.16666666666666666
127,127,accumulation,N/A,3,0.38451630990863883,0.047647996648937,,0.5977011494252874,0.0
127,127,accumulation,N/A,4,0.39106613708469995,0.04997409670551907,,0.5423728813559322,0.0
127,127,accumulation,N/A,5,0.3503636818281989,0.025170738702034914,,0.4807692307692307,0.0
127,127,accumulation,N/A,6,0.3001986917487531,0.02058154464818658,,0.45,0.0
127,127,accumulation,N/A,7,0.2677485704679632,0.06282771383678258,,0.3555555555555555,0.0
127,127,refinement,0.5,0,0.3432023537270701,0.019776203103546792,,0.5142857142857142,0.0
127,127,refinement,0.5,1,0.4021161745788012,0.024166406999851404,,0.6666666666666666,0.14285714285714285
127,127,refinement,0.5,2,0.38031170071398807,0.032675375873329006,,0.6571428571428571,0.16666666666666666
127,127,refinement,0.5,3,0.34699735953677563,0.02384638244366977,,0.6153846153846153,0.0
127,127,refinement,0.5,4,0.3540244885017462,0.02848503873369494,,0.6133333333333334,0.0
127,127,refinement,0.5,5,0.404112756846137,0.02557650021699722,,0.6027397260273972,0.16666666666666666
127,127,refinement,0.5,6,0.42425491963636897,0.032563908882673735,,0.5569620253164557,0.3333333333333333
127,127,refinement,0.5,7,0.3515609228982911,0.031919651893557374,,0.56,0.0
127,127,refinement,0.8,0,0.3432023537270701,0.019776203103546792,,0.5142857142857142,0.0
127,127,refinement,0.8,1,0.3552260026412875,0.01423426774853573,,0.5208333333333333,0.14285714285714285
127,127,refinement,0.8,2,0.35847647451067566,0.015398684500140297,,0.45098039215686286,0.14285714285714285
127,127,refinement,0.8,3,0.31978142892419015,0.016090742000632173,,0.5897435897435898,0.0
127,127,refinement,0.8,4,0.35980884843086136,0.016164716319292574,,0.5434782608695653,0.16666666666666666
127,127,refinement,0.8,5,0.35876897477647984,0.030924811822312933,,0.5116279069767442,0.16666666666666666
127,127,refinement,0.8,6,0.2971748132013425,0.0329658935468665,,0.4600000000000001,0.0
127,127,refinement,0.8,7,0.3528533986573913,0.025528196291461924,,0.5128205128205129,0.16666666666666666
128,128,accumulation,N/A,0,0.29963221516333305,0.015543589096812766,,0.49382716049382713,0.0
128,128,accumulation,N/A,1,0.3221866042516447,0.017078935946471953,,0.547945205479452,0.0
128,128,accumulation,N/A,2,0.3510791995085405,0.003760777902969072,,0.6842105263157895,0.0
128,128,accumulation,N/A,3,0.3027397370130449,0.005336136087596975,,0.6190476190476191,0.0
128,128,accumulation,N/A,4,0.3497418961128942,0.02234475937386236,,0.625,0.0
128,128,accumulation,N/A,5,0.34657306046944836,0.027724272171839908,,0.6753246753246753,0.0
128,128,accumulation,N/A,6,0.35519215313267233,0.03626905884428779,,0.46464646464646464,0.0
128,128,accumulation,N/A,7,0.32820211265771476,0.0,,0.3764705882352941,0.2
128,128,refinement,0.5,0,0.29963221516333305,0.015543589096812766,,0.49382716049382713,0.0
128,128,refinement,0.5,1,0.3079584816646811,0.001031867990008093,,0.4337349397590361,0.0
128,128,refinement,0.5,2,0.3762249862936618,0.02168424060265306,,0.4666666666666667,0.0
128,128,refinement,0.5,3,0.40555854766725874,0.0014544232702363956,,0.45454545454545453,0.25
128,128,refinement,0.5,4,0.40410330981035925,0.0018180290877954945,,0.3870967741935484,0.25
128,128,refinement,0.5,5,0.40713745353987246,0.017926456530966667,,0.4857142857142857,0.25
128,128,refinement,0.5,6,0.4122647783929148,0.023712321187238837,,0.46428571428571425,0.25
128,128,refinement,0.5,7,0.4111987315408823,0.023577698255071253,,0.45614035087719296,0.25
128,128,refinement,0.8,0,0.29963221516333305,0.015543589096812766,,0.49382716049382713,0.0
128,128,refinement,0.8,1,0.36494195533678014,0.005885681092345303,,0.4507042253521127,0.0
128,128,refinement,0.8,2,0.3776516031156105,0.001452093543637367,,0.4210526315789474,0.0
128,128,refinement,0.8,3,0.3382738335565586,0.023222669482064584,,0.4333333333333333,0.0
128,128,refinement,0.8,4,0.3487366061452241,0.015753366445362325,,0.5,0.16666666666666666
128,128,refinement,0.8,5,0.36804679868664825,0.003047397317961773,,0.393939393939394,0.2
128,128,refinement,0.8,6,0.4199182960178099,0.00238247935006602,,0.4705882352941177,0.25
128,128,refinement,0.8,7,0.44300057570559076,0.013528647224747899,,0.6181818181818182,0.25
129,129,accumulation,N/A,0,0.17866950089693878,0.0,,0.10909090909090909,0.0
129,129,accumulation,N/A,1,0.2629713174654333,0.05288604307673962,,0.3768115942028985,0.0
129,129,accumulation,N/A,2,0.23519293259604684,0.007850521140027778,,0.45238095238095244,0.0
129,129,accumulation,N/A,3,0.24593918179622526,0.007493752836891942,,0.25806451612903225,0.0
129,129,accumulation,N/A,4,0.3054624185902205,0.0008431137013899593,,0.5121951219512195,0.0
129,129,accumulation,N/A,5,0.2620544631074579,0.03518505877288163,,0.3582089552238805,0.0
129,129,accumulation,N/A,6,0.26220737784013887,0.0013878921022611825,,0.45070422535211263,0.0
129,129,accumulation,N/A,7,0.23037090632941248,0.0,,0.3939393939393939,0.0
129,129,refinement,0.5,0,0.17866950089693878,0.0,,0.10909090909090909,0.0
129,129,refinement,0.5,1,0.2391985801148357,0.001969529853106745,,0.26666666666666666,0.125
129,129,refinement,0.5,2,0.20546883881799813,0.012981422889744498,,0.17543859649122806,0.0
129,129,refinement,0.5,3,0.2010224270587278,0.0,,0.14285714285714285,0.0
129,129,refinement,0.5,4,0.20027437504801496,0.0,,0.14285714285714285,0.0
129,129,refinement,0.5,5,0.17835367807971428,0.0,,0.10909090909090909,0.0
129,129,refinement,0.5,6,0.20308316118015177,0.007926449869182462,,0.14285714285714285,0.0
129,129,refinement,0.5,7,0.17888165537969852,0.0,,0.10909090909090909,0.0
129,129,refinement,0.8,0,0.17866950089693878,0.0,,0.10909090909090909,0.0
129,129,refinement,0.8,1,0.205934406577331,0.012606769053953446,,0.23728813559322037,0.0
129,129,refinement,0.8,2,0.20497190949985095,0.0,,0.2068965517241379,0.0
129,129,refinement,0.8,3,0.18221285668140694,0.0,,0.20338983050847456,0.0
129,129,refinement,0.8,4,0.23546666938200672,0.0,,0.2950819672131148,0.0
129,129,refinement,0.8,5,0.21270255914327088,0.00626118747657515,,0.24137931034482762,0.0
129,129,refinement,0.8,6,0.2224877519237652,0.007391037893854105,,0.2711864406779661,0.0
129,129,refinement,0.8,7,0.21675078671518555,0.00651141396912503,,0.3,0.0
130,130,accumulation,N/A,0,0.3309800463734207,0.07497608805703797,,0.7499999999999999,0.0
130,130,accumulation,N/A,1,0.43052115475672326,0.3299888636926073,,0.6666666666666666,0.0
130,130,accumulation,N/A,2,0.40324319037387635,0.5246161612446741,,0.4615384615384615,0.0
130,130,accumulation,N/A,3,0.3987225306336304,0.23316218532750685,,0.4,0.3333333333333333
130,130,accumulation,N/A,4,0.5800937150665882,0.025020374250247418,,1.0,1.0
130,130,accumulation,N/A,5,0.33838587843435686,0.14759658411426596,,0.35294117647058826,0.5
130,130,accumulation,N/A,6,0.4673736457755831,0.1932716929674814,,0.8,0.0
130,130,accumulation,N/A,7,0.302792579781442,0.2987828933671985,,0.2222222222222222,0.0
130,130,refinement,0.5,0,0.3309800463734207,0.07497608805703797,,0.7499999999999999,0.0
130,130,refinement,0.5,1,0.2853439684120331,0.08958428861265731,,0.5454545454545454,0.0
130,130,refinement,0.5,2,0.29894068137476615,0.08561516687999866,,0.6,0.0
130,130,refinement,0.5,3,0.429877258098346,0.13433841440681568,,0.8571428571428571,0.0
130,130,refinement,0.5,4,0.43082405867183543,0.10338699164422603,,0.8571428571428571,0.0
130,130,refinement,0.5,5,0.4294309895733946,0.13375241874661578,,0.8571428571428571,0.0
130,130,refinement,0.5,6,0.33871468281177497,0.13643676325281104,,0.7499999999999999,0.0
130,130,refinement,0.5,7,0.4285686289573435,0.12559444300728104,,0.8571428571428571,0.0
130,130,refinement,0.8,0,0.3309800463734207,0.07497608805703797,,0.7499999999999999,0.0
130,130,refinement,0.8,1,0.34263119553378063,0.07422727932297,,0.7499999999999999,0.0
130,130,refinement,0.8,2,0.43329658761185463,0.037952302803756735,,0.8571428571428571,0.0
130,130,refinement,0.8,3,0.22186443312099602,0.0682601651973222,,0.2727272727272727,0.0
130,130,refinement,0.8,4,0.4340662917843459,0.1027901635104133,,0.8571428571428571,0.0
130,130,refinement,0.8,5,0.3388583660749276,0.13857017496861826,,0.7499999999999999,0.0
130,130,refinement,0.8,6,0.2905662558555987,0.13606722688342285,,0.42857142857142855,0.25
130,130,refinement,0.8,7,0.3243819751077765,0.12375085382471014,,0.6666666666666666,0.25
131,131,accumulation,N/A,0,0.2691430933179887,0.006891168200134326,,0.31746031746031744,0.0
131,131,accumulation,N/A,1,0.33142316321836374,0.0034392961727436598,,0.3076923076923077,0.0
131,131,accumulation,N/A,2,0.405412299774193,0.14902562414787573,,0.36065573770491804,0.0
131,131,accumulation,N/A,3,0.27040917841295947,0.013048292555408306,,0.21428571428571425,0.0
131,131,accumulation,N/A,4,0.3076432465791589,0.014092951829481485,,0.5,0.0
131,131,accumulation,N/A,5,0.20382246603844692,0.0004293421315204879,,0.09009009009009009,0.0
131,131,accumulation,N/A,6,0.27392195605913083,0.0019576803133282837,,0.36363636363636365,0.14285714285714285
131,131,accumulation,N/A,7,0.30603791810251585,0.13265031644494182,,0.3188405797101449,0.0
131,131,refinement,0.5,0,0.2691430933179887,0.006891168200134326,,0.31746031746031744,0.0
131,131,refinement,0.5,1,0.26144155692565507,0.001035508833341352,,0.34615384615384615,0.0
131,131,refinement,0.5,2,0.3011676289125489,0.0013226414940388498,,0.37499999999999994,0.16666666666666666
131,131,refinement,0.5,3,0.27840690413655717,0.00808437367544347,,0.33333333333333337,0.0
131,131,refinement,0.5,4,0.27964974123813124,0.007941002018756005,,0.36,0.0
131,131,refinement,0.5,5,0.2520101756744322,0.004159189165307304,,0.33333333333333337,0.0
131,131,refinement,0.5,6,0.2973772805077607,0.0034196351758888984,,0.29629629629629634,0.16666666666666666
131,131,refinement,0.5,7,0.3087696494576036,0.0035705401726459684,,0.35555555555555557,0.16666666666666666
131,131,refinement,0.8,0,0.2691430933179887,0.006891168200134326,,0.31746031746031744,0.0
131,131,refinement,0.8,1,0.2936265607721044,0.023421401650554237,,0.25641025641025644,0.16666666666666666
131,131,refinement,0.8,2,0.28290295752814554,0.008730602762038204,,0.25641025641025644,0.16666666666666666
131,131,refinement,0.8,3,0.2843058184864267,0.012827440521048587,,0.3283582089552239,0.0
131,131,refinement,0.8,4,0.30349320444153294,0.01917050085972081,,0.25,0.16666666666666666
131,131,refinement,0.8,5,0.3074890344416598,0.016999621517225373,,0.2898550724637682,0.16666666666666666
131,131,refinement,0.8,6,0.31561551413002936,0.0044841322069772704,,0.3508771929824562,0.14285714285714285
131,131,refinement,0.8,7,0.29852067199717397,0.0046084647912516714,,0.37499999999999994,0.0
132,132,accumulation,N/A,0,0.2721873180420686,0.1982817252846757,,0.05405405405405406,0.0
132,132,accumulation,N/A,1,0.8343503497959872,0.5830723842195555,,1.0,1.0
132,132,accumulation,N/A,2,0.6011698974670385,0.6627274859305177,,0.6666666666666666,0.0
132,132,accumulation,N/A,3,0.3998909500710779,0.46878503941798805,,0.2222222222222222,0.0
132,132,accumulation,N/A,4,0.45081427890045017,0.2837017271084582,,0.33333333333333337,0.0
132,132,accumulation,N/A,5,0.27235421213485683,0.28296004376499956,,0.125,0.0
132,132,accumulation,N/A,6,0.30530034123104544,0.5422306594028927,,0.012422360248447204,0.2
132,132,accumulation,N/A,7,0.3988945943063019,0.4898197340539871,,0.33333333333333337,0.0
132,132,refinement,0.5,0,0.2721873180420686,0.1982817252846757,,0.05405405405405406,0.0
132,132,refinement,0.5,1,0.2888626010558734,0.1996586817102637,,0.0625,0.0
132,132,refinement,0.5,2,0.28289377859118425,0.22031302809408337,,0.08695652173913045,0.0
132,132,refinement,0.5,3,0.2787740644963873,0.22184297967807004,,0.03773584905660378,0.0
132,132,refinement,0.5,4,0.2869242870818608,0.19965868171026369,,0.052631578947368425,0.0
132,132,refinement,0.5,5,0.2803790002676297,0.19965868171026369,,0.0689655172413793,0.0
132,132,refinement,0.5,6,0.2793680552284615,0.2024125945614397,,0.06060606060606061,0.0
132,132,refinement,0.5,7,0.2899601360768068,0.22490288284604343,,0.06666666666666667,0.0
132,132,refinement,0.8,0,0.2721873180420686,0.1982817252846757,,0.05405405405405406,0.0
132,132,refinement,0.8,1,0.29476793624113673,0.22551486347963753,,0.1,0.0
132,132,refinement,0.8,2,0.29140910819357524,0.2092973766893799,,0.19999999999999998,0.0
132,132,refinement,0.8,3,0.384845136789512,0.22582085379643546,,0.5,0.0
132,132,refinement,0.8,4,0.3572582804666161,0.12851593305488146,,0.4,0.0
132,132,refinement,0.8,5,0.28218290638306415,0.20868539605578404,,0.14285714285714288,0.0
132,132,refinement,0.8,6,0.3629120301373374,0.22214896999486794,,0.33333333333333337,0.0
132,132,refinement,0.8,7,0.34025602294148105,0.2204660232524826,,0.33333333333333337,0.0
133,133,accumulation,N/A,0,0.4427674049230048,0.18791329238699608,,0.29629629629629634,0.0
133,133,accumulation,N/A,1,0.5656529244984709,0.1705159954165165,,0.3636363636363636,0.6666666666666666
133,133,accumulation,N/A,2,0.4538865111342575,0.2731065544712248,,0.2285714285714286,0.25
133,133,accumulation,N/A,3,0.5581580923610368,0.18245743433867925,,0.3076923076923077,0.6666666666666666
133,133,accumulation,N/A,4,0.4690719985284049,0.2273854755319874,,0.27272727272727276,0.25
133,133,accumulation,N/A,5,0.3659121507844658,0.14974373240966102,,0.16666666666666666,0.0
133,133,accumulation,N/A,6,0.5002973960968129,0.28591888428175144,,0.5714285714285715,0.3333333333333333
133,133,accumulation,N/A,7,0.4392431569619384,0.30496360921878357,,0.22222222222222218,0.0
133,133,refinement,0.5,0,0.4427674049230048,0.18791329238699608,,0.29629629629629634,0.0
133,133,refinement,0.5,1,0.41913518424820795,0.24797070033002375,,0.24999999999999997,0.0
133,133,refinement,0.5,2,0.4067925649264501,0.23385522030309636,,0.19999999999999998,0.0
133,133,refinement,0.5,3,0.39226398072682356,0.1550191127128058,,0.19999999999999998,0.0
133,133,refinement,0.5,4,0.43213379430804255,0.15146641188731988,,0.1951219512195122,0.0
133,133,refinement,0.5,5,0.3845317072416786,0.1470409981994309,,0.16,0.0
133,133,refinement,0.5,6,0.3638331163938169,0.15044862717649507,,0.13793103448275862,0.0
133,133,refinement,0.5,7,0.39513266519574397,0.15111711976264053,,0.1904761904761905,0.0
133,133,refinement,0.8,0,0.4427674049230048,0.18791329238699608,,0.29629629629629634,0.0
133,133,refinement,0.8,1,0.43102253764640674,0.15155558199245026,,0.23529411764705882,0.0
133,133,refinement,0.8,2,0.3955043730418967,0.1499609831110486,,0.25,0.0
133,133,refinement,0.8,3,0.4431279168093129,0.16050695829589498,,0.34782608695652173,0.0
133,133,refinement,0.8,4,0.5027528867964494,0.14960848721267947,,0.33333333333333337,0.3333333333333333
133,133,refinement,0.8,5,0.4550722079191819,0.15462360231714742,,0.3636363636363636,0.0
133,133,refinement,0.8,6,0.46310134845410805,0.14844297113529537,,0.4,0.0
133,133,refinement,0.8,7,0.4312688594069516,0.15288622479536804,,0.4444444444444445,0.0
134,134,accumulation,N/A,0,0.38128094241964905,0.3137197824156523,,0.4,0.0
134,134,accumulation,N/A,1,0.499271740723689,0.6955842633867263,,0.28571428571428575,0.3333333333333333
134,134,accumulation,N/A,2,0.43655962848019403,0.09697905502874876,,0.6666666666666666,0.0
134,134,accumulation,N/A,3,0.37452895380004936,0.20678068972766786,,0.4,0.0
134,134,accumulation,N/A,4,0.5170193644492548,0.4081270373083941,,0.3333333333333333,0.5
134,134,accumulation,N/A,5,0.4612813846303123,0.4238445694821492,,0.4,0.5
134,134,accumulation,N/A,6,0.5377267261944452,0.3284800649521664,,0.4,0.0
134,134,accumulation,N/A,7,0.4289064451803574,0.3669712761228738,,0.5,0.0
134,134,refinement,0.5,0,0.38128094241964905,0.3137197824156523,,0.4,0.0
134,134,refinement,0.5,1,0.4225911726788907,0.3137197824156523,,0.5,0.0
134,134,refinement,0.5,2,0.42571172196402707,0.3422228662829505,,0.5,0.0
134,134,refinement,0.5,3,0.525745366874049,0.3422228662829505,,0.6666666666666666,0.0
134,134,refinement,0.5,4,0.42606465477462135,0.34407162662343305,,0.5,0.0
134,134,refinement,0.5,5,0.5254269330560286,0.33650376332284804,,0.6666666666666666,0.0
134,134,refinement,0.5,6,0.4109545966226464,0.3454200721054561,,0.4,0.0
134,134,refinement,0.5,7,0.5232231057559998,0.3172795850695192,,0.6666666666666666,0.0
134,134,refinement,0.8,0,0.38128094241964905,0.3137197824156523,,0.4,0.0
134,134,refinement,0.8,1,0.39027675641223314,0.35594993049517576,,0.4,0.0
134,134,refinement,0.8,2,0.41414339675145345,0.3571466676963378,,0.4,0.0
134,134,refinement,0.8,3,0.41516356705438695,0.34931891451635866,,0.4,0.0
134,134,refinement,0.8,4,0.5348587425334962,0.37377838607226055,,0.6666666666666666,0.0
134,134,refinement,0.8,5,0.5478983150080775,0.44805464901677844,,0.6666666666666666,0.0
134,134,refinement,0.8,6,0.5538806463426723,0.5046600484511984,,0.6666666666666666,0.0
134,134,refinement,0.8,7,0.5556788452861428,0.5356936420256376,,0.6666666666666666,0.0
135,135,accumulation,N/A,0,0.5905832053254172,0.1672736947792494,,0.5,1.0
135,135,accumulation,N/A,1,0.4646503279920521,0.49603325318327285,,0.6666666666666666,0.0
135,135,accumulation,N/A,2,0.3470813716607385,0.16370528575523186,,0.28571428571428575,0.0
135,135,accumulation,N/A,3,0.4751577890072901,0.09261295184380126,,0.6666666666666666,0.0
135,135,accumulation,N/A,4,0.3078840457205171,0.1844116396512374,,0.15384615384615385,0.0
135,135,accumulation,N/A,5,0.47195833155087963,0.25564254225546607,,0.8,0.5
135,135,accumulation,N/A,6,0.2758724309365891,0.23395034729231629,,0.2666666666666667,0.2
135,135,accumulation,N/A,7,0.2590436495196113,0.09410057116265673,,0.22222222222222224,0.0
135,135,refinement,0.5,0,0.5905832053254172,0.1672736947792494,,0.5,1.0
135,135,refinement,0.5,1,0.588056503665104,0.14703396478032832,,0.5,1.0
135,135,refinement,0.5,2,0.4238842275586199,0.1506409405437245,,0.4,0.5
135,135,refinement,0.5,3,0.588909311704316,0.1506409405437245,,0.5,1.0
135,135,refinement,0.5,4,0.5887064368454874,0.14703396478032832,,0.5,1.0
135,135,refinement,0.5,5,0.588709415308163,0.14703396478032832,,0.5,1.0
135,135,refinement,0.5,6,0.42418195674247744,0.1506409405437245,,0.4,0.5
135,135,refinement,0.5,7,0.5895544957965676,0.1506409405437245,,0.5,1.0
135,135,refinement,0.8,0,0.5905832053254172,0.1672736947792494,,0.5,1.0
135,135,refinement,0.8,1,0.5869169499509068,0.1511862657400071,,0.5,1.0
135,135,refinement,0.8,2,0.5878118368477077,0.15173555347135786,,0.5,1.0
135,135,refinement,0.8,3,0.42502160845965453,0.16510929173367067,,0.4,0.5
135,135,refinement,0.8,4,0.5900212826864527,0.17484096865746637,,0.5,1.0
135,135,refinement,0.8,5,0.5856365834718843,0.15856196735639577,,0.5,1.0
135,135,refinement,0.8,6,0.587925362676947,0.18291204185055565,,0.5,1.0
135,135,refinement,0.8,7,0.5862707431608949,0.16226982407785806,,0.5,1.0
136,136,accumulation,N/A,0,0.2649014259221302,0.007324000219944203,,0.4642857142857143,0.2
136,136,accumulation,N/A,1,0.33824079794142076,0.01990171352683016,,0.20338983050847456,0.0
136,136,accumulation,N/A,2,0.3302993854698206,0.006789323257015576,,0.5957446808510638,0.16666666666666666
136,136,accumulation,N/A,3,0.3340754345654826,0.0028529138197248434,,0.46153846153846156,0.25
136,136,accumulation,N/A,4,0.38704003717550217,0.05119184036324443,,0.4489795918367347,0.2
136,136,accumulation,N/A,5,0.2876096763522088,0.008562125762038946,,0.3421052631578947,0.0
136,136,accumulation,N/A,6,0.25006133790805796,0.011553514136294895,,0.4905660377358491,0.0
136,136,accumulation,N/A,7,0.3049432680405636,0.0,,0.5405405405405405,0.0
136,136,refinement,0.5,0,0.2649014259221302,0.007324000219944203,,0.4642857142857143,0.2
136,136,refinement,0.5,1,0.2573383796280805,0.006995999298510349,,0.4262295081967213,0.2
136,136,refinement,0.5,2,0.26569574172718563,0.0075027954232406956,,0.4727272727272728,0.2
136,136,refinement,0.5,3,0.25931415816143766,0.006786639353341297,,0.4285714285714285,0.2
136,136,refinement,0.5,4,0.267174086749835,0.01531625946959547,,0.47058823529411764,0.2
136,136,refinement,0.5,5,0.24086306797434825,0.007205454590185521,,0.4285714285714285,0.16666666666666666
136,136,refinement,0.5,6,0.22793937223103825,0.01592803629631243,,0.4137931034482758,0.0
136,136,refinement,0.5,7,0.24044839454503084,0.007890523574952124,,0.4727272727272728,0.16666666666666666
136,136,refinement,0.8,0,0.2649014259221302,0.007324000219944203,,0.4642857142857143,0.2
136,136,refinement,0.8,1,0.26306070350788807,0.015424582541760842,,0.46153846153846156,0.2
136,136,refinement,0.8,2,0.28641510037913476,0.007934548828432501,,0.5853658536585367,0.2
136,136,refinement,0.8,3,0.20438273303628807,0.013519091772271776,,0.46153846153846156,0.0
136,136,refinement,0.8,4,0.2018203877376093,0.011328435363991305,,0.3773584905660377,0.0
136,136,refinement,0.8,5,0.19940626354212385,0.003872107264782611,,0.35714285714285715,0.0
136,136,refinement,0.8,6,0.18728224385303388,0.021911149078165437,,0.3,0.0
136,136,refinement,0.8,7,0.2259211734739625,0.009808133656993226,,0.37499999999999994,0.0
137,137,accumulation,N/A,0,0.259704918223112,0.0,,0.14285714285714285,0.0
137,137,accumulation,N/A,1,0.2037561732373671,0.0,,0.0067264573991031385,0.0
137,137,accumulation,N/A,2,0.2807343179660665,0.060850724056486255,,0.22222222222222224,0.2
137,137,accumulation,N/A,3,0.21679818589448951,0.0018820206185710267,,0.07142857142857144,0.0
137,137,accumulation,N/A,4,0.29482545675596483,0.029300375279456333,,0.25,0.0
137,137,accumulation,N/A,5,0.2647052677926565,0.06703336275732039,,0.26666666666666666,0.0
137,137,accumulation,N/A,6,0.2469946139677603,0.0,,0.125,0.0
137,137,accumulation,N/A,7,0.1969267168496091,0.0,,0.14285714285714288,0.0
137,137,refinement,0.5,0,0.259704918223112,0.0,,0.14285714285714285,0.0
137,137,refinement,0.5,1,0.23363673563534515,0.0,,0.13333333333333333,0.0
137,137,refinement,0.5,2,0.2601087339653334,0.0,,0.14285714285714285,0.0
137,137,refinement,0.5,3,0.25875755226482905,0.0,,0.14285714285714285,0.0
137,137,refinement,0.5,4,0.23135481320869217,0.0,,0.13333333333333333,0.0
137,137,refinement,0.5,5,0.21637123166783023,0.0,,0.10526315789473685,0.0
137,137,refinement,0.5,6,0.26071620367034265,0.0,,0.23529411764705882,0.3333333333333333
137,137,refinement,0.5,7,0.2526579658824686,0.02821807673278445,,0.26666666666666666,0.0
137,137,refinement,0.8,0,0.259704918223112,0.0,,0.14285714285714285,0.0
137,137,refinement,0.8,1,0.28190455095568473,0.0,,0.5217391304347826,0.0
137,137,refinement,0.8,2,0.1792841487288097,0.0,,0.28571428571428575,0.0
137,137,refinement,0.8,3,0.3507721436165025,0.0,,0.5263157894736842,0.3333333333333333
137,137,refinement,0.8,4,0.24502578426381266,0.03677969418598732,,0.26666666666666666,0.0
137,137,refinement,0.8,5,0.22974750327554622,0.0,,0.13333333333333333,0.0
137,137,refinement,0.8,6,0.23740828076097598,0.0599226094037619,,0.13333333333333333,0.0
137,137,refinement,0.8,7,0.2368212185460492,0.05994548835008294,,0.13333333333333333,0.0
138,138,accumulation,N/A,0,0.37278996717454127,0.006881360626392889,,0.523489932885906,0.0
138,138,accumulation,N/A,1,0.3047266881400781,0.042835619483173853,,0.45454545454545453,0.0
138,138,accumulation,N/A,2,0.34657598778164267,0.002990410197268792,,0.4776119402985074,0.0
138,138,accumulation,N/A,3,0.358527258900898,0.0169288712591757,,0.45528455284552843,0.0
138,138,accumulation,N/A,4,0.36282033328199054,0.0018814452374610363,,0.5255474452554746,0.0
138,138,accumulation,N/A,5,0.38332769961455554,0.006374887573931588,,0.4492753623188405,0.0
138,138,accumulation,N/A,6,0.34221274644037897,0.02204091191214849,,0.5230769230769231,0.0
138,138,accumulation,N/A,7,0.3730902328955608,0.010345046131663592,,0.5038167938931298,0.0
138,138,refinement,0.5,0,0.37278996717454127,0.006881360626392889,,0.523489932885906,0.0
138,138,refinement,0.5,1,0.38574907035563455,0.010006496834064186,,0.5034965034965034,0.125
138,138,refinement,0.5,2,0.4005105897757625,0.014657545316746236,,0.452054794520548,0.25
138,138,refinement,0.5,3,0.40166606224445695,0.010481957343269033,,0.46043165467625896,0.25
138,138,refinement,0.5,4,0.38560880577553736,0.013137335248311875,,0.4885496183206106,0.125
138,138,refinement,0.5,5,0.3674929323240803,0.014821598042867411,,0.5070422535211268,0.0
138,138,refinement,0.5,6,0.3873155506938496,0.014785894386557712,,0.5151515151515151,0.125
138,138,refinement,0.5,7,0.3703293128671135,0.01459245420009535,,0.5196850393700787,0.0
138,138,refinement,0.8,0,0.37278996717454127,0.006881360626392889,,0.523489932885906,0.0
138,138,refinement,0.8,1,0.36960370832693373,0.013996052148499872,,0.5116279069767442,0.0
138,138,refinement,0.8,2,0.36543736885362826,0.019177223183784543,,0.47407407407407404,0.0
138,138,refinement,0.8,3,0.38201921384032983,0.012801277504737437,,0.43165467625899284,0.14285714285714285
138,138,refinement,0.8,4,0.36901956858184426,0.014944914424761467,,0.4999999999999999,0.0
138,138,refinement,0.8,5,0.38195938640920435,0.011477697414350346,,0.5985401459854014,0.0
138,138,refinement,0.8,6,0.3855713990736452,0.014230135408852321,,0.5277777777777778,0.14285714285714285
138,138,refinement,0.8,7,0.3688578360890406,0.014272939958945031,,0.5088757396449705,0.0
139,139,accumulation,N/A,0,0.38000592626150553,0.052156043216871534,,0.34838709677419355,0.2857142857142857
139,139,accumulation,N/A,1,0.39231316948361783,0.006595353991319452,,0.5538461538461538,0.125
139,139,accumulation,N/A,2,0.3918937334866305,0.003190468148263059,,0.42857142857142855,0.125
139,139,accumulation,N/A,3,0.34054337709870114,0.03353332684888934,,0.4901960784313726,0.0
139,139,accumulation,N/A,4,0.36274935629822147,0.003560408865170853,,0.5321100917431193,0.14285714285714285
139,139,accumulation,N/A,5,0.3986801021023408,0.015714557664681893,,0.46511627906976744,0.375
139,139,accumulation,N/A,6,0.28972107322199514,0.001159507890174634,,0.5894736842105263,0.0
139,139,accumulation,N/A,7,0.38414782137846276,0.019293285347713157,,0.532258064516129,0.0
139,139,refinement,0.5,0,0.38000592626150553,0.052156043216871534,,0.34838709677419355,0.2857142857142857
139,139,refinement,0.5,1,0.36718335113493117,0.046082379423663666,,0.3902439024390244,0.0
139,139,refinement,0.5,2,0.3354481969719537,0.04239702720535617,,0.43636363636363634,0.0
139,139,refinement,0.5,3,0.36026098379049987,0.044903530027533146,,0.48484848484848486,0.0
139,139,refinement,0.5,4,0.35006492791920424,0.04292892403852405,,0.41739130434782606,0.0
139,139,refinement,0.5,5,0.3755990478934614,0.04060868325649691,,0.49056603773584895,0.25
139,139,refinement,0.5,6,0.3386094939738861,0.05087108967133182,,0.4954128440366973,0.0
139,139,refinement,0.5,7,0.3539481373641968,0.0476928661148599,,0.4778761061946903,0.125
139,139,refinement,0.8,0,0.38000592626150553,0.052156043216871534,,0.34838709677419355,0.2857142857142857
139,139,refinement,0.8,1,0.39072287645935383,0.04671945926575952,,0.47328244274809167,0.25
139,139,refinement,0.8,2,0.3642583963410379,0.031489429835059514,,0.46774193548387094,0.125
139,139,refinement,0.8,3,0.39924232603642734,0.015581438928295057,,0.5606060606060606,0.14285714285714285
139,139,refinement,0.8,4,0.3275602040979147,0.026428821019388787,,0.4409448818897638,0.0
139,139,refinement,0.8,5,0.37323286174200365,0.023407885186582853,,0.5178571428571429,0.0
139,139,refinement,0.8,6,0.3221002186128168,0.022602539001605634,,0.41935483870967744,0.0
139,139,refinement,0.8,7,0.3523981706061023,0.03564269439631427,,0.5040650406504065,0.0
140,140,accumulation,N/A,0,0.3584159136453079,0.03276357055062999,,0.5405405405405406,0.14285714285714285
140,140,accumulation,N/A,1,0.3776438563680332,0.008663564133672478,,0.6233766233766234,0.0
140,140,accumulation,N/A,2,0.3778032352143085,0.024168465395393822,,0.6419753086419753,0.0
140,140,accumulation,N/A,3,0.34622445814265396,0.037891387477939145,,0.4941176470588235,0.0
140,140,accumulation,N/A,4,0.35715860387973564,0.021529157094126918,,0.5384615384615384,0.0
140,140,accumulation,N/A,5,0.3179376949889309,0.025918706607833405,,0.5249999999999999,0.14285714285714285
140,140,accumulation,N/A,6,0.32970232386319953,0.0034394111224975393,,0.6756756756756757,0.0
140,140,accumulation,N/A,7,0.317641440464027,0.023412109918147038,,0.6341463414634148,0.14285714285714285
140,140,refinement,0.5,0,0.3584159136453079,0.03276357055062999,,0.5405405405405406,0.14285714285714285
140,140,refinement,0.5,1,0.4081939467134726,0.02704189934820099,,0.6052631578947368,0.2857142857142857
140,140,refinement,0.5,2,0.3308319015814918,0.02578270723445345,,0.5263157894736842,0.0
140,140,refinement,0.5,3,0.34925836846476166,0.03014532181813651,,0.5066666666666667,0.14285714285714285
140,140,refinement,0.5,4,0.3535792006318698,0.027128433821846085,,0.5526315789473685,0.0
140,140,refinement,0.5,5,0.35958212990536176,0.027684102085266362,,0.55,0.125
140,140,refinement,0.5,6,0.3680386757791454,0.033341021292371056,,0.6000000000000001,0.125
140,140,refinement,0.5,7,0.3485859230548061,0.032986398288078575,,0.5753424657534246,0.0
140,140,refinement,0.8,0,0.3584159136453079,0.03276357055062999,,0.5405405405405406,0.14285714285714285
140,140,refinement,0.8,1,0.33410876589919924,0.034993119618808785,,0.47368421052631576,0.0
140,140,refinement,0.8,2,0.37699452481571916,0.02441399635427887,,0.5194805194805195,0.2857142857142857
140,140,refinement,0.8,3,0.38344676355846147,0.024081108186080558,,0.619718309859155,0.2857142857142857
140,140,refinement,0.8,4,0.3348492092400874,0.035100877123630685,,0.5573770491803278,0.0
140,140,refinement,0.8,5,0.3242662955956469,0.02630776504312531,,0.5,0.0
140,140,refinement,0.8,6,0.3337422179890597,0.0392160993452474,,0.5,0.125
140,140,refinement,0.8,7,0.3615052474167878,0.039056208416576976,,0.5454545454545454,0.14285714285714285
141,141,accumulation,N/A,0,0.6586625387939162,0.23531381510576482,,1.0,1.0
141,141,accumulation,N/A,1,0.8794958911691053,0.8406807462486277,,1.0,1.0
141,141,accumulation,N/A,2,0.6462286307315624,0.2453045544309576,,1.0,1.0
141,141,accumulation,N/A,3,0.5377207237858426,0.7007032254386303,,0.23529411764705882,0.3333333333333333
141,141,accumulation,N/A,4,0.5161886289616544,0.45077573116966085,,0.6666666666666666,0.0
141,141,accumulation,N/A,5,0.5624085908952767,0.4447850439666846,,0.8,0.0
141,141,accumulation,N/A,6,0.4062389017535674,0.15394612907115912,,0.8,0.0
141,141,accumulation,N/A,7,0.3395880717198251,0.29808872164547173,,0.3076923076923077,0.25
141,141,refinement,0.5,0,0.6586625387939162,0.23531381510576482,,1.0,1.0
141,141,refinement,0.5,1,0.47778526375053176,0.22687117367317478,,0.8,0.5
141,141,refinement,0.5,2,0.6576923822348679,0.22687117367317478,,1.0,1.0
141,141,refinement,0.5,3,0.6582150564054828,0.23428364109948024,,1.0,1.0
141,141,refinement,0.5,4,0.657734783859847,0.23475391891350206,,1.0,1.0
141,141,refinement,0.5,5,0.6562936749934202,0.22716497298944724,,1.0,1.0
141,141,refinement,0.5,6,0.657316234524529,0.22716497298944724,,1.0,1.0
141,141,refinement,0.5,7,0.65674141110058,0.22716497298944724,,1.0,1.0
141,141,refinement,0.8,0,0.6586625387939162,0.23531381510576482,,1.0,1.0
141,141,refinement,0.8,1,0.46307537807626103,0.1878752553640356,,0.8,0.5
141,141,refinement,0.8,2,0.6528885487314205,0.21866060006798488,,1.0,1.0
141,141,refinement,0.8,3,0.3059000042823551,0.0,,0.5,0.0
141,141,refinement,0.8,4,0.34961129054414913,0.024454083397826627,,0.4,0.5
141,141,refinement,0.8,5,0.3797509007087474,0.22832337047155424,,0.6666666666666666,0.0
141,141,refinement,0.8,6,0.34234636927944867,0.2158540307476374,,0.4,0.0
141,141,refinement,0.8,7,0.2971298683939797,0.21301040079691388,,0.2666666666666667,0.0
142,142,accumulation,N/A,0,0.32485883008737215,0.1064887342634709,,0.011235955056179775,0.3333333333333333
142,142,accumulation,N/A,1,0.6095467368778351,0.3878675003325796,,0.6666666666666666,0.5
142,142,accumulation,N/A,2,0.49207488528685095,0.0,,0.6666666666666666,0.5
142,142,accumulation,N/A,3,0.7731305059534594,0.18527683666982933,,1.0,1.0
142,142,accumulation,N/A,4,0.7768131907107034,0.3129632639019339,,1.0,1.0
142,142,accumulation,N/A,5,0.36252593444767867,0.15147396050110976,,0.4,0.0
142,142,accumulation,N/A,6,0.517399902417691,0.5123528159267541,,0.5,0.3333333333333333
142,142,accumulation,N/A,7,0.7779759526324374,0.47808030984046207,,1.0,1.0
142,142,refinement,0.5,0,0.32485883008737215,0.1064887342634709,,0.011235955056179775,0.3333333333333333
142,142,refinement,0.5,1,0.3291722502020351,0.09671762184465617,,0.04081632653061225,0.3333333333333333
142,142,refinement,0.5,2,0.32391199637071155,0.09363360293208646,,0.03571428571428572,0.3333333333333333
142,142,refinement,0.5,3,0.3288616441447958,0.09423570984303763,,0.03773584905660378,0.3333333333333333
142,142,refinement,0.5,4,0.3277873939387373,0.09804931619718185,,0.02985074626865672,0.3333333333333333
142,142,refinement,0.5,5,0.3240345662619124,0.10000648112291935,,0.018518518518518517,0.3333333333333333
142,142,refinement,0.5,6,0.3279375576681957,0.09982038378414088,,0.03636363636363636,0.3333333333333333
142,142,refinement,0.5,7,0.34166166857998137,0.10796527652696199,,0.0036832412523020255,0.3333333333333333
142,142,refinement,0.8,0,0.32485883008737215,0.1064887342634709,,0.011235955056179775,0.3333333333333333
142,142,refinement,0.8,1,0.30348285534995667,0.11436720916297252,,0.03333333333333333,0.25
142,142,refinement,0.8,2,0.3002049372921948,0.107300098805115,,0.008771929824561405,0.25
142,142,refinement,0.8,3,0.3352304169895971,0.13362146849098802,,0.011494252873563216,0.3333333333333333
142,142,refinement,0.8,4,0.33055132305163576,0.12202658176410196,,0.012738853503184714,0.3333333333333333
142,142,refinement,0.8,5,0.328010397280275,0.11258804796173069,,0.06060606060606061,0.3333333333333333
142,142,refinement,0.8,6,0.3344749361041763,0.1336755908343985,,0.022727272727272724,0.3333333333333333
142,142,refinement,0.8,7,0.6799826879863612,0.17336112240204424,,1.0,1.0
143,143,accumulation,N/A,0,0.2686912808228162,0.015064723773058796,,0.23529411764705882,0.0
143,143,accumulation,N/A,1,0.3617500770588527,0.06295355507609675,,0.509090909090909,0.0
143,143,accumulation,N/A,2,0.2867102769837502,0.03174136176487403,,0.24137931034482757,0.0
143,143,accumulation,N/A,3,0.3136649405512489,0.046427550781846995,,0.6363636363636364,0.0
143,143,accumulation,N/A,4,0.4671450979819468,0.02244831635255419,,0.3376623376623376,0.5
143,143,accumulation,N/A,5,0.46024470369557435,0.00013011009056660084,,0.32258064516129037,0.5
143,143,accumulation,N/A,6,0.3731221695597656,0.014998777161741235,,0.3132530120481928,0.0
143,143,accumulation,N/A,7,0.4727929219436551,0.014457386320932634,,0.3181818181818182,0.5
143,143,refinement,0.5,0,0.2686912808228162,0.015064723773058796,,0.23529411764705882,0.0
143,143,refinement,0.5,1,0.28711041210980776,0.011097871296939845,,0.3508771929824561,0.0
143,143,refinement,0.5,2,0.3676849089694819,0.012896793318186028,,0.2857142857142857,0.3333333333333333
143,143,refinement,0.5,3,0.3226156283984305,0.011441339084916787,,0.3448275862068965,0.0
143,143,refinement,0.5,4,0.3021210318486721,0.016527647169577466,,0.2641509433962264,0.0
143,143,refinement,0.5,5,0.3039683475035644,0.021447542939390104,,0.26666666666666666,0.0
143,143,refinement,0.5,6,0.3539160161296534,0.018560772093099094,,0.34146341463414637,0.3333333333333333
143,143,refinement,0.5,7,0.3131356575481769,0.018992235115332285,,0.35000000000000003,0.0
143,143,refinement,0.8,0,0.2686912808228162,0.015064723773058796,,0.23529411764705882,0.0
143,143,refinement,0.8,1,0.37244166492348835,0.014084569091770058,,0.33898305084745767,0.0
143,143,refinement,0.8,2,0.30979732346160865,0.014071448133786434,,0.29090909090909095,0.0
143,143,refinement,0.8,3,0.3759351355081082,0.014178154967065641,,0.375,0.0
143,143,refinement,0.8,4,0.42973030829622905,0.03468486317234458,,0.27027027027027023,0.5
143,143,refinement,0.8,5,0.4301137284114419,0.019195232820404386,,0.3043478260869565,0.5
143,143,refinement,0.8,6,0.4447420122126845,0.014649704662613582,,0.3829787234042554,0.5
143,143,refinement,0.8,7,0.3903410186208763,0.011018496654606053,,0.5,0.0
144,144,accumulation,N/A,0,0.3890612609868791,0.021557055847993185,,0.6666666666666666,0.0
144,144,accumulation,N/A,1,0.3711689723323491,0.0,,0.5,0.0
144,144,accumulation,N/A,2,0.46234840074350436,0.6306974915949575,,0.5,0.0
144,144,accumulation,N/A,3,0.4834495098341049,0.2584665697327154,,0.5,0.0
144,144,accumulation,N/A,4,0.32213218859068626,0.22967811378434963,,0.06666666666666667,0.0
144,144,accumulation,N/A,5,0.33754515326117446,0.3171653574984462,,0.07407407407407407,0.0
144,144,accumulation,N/A,6,0.34359182804706656,0.2205031162425665,,0.05,0.0
144,144,accumulation,N/A,7,0.334581182245703,0.08666356407531618,,0.1111111111111111,0.0
144,144,refinement,0.5,0,0.3890612609868791,0.021557055847993185,,0.6666666666666666,0.0
144,144,refinement,0.5,1,0.3881647415711273,0.022323748907741782,,0.6666666666666666,0.0
144,144,refinement,0.5,2,0.3900777841296825,0.021300307142749213,,0.6666666666666666,0.0
144,144,refinement,0.5,3,0.3660308523725968,0.022187960487343273,,0.5,0.0
144,144,refinement,0.5,4,0.27565052381473626,0.021300307142749213,,0.4,0.0
144,144,refinement,0.5,5,0.35368173736627345,0.03026933456709716,,0.4,0.0
144,144,refinement,0.5,6,0.26985019869613586,0.04122284736465969,,0.33333333333333337,0.0
144,144,refinement,0.5,7,0.2812436704209172,0.03927896980408857,,0.4,0.0
144,144,refinement,0.8,0,0.3890612609868791,0.021557055847993185,,0.6666666666666666,0.0
144,144,refinement,0.8,1,0.29393366921355696,0.053355250709847514,,0.5,0.0
144,144,refinement,0.8,2,0.4134048350411856,0.0,,0.5,0.3333333333333333
144,144,refinement,0.8,3,0.686827549759857,0.0,,1.0,1.0
144,144,refinement,0.8,4,0.684255825237924,0.0,,1.0,1.0
144,144,refinement,0.8,5,0.6838824098002911,0.0,,1.0,1.0
144,144,refinement,0.8,6,0.6844083843159148,0.0,,1.0,1.0
144,144,refinement,0.8,7,0.6849592014823624,0.0,,1.0,1.0
145,145,accumulation,N/A,0,0.364855780128054,0.0031677092762440744,,0.5287356321839081,0.0
145,145,accumulation,N/A,1,0.3550237727665143,0.010973320685560046,,0.5503355704697986,0.0
145,145,accumulation,N/A,2,0.365394920903336,0.001555649999988322,,0.6434782608695652,0.0
145,145,accumulation,N/A,3,0.35114625794707244,0.004289540191829907,,0.5507246376811594,0.0
145,145,accumulation,N/A,4,0.3449364155513447,0.006187143136645054,,0.485207100591716,0.0
145,145,accumulation,N/A,5,0.39513553461981377,0.0003786080140806706,,0.6666666666666666,0.14285714285714285
145,145,accumulation,N/A,6,0.29508692266023306,0.0,,0.3130434782608696,0.14285714285714285
145,145,accumulation,N/A,7,0.3546499310964983,0.010270917408135781,,0.5270270270270271,0.0
145,145,refinement,0.5,0,0.364855780128054,0.0031677092762440744,,0.5287356321839081,0.0
145,145,refinement,0.5,1,0.3593433926586992,0.006747248663785882,,0.48167539267015713,0.0
145,145,refinement,0.5,2,0.3643209139693866,0.0027805583220094523,,0.5317919075144509,0.0
145,145,refinement,0.5,3,0.38440495215005654,0.0019015564391119159,,0.5257142857142858,0.14285714285714285
145,145,refinement,0.5,4,0.3584820521250782,0.0023246222200521112,,0.4946236559139785,0.0
145,145,refinement,0.5,5,0.36210039250897275,0.002475617365335714,,0.5149700598802395,0.0
145,145,refinement,0.5,6,0.35604824927766926,0.004247537633002101,,0.4639175257731959,0.0
145,145,refinement,0.5,7,0.36031650858238995,0.0021357368563791044,,0.44897959183673475,0.0
145,145,refinement,0.8,0,0.364855780128054,0.0031677092762440744,,0.5287356321839081,0.0
145,145,refinement,0.8,1,0.3548263118656758,0.0002396603861493069,,0.43601895734597157,0.0
145,145,refinement,0.8,2,0.33371526779214,5.9963251656134986e-05,,0.4477611940298507,0.0
145,145,refinement,0.8,3,0.3550073674807095,0.0011843950984578855,,0.46464646464646464,0.0
145,145,refinement,0.8,4,0.3668589186247951,0.002198892214879352,,0.5419354838709678,0.0
145,145,refinement,0.8,5,0.32584122414249733,0.003288986074934569,,0.37333333333333335,0.0
145,145,refinement,0.8,6,0.3648245428551513,0.005492544067284254,,0.49450549450549447,0.0
145,145,refinement,0.8,7,0.35387480700503476,0.007270421065607067,,0.4117647058823529,0.0
146,146,accumulation,N/A,0,0.24800978402624485,0.13457943579880793,,0.3076923076923077,0.0
146,146,accumulation,N/A,1,0.2760178122380631,0.09925498678202398,,0.3157894736842105,0.0
146,146,accumulation,N/A,2,0.45345969739883124,0.03404413441660827,,0.625,0.5
146,146,accumulation,N/A,3,0.3489853537211176,0.025272785622593025,,0.1212121212121212,0.0
146,146,accumulation,N/A,4,0.2914627758890028,0.0,,0.33333333333333326,0.25
146,146,accumulation,N/A,5,0.35655583589202905,0.0,,0.33333333333333337,0.0
146,146,accumulation,N/A,6,0.2532414478149334,0.04301757726415287,,0.10526315789473685,0.0
146,146,accumulation,N/A,7,0.2828900661306023,0.3179524152847861,,0.16666666666666669,0.0
146,146,refinement,0.5,0,0.24800978402624485,0.13457943579880793,,0.3076923076923077,0.0
146,146,refinement,0.5,1,0.29703114239749223,0.040057078667119675,,0.20588235294117646,0.0
146,146,refinement,0.5,2,0.2522176005012581,0.05679559792796225,,0.10416666666666667,0.0
146,146,refinement,0.5,3,0.25402340047781496,0.056442455802947614,,0.09433962264150943,0.0
146,146,refinement,0.5,4,0.26079513551394357,0.05480970057938711,,0.0909090909090909,0.0
146,146,refinement,0.5,5,0.2786142316906153,0.044853448284722625,,0.11009174311926606,0.2
146,146,refinement,0.5,6,0.282274878410725,0.06425727539288396,,0.12,0.2
146,146,refinement,0.5,7,0.2919938903292639,0.07172096220367258,,0.11650485436893204,0.0
146,146,refinement,0.8,0,0.24800978402624485,0.13457943579880793,,0.3076923076923077,0.0
146,146,refinement,0.8,1,0.2781905550466447,0.054931678511283576,,0.11881188118811882,0.0
146,146,refinement,0.8,2,0.30570883259372106,0.06544348408671329,,0.039344262295081964,0.25
146,146,refinement,0.8,3,0.32881168447213294,0.037245753826798046,,0.19512195121951223,0.2
146,146,refinement,0.8,4,0.2578860977743328,0.04092531761403962,,0.09615384615384615,0.0
146,146,refinement,0.8,5,0.29967759073706124,0.030419607298352972,,0.0586080586080586,0.0
146,146,refinement,0.8,6,0.3009407217086988,0.03823931085198042,,0.19230769230769232,0.0
146,146,refinement,0.8,7,0.31073474235347354,0.03724418630928748,,0.03773584905660377,0.0
147,147,accumulation,N/A,0,0.4975613035905083,0.17801070672952699,,0.6666666666666666,0.0
147,147,accumulation,N/A,1,0.48322233814642357,0.5513290001756681,,0.5,0.0
147,147,accumulation,N/A,2,0.6564939197451414,0.41320873998634966,,0.5,1.0
147,147,accumulation,N/A,3,0.6942388970301865,0.27544901388676735,,1.0,1.0
147,147,accumulation,N/A,4,0.3940781187386084,0.17417951887543434,,0.6666666666666666,0.3333333333333333
147,147,accumulation,N/A,5,0.594376902250397,0.3887600476864297,,0.6666666666666666,0.0
147,147,accumulation,N/A,6,0.6664489761662326,0.382483793059616,,0.5,1.0
147,147,accumulation,N/A,7,0.5464157362472909,0.7488727198196347,,0.5,0.0
147,147,refinement,0.5,0,0.4975613035905083,0.17801070672952699,,0.6666666666666666,0.0
147,147,refinement,0.5,1,0.39644587960593203,0.17268295943683218,,0.5,0.0
147,147,refinement,0.5,2,0.4948408818984509,0.16018611154855028,,0.6666666666666666,0.0
147,147,refinement,0.5,3,0.4943727345505161,0.1604703673946646,,0.6666666666666666,0.0
147,147,refinement,0.5,4,0.394044217008809,0.1603577312074859,,0.5,0.0
147,147,refinement,0.5,5,0.49388238740996765,0.16218697434936785,,0.6666666666666666,0.0
147,147,refinement,0.5,6,0.3534063758635811,0.16339945041019568,,0.4,0.0
147,147,refinement,0.5,7,0.4930254066372286,0.16090751979391818,,0.6666666666666666,0.0
147,147,refinement,0.8,0,0.4975613035905083,0.17801070672952699,,0.6666666666666666,0.0
147,147,refinement,0.8,1,0.3734670977712171,0.185981830627802,,0.3333333333333333,0.0
147,147,refinement,0.8,2,0.3756684759093577,0.14754766126726748,,0.4,0.0
147,147,refinement,0.8,3,0.49390142813760707,0.17243300495210215,,0.6666666666666666,0.0
147,147,refinement,0.8,4,0.4964113875084367,0.18914325675344612,,0.6666666666666666,0.0
147,147,refinement,0.8,5,0.39494891618473893,0.18059210843951207,,0.5,0.0
147,147,refinement,0.8,6,0.3743280466123801,0.19757895401162964,,0.3333333333333333,0.0
147,147,refinement,0.8,7,0.6258075703870686,0.22071308026565992,,0.5,1.0
148,148,accumulation,N/A,0,0.3555201183891466,0.0,,0.35714285714285715,0.14285714285714285
148,148,accumulation,N/A,1,0.31865833061396803,0.011677323348368669,,0.5098039215686274,0.0
148,148,accumulation,N/A,2,0.35124691522729223,6.794791689447315e-05,,0.4912280701754386,0.0
148,148,accumulation,N/A,3,0.3207028243393694,0.023443171724473237,,0.3461538461538462,0.14285714285714285
148,148,accumulation,N/A,4,0.38364482802034056,0.007588404659764769,,0.419047619047619,0.14285714285714285
148,148,accumulation,N/A,5,0.294975852814292,0.014026204930023028,,0.21739130434782608,0.14285714285714285
148,148,accumulation,N/A,6,0.3731030024899638,0.014473345538046922,,0.4827586206896552,0.125
148,148,accumulation,N/A,7,0.27322987686653033,0.05423333343245459,,0.345679012345679,0.125
148,148,refinement,0.5,0,0.3555201183891466,0.0,,0.35714285714285715,0.14285714285714285
148,148,refinement,0.5,1,0.3684911065723092,0.0,,0.4528301886792453,0.14285714285714285
148,148,refinement,0.5,2,0.3319968003211577,0.0,,0.2962962962962963,0.14285714285714285
148,148,refinement,0.5,3,0.3235360740909082,0.0,,0.2127659574468085,0.14285714285714285
148,148,refinement,0.5,4,0.3661161612868459,0.0,,0.36065573770491804,0.14285714285714285
148,148,refinement,0.5,5,0.31886933583520116,0.0,,0.23529411764705882,0.0
148,148,refinement,0.5,6,0.2925951895529409,0.0,,0.2926829268292683,0.0
148,148,refinement,0.5,7,0.2808333112735336,0.0,,0.2380952380952381,0.0
148,148,refinement,0.8,0,0.3555201183891466,0.0,,0.35714285714285715,0.14285714285714285
148,148,refinement,0.8,1,0.2952992103988677,0.0,,0.26415094339622647,0.14285714285714285
148,148,refinement,0.8,2,0.32652250780194936,0.0,,0.37735849056603776,0.125
148,148,refinement,0.8,3,0.3585477218093917,0.0,,0.3829787234042554,0.14285714285714285
148,148,refinement,0.8,4,0.326884662634688,0.0,,0.36065573770491804,0.0
148,148,refinement,0.8,5,0.364354973887003,0.0,,0.3673469387755102,0.2857142857142857
148,148,refinement,0.8,6,0.33228135437890494,0.0,,0.35714285714285715,0.0
148,148,refinement,0.8,7,0.3330877108192655,0.0,,0.3404255319148936,0.14285714285714285
149,149,accumulation,N/A,0,0.24866340334846104,0.145824528499571,,0.12903225806451613,0.0
149,149,accumulation,N/A,1,0.2849255023637381,0.5476049796857186,,0.07142857142857142,0.0
149,149,accumulation,N/A,2,0.41347531536237103,0.054728804868767224,,0.07692307692307693,0.5
149,149,accumulation,N/A,3,0.4118320416617488,0.014500960684667418,,0.20689655172413793,0.3333333333333333
149,149,accumulation,N/A,4,0.23852412519817615,0.016922786706902934,,0.14814814814814814,0.0
149,149,accumulation,N/A,5,0.3099181253481544,0.0,,0.4571428571428572,0.0
149,149,accumulation,N/A,6,0.26049404951086796,0.014380038340788694,,0.13333333333333333,0.0
149,149,accumulation,N/A,7,0.2779187411100461,0.0,,0.14285714285714285,0.0
149,149,refinement,0.5,0,0.24866340334846104,0.145824528499571,,0.12903225806451613,0.0
149,149,refinement,0.5,1,0.2883009415340557,0.145824528499571,,0.14814814814814814,0.0
149,149,refinement,0.5,2,0.28850312793824556,0.1463591901296358,,0.14814814814814814,0.0
149,149,refinement,0.5,3,0.2888904159763044,0.14666139463408145,,0.14814814814814814,0.0
149,149,refinement,0.5,4,0.288578082269132,0.145824528499571,,0.14814814814814814,0.0
149,149,refinement,0.5,5,0.28643490715724707,0.12894889043631141,,0.14814814814814814,0.0
149,149,refinement,0.5,6,0.26246753702590764,0.14399798918355247,,0.14285714285714285,0.0
149,149,refinement,0.5,7,0.29023093169013603,0.1632099485407908,,0.14814814814814814,0.0
149,149,refinement,0.8,0,0.24866340334846104,0.145824528499571,,0.12903225806451613,0.0
149,149,refinement,0.8,1,0.2906015208544423,0.15966688749340646,,0.14814814814814814,0.0
149,149,refinement,0.8,2,0.2921221082453911,0.14465748978653278,,0.13793103448275862,0.0
149,149,refinement,0.8,3,0.2931841003486024,0.15026674613540605,,0.13793103448275862,0.0
149,149,refinement,0.8,4,0.2896965488713309,0.14780298547482973,,0.14814814814814814,0.0
149,149,refinement,0.8,5,0.3794472287872246,0.06172463120908473,,0.07142857142857142,0.0
149,149,refinement,0.8,6,0.29070212809445045,0.14881228242030045,,0.14814814814814814,0.0
149,149,refinement,0.8,7,0.29980661493619853,0.32253693830405533,,0.06896551724137931,0.0
150,150,accumulation,N/A,0,0.19831475372031196,0.03342343131122594,,0.25641025641025644,0.0
150,150,accumulation,N/A,1,0.29984449931328516,0.09783618110551855,,0.5454545454545454,0.25
150,150,accumulation,N/A,2,0.34662612932255865,0.041320206251495045,,0.625,0.0
150,150,accumulation,N/A,3,0.41209560179037047,0.11263047550315611,,0.39215686274509803,0.0
150,150,accumulation,N/A,4,0.500649836698171,0.1618042788354817,,0.45454545454545453,0.4
150,150,accumulation,N/A,5,0.39741690947612357,0.05220034433256234,,0.4651162790697675,0.0
150,150,accumulation,N/A,6,0.4562122396073664,0.009011179625802331,,0.6428571428571429,0.6666666666666666
150,150,accumulation,N/A,7,0.38451509716010857,0.016957009276143273,,0.5,0.25
150,150,refinement,0.5,0,0.19831475372031196,0.03342343131122594,,0.25641025641025644,0.0
150,150,refinement,0.5,1,0.2033901374681416,0.03394796720619439,,0.2702702702702703,0.0
150,150,refinement,0.5,2,0.20569398248433196,0.03264074746736658,,0.25,0.0
150,150,refinement,0.5,3,0.2300265602187761,0.03178229005465894,,0.32727272727272727,0.0
150,150,refinement,0.5,4,0.2185577440380741,0.03250162813833226,,0.391304347826087,0.0
150,150,refinement,0.5,5,0.21568370959122687,0.029241031374821463,,0.3571428571428571,0.0
150,150,refinement,0.5,6,0.23187154686160066,0.03917964784903685,,0.40909090909090906,0.0
150,150,refinement,0.5,7,0.24507366159903715,0.03569442925040089,,0.4347826086956522,0.0
150,150,refinement,0.8,0,0.19831475372031196,0.03342343131122594,,0.25641025641025644,0.0
150,150,refinement,0.8,1,0.21218281624023566,0.03837848212758982,,0.3673469387755102,0.0
150,150,refinement,0.8,2,0.22797415287470021,0.04983418325693111,,0.5806451612903225,0.0
150,150,refinement,0.8,3,0.20770956356500184,0.04969988577254604,,0.4390243902439024,0.0
150,150,refinement,0.8,4,0.22434167394743726,0.04303827903177928,,0.5142857142857143,0.0
150,150,refinement,0.8,5,0.20660938850992103,0.044113836361509486,,0.2903225806451613,0.0
150,150,refinement,0.8,6,0.18802414994183256,0.03941073053275347,,0.4210526315789473,0.0
150,150,refinement,0.8,7,0.22105826744121773,0.05210102856024069,,0.42424242424242425,0.0
151,151,accumulation,N/A,0,0.3973584442841437,0.3744385718591265,,0.5,0.0
151,151,accumulation,N/A,1,0.41681935254674685,0.0,,0.33333333333333337,0.0
151,151,accumulation,N/A,2,0.36131323127211745,0.3705761523612819,,0.4,0.0
151,151,accumulation,N/A,3,0.26251454635995286,0.21248536242693788,,0.33333333333333337,0.0
151,151,accumulation,N/A,4,0.2844788230607145,0.07438198343057581,,0.2222222222222222,0.0
151,151,accumulation,N/A,5,0.5821935466592657,0.0,,1.0,1.0
151,151,accumulation,N/A,6,0.4575601235985972,0.0,,0.6666666666666666,0.0
151,151,accumulation,N/A,7,0.3784747910250821,0.0,,0.6666666666666666,0.0
151,151,refinement,0.5,0,0.3973584442841437,0.3744385718591265,,0.5,0.0
151,151,refinement,0.5,1,0.39730312425810166,0.3744385718591265,,0.5,0.0
151,151,refinement,0.5,2,0.30722092963744607,0.3744385718591265,,0.4,0.0
151,151,refinement,0.5,3,0.3967817069534324,0.3744385718591265,,0.5,0.0
151,151,refinement,0.5,4,0.3966159001113694,0.37332017005609225,,0.5,0.0
151,151,refinement,0.5,5,0.39739188376124934,0.38273460199540077,,0.5,0.0
151,151,refinement,0.5,6,0.39650324039979007,0.3744385718591265,,0.5,0.0
151,151,refinement,0.5,7,0.3960634876036569,0.3744385718591265,,0.5,0.0
151,151,refinement,0.8,0,0.3973584442841437,0.3744385718591265,,0.5,0.0
151,151,refinement,0.8,1,0.42749338578617646,0.4286083504059729,,0.6666666666666666,0.0
151,151,refinement,0.8,2,0.4264346541419821,0.41883923728943284,,0.6666666666666666,0.0
151,151,refinement,0.8,3,0.30852326157467963,0.4105366299341272,,0.4,0.0
151,151,refinement,0.8,4,0.418576173438834,0.41646266249916253,,0.6666666666666666,0.0
151,151,refinement,0.8,5,0.41655480690677266,0.41646266249916253,,0.6666666666666666,0.0
151,151,refinement,0.8,6,0.3012214757424047,0.4120143556595067,,0.4,0.0
151,151,refinement,0.8,7,0.31480168358637206,0.40131970671952516,,0.5,0.0
152,152,accumulation,N/A,0,0.33420490274704984,0.11664656627757318,,0.15384615384615383,0.0
152,152,accumulation,N/A,1,0.5621233510924993,0.5801475185174273,,0.33333333333333337,0.5
152,152,accumulation,N/A,2,0.38896623337522596,0.03391988874890387,,0.33333333333333337,0.0
152,152,accumulation,N/A,3,0.5246568692036975,0.3812729208971182,,0.33333333333333337,0.5
152,152,accumulation,N/A,4,0.3988620278256505,0.397528099149871,,0.22222222222222224,0.25
152,152,accumulation,N/A,5,0.5277267102163296,0.2386634510150233,,0.30769230769230765,0.5
152,152,accumulation,N/A,6,0.4214389662018399,0.5198042800986886,,0.16666666666666666,0.25
152,152,accumulation,N/A,7,0.3531952045218474,0.3215808850340146,,0.26666666666666666,0.0
152,152,refinement,0.5,0,0.33420490274704984,0.11664656627757318,,0.15384615384615383,0.0
152,152,refinement,0.5,1,0.34995011911802,0.11866551391364631,,0.16666666666666669,0.0
152,152,refinement,0.5,2,0.3348191288822784,0.12129534510065255,,0.14285714285714288,0.0
152,152,refinement,0.5,3,0.5209171633855032,0.020215890850108758,,0.7499999999999999,0.0
152,152,refinement,0.5,4,0.48453274980952415,0.01516191813758157,,0.8421052631578948,0.0
152,152,refinement,0.5,5,0.336758338229618,0.12392957399511048,,0.15384615384615383,0.0
152,152,refinement,0.5,6,0.3490244385409942,0.11866551391364631,,0.15384615384615383,0.0
152,152,refinement,0.5,7,0.33703841588414474,0.12383934398722728,,0.15384615384615383,0.0
152,152,refinement,0.8,0,0.33420490274704984,0.11664656627757318,,0.15384615384615383,0.0
152,152,refinement,0.8,1,0.4570357528171311,0.062070909878379696,,0.33333333333333337,0.0
152,152,refinement,0.8,2,0.3755138549755226,0.12048361694715423,,0.18181818181818182,0.0
152,152,refinement,0.8,3,0.3310696988947092,0.11995061070883735,,0.14285714285714288,0.0
152,152,refinement,0.8,4,0.45226372112709345,0.06305410860606578,,0.33333333333333337,0.0
152,152,refinement,0.8,5,0.3754324168112798,0.12400950888418062,,0.18181818181818182,0.0
152,152,refinement,0.8,6,0.3487351509382225,0.12371679111664843,,0.16666666666666669,0.0
152,152,refinement,0.8,7,0.3460687396477803,0.1276348675820235,,0.15384615384615383,0.0
153,153,accumulation,N/A,0,0.3127509537363084,0.003673189453605318,,0.36548223350253806,0.0
153,153,accumulation,N/A,1,0.30044093937436733,0.01147667285391166,,0.48739495798319327,0.0
153,153,accumulation,N/A,2,0.33843595402924864,0.010051010462617945,,0.5355191256830601,0.0
153,153,accumulation,N/A,3,0.348359996324054,0.007215909471561974,,0.5319148936170213,0.0
153,153,accumulation,N/A,4,0.29435162315894237,0.015380207406855324,,0.42666666666666664,0.0
153,153,accumulation,N/A,5,0.32983180565133907,0.010593576350290975,,0.6064516129032258,0.0
153,153,accumulation,N/A,6,0.3988939690227756,0.018856226587042904,,0.6114649681528662,0.125
153,153,accumulation,N/A,7,0.33128460513164776,0.0,,0.5210084033613446,0.125
153,153,refinement,0.5,0,0.3127509537363084,0.003673189453605318,,0.36548223350253806,0.0
153,153,refinement,0.5,1,0.32202733276268347,0.004819436003243269,,0.446927374301676,0.0
153,153,refinement,0.5,2,0.3368259309879249,0.002830945437566677,,0.37894736842105264,0.0
153,153,refinement,0.5,3,0.3166688688751851,0.0026196680356434256,,0.40659340659340665,0.0
153,153,refinement,0.5,4,0.3226999082833889,0.0022869820945242607,,0.43956043956043955,0.0
153,153,refinement,0.5,5,0.3255328168061505,0.00386848196176349,,0.4482758620689655,0.0
153,153,refinement,0.5,6,0.3354827891176253,0.002422100026184871,,0.45783132530120485,0.125
153,153,refinement,0.5,7,0.31957777481640537,0.00274786023031197,,0.42774566473988446,0.0
153,153,refinement,0.8,0,0.3127509537363084,0.003673189453605318,,0.36548223350253806,0.0
153,153,refinement,0.8,1,0.3366357252016733,0.005153608245060706,,0.445859872611465,0.0
153,153,refinement,0.8,2,0.298445260504554,0.006656866894109036,,0.4444444444444444,0.0
153,153,refinement,0.8,3,0.3289789864302992,0.004998346795842592,,0.4174757281553398,0.0
153,153,refinement,0.8,4,0.3294698977975936,0.011920581494513327,,0.4549356223175966,0.0
153,153,refinement,0.8,5,0.29951483169226,0.0064432038469297405,,0.40552995391705066,0.0
153,153,refinement,0.8,6,0.3202665124275235,0.005348377299502371,,0.36538461538461536,0.0
153,153,refinement,0.8,7,0.3139077225952514,0.005768366306294629,,0.44329896907216493,0.0
154,154,accumulation,N/A,0,0.3802428643060211,0.16499987649784076,,0.5714285714285714,0.2
154,154,accumulation,N/A,1,0.39255342046619246,0.2848102907773935,,0.2352941176470588,0.0
154,154,accumulation,N/A,2,0.5139970113497032,0.34309959899150966,,0.12307692307692308,0.5
154,154,accumulation,N/A,3,0.35803986174976765,0.20403929778482363,,0.2222222222222222,0.2
154,154,accumulation,N/A,4,0.4057339224726193,0.21834494688476075,,0.24390243902439027,0.0
154,154,accumulation,N/A,5,0.42629145279182923,0.05028572701885235,,0.2222222222222222,0.0
154,154,accumulation,N/A,6,0.5832818099813667,0.35913841141285135,,0.5000000000000001,0.25
154,154,accumulation,N/A,7,0.3177161926673612,0.19280117433044713,,0.24390243902439027,0.2
154,154,refinement,0.5,0,0.3802428643060211,0.16499987649784076,,0.5714285714285714,0.2
154,154,refinement,0.5,1,0.36283984245034834,0.16310127368755342,,0.4444444444444444,0.2
154,154,refinement,0.5,2,0.39183162224617374,0.16335167078622387,,0.4444444444444444,0.25
154,154,refinement,0.5,3,0.38682760715560216,0.16374811635181583,,0.4,0.25
154,154,refinement,0.5,4,0.46115942110890207,0.1735137682671796,,0.4,0.5
154,154,refinement,0.5,5,0.3856708179401814,0.16391413813468578,,0.4,0.25
154,154,refinement,0.5,6,0.3614946177424093,0.1647442470490355,,0.4444444444444444,0.2
154,154,refinement,0.5,7,0.35157932845806406,0.163250051003206,,0.38095238095238093,0.2
154,154,refinement,0.8,0,0.3802428643060211,0.16499987649784076,,0.5714285714285714,0.2
154,154,refinement,0.8,1,0.4404337436190926,0.17958501604943866,,0.26666666666666666,0.5
154,154,refinement,0.8,2,0.3302494445295117,0.15938223934928702,,0.2222222222222222,0.2
154,154,refinement,0.8,3,0.3668755738434676,0.14704143787788326,,0.2962962962962963,0.2
154,154,refinement,0.8,4,0.40548026549259353,0.19719278553246186,,0.47058823529411764,0.2
154,154,refinement,0.8,5,0.45490379127965086,0.19262593500899086,,0.4444444444444444,0.6
154,154,refinement,0.8,6,0.4324124757994262,0.16959752690292873,,0.47058823529411764,0.25
154,154,refinement,0.8,7,0.42454021726399616,0.18072500947506767,,0.3636363636363636,0.25
155,155,accumulation,N/A,0,0.2845616523475795,0.10078377702229514,,0.1212121212121212,0.0
155,155,accumulation,N/A,1,0.2746155820269663,0.17126504932458894,,0.25,0.0
155,155,accumulation,N/A,2,0.26893894793091333,0.0687662597551642,,0.13043478260869565,0.0
155,155,accumulation,N/A,3,0.26842885727258764,0.027534496482486015,,0.2222222222222222,0.2
155,155,accumulation,N/A,4,0.30172005277028546,0.24608526693076868,,0.12903225806451613,0.0
155,155,accumulation,N/A,5,0.3036201743453798,0.09804088279444233,,0.21052631578947367,0.0
155,155,accumulation,N/A,6,0.42133715676817374,0.07482653774882933,,0.5333333333333333,0.25
155,155,accumulation,N/A,7,0.26850169020227677,0.15582295633947668,,0.04597701149425288,0.0
155,155,refinement,0.5,0,0.2845616523475795,0.10078377702229514,,0.1212121212121212,0.0
155,155,refinement,0.5,1,0.34184061507739993,0.06762489354930674,,0.27272727272727276,0.2
155,155,refinement,0.5,2,0.5587890772756895,0.05960721612247628,,0.888888888888889,0.6666666666666666
155,155,refinement,0.5,3,0.5065471286116037,0.0921807535974014,,0.5,0.6666666666666666
155,155,refinement,0.5,4,0.403417146934199,0.11082856242094524,,0.46153846153846156,0.25
155,155,refinement,0.5,5,0.41267924855986515,0.06578187019252046,,0.5714285714285715,0.25
155,155,refinement,0.5,6,0.40964065787487747,0.11082856242094524,,0.5,0.25
155,155,refinement,0.5,7,0.4584446588292598,0.0921807535974014,,0.5,0.3333333333333333
155,155,refinement,0.8,0,0.2845616523475795,0.10078377702229514,,0.1212121212121212,0.0
155,155,refinement,0.8,1,0.3411067299784208,0.06734398911085623,,0.47058823529411764,0.0
155,155,refinement,0.8,2,0.27901906931078896,0.05572563584913126,,0.019950124688279298,0.2
155,155,refinement,0.8,3,0.3483735926336377,0.06453597468002087,,0.32,0.2
155,155,refinement,0.8,4,0.4202042106658369,0.06301315014221678,,0.38095238095238093,0.3333333333333333
155,155,refinement,0.8,5,0.3721771603856467,0.041506149634761166,,0.19047619047619047,0.25
155,155,refinement,0.8,6,0.44902198628904266,0.06162151570881575,,0.4210526315789474,0.3333333333333333
155,155,refinement,0.8,7,0.42902792391489547,0.15124590762619317,,0.15384615384615385,0.3333333333333333
156,156,accumulation,N/A,0,0.3430211988888815,0.024790589778500988,,0.46,0.0
156,156,accumulation,N/A,1,0.4074482113675811,0.009546116164116348,,0.6105263157894737,0.14285714285714285
156,156,accumulation,N/A,2,0.37829198946438275,0.0047267529557411215,,0.5196850393700788,0.125
156,156,accumulation,N/A,3,0.4261215727378613,0.027745216742999065,,0.5254237288135594,0.14285714285714285
156,156,accumulation,N/A,4,0.42076095714414874,0.03424785555869846,,0.6078431372549019,0.0
156,156,accumulation,N/A,5,0.4469371599267549,0.020963185881960746,,0.7102803738317757,0.0
156,156,accumulation,N/A,6,0.42841372313611287,0.0429758561473503,,0.5591397849462365,0.16666666666666666
156,156,accumulation,N/A,7,0.4085366103231325,0.013498858156100661,,0.5370370370370371,0.14285714285714285
156,156,refinement,0.5,0,0.3430211988888815,0.024790589778500988,,0.46,0.0
156,156,refinement,0.5,1,0.3308053209879638,0.024116675185921584,,0.4444444444444444,0.0
156,156,refinement,0.5,2,0.33269094072683825,0.028485733882351556,,0.4395604395604396,0.0
156,156,refinement,0.5,3,0.3596289544717062,0.03324726494708464,,0.4318181818181818,0.16666666666666666
156,156,refinement,0.5,4,0.3847109843780566,0.038140014933969256,,0.45238095238095244,0.16666666666666666
156,156,refinement,0.5,5,0.3298960871542743,0.06221359987764828,,0.38636363636363635,0.0
156,156,refinement,0.5,6,0.3572145144900224,0.05053760728939175,,0.4318181818181818,0.0
156,156,refinement,0.5,7,0.3515185441157692,0.060935517521427174,,0.3902439024390244,0.14285714285714285
156,156,refinement,0.8,0,0.3430211988888815,0.024790589778500988,,0.46,0.0
156,156,refinement,0.8,1,0.38105977009858477,0.03783857098817102,,0.39215686274509803,0.16666666666666666
156,156,refinement,0.8,2,0.41539293303517505,0.016688810972180754,,0.45238095238095244,0.3333333333333333
156,156,refinement,0.8,3,0.40291936860193955,0.02006073404863975,,0.49462365591397855,0.16666666666666666
156,156,refinement,0.8,4,0.4206335625458182,0.02335921178061165,,0.46153846153846156,0.16666666666666666
156,156,refinement,0.8,5,0.40150917155057986,0.020517780625490464,,0.5052631578947367,0.0
156,156,refinement,0.8,6,0.33643924301014017,0.03958619129314053,,0.3541666666666667,0.0
156,156,refinement,0.8,7,0.41665584118275495,0.038356450996709125,,0.367816091954023,0.16666666666666666
157,157,accumulation,N/A,0,0.43792555555325396,0.1105276160982551,,0.8,0.0
157,157,accumulation,N/A,1,0.32999844957057156,0.0,,0.4,0.0
157,157,accumulation,N/A,2,0.28492888337121747,0.0,,0.6666666666666666,0.0
157,157,accumulation,N/A,3,0.28860489935430894,0.0628384856572776,,0.5714285714285715,0.0
157,157,accumulation,N/A,4,0.30043284288184285,0.2082276210856296,,0.3333333333333333,0.0
157,157,accumulation,N/A,5,0.41669154363958083,0.1003791795421576,,0.8,0.0
157,157,accumulation,N/A,6,0.39679732996753914,0.18068583574256666,,0.5,0.0
157,157,accumulation,N/A,7,0.4167781269940146,0.09918999683750877,,0.8,0.0
157,157,refinement,0.5,0,0.43792555555325396,0.1105276160982551,,0.8,0.0
157,157,refinement,0.5,1,0.43901814616990953,0.12393009959342677,,0.8,0.0
157,157,refinement,0.5,2,0.4382524797980131,0.11393627357090905,,0.8,0.0
157,157,refinement,0.5,3,0.43841266412589996,0.11540510601853998,,0.8,0.0
157,157,refinement,0.5,4,0.437930859528573,0.11109195978218417,,0.8,0.0
157,157,refinement,0.5,5,0.3434105556241368,0.11328515710566055,,0.6666666666666666,0.0
157,157,refinement,0.5,6,0.34375317885165746,0.11558001415279406,,0.6666666666666666,0.0
157,157,refinement,0.5,7,0.43822773475926974,0.11389428008537276,,0.8,0.0
157,157,refinement,0.8,0,0.43792555555325396,0.1105276160982551,,0.8,0.0
157,157,refinement,0.8,1,0.4414800509593335,0.08722366667484883,,0.8,0.0
157,157,refinement,0.8,2,0.2896312869530435,0.10910425903103439,,0.4444444444444444,0.0
157,157,refinement,0.8,3,0.4399327670665102,0.06963299332751395,,0.8,0.0
157,157,refinement,0.8,4,0.34703607746252063,0.09724841674138364,,0.6666666666666666,0.0
157,157,refinement,0.8,5,0.40672674319741725,0.0,,0.5,0.0
157,157,refinement,0.8,6,0.2998024430172157,0.0,,0.28571428571428575,0.0
157,157,refinement,0.8,7,0.34129047109804295,0.0026868508807517456,,0.6666666666666666,0.0
158,158,accumulation,N/A,0,0.5052884102581987,0.13336957904330143,,0.5,0.5
158,158,accumulation,N/A,1,0.27547552571357864,0.0413807959355417,,0.5,0.0
158,158,accumulation,N/A,2,0.36549732480360403,0.024860445550842363,,0.5454545454545454,0.0
158,158,accumulation,N/A,3,0.2921435938869181,0.0,,0.5,0.0
158,158,accumulation,N/A,4,0.28721244713724,0.0,,0.5714285714285715,0.0
158,158,accumulation,N/A,5,0.2613421160292655,0.0,,0.006259780907668233,0.0
158,158,accumulation,N/A,6,0.3939340495552075,0.10620862864036108,,0.4,0.0
158,158,accumulation,N/A,7,0.31604985091452864,0.029656364423999753,,0.5,0.0
158,158,refinement,0.5,0,0.5052884102581987,0.13336957904330143,,0.5,0.5
158,158,refinement,0.5,1,0.3670063629119814,0.26673915808660287,,0.15384615384615383,0.0
158,158,refinement,0.5,2,0.3439799275589871,0.26438439309298545,,0.16666666666666666,0.0
158,158,refinement,0.5,3,0.3610160534569803,0.26438439309298545,,0.28571428571428575,0.0
158,158,refinement,0.5,4,0.5055666397850782,0.2609001235677216,,0.25,0.5
158,158,refinement,0.5,5,0.4230271389903823,0.2546883734339477,,0.2,0.0
158,158,refinement,0.5,6,0.360943125539102,0.2587460925381311,,0.28571428571428575,0.0
158,158,refinement,0.5,7,0.3602148141226059,0.2502213411264666,,0.28571428571428575,0.0
158,158,refinement,0.8,0,0.5052884102581987,0.13336957904330143,,0.5,0.5
158,158,refinement,0.8,1,0.42479597216728116,0.2696977170981466,,0.2222222222222222,0.3333333333333333
158,158,refinement,0.8,2,0.37100044703636925,0.30932484165402707,,0.16666666666666666,0.0
158,158,refinement,0.8,3,0.3634108040014218,0.32094093902599324,,0.28571428571428575,0.0
158,158,refinement,0.8,4,0.504937407472063,0.3027114515916104,,0.25,0.5
158,158,refinement,0.8,5,0.3742196898063237,0.3236573658856641,,0.2,0.0
158,158,refinement,0.8,6,0.5096883870746058,0.3434638400628974,,0.25,0.5
158,158,refinement,0.8,7,0.4235196045046441,0.32860898140860056,,0.2,0.0
159,159,accumulation,N/A,0,0.8095336030932124,0.616657823369886,,1.0,1.0
159,159,accumulation,N/A,1,0.5001734724705039,0.7579793992111746,,0.33333333333333337,0.0
159,159,accumulation,N/A,2,0.5373974365561647,0.3596058769743616,,0.6666666666666666,0.5
159,159,accumulation,N/A,3,0.4276148746833384,0.534731588636336,,0.33333333333333337,0.0
159,159,accumulation,N/A,4,0.3862251956944358,0.24884463108613453,,0.33333333333333337,0.0
159,159,accumulation,N/A,5,0.39530885285866646,0.7377795479284398,,0.125,0.0
159,159,accumulation,N/A,6,0.8148133139718693,0.6905426424341236,,1.0,1.0
159,159,accumulation,N/A,7,0.5393794047071965,0.3721224845256555,,0.6666666666666666,0.5
159,159,refinement,0.5,0,0.8095336030932124,0.616657823369886,,1.0,1.0
159,159,refinement,0.5,1,0.6063649835027419,0.6019754942420319,,0.6666666666666666,0.5
159,159,refinement,0.5,2,0.5798945472973618,0.5991756082223016,,0.5,0.5
159,159,refinement,0.5,3,0.6055656833510848,0.6003885143118204,,0.6666666666666666,0.5
159,159,refinement,0.5,4,0.6067149423321863,0.6031940681170158,,0.6666666666666666,0.5
159,159,refinement,0.5,5,0.5312407901900568,0.6003885143118204,,0.5,0.3333333333333333
159,159,refinement,0.5,6,0.8064673673987346,0.6003885143118204,,1.0,1.0
159,159,refinement,0.5,7,0.8064779275732913,0.6003885143118204,,1.0,1.0
159,159,refinement,0.8,0,0.8095336030932124,0.616657823369886,,1.0,1.0
159,159,refinement,0.8,1,0.8067053841927849,0.6028291180285351,,1.0,1.0
159,159,refinement,0.8,2,0.811948725068047,0.6297030177614078,,1.0,1.0
159,159,refinement,0.8,3,0.5762336658248115,0.5800959725620771,,0.5,0.5
159,159,refinement,0.8,4,0.6040782667384665,0.5942446548196882,,0.6666666666666666,0.5
159,159,refinement,0.8,5,0.5293618108615522,0.5995300820998308,,0.5,0.3333333333333333
159,159,refinement,0.8,6,0.8026529765159854,0.5953808002846898,,1.0,1.0
159,159,refinement,0.8,7,0.5249192697194673,0.5864945196834259,,0.5,0.3333333333333333
160,160,accumulation,N/A,0,0.24097297955717636,0.005222168161376111,,0.3571428571428571,0.0
160,160,accumulation,N/A,1,0.299062388812511,0.003996842479967074,,0.4927536231884058,0.2
160,160,accumulation,N/A,2,0.28677774366947467,0.040819275729584964,,0.3939393939393939,0.0
160,160,accumulation,N/A,3,0.3059219964649543,0.029842725034842164,,0.6382978723404256,0.0
160,160,accumulation,N/A,4,0.33572490151290046,0.018355357936343387,,0.32098765432098764,0.3333333333333333
160,160,accumulation,N/A,5,0.2566243348825078,0.0032458232075514527,,0.3880597014925373,0.0
160,160,accumulation,N/A,6,0.31150014373605134,0.0041883559817041255,,0.5818181818181817,0.16666666666666666
160,160,accumulation,N/A,7,0.19138091169078147,0.07336812786885331,,0.20408163265306123,0.0
160,160,refinement,0.5,0,0.24097297955717636,0.005222168161376111,,0.3571428571428571,0.0
160,160,refinement,0.5,1,0.2655909976155786,0.010747960085308629,,0.2950819672131147,0.14285714285714285
160,160,refinement,0.5,2,0.27994991885759934,0.011477402848095099,,0.3214285714285714,0.16666666666666666
160,160,refinement,0.5,3,0.22932843258093727,0.01177833445388303,,0.2807017543859649,0.0
160,160,refinement,0.5,4,0.24110705455024048,0.009896700944858448,,0.3636363636363637,0.0
160,160,refinement,0.5,5,0.2579137951539745,0.008997000858962226,,0.4313725490196078,0.0
160,160,refinement,0.5,6,0.27946658831530863,0.010010628023584656,,0.3333333333333333,0.0
160,160,refinement,0.5,7,0.233279959512876,0.01081417607095732,,0.30508474576271183,0.0
160,160,refinement,0.8,0,0.24097297955717636,0.005222168161376111,,0.3571428571428571,0.0
160,160,refinement,0.8,1,0.2830267368473757,0.005360684422445663,,0.48484848484848486,0.0
160,160,refinement,0.8,2,0.23162715791012783,0.00816181308244954,,0.3098591549295775,0.0
160,160,refinement,0.8,3,0.24242956742302169,0.007827721488128462,,0.3448275862068966,0.0
160,160,refinement,0.8,4,0.3005628393247022,0.0074780558102030496,,0.39285714285714285,0.14285714285714285
160,160,refinement,0.8,5,0.24853863869651102,0.007418105590107103,,0.40816326530612246,0.0
160,160,refinement,0.8,6,0.22575225569262886,0.009756182618822403,,0.34615384615384615,0.0
160,160,refinement,0.8,7,0.2386712734144199,0.008455552786061967,,0.39999999999999997,0.0
161,161,accumulation,N/A,0,0.33111080298979195,0.00968100682219443,,0.5,0.0
161,161,accumulation,N/A,1,0.29179042147202344,0.02643960761301756,,0.7258064516129034,0.0
161,161,accumulation,N/A,2,0.3322160989400331,0.021963066849352897,,0.3430962343096235,0.0
161,161,accumulation,N/A,3,0.31398683015975976,0.0076327298345000355,,0.4933333333333334,0.0
161,161,accumulation,N/A,4,0.33142905381496496,0.007645949600809918,,0.6782608695652174,0.0
161,161,accumulation,N/A,5,0.3442118766491593,0.014148606263329916,,0.3794466403162055,0.125
161,161,accumulation,N/A,6,0.32350472022831434,0.008759262866595514,,0.387434554973822,0.0
161,161,accumulation,N/A,7,0.35109740655977234,0.006935569329416403,,0.5512820512820512,0.0
161,161,refinement,0.5,0,0.33111080298979195,0.00968100682219443,,0.5,0.0
161,161,refinement,0.5,1,0.35106109350565873,0.01172444830224892,,0.49612403100775193,0.125
161,161,refinement,0.5,2,0.3254847136669109,0.010737204207481026,,0.47692307692307695,0.125
161,161,refinement,0.5,3,0.3306370260004648,0.01652378593769293,,0.4958677685950414,0.0
161,161,refinement,0.5,4,0.3371624267491054,0.014635016742276564,,0.5289256198347108,0.125
161,161,refinement,0.5,5,0.3375830690364619,0.014164785252372927,,0.5289256198347108,0.125
161,161,refinement,0.5,6,0.31873604514582354,0.012981421034849268,,0.515625,0.0
161,161,refinement,0.5,7,0.3302646694003808,0.01024988578392044,,0.5,0.0
161,161,refinement,0.8,0,0.33111080298979195,0.00968100682219443,,0.5,0.0
161,161,refinement,0.8,1,0.32097392392119284,0.006694125007807801,,0.5079365079365079,0.0
161,161,refinement,0.8,2,0.3090475555161584,0.006434310776381483,,0.4148148148148148,0.125
161,161,refinement,0.8,3,0.2876278386470676,0.022019297797609676,,0.48214285714285715,0.0
161,161,refinement,0.8,4,0.3464808599722099,0.012599209773232234,,0.5436893203883496,0.14285714285714285
161,161,refinement,0.8,5,0.31079916741755537,0.007743647678786147,,0.47244094488188976,0.0
161,161,refinement,0.8,6,0.34103415776060364,0.012297701729938897,,0.4965517241379309,0.14285714285714285
161,161,refinement,0.8,7,0.3474638430547228,0.01779681928298618,,0.524822695035461,0.0
162,162,accumulation,N/A,0,0.47218867230542666,0.6222173698535831,,0.2222222222222222,0.0
162,162,accumulation,N/A,1,0.8822756761105848,0.7258214395389877,,1.0,1.0
162,162,accumulation,N/A,2,0.8103845097188004,0.6185824557696589,,1.0,1.0
162,162,accumulation,N/A,3,0.8120179731855581,0.7353020360429486,,1.0,1.0
162,162,accumulation,N/A,4,0.8273977501302346,0.4433206951348818,,1.0,1.0
162,162,accumulation,N/A,5,0.944844363627571,0.9776147813039108,,1.0,1.0
162,162,accumulation,N/A,6,0.48753293090497907,0.34316469072836553,,0.4,0.25
162,162,accumulation,N/A,7,0.4358468160507499,0.39400888848657745,,0.33333333333333337,0.0
162,162,refinement,0.5,0,0.47218867230542666,0.6222173698535831,,0.2222222222222222,0.0
162,162,refinement,0.5,1,0.45119714460681604,0.6247345815250246,,0.25,0.0
162,162,refinement,0.5,2,0.6147234957378176,0.6275307766864924,,0.6666666666666666,0.0
162,162,refinement,0.5,3,0.514246140210514,0.6275307766864924,,0.5,0.0
162,162,refinement,0.5,4,0.4992515646686564,0.6244239372064772,,0.4,0.0
162,162,refinement,0.5,5,0.61406374932535,0.6213477094480185,,0.6666666666666666,0.0
162,162,refinement,0.5,6,0.4615954378463717,0.6051910077420722,,0.33333333333333337,0.0
162,162,refinement,0.5,7,0.6128835208749253,0.6213477094480185,,0.6666666666666666,0.0
162,162,refinement,0.8,0,0.47218867230542666,0.6222173698535831,,0.2222222222222222,0.0
162,162,refinement,0.8,1,0.46676349683242513,0.6198203821008174,,0.33333333333333337,0.0
162,162,refinement,0.8,2,0.4726670841424756,0.5953567729120396,,0.4,0.0
162,162,refinement,0.8,3,0.6127105483853653,0.6014985528763407,,0.6666666666666666,0.0
162,162,refinement,0.8,4,0.4594749543603458,0.5879763136742665,,0.33333333333333337,0.0
162,162,refinement,0.8,5,0.6099609106602952,0.583657318578097,,0.6666666666666666,0.0
162,162,refinement,0.8,6,0.6098669331393026,0.5819479004347655,,0.6666666666666666,0.0
162,162,refinement,0.8,7,0.6079928554525995,0.5781520095065553,,0.6666666666666666,0.0
163,163,accumulation,N/A,0,0.26775319054991487,0.10880144977437803,,0.18181818181818182,0.0
163,163,accumulation,N/A,1,0.8150555943737102,0.56894530803546,,1.0,1.0
163,163,accumulation,N/A,2,0.7331031340286743,0.3870977760142269,,1.0,1.0
163,163,accumulation,N/A,3,0.2993017735621003,0.42529546736682045,,0.013986013986013986,0.0
163,163,accumulation,N/A,4,0.49839144318990686,0.5014028738628696,,0.2666666666666667,0.5
163,163,accumulation,N/A,5,0.4086335068559255,0.657632415063079,,0.3076923076923077,0.0
163,163,accumulation,N/A,6,0.483942381510684,0.613124539008077,,0.6666666666666666,0.0
163,163,accumulation,N/A,7,0.42138169236052614,0.612767975455712,,0.4,0.0
163,163,refinement,0.5,0,0.26775319054991487,0.10880144977437803,,0.18181818181818182,0.0
163,163,refinement,0.5,1,0.32175794058739443,0.10692018641484773,,0.3636363636363636,0.0
163,163,refinement,0.5,2,0.46056140964599346,0.10372329430915908,,0.8,0.0
163,163,refinement,0.5,3,0.36612954153225274,0.10302342362735548,,0.6666666666666666,0.0
163,163,refinement,0.5,4,0.3302379792829518,0.10773644311033792,,0.5714285714285715,0.0
163,163,refinement,0.5,5,0.6157779813161219,0.2169937637098369,,0.5,1.0
163,163,refinement,0.5,6,0.36736547041690487,0.11103197912845982,,0.6666666666666666,0.0
163,163,refinement,0.5,7,0.37124936639664247,0.1105277172998875,,0.6666666666666666,0.0
163,163,refinement,0.8,0,0.26775319054991487,0.10880144977437803,,0.18181818181818182,0.0
163,163,refinement,0.8,1,0.2719004753345758,0.1863289207974845,,0.16666666666666669,0.0
163,163,refinement,0.8,2,0.3683320363755466,0.22898028087345734,,0.5,0.0
163,163,refinement,0.8,3,0.39352691191834044,0.22739628362969416,,0.6666666666666666,0.0
163,163,refinement,0.8,4,0.4873780510638078,0.22105315593768893,,0.8,0.0
163,163,refinement,0.8,5,0.48869708638345444,0.2273144134619634,,0.8,0.0
163,163,refinement,0.8,6,0.35026548615100095,0.23523455317338376,,0.3636363636363636,0.0
163,163,refinement,0.8,7,0.49028101040406247,0.23784463520057836,,0.8,0.0
164,164,accumulation,N/A,0,0.16339710035165889,0.0,,0.2222222222222222,0.0
164,164,accumulation,N/A,1,0.361817287536892,0.09328997201066268,,0.5555555555555556,0.0
164,164,accumulation,N/A,2,0.33543917835527637,0.03854958911086399,,0.6666666666666667,0.0
164,164,accumulation,N/A,3,0.25769893727799364,0.005634635412855156,,0.48,0.0
164,164,accumulation,N/A,4,0.3035239541659198,0.0,,0.3902439024390244,0.2
164,164,accumulation,N/A,5,0.2231486058823049,0.18962418271125245,,0.41379310344827586,0.0
164,164,accumulation,N/A,6,0.2557348869593416,0.09603102195298296,,0.38461538461538464,0.25
164,164,accumulation,N/A,7,0.3587457087425425,0.0384981425667725,,0.3448275862068966,0.3333333333333333
164,164,refinement,0.5,0,0.16339710035165889,0.0,,0.2222222222222222,0.0
164,164,refinement,0.5,1,0.14365689937832854,0.0,,0.17142857142857143,0.0
164,164,refinement,0.5,2,0.14119613448233795,0.0,,0.15789473684210525,0.0
164,164,refinement,0.5,3,0.17425994003016876,0.0,,0.25641025641025644,0.16666666666666666
164,164,refinement,0.5,4,0.14311214579313478,0.0,,0.15,0.0
164,164,refinement,0.5,5,0.16883796349015157,0.0,,0.28571428571428575,0.0
164,164,refinement,0.5,6,0.19868930672225918,0.0,,0.25806451612903225,0.2
164,164,refinement,0.5,7,0.17917616363933886,0.0,,0.25806451612903225,0.16666666666666666
164,164,refinement,0.8,0,0.16339710035165889,0.0,,0.2222222222222222,0.0
164,164,refinement,0.8,1,0.15503316484798965,0.0,,0.21276595744680854,0.0
164,164,refinement,0.8,2,0.1394504338227028,0.0,,0.186046511627907,0.0
164,164,refinement,0.8,3,0.1341597162792748,0.0,,0.15,0.0
164,164,refinement,0.8,4,0.15535321158494655,0.0,,0.20689655172413793,0.0
164,164,refinement,0.8,5,0.17301379413956913,0.0,,0.28571428571428564,0.0
164,164,refinement,0.8,6,0.18403974619577806,0.0,,0.25806451612903225,0.16666666666666666
164,164,refinement,0.8,7,0.14981594491248817,0.0,,0.13793103448275862,0.0
165,165,accumulation,N/A,0,0.20370559295508162,5.338509515578831e-05,,0.10062893081761005,0.0
165,165,accumulation,N/A,1,0.3449929745929995,0.040825241215870146,,0.3157894736842105,0.4
165,165,accumulation,N/A,2,0.5207224025831203,0.20175428673969167,,0.6956521739130435,0.4
165,165,accumulation,N/A,3,0.40272540606593626,0.04023390526963162,,0.30000000000000004,0.2
165,165,accumulation,N/A,4,0.39355653922511274,0.19435257621702978,,0.36,0.0
165,165,accumulation,N/A,5,0.24506557889933728,0.01187426043256504,,0.2807017543859649,0.16666666666666666
165,165,accumulation,N/A,6,0.5467200873971657,0.17085063310314522,,0.3823529411764706,0.4
165,165,accumulation,N/A,7,0.4125802846888296,0.09139668926801313,,0.4363636363636364,0.2
165,165,refinement,0.5,0,0.20370559295508162,5.338509515578831e-05,,0.10062893081761005,0.0
165,165,refinement,0.5,1,0.1765236238616957,0.00013341189494170345,,0.12280701754385964,0.0
165,165,refinement,0.5,2,0.20723355083754846,0.0,,0.14814814814814814,0.0
165,165,refinement,0.5,3,0.17768344702823274,0.0,,0.16666666666666669,0.0
165,165,refinement,0.5,4,0.17306963146946108,0.0,,0.14583333333333334,0.0
165,165,refinement,0.5,5,0.2271846208967573,0.0003242046101510436,,0.24096385542168677,0.14285714285714285
165,165,refinement,0.5,6,0.24637089124850775,8.424606797187426e-05,,0.2631578947368421,0.16666666666666666
165,165,refinement,0.5,7,0.25084027789723806,0.00026746262730008785,,0.24691358024691357,0.16666666666666666
165,165,refinement,0.8,0,0.20370559295508162,5.338509515578831e-05,,0.10062893081761005,0.0
165,165,refinement,0.8,1,0.27703890768794115,0.018217671770727525,,0.11347517730496454,0.2
165,165,refinement,0.8,2,0.20290484613729232,0.0,,0.11009174311926605,0.0
165,165,refinement,0.8,3,0.22165369704700366,0.0,,0.2608695652173913,0.0
165,165,refinement,0.8,4,0.22260164238442684,0.014769808635256664,,0.24324324324324323,0.0
165,165,refinement,0.8,5,0.27410004775653946,0.0016827380863656532,,0.2857142857142857,0.0
165,165,refinement,0.8,6,0.2543445178997469,0.00039591639294182617,,0.25,0.0
165,165,refinement,0.8,7,0.22984111401392812,0.0004893632283608283,,0.2894736842105263,0.0
166,166,accumulation,N/A,0,0.2876573265682705,0.07275873303880336,,0.25,0.0
166,166,accumulation,N/A,1,0.32974344212590934,0.17328934634301194,,0.3333333333333333,0.0
166,166,accumulation,N/A,2,0.3556975853257859,0.08169620933009299,,0.4,0.0
166,166,accumulation,N/A,3,0.4904063069628017,0.2870720957996818,,0.4,0.5
166,166,accumulation,N/A,4,0.4506839486683062,0.07239552281239048,,0.5714285714285715,0.0
166,166,accumulation,N/A,5,0.3180972427237001,0.0,,0.3636363636363636,0.0
166,166,accumulation,N/A,6,0.3863990493295317,0.0934310931518382,,0.5714285714285715,0.3333333333333333
166,166,accumulation,N/A,7,0.27152459369404364,0.04259170971769269,,0.4,0.0
166,166,refinement,0.5,0,0.2876573265682705,0.07275873303880336,,0.25,0.0
166,166,refinement,0.5,1,0.3293379190980731,0.0703864363314715,,0.3076923076923077,0.16666666666666666
166,166,refinement,0.5,2,0.31470217968716796,0.0714735579273646,,0.4,0.0
166,166,refinement,0.5,3,0.2936128317934753,0.0711112287758178,,0.23529411764705882,0.0
166,166,refinement,0.5,4,0.3046663695908375,0.07102013670362796,,0.33333333333333337,0.0
166,166,refinement,0.5,5,0.34556457511688965,0.0703239549904418,,0.4,0.2
166,166,refinement,0.5,6,0.2915491922419682,0.07137616525694875,,0.2857142857142857,0.0
166,166,refinement,0.5,7,0.31914885974275276,0.07137616525694875,,0.25,0.2
166,166,refinement,0.8,0,0.2876573265682705,0.07275873303880336,,0.25,0.0
166,166,refinement,0.8,1,0.39040774766092606,0.07477809334178406,,0.5714285714285715,0.0
166,166,refinement,0.8,2,0.4136569881729505,0.16036760013319107,,0.5,0.0
166,166,refinement,0.8,3,0.36703883566206785,0.148094937343886,,0.3333333333333333,0.0
166,166,refinement,0.8,4,0.5184718203372766,0.1526769538168764,,0.6666666666666666,0.0
166,166,refinement,0.8,5,0.5203783634895267,0.15018768085212367,,0.6666666666666666,0.0
166,166,refinement,0.8,6,0.6466851932863433,0.13744464567828524,,0.5,1.0
166,166,refinement,0.8,7,0.38255973469107607,0.13940500543277537,,0.4,0.0
167,167,accumulation,N/A,0,0.1881985170974002,0.04633152834223995,,0.3037974683544304,0.0
167,167,accumulation,N/A,1,0.3011581713122961,0.04080391080049083,,0.5365853658536585,0.0
167,167,accumulation,N/A,2,0.25036896563117167,0.0075176700469014954,,0.5555555555555556,0.0
167,167,accumulation,N/A,3,0.4267533166416083,0.011255377195153614,,0.5925925925925927,0.3333333333333333
167,167,accumulation,N/A,4,0.22879462281998306,0.02785305154638414,,0.4,0.16666666666666666
167,167,accumulation,N/A,5,0.3247466098326052,7.818958997388091e-05,,0.4878048780487805,0.2857142857142857
167,167,accumulation,N/A,6,0.2761605435713728,0.05092406993702651,,0.6250000000000001,0.0
167,167,accumulation,N/A,7,0.2513525853405013,0.04604566456269262,,0.5,0.0
167,167,refinement,0.5,0,0.1881985170974002,0.04633152834223995,,0.3037974683544304,0.0
167,167,refinement,0.5,1,0.1879640881026877,0.06324486895678029,,0.28205128205128205,0.0
167,167,refinement,0.5,2,0.2006221310835093,0.0628059989096125,,0.30303030303030304,0.0
167,167,refinement,0.5,3,0.19514139043629147,0.05412010744444833,,0.32352941176470584,0.0
167,167,refinement,0.5,4,0.19031439026555927,0.059892359687865986,,0.29333333333333333,0.0
167,167,refinement,0.5,5,0.19130713215318965,0.0585145442604877,,0.2716049382716049,0.0
167,167,refinement,0.5,6,0.18878817468526135,0.05325584666736253,,0.30000000000000004,0.0
167,167,refinement,0.5,7,0.20082778481150898,0.08094924082948851,,0.3492063492063492,0.0
167,167,refinement,0.8,0,0.1881985170974002,0.04633152834223995,,0.3037974683544304,0.0
167,167,refinement,0.8,1,0.21968180182630573,0.06535060713335326,,0.3508771929824562,0.16666666666666666
167,167,refinement,0.8,2,0.2435229438196847,0.025514163966194922,,0.41379310344827586,0.3333333333333333
167,167,refinement,0.8,3,0.25654557746291146,0.09103373069570664,,0.4545454545454545,0.3333333333333333
167,167,refinement,0.8,4,0.19235025734621003,0.06794950791645812,,0.3773584905660377,0.16666666666666666
167,167,refinement,0.8,5,0.17946991098254916,0.06959634965034717,,0.4285714285714286,0.0
167,167,refinement,0.8,6,0.2518802194464893,0.07511262324151174,,0.6111111111111112,0.16666666666666666
167,167,refinement,0.8,7,0.18277074216933695,0.09954268137860192,,0.4680851063829786,0.0
168,168,accumulation,N/A,0,0.3601824251430197,0.020650674960556652,,0.5063291139240507,0.0
168,168,accumulation,N/A,1,0.4239496118101612,0.0657119300815456,,0.5740740740740741,0.125
168,168,accumulation,N/A,2,0.41916745391042803,0.03315297962434471,,0.6428571428571429,0.125
168,168,accumulation,N/A,3,0.3789677559316819,0.04463749773274072,,0.45161290322580644,0.0
168,168,accumulation,N/A,4,0.371089244954634,0.034726627706855015,,0.35838150289017345,0.0
168,168,accumulation,N/A,5,0.44818276916264504,0.035166155409308855,,0.5797101449275363,0.14285714285714285
168,168,accumulation,N/A,6,0.3747533885265374,0.028877951036552062,,0.44155844155844154,0.0
168,168,accumulation,N/A,7,0.3726406985491041,0.007953167730234046,,0.31868131868131866,0.125
168,168,refinement,0.5,0,0.3601824251430197,0.020650674960556652,,0.5063291139240507,0.0
168,168,refinement,0.5,1,0.3642173332348036,0.01897362874504342,,0.5109489051094891,0.0
168,168,refinement,0.5,2,0.4020453443822016,0.024606968225993363,,0.5806451612903225,0.14285714285714285
168,168,refinement,0.5,3,0.364119607235318,0.024367304986914296,,0.4878048780487805,0.0
168,168,refinement,0.5,4,0.3908516675859931,0.018410175360707968,,0.5128205128205129,0.14285714285714285
168,168,refinement,0.5,5,0.3817848318050471,0.024781037002779175,,0.5666666666666667,0.0
168,168,refinement,0.5,6,0.37227727925016,0.02652621257134556,,0.5546218487394958,0.0
168,168,refinement,0.5,7,0.40599633448584016,0.025020490794770943,,0.5688073394495413,0.14285714285714285
168,168,refinement,0.8,0,0.3601824251430197,0.020650674960556652,,0.5063291139240507,0.0
168,168,refinement,0.8,1,0.3929645141673716,0.026515096612098166,,0.6601941747572815,0.0
168,168,refinement,0.8,2,0.4229770044077163,0.025397860421543985,,0.6391752577319588,0.14285714285714285
168,168,refinement,0.8,3,0.4222429842081524,0.021971445775574597,,0.6526315789473685,0.14285714285714285
168,168,refinement,0.8,4,0.40954499751523243,0.017320455721623412,,0.5871559633027523,0.14285714285714285
168,168,refinement,0.8,5,0.4084603546644462,0.029136612405822982,,0.5773195876288659,0.14285714285714285
168,168,refinement,0.8,6,0.4171945089662633,0.019924772530052478,,0.6041666666666667,0.14285714285714285
168,168,refinement,0.8,7,0.41633519944339736,0.02554718638395287,,0.6140350877192983,0.14285714285714285
169,169,accumulation,N/A,0,0.29649808887490475,0.23486656545157578,,0.2222222222222222,0.0
169,169,accumulation,N/A,1,0.3654221798812222,0.033097131850837666,,0.4615384615384615,0.0
169,169,accumulation,N/A,2,0.5808108358627354,0.029556053029919104,,0.6666666666666666,1.0
169,169,accumulation,N/A,3,0.342336014327834,0.018285577067284748,,0.42857142857142855,0.0
169,169,accumulation,N/A,4,0.5161037494154115,0.2824142749517884,,0.7499999999999999,0.0
169,169,accumulation,N/A,5,0.683859707274751,0.1415309285167092,,1.0,1.0
169,169,accumulation,N/A,6,0.3779025480190784,0.13036313441235456,,0.6666666666666666,0.0
169,169,accumulation,N/A,7,0.2929018587442905,0.0,,0.3333333333333333,0.0
169,169,refinement,0.5,0,0.29649808887490475,0.23486656545157578,,0.2222222222222222,0.0
169,169,refinement,0.5,1,0.378875876270411,0.2216308512265079,,0.28571428571428575,0.0
169,169,refinement,0.5,2,0.346667704760937,0.08222159296716186,,0.25,0.0
169,169,refinement,0.5,3,0.3485213521069862,0.049291973842142074,,0.28571428571428575,0.0
169,169,refinement,0.5,4,0.34257972854881924,0.049291973842142074,,0.25,0.0
169,169,refinement,0.5,5,0.26786417404234497,0.049058025974985944,,0.25,0.0
169,169,refinement,0.5,6,0.5057570000184995,0.049366879075109026,,0.3333333333333333,1.0
169,169,refinement,0.5,7,0.26758413199502495,0.046310731147716465,,0.25,0.0
169,169,refinement,0.8,0,0.29649808887490475,0.23486656545157578,,0.2222222222222222,0.0
169,169,refinement,0.8,1,0.3436586936529846,0.010004724010266995,,0.2,0.0
169,169,refinement,0.8,2,0.24874912677651564,0.0062203218038904004,,0.18181818181818182,0.0
169,169,refinement,0.8,3,0.3918839791429625,0.10243106361099842,,0.28571428571428575,0.5
169,169,refinement,0.8,4,0.3894048251252963,0.0,,0.28571428571428575,0.0
169,169,refinement,0.8,5,0.3891621695354408,0.002174598665431864,,0.28571428571428575,0.5
169,169,refinement,0.8,6,0.5475124616855077,0.0,,0.3333333333333333,1.0
169,169,refinement,0.8,7,0.29962772543099714,0.0,,0.28571428571428575,0.5
170,170,accumulation,N/A,0,0.377355129581315,0.0006176091437494453,,0.5934065934065934,0.0
170,170,accumulation,N/A,1,0.3893933490730231,0.016603030088277137,,0.49230769230769234,0.0
170,170,accumulation,N/A,2,0.38123571115148236,0.011658734160784296,,0.5793103448275861,0.0
170,170,accumulation,N/A,3,0.40756439368741254,0.018700728098548277,,0.46696035242290745,0.125
170,170,accumulation,N/A,4,0.39375175163109616,0.010546543210372916,,0.5226130653266332,0.0
170,170,accumulation,N/A,5,0.4013963693973634,0.0003505703571984142,,0.5371428571428571,0.125
170,170,accumulation,N/A,6,0.3688948164528382,0.006294690149303162,,0.4046692607003891,0.0
170,170,accumulation,N/A,7,0.3692751103863252,0.0028778108154210386,,0.456140350877193,0.0
170,170,refinement,0.5,0,0.377355129581315,0.0006176091437494453,,0.5934065934065934,0.0
170,170,refinement,0.5,1,0.3705699416469254,0.0007918433627104882,,0.5543478260869565,0.0
170,170,refinement,0.5,2,0.40742482939277325,0.00162341852211765,,0.5828571428571429,0.25
170,170,refinement,0.5,3,0.39376749128192884,0.0008584680017842921,,0.6107784431137725,0.125
170,170,refinement,0.5,4,0.3713339201633834,0.0012723092353880572,,0.6,0.0
170,170,refinement,0.5,5,0.3872829352849473,0.0012543186078568442,,0.5813953488372092,0.125
170,170,refinement,0.5,6,0.3682571535977002,0.00023410526907844176,,0.569767441860465,0.0
170,170,refinement,0.5,7,0.3617366676876634,6.148257594605172e-06,,0.5222222222222223,0.0
170,170,refinement,0.8,0,0.377355129581315,0.0006176091437494453,,0.5934065934065934,0.0
170,170,refinement,0.8,1,0.35861547117467724,0.002383655043265546,,0.4757709251101322,0.0
170,170,refinement,0.8,2,0.36295093251485744,0.00012929370824070932,,0.5047619047619047,0.0
170,170,refinement,0.8,3,0.3621211177812554,0.014029672069190069,,0.5,0.0
170,170,refinement,0.8,4,0.3585132536669181,0.009801616789936986,,0.49246231155778897,0.0
170,170,refinement,0.8,5,0.3567106397082418,0.009749370186713988,,0.4907407407407407,0.0
170,170,refinement,0.8,6,0.37027760304762203,0.0027174901608419478,,0.5888888888888889,0.0
170,170,refinement,0.8,7,0.3821832580671245,0.003155903104555372,,0.5192307692307693,0.125
171,171,accumulation,N/A,0,0.29626248017817264,0.017606309179156076,,0.2941176470588235,0.0
171,171,accumulation,N/A,1,0.3193776660744304,0.07455628275539458,,0.23728813559322035,0.0
171,171,accumulation,N/A,2,0.2987817335803262,0.034262320698097266,,0.42857142857142855,0.0
171,171,accumulation,N/A,3,0.5149026724561063,0.07622025654618271,,0.6666666666666665,0.5
171,171,accumulation,N/A,4,0.3335704538838297,0.017203701853821488,,0.27906976744186046,0.0
171,171,accumulation,N/A,5,0.3813014285310606,0.08291374724364667,,0.4666666666666667,0.2
171,171,accumulation,N/A,6,0.4748851647427502,0.01623991739822754,,0.34285714285714286,0.4
171,171,accumulation,N/A,7,0.3362976886638223,0.05430532697769236,,0.375,0.2
171,171,refinement,0.5,0,0.29626248017817264,0.017606309179156076,,0.2941176470588235,0.0
171,171,refinement,0.5,1,0.3527849713059088,0.016072096614271444,,0.46153846153846156,0.0
171,171,refinement,0.5,2,0.323346934161861,0.015689316832163947,,0.5263157894736842,0.0
171,171,refinement,0.5,3,0.4169442713105926,0.06699558267131858,,0.7142857142857143,0.4
171,171,refinement,0.5,4,0.44140939441385063,0.06745205090138326,,0.6250000000000001,0.4
171,171,refinement,0.5,5,0.4937155805480937,0.056210042417819385,,0.8571428571428571,0.6
171,171,refinement,0.5,6,0.4291108388727041,0.056554423751774587,,0.75,0.2
171,171,refinement,0.5,7,0.4544911540300895,0.055893604839855004,,0.6,0.4
171,171,refinement,0.8,0,0.29626248017817264,0.017606309179156076,,0.2941176470588235,0.0
171,171,refinement,0.8,1,0.370912740337273,0.011002577423479853,,0.358974358974359,0.0
171,171,refinement,0.8,2,0.3266539155889402,0.07491981376463973,,0.34782608695652173,0.0
171,171,refinement,0.8,3,0.40821196009719674,0.060265398062727536,,0.5263157894736842,0.3333333333333333
171,171,refinement,0.8,4,0.3394262652028224,0.06492136443295507,,0.43478260869565216,0.0
171,171,refinement,0.8,5,0.35515757415337035,0.06319816392364584,,0.5555555555555556,0.16666666666666666
171,171,refinement,0.8,6,0.38416072367491594,0.0855544577818779,,0.5,0.2
171,171,refinement,0.8,7,0.42715026748831153,0.06793374354510966,,0.6250000000000001,0.4
172,172,accumulation,N/A,0,0.4156288207731058,0.33426029146410946,,0.4,0.0
172,172,accumulation,N/A,1,0.5178522700492164,0.15612918891861652,,0.5,0.5
172,172,accumulation,N/A,2,0.3470549709515185,0.07553665611604844,,0.10526315789473684,0.25
172,172,accumulation,N/A,3,0.47791781312159204,0.3862048851746706,,0.28571428571428575,0.3333333333333333
172,172,accumulation,N/A,4,0.37701273936681357,0.29274389515159716,,0.0606060606060606,0.0
172,172,accumulation,N/A,5,0.5218536442122973,0.42710615226874593,,0.4,0.3333333333333333
172,172,accumulation,N/A,6,0.5178226757339153,0.19873459612318156,,0.5,0.5
172,172,accumulation,N/A,7,0.47737529099988707,0.4052595795898141,,0.4,0.3333333333333333
172,172,refinement,0.5,0,0.4156288207731058,0.33426029146410946,,0.4,0.0
172,172,refinement,0.5,1,0.4160584546489593,0.33563041058564547,,0.4,0.0
172,172,refinement,0.5,2,0.4161431425807657,0.32996953288383557,,0.4,0.0
172,172,refinement,0.5,3,0.4160806639396489,0.3286199588156314,,0.4,0.0
172,172,refinement,0.5,4,0.41632560250638023,0.32996953288383557,,0.4,0.0
172,172,refinement,0.5,5,0.5083681056013738,0.16124918348039655,,0.6666666666666666,0.0
172,172,refinement,0.5,6,0.38068512260993637,0.3286199588156314,,0.3333333333333333,0.0
172,172,refinement,0.5,7,0.41607767678062324,0.32996953288383557,,0.4,0.0
172,172,refinement,0.8,0,0.4156288207731058,0.33426029146410946,,0.4,0.0
172,172,refinement,0.8,1,0.4260303247560015,0.3284812666628319,,0.28571428571428575,0.0
172,172,refinement,0.8,2,0.3854580920094573,0.3270140909712184,,0.3333333333333333,0.0
172,172,refinement,0.8,3,0.42086496595257306,0.32122850857934265,,0.4,0.0
172,172,refinement,0.8,4,0.36214864409707337,0.31712171221530183,,0.25,0.0
172,172,refinement,0.8,5,0.3859003447093525,0.32002165801076715,,0.3333333333333333,0.0
172,172,refinement,0.8,6,0.3871423227339469,0.3164777767256758,,0.3333333333333333,0.0
172,172,refinement,0.8,7,0.38751338574689603,0.31685791151825105,,0.3333333333333333,0.0
173,173,accumulation,N/A,0,0.29701023840175667,0.008356347205927907,,0.4,0.0
173,173,accumulation,N/A,1,0.3388185314408005,0.0018541769621268067,,0.5952380952380952,0.0
173,173,accumulation,N/A,2,0.27388226764071616,0.014144246713505074,,0.20408163265306123,0.125
173,173,accumulation,N/A,3,0.2874509415608024,0.009231603424181898,,0.07585335018963336,0.0
173,173,accumulation,N/A,4,0.3204248617892401,0.05086713534825309,,0.17241379310344826,0.25
173,173,accumulation,N/A,5,0.2635248592177325,0.003622490361078856,,0.38596491228070173,0.14285714285714285
173,173,accumulation,N/A,6,0.2971803069710984,0.011211475453324465,,0.5084745762711864,0.14285714285714285
173,173,accumulation,N/A,7,0.23250819667349276,0.010836695922500835,,0.271604938271605,0.0
173,173,refinement,0.5,0,0.29701023840175667,0.008356347205927907,,0.4,0.0
173,173,refinement,0.5,1,0.29182604083585706,0.009437178373554714,,0.46874999999999994,0.0
173,173,refinement,0.5,2,0.3077691496600408,0.0002982276897298505,,0.43333333333333335,0.0
173,173,refinement,0.5,3,0.35777981256657077,0.008932589398079125,,0.5161290322580646,0.42857142857142855
173,173,refinement,0.5,4,0.3153427787983296,0.020890769755683304,,0.3137254901960785,0.2857142857142857
173,173,refinement,0.5,5,0.22376029313246587,0.029057610652498164,,0.16,0.0
173,173,refinement,0.5,6,0.22914641366282434,0.021774829839616722,,0.18867924528301888,0.0
173,173,refinement,0.5,7,0.26800935219473687,0.008001986041516565,,0.22641509433962262,0.0
173,173,refinement,0.8,0,0.29701023840175667,0.008356347205927907,,0.4,0.0
173,173,refinement,0.8,1,0.34162988731967164,0.0018456808776918957,,0.4999999999999999,0.25
173,173,refinement,0.8,2,0.3051125295849125,0.0019633120838310667,,0.3943661971830986,0.125
173,173,refinement,0.8,3,0.29005552910340904,0.0032086357121745815,,0.32727272727272727,0.14285714285714285
173,173,refinement,0.8,4,0.24199278137018054,0.02892488810120217,,0.34615384615384615,0.0
173,173,refinement,0.8,5,0.24640509952863518,0.00525203164003361,,0.24489795918367344,0.0
173,173,refinement,0.8,6,0.2607586570054786,0.003365873172795271,,0.4150943396226415,0.0
173,173,refinement,0.8,7,0.3018279457352066,0.0,,0.46874999999999994,0.0
174,174,accumulation,N/A,0,0.3224474282912384,0.01778268138448783,,0.46616541353383456,0.125
174,174,accumulation,N/A,1,0.3272838529096995,0.01667158320513942,,0.4545454545454545,0.14285714285714285
174,174,accumulation,N/A,2,0.3185353744209727,0.019405541431478858,,0.5294117647058824,0.0
174,174,accumulation,N/A,3,0.3276801957223554,0.04141856030456695,,0.45871559633027525,0.0
174,174,accumulation,N/A,4,0.30456341609425774,0.01022149845802292,,0.3870967741935483,0.0
174,174,accumulation,N/A,5,0.3249833799130119,0.008518629567324581,,0.3582089552238805,0.16666666666666666
174,174,accumulation,N/A,6,0.35735795605370513,0.024946273183414212,,0.4647887323943662,0.0
174,174,accumulation,N/A,7,0.30952986276708966,0.015360182120548797,,0.4293785310734463,0.0
174,174,refinement,0.5,0,0.3224474282912384,0.01778268138448783,,0.46616541353383456,0.125
174,174,refinement,0.5,1,0.2844357519332802,0.017656549608506777,,0.4552845528455285,0.0
174,174,refinement,0.5,2,0.30908577638460444,0.01729831760389855,,0.46969696969696967,0.125
174,174,refinement,0.5,3,0.3222660693446728,0.014984804060806831,,0.4413793103448276,0.125
174,174,refinement,0.5,4,0.27539704344369154,0.01339975205983332,,0.40287769784172667,0.0
174,174,refinement,0.5,5,0.27928454752224086,0.011956426515314216,,0.44755244755244755,0.0
174,174,refinement,0.5,6,0.28606240781476455,0.023565748712964588,,0.44117647058823534,0.0
174,174,refinement,0.5,7,0.28007249108596277,0.03424158348046792,,0.4113475177304965,0.0
174,174,refinement,0.8,0,0.3224474282912384,0.01778268138448783,,0.46616541353383456,0.125
174,174,refinement,0.8,1,0.29210496938207287,0.012089432427262733,,0.4496124031007752,0.0
174,174,refinement,0.8,2,0.3039773224776693,0.007402484783974379,,0.38095238095238104,0.125
174,174,refinement,0.8,3,0.3375367678037369,0.01664477543523615,,0.375,0.0
174,174,refinement,0.8,4,0.3192618295259722,0.009062274826259228,,0.42105263157894735,0.0
174,174,refinement,0.8,5,0.354751912089597,0.011936994848517058,,0.5210084033613445,0.0
174,174,refinement,0.8,6,0.3188763497938333,0.015154634067842638,,0.4201680672268907,0.0
174,174,refinement,0.8,7,0.31189783260832016,0.02248968964965078,,0.40277777777777785,0.0
175,175,accumulation,N/A,0,0.2512868592018365,0.0007189999292528093,,0.18181818181818182,0.0
175,175,accumulation,N/A,1,0.3626139065603236,0.2847789437874172,,0.05263157894736842,0.3333333333333333
175,175,accumulation,N/A,2,0.2526152419320879,0.1636817802525252,,0.12903225806451613,0.0
175,175,accumulation,N/A,3,0.42486506482045083,0.20309879883718784,,0.28571428571428575,0.0
175,175,accumulation,N/A,4,0.3111049561555925,0.0,,0.0,0.5
175,175,accumulation,N/A,5,0.31350175540465663,0.2619819705583359,,0.15384615384615383,0.0
175,175,accumulation,N/A,6,0.267624068179406,0.06479656077101799,,0.04285714285714286,0.0
175,175,accumulation,N/A,7,0.2518767945651046,0.13504358965555996,,0.2222222222222222,0.0
175,175,refinement,0.5,0,0.2512868592018365,0.0007189999292528093,,0.18181818181818182,0.0
175,175,refinement,0.5,1,0.37729849870945664,0.38533557447481487,,0.25,0.25
175,175,refinement,0.5,2,0.4293150605672171,0.18874171528123235,,0.4444444444444444,0.5
175,175,refinement,0.5,3,0.40700326797403413,0.19019793556374218,,0.4444444444444444,0.5
175,175,refinement,0.5,4,0.4855274925172462,0.18693548670446064,,0.5714285714285715,0.6666666666666666
175,175,refinement,0.5,5,0.5338276183315823,0.18819327786609572,,0.5714285714285715,0.5
175,175,refinement,0.5,6,0.5775852061076524,0.1881510520019108,,0.8,0.5
175,175,refinement,0.5,7,0.5758951879917105,0.18690216030889617,,0.8,0.5
175,175,refinement,0.8,0,0.2512868592018365,0.0007189999292528093,,0.18181818181818182,0.0
175,175,refinement,0.8,1,0.4326000033935532,0.40435178592367066,,0.4,0.3333333333333333
175,175,refinement,0.8,2,0.5639107728894664,0.4356794546007989,,0.4,0.5
175,175,refinement,0.8,3,0.38518443216154835,0.2162464275889844,,0.36363636363636365,0.25
175,175,refinement,0.8,4,0.48813436986359904,0.21749724691471575,,0.36363636363636365,0.5
175,175,refinement,0.8,5,0.5356473557916865,0.14433760976188334,,0.7499999999999999,0.5
175,175,refinement,0.8,6,0.5399159016105461,0.442886765428411,,0.28571428571428575,0.5
175,175,refinement,0.8,7,0.5372728983032132,0.4560899106615856,,0.25,0.5
176,176,accumulation,N/A,0,0.3188798089254253,0.13723141159655844,,0.4000000000000001,0.0
176,176,accumulation,N/A,1,0.2863054319749456,0.12381725492982124,,0.2222222222222222,0.0
176,176,accumulation,N/A,2,0.3865322463632416,0.03882380407356536,,0.5,0.0
176,176,accumulation,N/A,3,0.2340642552201891,0.03397399331788913,,0.15384615384615385,0.2
176,176,accumulation,N/A,4,0.28846090985339823,0.15094290437706237,,0.26666666666666666,0.0
176,176,accumulation,N/A,5,0.27136789099708913,0.1787117294151357,,0.14285714285714285,0.0
176,176,accumulation,N/A,6,0.324214811888705,0.062405955721679465,,0.19047619047619047,0.3333333333333333
176,176,accumulation,N/A,7,0.2672190823405659,0.0,,0.5,0.0
176,176,refinement,0.5,0,0.3188798089254253,0.13723141159655844,,0.4000000000000001,0.0
176,176,refinement,0.5,1,0.3248283766625383,0.13267281262854982,,0.4444444444444445,0.0
176,176,refinement,0.5,2,0.41277036716952614,0.13543323688374992,,0.3636363636363636,0.0
176,176,refinement,0.5,3,0.40835725312533155,0.13767502063996787,,0.3333333333333333,0.3333333333333333
176,176,refinement,0.5,4,0.4181541214186779,0.13831097007559753,,0.4000000000000001,0.0
176,176,refinement,0.5,5,0.3624432410318262,0.09178334709331191,,0.4615384615384615,0.0
176,176,refinement,0.5,6,0.4174379430695515,0.13767502063996787,,0.4000000000000001,0.0
176,176,refinement,0.5,7,0.3576028642137507,0.13767502063996787,,0.5,0.0
176,176,refinement,0.8,0,0.3188798089254253,0.13723141159655844,,0.4000000000000001,0.0
176,176,refinement,0.8,1,0.31765364756040276,0.12012933393896505,,0.4000000000000001,0.0
176,176,refinement,0.8,2,0.35990046895545974,0.1395329219153374,,0.5,0.0
176,176,refinement,0.8,3,0.4155311836400216,0.14074202799878843,,0.3636363636363636,0.0
176,176,refinement,0.8,4,0.5585495870397711,0.05629681119951537,,0.9090909090909091,0.5
176,176,refinement,0.8,5,0.3809499059884745,0.09302194794355827,,0.5454545454545454,0.0
176,176,refinement,0.8,6,0.36108331270719546,0.13755968330859708,,0.5,0.0
176,176,refinement,0.8,7,0.3283360649368269,0.14068289865782943,,0.4444444444444445,0.0
177,177,accumulation,N/A,0,0.3350528806606064,0.013856552886109924,,0.3943661971830985,0.0
177,177,accumulation,N/A,1,0.384091890461967,0.026647097469658397,,0.5588235294117646,0.14285714285714285
177,177,accumulation,N/A,2,0.37191919083227676,0.0004840545306621302,,0.3529411764705882,0.25
177,177,accumulation,N/A,3,0.36124266503558394,0.012991617830970687,,0.4827586206896552,0.125
177,177,accumulation,N/A,4,0.2706160284371878,0.0015236858655405866,,0.33333333333333337,0.0
177,177,accumulation,N/A,5,0.34888027017462236,0.004400913721319223,,0.3902439024390244,0.14285714285714285
177,177,accumulation,N/A,6,0.359842042228906,0.011537786104366479,,0.5344827586206897,0.14285714285714285
177,177,accumulation,N/A,7,0.3726600638329135,0.023512861626997936,,0.4769230769230769,0.0
177,177,refinement,0.5,0,0.3350528806606064,0.013856552886109924,,0.3943661971830985,0.0
177,177,refinement,0.5,1,0.37656349766333236,0.013102944630574091,,0.5370370370370371,0.125
177,177,refinement,0.5,2,0.41360580158152105,0.013113282101153107,,0.5000000000000001,0.2857142857142857
177,177,refinement,0.5,3,0.4002364795539617,0.013915603137521604,,0.5471698113207547,0.14285714285714285
177,177,refinement,0.5,4,0.38245245704624353,0.01251559615519606,,0.5636363636363636,0.125
177,177,refinement,0.5,5,0.37705347639967235,0.013128490059340157,,0.5217391304347825,0.125
177,177,refinement,0.5,6,0.3662235747922192,0.011979900999912137,,0.5555555555555556,0.125
177,177,refinement,0.5,7,0.3763403052438819,0.01402971640768803,,0.5000000000000001,0.125
177,177,refinement,0.8,0,0.3350528806606064,0.013856552886109924,,0.3943661971830985,0.0
177,177,refinement,0.8,1,0.3768010525860719,0.01203569755608749,,0.5607476635514019,0.125
177,177,refinement,0.8,2,0.3960942043830892,0.006890715002059137,,0.559322033898305,0.14285714285714285
177,177,refinement,0.8,3,0.3865949346109561,0.013625066755604622,,0.4661654135338346,0.14285714285714285
177,177,refinement,0.8,4,0.3721540157704907,0.010111791591770058,,0.4915254237288136,0.14285714285714285
177,177,refinement,0.8,5,0.3825500290738363,0.0,,0.43421052631578944,0.14285714285714285
177,177,refinement,0.8,6,0.40187714621780446,0.009793999482836666,,0.43137254901960786,0.2857142857142857
177,177,refinement,0.8,7,0.36999785929204454,0.010226448710103947,,0.3728813559322034,0.14285714285714285
178,178,accumulation,N/A,0,0.3616519387651965,0.022632952046788963,,0.6194690265486725,0.0
178,178,accumulation,N/A,1,0.43184160336464333,0.024322213219978288,,0.5179856115107914,0.25
178,178,accumulation,N/A,2,0.43861918848745346,0.022753381786481806,,0.593886462882096,0.25
178,178,accumulation,N/A,3,0.4201876012449206,0.007072276086752417,,0.5836909871244635,0.125
178,178,accumulation,N/A,4,0.36919642742539943,0.052064210872278,,0.46258503401360546,0.0
178,178,accumulation,N/A,5,0.39633390512083183,0.016782915160005563,,0.5493562231759657,0.25
178,178,accumulation,N/A,6,0.3842347691756053,0.0336935769899503,,0.5531914893617021,0.0
178,178,accumulation,N/A,7,0.36562105121478766,0.02632675220926599,,0.48611111111111116,0.0
178,178,refinement,0.5,0,0.3616519387651965,0.022632952046788963,,0.6194690265486725,0.0
178,178,refinement,0.5,1,0.40849764091962726,0.02720662105167694,,0.6854460093896715,0.25
178,178,refinement,0.5,2,0.3644976617986471,0.01123223808707106,,0.7115384615384616,0.0
178,178,refinement,0.5,3,0.36486963858822413,0.023733060300755185,,0.6396396396396397,0.0
178,178,refinement,0.5,4,0.36622238927197004,0.01655565797692709,,0.6995073891625616,0.0
178,178,refinement,0.5,5,0.3672645253078262,0.016608616104708412,,0.7000000000000001,0.0
178,178,refinement,0.5,6,0.37883067872050397,0.011573169733082532,,0.7659574468085106,0.0
178,178,refinement,0.5,7,0.4337332365269553,0.008689065000478792,,0.7796610169491526,0.375
178,178,refinement,0.8,0,0.3616519387651965,0.022632952046788963,,0.6194690265486725,0.0
178,178,refinement,0.8,1,0.3465165427059663,0.017251773170524586,,0.7039106145251397,0.125
178,178,refinement,0.8,2,0.3391004333341231,0.01705633144088131,,0.6698564593301435,0.0
178,178,refinement,0.8,3,0.35421931607763957,0.011246494826414854,,0.5919282511210762,0.0
178,178,refinement,0.8,4,0.3496513446389223,0.014406662772593674,,0.6026200873362445,0.0
178,178,refinement,0.8,5,0.3352840455402698,0.019076171951719133,,0.6818181818181819,0.0
178,178,refinement,0.8,6,0.35639870090172476,0.011572482218839386,,0.6829268292682926,0.0
178,178,refinement,0.8,7,0.39256719065402196,0.01999668533400716,,0.718232044198895,0.125
179,179,accumulation,N/A,0,0.22814761690874052,0.27165873296184445,,0.047619047619047616,0.0
179,179,accumulation,N/A,1,0.22477592717541559,0.0454280266343431,,0.029411764705882356,0.0
179,179,accumulation,N/A,2,0.276030534470305,0.14740905068645646,,0.026666666666666665,0.0
179,179,accumulation,N/A,3,0.24238070936189696,0.019147988799680403,,0.0392156862745098,0.0
179,179,accumulation,N/A,4,0.2424820690942063,0.21848109360576126,,0.019047619047619046,0.0
179,179,accumulation,N/A,5,0.27075651817905544,0.2174619104411737,,0.03174603174603175,0.3333333333333333
179,179,accumulation,N/A,6,0.38298835324435315,0.3557816950564465,,0.4,0.3333333333333333
179,179,accumulation,N/A,7,0.48948712278895345,0.17679265486825177,,0.8571428571428571,0.0
179,179,refinement,0.5,0,0.22814761690874052,0.27165873296184445,,0.047619047619047616,0.0
179,179,refinement,0.5,1,0.22753466499927028,0.26961815997656535,,0.004376367614879651,0.0
179,179,refinement,0.5,2,0.23373260634391113,0.26887969831704106,,0.044444444444444446,0.0
179,179,refinement,0.5,3,0.3252272260809771,0.26502405861145933,,0.3333333333333333,0.0
179,179,refinement,0.5,4,0.42341109203456395,0.2681592976686678,,0.5,0.0
179,179,refinement,0.5,5,0.22947520334064178,0.26675203668921466,,0.03076923076923077,0.0
179,179,refinement,0.5,6,0.281464266659063,0.2118624140237178,,0.28571428571428575,0.0
179,179,refinement,0.5,7,0.31946985764236885,0.16437536048492526,,0.4,0.0
179,179,refinement,0.8,0,0.22814761690874052,0.27165873296184445,,0.047619047619047616,0.0
179,179,refinement,0.8,1,0.21163101629613482,0.26628913047269837,,0.034482758620689655,0.0
179,179,refinement,0.8,2,0.2437173580970834,0.1543184242453851,,0.16666666666666666,0.0
179,179,refinement,0.8,3,0.28882700057797284,0.2732431788892281,,0.28571428571428575,0.0
179,179,refinement,0.8,4,0.3163896413315684,0.16844388819357525,,0.4,0.0
179,179,refinement,0.8,5,0.32183585522553226,0.25250142562782396,,0.4,0.0
179,179,refinement,0.8,6,0.2813990935082677,0.12902310343416581,,0.13333333333333333,0.3333333333333333
179,179,refinement,0.8,7,0.22193934926048597,0.11830071640426605,,0.10526315789473684,0.0
180,180,accumulation,N/A,0,0.6775562833679161,0.14161700669368948,,1.0,1.0
180,180,accumulation,N/A,1,0.5150935903390053,0.17846645991287968,,0.8,0.5
180,180,accumulation,N/A,2,0.4185622235947465,0.11560894446493726,,0.6666666666666666,0.0
180,180,accumulation,N/A,3,0.5044174571343751,0.23752053372383586,,0.5714285714285715,0.0
180,180,accumulation,N/A,4,0.4362296971726656,0.2274054565476783,,0.6666666666666666,0.3333333333333333
180,180,accumulation,N/A,5,0.3936304694131062,0.17664625273724244,,0.2857142857142857,0.0
180,180,accumulation,N/A,6,0.4226528267602082,0.26519478012805847,,0.5714285714285715,0.0
180,180,accumulation,N/A,7,0.31451850964807393,0.34461776511924264,,0.07407407407407407,0.0
180,180,refinement,0.5,0,0.6775562833679161,0.14161700669368948,,1.0,1.0
180,180,refinement,0.5,1,0.6849786764528608,0.1924815921078144,,1.0,1.0
180,180,refinement,0.5,2,0.46792480452290475,0.19077355079176644,,0.5714285714285715,0.5
180,180,refinement,0.5,3,0.4137587908506438,0.1290825137069943,,0.5714285714285715,0.3333333333333333
180,180,refinement,0.5,4,0.6799086046218001,0.13944159343546922,,1.0,1.0
180,180,refinement,0.5,5,0.6827812452191455,0.16231215921721745,,1.0,1.0
180,180,refinement,0.5,6,0.6820045258158888,0.15283321359500132,,1.0,1.0
180,180,refinement,0.5,7,0.5036411618004107,0.18093634002152145,,0.8,0.5
180,180,refinement,0.8,0,0.6775562833679161,0.14161700669368948,,1.0,1.0
180,180,refinement,0.8,1,0.5006113272440577,0.1535447553574979,,0.8,0.5
180,180,refinement,0.8,2,0.730374958793703,0.2526170660767003,,1.0,1.0
180,180,refinement,0.8,3,0.5035356184613994,0.12718027482429076,,0.5714285714285715,0.5
180,180,refinement,0.8,4,0.7132522383978903,0.1909939421794285,,1.0,1.0
180,180,refinement,0.8,5,0.47148314685255255,0.24670346436193732,,0.6666666666666666,0.3333333333333333
180,180,refinement,0.8,6,0.44627975706038786,0.28969826410594035,,0.5,0.3333333333333333
180,180,refinement,0.8,7,0.7004933007154416,0.2566492747159155,,1.0,1.0
181,181,accumulation,N/A,0,0.3357124614341206,0.03106237497363447,,0.4444444444444444,0.14285714285714285
181,181,accumulation,N/A,1,0.3590290096175285,0.03229625574863246,,0.4631578947368421,0.0
181,181,accumulation,N/A,2,0.39022934329855824,0.05618219527456493,,0.5048543689320389,0.14285714285714285
181,181,accumulation,N/A,3,0.32903323488213465,0.023574515031455887,,0.5217391304347826,0.0
181,181,accumulation,N/A,4,0.3713093378665342,0.06061058425931474,,0.4672897196261682,0.0
181,181,accumulation,N/A,5,0.3268041964814471,0.028056949101198922,,0.5641025641025642,0.14285714285714285
181,181,accumulation,N/A,6,0.4179547249523278,0.04149303110585093,,0.627906976744186,0.2857142857142857
181,181,accumulation,N/A,7,0.3206493971217567,0.014723088160325122,,0.48543689320388345,0.0
181,181,refinement,0.5,0,0.3357124614341206,0.03106237497363447,,0.4444444444444444,0.14285714285714285
181,181,refinement,0.5,1,0.2823787932212365,0.03313617766862436,,0.41666666666666663,0.0
181,181,refinement,0.5,2,0.2697799169272884,0.03062005578360953,,0.4383561643835616,0.0
181,181,refinement,0.5,3,0.2698817408716155,0.03253410304276398,,0.38961038961038963,0.0
181,181,refinement,0.5,4,0.2585277591367121,0.0397751572581903,,0.41269841269841273,0.0
181,181,refinement,0.5,5,0.26589430412333187,0.03532108286059165,,0.4444444444444445,0.0
181,181,refinement,0.5,6,0.2630374555748617,0.03869047861651493,,0.4444444444444445,0.0
181,181,refinement,0.5,7,0.2686201136202049,0.0035510020394502835,,0.42857142857142855,0.0
181,181,refinement,0.8,0,0.3357124614341206,0.03106237497363447,,0.4444444444444444,0.14285714285714285
181,181,refinement,0.8,1,0.2945962450544084,0.03668061158942257,,0.4507042253521127,0.0
181,181,refinement,0.8,2,0.2626451787081826,0.01605872759566432,,0.409090909090909,0.0
181,181,refinement,0.8,3,0.2693612618610761,0.019548974658682425,,0.4722222222222222,0.0
181,181,refinement,0.8,4,0.3080168559980404,0.0312658154612238,,0.4086021505376343,0.14285714285714285
181,181,refinement,0.8,5,0.3057707694251918,0.009785748788895958,,0.5641025641025642,0.0
181,181,refinement,0.8,6,0.3135015389612056,0.02809117208836821,,0.5333333333333332,0.0
181,181,refinement,0.8,7,0.35364629337627024,0.014772464901602108,,0.4324324324324324,0.14285714285714285
182,182,accumulation,N/A,0,0.41086556378746797,0.011418265747571009,,0.5842696629213483,0.16666666666666666
182,182,accumulation,N/A,1,0.3166074769370124,0.0683163161136041,,0.2912621359223301,0.0
182,182,accumulation,N/A,2,0.4013029905988664,0.02700017775654452,,0.5567010309278351,0.16666666666666666
182,182,accumulation,N/A,3,0.23659964917583412,0.05275316830195215,,0.1212121212121212,0.0
182,182,accumulation,N/A,4,0.2955565002896121,0.04890694344059326,,0.3373493975903614,0.0
182,182,accumulation,N/A,5,0.3157328193397007,0.0009813331883975318,,0.4587155963302752,0.0
182,182,accumulation,N/A,6,0.29091227665893915,0.015203836476417086,,0.4742268041237113,0.0
182,182,accumulation,N/A,7,0.35546797623258136,0.016177326124473642,,0.41509433962264153,0.16666666666666666
182,182,refinement,0.5,0,0.41086556378746797,0.011418265747571009,,0.5842696629213483,0.16666666666666666
182,182,refinement,0.5,1,0.3457362012362676,0.01525747449286545,,0.5000000000000001,0.0
182,182,refinement,0.5,2,0.30298515363709777,0.013175949064561262,,0.48780487804878053,0.0
182,182,refinement,0.5,3,0.3471597590311308,0.01306440189971946,,0.4938271604938272,0.0
182,182,refinement,0.5,4,0.3058924903718019,0.017497840883719043,,0.44444444444444453,0.0
182,182,refinement,0.5,5,0.3007582892731262,0.019802714029126266,,0.3999999999999999,0.0
182,182,refinement,0.5,6,0.3593285726772061,0.01749518420130386,,0.44444444444444453,0.0
182,182,refinement,0.5,7,0.3019895879414179,0.028627910842395677,,0.2985074626865672,0.0
182,182,refinement,0.8,0,0.41086556378746797,0.011418265747571009,,0.5842696629213483,0.16666666666666666
182,182,refinement,0.8,1,0.3370609605531498,0.016720804926099644,,0.38356164383561636,0.0
182,182,refinement,0.8,2,0.3008081568950097,0.03198406365157772,,0.32876712328767127,0.0
182,182,refinement,0.8,3,0.3060102954542236,0.025978541655262914,,0.4047619047619047,0.0
182,182,refinement,0.8,4,0.3120734148593063,0.032618316560294514,,0.37499999999999994,0.0
182,182,refinement,0.8,5,0.3206383815988078,0.017011949274408945,,0.5660377358490566,0.0
182,182,refinement,0.8,6,0.3345252322567139,0.02066966921502172,,0.5148514851485148,0.0
182,182,refinement,0.8,7,0.29499456457035067,0.0305447565428923,,0.41860465116279066,0.0
183,183,accumulation,N/A,0,0.32140868047203264,0.03901149153067393,,0.2571428571428572,0.0
183,183,accumulation,N/A,1,0.3911959105258508,0.0269202885399417,,0.48,0.0
183,183,accumulation,N/A,2,0.42632130397013845,0.04639851374609208,,0.48888888888888893,0.0
183,183,accumulation,N/A,3,0.35749909002956587,0.09054403170407536,,0.3548387096774194,0.0
183,183,accumulation,N/A,4,0.37186600178913176,0.018616432913107335,,0.5,0.0
183,183,accumulation,N/A,5,0.3718862242671467,0.08885756380712131,,0.41025641025641024,0.0
183,183,accumulation,N/A,6,0.4573237575442119,0.13203450087453467,,0.5185185185185185,0.0
183,183,accumulation,N/A,7,0.4137503838571746,0.09712420296933398,,0.43750000000000006,0.16666666666666666
183,183,refinement,0.5,0,0.32140868047203264,0.03901149153067393,,0.2571428571428572,0.0
183,183,refinement,0.5,1,0.36306414838127044,0.03927719835237887,,0.2465753424657534,0.14285714285714285
183,183,refinement,0.5,2,0.37265112760499114,0.029726368605547736,,0.3384615384615385,0.14285714285714285
183,183,refinement,0.5,3,0.3528321950567871,0.04175228063867547,,0.33333333333333337,0.14285714285714285
183,183,refinement,0.5,4,0.3327771208538184,0.042007733916025525,,0.36734693877551017,0.0
183,183,refinement,0.5,5,0.3598120782609854,0.035492321947038885,,0.38596491228070184,0.125
183,183,refinement,0.5,6,0.3585522202102565,0.03411085422068813,,0.39285714285714285,0.0
183,183,refinement,0.5,7,0.38241142325261646,0.03444572246340839,,0.40740740740740744,0.14285714285714285
183,183,refinement,0.8,0,0.32140868047203264,0.03901149153067393,,0.2571428571428572,0.0
183,183,refinement,0.8,1,0.3421521443762854,0.038304388375965386,,0.20253164556962025,0.0
183,183,refinement,0.8,2,0.36495371517814534,0.03621290501415793,,0.2571428571428572,0.14285714285714285
183,183,refinement,0.8,3,0.3104493460889732,0.04924134384272327,,0.17391304347826086,0.0
183,183,refinement,0.8,4,0.31378603977497144,0.04791272937308032,,0.14,0.0
183,183,refinement,0.8,5,0.31604348575958496,0.04774673702533751,,0.17721518987341772,0.0
183,183,refinement,0.8,6,0.35882791726499347,0.03739422759082172,,0.3508771929824562,0.0
183,183,refinement,0.8,7,0.3677300880396959,0.043538603018617554,,0.25,0.0
184,184,accumulation,N/A,0,0.3229054125614228,0.18760675248378966,,0.23529411764705882,0.2
184,184,accumulation,N/A,1,0.43139441791082755,0.5876537821866111,,0.5,0.0
184,184,accumulation,N/A,2,0.6107520397043981,0.30701345190300244,,0.8,0.5
184,184,accumulation,N/A,3,0.30641877172789955,0.17132382711723823,,0.2222222222222222,0.16666666666666666
184,184,accumulation,N/A,4,0.36678347203868766,0.31062944382566576,,0.35294117647058826,0.0
184,184,accumulation,N/A,5,0.5522411233314178,0.3610012170984331,,0.4,0.5
184,184,accumulation,N/A,6,0.5329184130178725,0.21290768591591022,,0.5714285714285715,0.5
184,184,accumulation,N/A,7,0.34695806914060423,0.48390652470477885,,0.24000000000000002,0.0
184,184,refinement,0.5,0,0.3229054125614228,0.18760675248378966,,0.23529411764705882,0.2
184,184,refinement,0.5,1,0.503813647657543,0.1864604631111098,,0.8,0.5
184,184,refinement,0.5,2,0.3934508792372611,0.18642262994850461,,0.4,0.3333333333333333
184,184,refinement,0.5,3,0.5043822774763634,0.18350361978244864,,0.8,0.5
184,184,refinement,0.5,4,0.5044094572599431,0.18350361978244864,,0.8,0.5
184,184,refinement,0.5,5,0.5045772552534783,0.18350361978244864,,0.8,0.5
184,184,refinement,0.5,6,0.677271654112429,0.12233574652163243,,1.0,1.0
184,184,refinement,0.5,7,0.6720215542760306,0.12233574652163243,,1.0,1.0
184,184,refinement,0.8,0,0.3229054125614228,0.18760675248378966,,0.23529411764705882,0.2
184,184,refinement,0.8,1,0.395399434411492,0.18186519460581962,,0.5714285714285715,0.25
184,184,refinement,0.8,2,0.3651346071317777,0.19507340796700615,,0.5714285714285715,0.0
184,184,refinement,0.8,3,0.4267860430133062,0.20501072683156651,,0.6666666666666666,0.3333333333333333
184,184,refinement,0.8,4,0.4430638332498422,0.22293855205834281,,0.4444444444444444,0.5
184,184,refinement,0.8,5,0.6240177770088187,0.20168032117234286,,0.6666666666666666,1.0
184,184,refinement,0.8,6,0.5228777722865314,0.19966320918168068,,0.5,0.5
184,184,refinement,0.8,7,0.6231548406924736,0.19071937293706398,,0.6666666666666666,1.0
185,185,accumulation,N/A,0,0.5182084811759149,0.3491487729379372,,0.8,0.0
185,185,accumulation,N/A,1,0.5045442650328111,0.6666621776147856,,0.5,0.0
185,185,accumulation,N/A,2,0.37239969755752333,0.32870267045938734,,0.5,0.0
185,185,accumulation,N/A,3,0.32249951622051487,0.3761239600881486,,0.33333333333333337,0.0
185,185,accumulation,N/A,4,0.5676727975375409,0.494821304294428,,0.6666666666666666,0.0
185,185,accumulation,N/A,5,0.5050239075079742,0.5860230651353942,,0.3333333333333333,0.5
185,185,accumulation,N/A,6,0.42971652191931614,0.5310702791196661,,0.3333333333333333,0.0
185,185,accumulation,N/A,7,0.2893356244426424,0.40356925867963156,,0.16,0.0
185,185,refinement,0.5,0,0.5182084811759149,0.3491487729379372,,0.8,0.0
185,185,refinement,0.5,1,0.422238617838402,0.3469159643606339,,0.6666666666666666,0.0
185,185,refinement,0.5,2,0.4227439421891947,0.34823786326186423,,0.6666666666666666,0.0
185,185,refinement,0.5,3,0.40903391902792013,0.35704017463289084,,0.5714285714285715,0.0
185,185,refinement,0.5,4,0.5166911878253111,0.34288109640937503,,0.8,0.0
185,185,refinement,0.5,5,0.5179003187532083,0.35214627736153115,,0.8,0.0
185,185,refinement,0.5,6,0.5174005275648256,0.34914163616824956,,0.8,0.0
185,185,refinement,0.5,7,0.3976408182308101,0.3484066011447375,,0.5,0.0
185,185,refinement,0.8,0,0.5182084811759149,0.3491487729379372,,0.8,0.0
185,185,refinement,0.8,1,0.5206690192650263,0.3735415612169094,,0.8,0.0
185,185,refinement,0.8,2,0.5278107834744881,0.4154130654990036,,0.8,0.0
185,185,refinement,0.8,3,0.43461052842239434,0.425645583206636,,0.6666666666666666,0.0
185,185,refinement,0.8,4,0.5280122516152245,0.413796271201769,,0.8,0.0
185,185,refinement,0.8,5,0.5292671334415494,0.43028437173047895,,0.8,0.0
185,185,refinement,0.8,6,0.5369307535828173,0.5190595730538495,,0.8,0.0
185,185,refinement,0.8,7,0.5409677000535222,0.5431780669752371,,0.8,0.0
186,186,accumulation,N/A,0,0.381826021317028,0.03556519304465669,,0.5416666666666666,0.0
186,186,accumulation,N/A,1,0.5110101663035289,0.008803210643851731,,0.6268656716417911,0.4
186,186,accumulation,N/A,2,0.4198677121241463,0.01116557102027221,,0.6984126984126984,0.0
186,186,accumulation,N/A,3,0.3593945097405832,0.05366144705737838,,0.45454545454545453,0.0
186,186,accumulation,N/A,4,0.3841143517573137,0.0816853934030058,,0.45312500000000006,0.0
186,186,accumulation,N/A,5,0.4975475800710159,0.01460498636515667,,0.627906976744186,0.2
186,186,accumulation,N/A,6,0.4391662951578038,0.04679381779005323,,0.4716981132075472,0.2
186,186,accumulation,N/A,7,0.42531783506239884,0.01747375270885126,,0.4736842105263157,0.2
186,186,refinement,0.5,0,0.381826021317028,0.03556519304465669,,0.5416666666666666,0.0
186,186,refinement,0.5,1,0.34391515821737173,0.033564007502735804,,0.5217391304347826,0.0
186,186,refinement,0.5,2,0.33829733989148464,0.026532989380411768,,0.4897959183673469,0.0
186,186,refinement,0.5,3,0.3192415841469961,0.02248030423790259,,0.46808510638297873,0.0
186,186,refinement,0.5,4,0.3022599971627873,0.023804045269111434,,0.391304347826087,0.0
186,186,refinement,0.5,5,0.3104725287460062,0.01957519838588447,,0.48000000000000004,0.0
186,186,refinement,0.5,6,0.3068207408153031,0.02745753658636914,,0.4090909090909091,0.0
186,186,refinement,0.5,7,0.34014596310628437,0.02192013499149781,,0.4888888888888889,0.0
186,186,refinement,0.8,0,0.381826021317028,0.03556519304465669,,0.5416666666666666,0.0
186,186,refinement,0.8,1,0.38141661667923493,0.051909902384330325,,0.5098039215686274,0.2
186,186,refinement,0.8,2,0.4218037157027405,0.012900417067972021,,0.6181818181818182,0.4
186,186,refinement,0.8,3,0.32574756159300616,0.00025860676747703715,,0.4941176470588236,0.0
186,186,refinement,0.8,4,0.33442800435674125,0.036724456446995686,,0.5,0.0
186,186,refinement,0.8,5,0.3683919525213389,0.014250052280902292,,0.6216216216216216,0.0
186,186,refinement,0.8,6,0.4039636426030574,0.020566404271007675,,0.48888888888888893,0.2
186,186,refinement,0.8,7,0.38588296479557604,0.015672329163353777,,0.6341463414634146,0.0
187,187,accumulation,N/A,0,0.24034425544512603,0.08428267143969884,,0.09999999999999999,0.0
187,187,accumulation,N/A,1,0.6176288505400478,0.47544088081290986,,0.6666666666666666,0.5
187,187,accumulation,N/A,2,0.556049191366661,0.12246683608065606,,0.6666666666666666,0.5
187,187,accumulation,N/A,3,0.7537376152627258,0.9090538709907414,,0.6666666666666666,0.5
187,187,accumulation,N/A,4,0.44182600523202886,0.21359433942869166,,0.4,0.25
187,187,accumulation,N/A,5,0.5691221783191229,0.7328904133385151,,0.5,0.0
187,187,accumulation,N/A,6,0.5416293625988267,0.37731477441760425,,0.3333333333333333,0.5
187,187,accumulation,N/A,7,0.5439535892629518,0.5626239187651217,,0.5,0.3333333333333333
187,187,refinement,0.5,0,0.24034425544512603,0.08428267143969884,,0.09999999999999999,0.0
187,187,refinement,0.5,1,0.22048267588781006,0.0834942418441443,,0.0015071590052750565,0.0
187,187,refinement,0.5,2,0.22283177258128017,0.014703443252419105,,0.06451612903225806,0.0
187,187,refinement,0.5,3,0.23477075580395398,0.01002686406011051,,0.039215686274509796,0.0
187,187,refinement,0.5,4,0.3161684892604679,0.1913058083569929,,0.5,0.0
187,187,refinement,0.5,5,0.27572600105827205,0.19036181143528247,,0.4,0.0
187,187,refinement,0.5,6,0.30467705394122147,0.06540230251426314,,0.5,0.0
187,187,refinement,0.5,7,0.3031216907154909,0.0,,0.5,0.0
187,187,refinement,0.8,0,0.24034425544512603,0.08428267143969884,,0.09999999999999999,0.0
187,187,refinement,0.8,1,0.42844731967783745,0.09645487043721704,,0.6666666666666666,0.5
187,187,refinement,0.8,2,0.29966717599623677,0.1641571122482219,,0.10526315789473684,0.3333333333333333
187,187,refinement,0.8,3,0.4365623568472825,0.16812418518750086,,0.6666666666666666,0.5
187,187,refinement,0.8,4,0.3624558832598914,0.16099778086726813,,0.5,0.3333333333333333
187,187,refinement,0.8,5,0.43457302849996116,0.14831366646131094,,0.6666666666666666,0.5
187,187,refinement,0.8,6,0.4407044279475876,0.24062483127482132,,0.6666666666666666,0.5
187,187,refinement,0.8,7,0.37144476939407783,0.2546476324043604,,0.5,0.3333333333333333
188,188,accumulation,N/A,0,0.2163255118583418,0.08582803200107007,,0.13333333333333333,0.0
188,188,accumulation,N/A,1,0.23702297828360575,0.0,,0.15384615384615383,0.0
188,188,accumulation,N/A,2,0.22978542866766272,0.0,,0.0,0.0
188,188,accumulation,N/A,3,0.3622618477184263,0.02718159424971729,,0.5714285714285715,0.0
188,188,accumulation,N/A,4,0.2425287642493025,0.0,,0.06896551724137931,0.25
188,188,accumulation,N/A,5,0.2978187772773804,0.0,,0.4,0.0
188,188,accumulation,N/A,6,0.3166011128233128,0.0,,0.0,0.0
188,188,accumulation,N/A,7,0.31498962596434804,0.0,,0.16666666666666666,0.5
188,188,refinement,0.5,0,0.2163255118583418,0.08582803200107007,,0.13333333333333333,0.0
188,188,refinement,0.5,1,0.20986493714780524,0.09100068225331814,,0.10169491525423728,0.0
188,188,refinement,0.5,2,0.21579529013891474,0.08684425621481007,,0.12244897959183672,0.0
188,188,refinement,0.5,3,0.21271067123535115,0.093613040015455,,0.12,0.0
188,188,refinement,0.5,4,0.21771469145656464,0.09388894001273627,,0.13333333333333333,0.0
188,188,refinement,0.5,5,0.22565769324024876,0.0942185192649571,,0.13043478260869565,0.0
188,188,refinement,0.5,6,0.2185722407718349,0.08494042457233836,,0.14634146341463414,0.0
188,188,refinement,0.5,7,0.22268773734614397,0.09183841848183867,,0.15,0.0
188,188,refinement,0.8,0,0.2163255118583418,0.08582803200107007,,0.13333333333333333,0.0
188,188,refinement,0.8,1,0.22452003023782663,0.07872845075393947,,0.09523809523809523,0.0
188,188,refinement,0.8,2,0.2685188869407714,0.08385256048946647,,0.1739130434782609,0.2
188,188,refinement,0.8,3,0.2605783480595741,0.05209231487281526,,0.35294117647058826,0.0
188,188,refinement,0.8,4,0.25685221715686496,0.0340440312691477,,0.3157894736842105,0.0
188,188,refinement,0.8,5,0.2734536162406603,0.03747360874771501,,0.375,0.0
188,188,refinement,0.8,6,0.2435103536123953,0.028398530188867597,,0.2222222222222222,0.0
188,188,refinement,0.8,7,0.3844864047430289,0.020454515179368308,,0.5,0.0
189,189,accumulation,N/A,0,0.3873361999856574,0.0350774499327855,,0.4074074074074074,0.2857142857142857
189,189,accumulation,N/A,1,0.37496699008737194,0.03143173316162979,,0.3661971830985915,0.25
189,189,accumulation,N/A,2,0.3399875295225242,0.06133436568059109,,0.3294117647058824,0.0
189,189,accumulation,N/A,3,0.39732233288453117,0.11143965946973768,,0.3913043478260869,0.125
189,189,accumulation,N/A,4,0.33972577795949344,0.04616405559306966,,0.32000000000000006,0.0
189,189,accumulation,N/A,5,0.29383202392279456,0.025262323447477485,,0.4,0.0
189,189,accumulation,N/A,6,0.435200914725803,0.14945832696051048,,0.28205128205128205,0.125
189,189,accumulation,N/A,7,0.3659600201970321,0.05157950301464329,,0.3125,0.42857142857142855
189,189,refinement,0.5,0,0.3873361999856574,0.0350774499327855,,0.4074074074074074,0.2857142857142857
189,189,refinement,0.5,1,0.38086065941200004,0.04000443899065075,,0.4,0.2857142857142857
189,189,refinement,0.5,2,0.37402995223911345,0.01720020002445589,,0.39215686274509803,0.2857142857142857
189,189,refinement,0.5,3,0.3599804830462711,0.04426079306969597,,0.3829787234042553,0.25
189,189,refinement,0.5,4,0.39245616781817927,0.01438880804931884,,0.4680851063829787,0.2857142857142857
189,189,refinement,0.5,5,0.3698811085133328,0.04010594686453728,,0.425531914893617,0.25
189,189,refinement,0.5,6,0.37274254149764885,0.03631794636275767,,0.4074074074074074,0.375
189,189,refinement,0.5,7,0.3973050140091258,0.03136620991173793,,0.52,0.375
189,189,refinement,0.8,0,0.3873361999856574,0.0350774499327855,,0.4074074074074074,0.2857142857142857
189,189,refinement,0.8,1,0.41371202772948207,0.034680653964050165,,0.48000000000000004,0.2857142857142857
189,189,refinement,0.8,2,0.4145367294385547,0.03166355304907073,,0.48000000000000004,0.2857142857142857
189,189,refinement,0.8,3,0.365610244654688,0.018191411090419822,,0.4680851063829787,0.25
189,189,refinement,0.8,4,0.35549609157750206,0.060277066679839626,,0.38596491228070173,0.25
189,189,refinement,0.8,5,0.4175968660248476,0.05974379347347636,,0.5499999999999999,0.42857142857142855
189,189,refinement,0.8,6,0.34606832668989385,0.053263447259110835,,0.5000000000000001,0.125
189,189,refinement,0.8,7,0.3463500894377638,0.06569270742127582,,0.43902439024390244,0.125
190,190,accumulation,N/A,0,0.33964768995573585,0.006004858307157487,,0.48484848484848486,0.0
190,190,accumulation,N/A,1,0.3338645124356071,0.008371102709691965,,0.6,0.0
190,190,accumulation,N/A,2,0.4183774779638128,0.06113697417653301,,0.5945945945945945,0.14285714285714285
190,190,accumulation,N/A,3,0.42265345966320356,0.0060049422279946675,,0.6718750000000001,0.14285714285714285
190,190,accumulation,N/A,4,0.4058128833894214,0.007829539813359168,,0.5555555555555556,0.14285714285714285
190,190,accumulation,N/A,5,0.32394101511896256,0.020279812408563296,,0.5511811023622046,0.125
190,190,accumulation,N/A,6,0.33640414807660435,0.004192183434108064,,0.5655172413793103,0.14285714285714285
190,190,accumulation,N/A,7,0.42802182300514335,0.01378285738300513,,0.5915492957746479,0.2857142857142857
190,190,refinement,0.5,0,0.33964768995573585,0.006004858307157487,,0.48484848484848486,0.0
190,190,refinement,0.5,1,0.32793261941392493,0.011712161252030796,,0.4970414201183432,0.0
190,190,refinement,0.5,2,0.4073921371821133,0.007032521214487789,,0.48888888888888893,0.2857142857142857
190,190,refinement,0.5,3,0.3528609761273842,0.01402383832446788,,0.5375000000000001,0.0
190,190,refinement,0.5,4,0.37190265326223393,0.011549615241679946,,0.5430463576158941,0.0
190,190,refinement,0.5,5,0.3715409177724062,0.014517742683862729,,0.5324675324675324,0.125
190,190,refinement,0.5,6,0.35743144921260805,0.012045276520298367,,0.5673758865248226,0.0
190,190,refinement,0.5,7,0.3774650004631541,0.013220443797580694,,0.5755395683453238,0.125
190,190,refinement,0.8,0,0.33964768995573585,0.006004858307157487,,0.48484848484848486,0.0
190,190,refinement,0.8,1,0.33377057636480134,0.005990564306981855,,0.5736434108527132,0.0
190,190,refinement,0.8,2,0.3422670005204327,0.013616888779511643,,0.6086956521739131,0.0
190,190,refinement,0.8,3,0.34394253505288086,0.006936633417417077,,0.6724137931034483,0.0
190,190,refinement,0.8,4,0.3676908107583139,0.014565841394691791,,0.6666666666666667,0.0
190,190,refinement,0.8,5,0.37016619002025264,0.008292537372540213,,0.6610169491525425,0.0
190,190,refinement,0.8,6,0.36482138135249753,0.0137766100074216,,0.6415094339622641,0.14285714285714285
190,190,refinement,0.8,7,0.36662527767780423,0.005773609485123547,,0.5573770491803278,0.14285714285714285
191,191,accumulation,N/A,0,0.4173631286386802,0.3736970968685828,,0.4,0.0
191,191,accumulation,N/A,1,0.23729967636090638,0.016756866185302706,,0.0606060606060606,0.0
191,191,accumulation,N/A,2,0.4979408421085285,0.41704933387624876,,0.2,0.25
191,191,accumulation,N/A,3,0.3846395692428425,0.234509297366683,,0.28571428571428575,0.3333333333333333
191,191,accumulation,N/A,4,0.4408883732813508,0.47761235514005995,,0.4,0.0
191,191,accumulation,N/A,5,0.24499978044477982,0.10824255520447208,,0.0014409221902017292,0.0
191,191,accumulation,N/A,6,0.2591267387848016,0.030750922922143223,,0.18181818181818182,0.0
191,191,accumulation,N/A,7,0.39876977095904487,0.12791745847707237,,0.3333333333333333,0.5
191,191,refinement,0.5,0,0.4173631286386802,0.3736970968685828,,0.4,0.0
191,191,refinement,0.5,1,0.3841519913883493,0.3764994666379007,,0.3333333333333333,0.0
191,191,refinement,0.5,2,0.48217527951541983,0.36831469562403324,,0.3333333333333333,0.0
191,191,refinement,0.5,3,0.4248621192215809,0.3697619046441673,,0.28571428571428575,0.0
191,191,refinement,0.5,4,0.38292901943603064,0.3850562726978525,,0.3333333333333333,0.0
191,191,refinement,0.5,5,0.3618871116270952,0.3900980770527861,,0.28571428571428575,0.0
191,191,refinement,0.5,6,0.38393575115838807,0.3900980770527861,,0.3333333333333333,0.0
191,191,refinement,0.5,7,0.3454001026655401,0.3738703702513247,,0.16666666666666666,0.0
191,191,refinement,0.8,0,0.4173631286386802,0.3736970968685828,,0.4,0.0
191,191,refinement,0.8,1,0.43216377251639704,0.36936708609888397,,0.4,0.0
191,191,refinement,0.8,2,0.4277554061670704,0.3770525927936241,,0.4,0.0
191,191,refinement,0.8,3,0.39787612677670026,0.40080258278815073,,0.3333333333333333,0.0
191,191,refinement,0.8,4,0.369340771890699,0.39912213939563196,,0.22222222222222224,0.0
191,191,refinement,0.8,5,0.43181354542114614,0.38490785514349124,,0.4,0.0
191,191,refinement,0.8,6,0.43155150799330366,0.38883548631842485,,0.4,0.0
191,191,refinement,0.8,7,0.42719538284910274,0.36569130939494615,,0.4,0.0
