{
  "pov_before": {
    "mean_cos": 0.9464314579963684,
    "std_cos": 0.02678743191063404,
    "mean_euc": 6.693634986877441,
    "std_euc": 1.842537760734558
  },
  "pov_after": {
    "mean_cos": 0.9664661288261414,
    "std_cos": 0.02133341319859028,
    "mean_euc": 5.6530585289001465,
    "std_euc": 1.7606823444366455
  },
  "graph_before": {
    "mean_cos": 1.0,
    "std_cos": 1.2470566446154407e-07,
    "mean_euc": 1.069528909880546e-09,
    "std_euc": 4.576714118798009e-09
  },
  "graph_after": {
    "mean_cos": 1.0,
    "std_cos": 1.088413625893736e-07,
    "mean_euc": 5.529249058611185e-09,
    "std_euc": 4.805689357567644e-08
  },
  "scene_before": {
    "mean_cos": 0.0,
    "std_cos": 0.0,
    "mean_euc": 0.0,
    "std_euc": 0.0
  },
  "scene_after": {
    "mean_cos": 0.0,
    "std_cos": 0.0,
    "mean_euc": 0.0,
    "std_euc": 0.0
  }
}