{
  "raw_pov": {
    "var": 0.38431602716445923,
    "mean_cos": 0.9068451523780823,
    "std_cos": 0.040532004088163376,
    "mean_euc": 8.90385913848877,
    "std_euc": 1.8286992311477661
  },
  "raw_graph": {
    "var": 0.002602336695417762,
    "mean_cos": 0.7785980105400085,
    "std_cos": 0.1128118485212326,
    "mean_euc": 0.6409932374954224,
    "std_euc": 0.17868608236312866
  },
  "raw_scenegraph": {
    "var": 0.002603651722893119,
    "mean_cos": 0.8054214119911194,
    "std_cos": 0.09928510338068008,
    "mean_euc": 0.6015059947967529,
    "std_euc": 0.1653692126274109
  },
  "aligned_pov": {
    "var": 0.9968736171722412,
    "mean_cos": 0.019841544330120087,
    "std_cos": 0.18054017424583435,
    "mean_euc": 31.4857177734375,
    "std_euc": 3.0363681316375732
  },
  "aligned_graph": {
    "var": 0.8621764779090881,
    "mean_cos": 0.008741999045014381,
    "std_cos": 0.2551598846912384,
    "mean_euc": 29.28813362121582,
    "std_euc": 4.170163631439209
  },
  "aligned_scenegraph": {
    "var": 0.9202568531036377,
    "mean_cos": 0.5412684082984924,
    "std_cos": 0.19440150260925293,
    "mean_euc": 20.283361434936523,
    "std_euc": 4.726927757263184
  },
  "alignment_quality": {
    "pov_to_layout_mean_cos": -0.0006451514200307429,
    "pov_to_layout_std_cos": 0.041073285043239594,
    "graph_to_layout_mean_cos": -0.0038030047435313463,
    "graph_to_layout_std_cos": 0.04421532526612282
  }
}